item_name,item
藜 麥燒 肉 珍珠 堡 組合餐 20221216gu0hc6k,5
藜 麥燒 肉 珍珠 堡 組合餐 20221218y2ckaaz,5
藜 麥燒 肉 珍珠 堡 組合餐 20221222f2dnjns,5
藜 麥燒 肉 珍珠 堡 組合餐 20221225y5wu6fo,5
藜 麥燒 肉 珍珠 堡 組合餐 20221204q3cbh0c,5
藜 麥燒 肉 珍珠 堡 組合餐 20221202r3tg7kc,5
藜 麥燒 肉 珍珠 堡 組合餐 20221203y1fxqwu,5
藜 麥燒 肉 珍珠 堡 組合餐 20221204y2mv8fn,5
藜 麥燒 肉 珍珠 堡 組合餐 20221228vw8xmzx,5
藜 麥燒 肉 珍珠 堡 組合餐 20221221nh93q6x,5
藜 麥燒 肉 珍珠 堡 組合餐 20221219y6dxsch,5
藜 麥燒 肉 珍珠 堡 組合餐 20221218f2onytg,5
藜 麥燒 肉 珍珠 堡 組合餐 20221228y4lt5i2,5
藜 麥燒 肉 珍珠 堡 組合餐 20221227y9bebhp,5
藜 麥燒 肉 珍珠 堡 組合餐 20221231z2rd8oo,5
藜 麥燒 肉 珍珠 堡 組合餐 20221213f6waszy,5
藜 麥燒 肉 珍珠 堡 組合餐 20221201f1sjw26,5
藜 麥燒 肉 珍珠 堡 組合餐 20221209y9bxnot,5
藜 麥燒 肉 珍珠 堡 組合餐 20221211f1xm5gr,5
藜 麥燒 肉 珍珠 堡 組合餐 20221229y3biokc,5
藜 麥燒 肉 珍珠 堡 組合餐 20221231f7xurhc,5
藜 麥燒 肉 珍珠 堡 組合餐 20221211f7ym6yc,5
藜 麥燒 肉 珍珠 堡 組合餐 20221209f1xmhkx,5
藜 麥燒 肉 珍珠 堡 組合餐 20221220f0cmprt,5
藜 麥燒 肉 珍珠 堡 組合餐 20221217mjkeng5,5
藜 麥燒 肉 珍珠 堡 組合餐 20221218a9yxg1p,5
藜 麥燒 肉 珍珠 堡 組合餐 20221218yb6n7xm,5
藜 麥燒 肉 珍珠 堡 組合餐 20221216iazal3t,5
藜 麥燒 肉 珍珠 堡 組合餐 20221225gu0hsas,5
藜 麥燒 肉 珍珠 堡 組合餐 20221223f0cm4at,5
藜 麥燒 肉 珍珠 堡 組合餐 20221204y1no8rg,5
藜 麥燒 肉 珍珠 堡 組合餐 20221230paas7q0,5
藜 麥燒 肉 珍珠 堡 組合餐 20221224hzsv9c6,5
藜 麥燒 肉 珍珠 堡 組合餐 20221203y3bildt,5
藜 麥燒 肉 珍珠 堡 組合餐 20221225eqxqfhu,5
藜 麥燒 肉 珍珠 堡 組合餐 20221204y7vt73a,5
藜 麥燒 肉 珍珠 堡 組合餐 20221220eqxq2m9,5
藜 麥燒 肉 珍珠 堡 組合餐 20221217f7xus8a,5
藜 麥燒 肉 珍珠 堡 組合餐 20221212eqxqq8n,5
藜 麥燒 肉 珍珠 堡 組合餐 20221224y5wutya,5
藜 麥燒 肉 珍珠 堡 組合餐 20221228r3tg91n,5
藜 麥燒 肉 珍珠 堡 組合餐 20221228y9bklgl,5
藜 麥燒 肉 珍珠 堡 組合餐 20221204f0cm4bx,5
藜 麥燒 肉 珍珠 堡 組合餐 20221216y7wisev,5
藜 麥燒 肉 珍珠 堡 組合餐 20221206kydc01l,5
藜 麥燒 肉 珍珠 堡 組合餐 20221231f0xhvnm,5
藜 麥燒 肉 珍珠 堡 組合餐 20221208y7wictm,5
藜 麥燒 肉 珍珠 堡 組合餐 20221209uja30m7,5
藜 麥燒 肉 珍珠 堡 組合餐 20221216y2jqudb,5
藜 麥燒 肉 珍珠 堡 組合餐 20221227i946fqk,5
藜 麥燒 肉 珍珠 堡 組合餐 20221207y3kigfk,5
藜 麥燒 肉 珍珠 堡 組合餐 20221205y7iq5g6,5
藜 麥燒 肉 珍珠 堡 組合餐 20221212y2jqv1u,5
藜 麥燒 肉 珍珠 堡 組合餐 20221202y4sxub3,5
藜 麥燒 肉 珍珠 堡 組合餐 20221227y2qz6g8,5
藜 麥燒 肉 珍珠 堡 組合餐 20221212lba2rdz,5
藜 麥燒 肉 珍珠 堡 組合餐 20221212mjkegng,5
藜 麥燒 肉 珍珠 堡 組合餐 20221203mweruqe,5
藜 麥燒 肉 珍珠 堡 組合餐 20221214qnegg8v,5
藜 麥燒 肉 珍珠 堡 組合餐 20221208y2ts1wp,5
藜 麥燒 肉 珍珠 堡 組合餐 20221216ij9qjrt,5
藜 麥燒 肉 珍珠 堡 組合餐 20221208y0wqv4f,5
藜 麥燒 肉 珍珠 堡 組合餐 20221216f7djudm,5
藜 麥燒 肉 珍珠 堡 組合餐 20221230y2wavy1,5
藜 麥燒 肉 珍珠 堡 組合餐 20221210y1nop09,5
藜 麥燒 肉 珍珠 堡 組合餐 20221224f0cmobv,5
藜 麥燒 肉 珍珠 堡 組合餐 20221202f1tq64p,5
藜 麥燒 肉 珍珠 堡 組合餐 20221210y4sxd9m,5
藜 麥燒 肉 珍珠 堡 組合餐 20221219y2ts57b,5
藜 麥燒 肉 珍珠 堡 組合餐 20221221pmm3wd0,5
藜 麥燒 肉 珍珠 堡 組合餐 20221208f1xmwvn,5
藜 麥燒 肉 珍珠 堡 組合餐 20221202y1omn05,5
藜 麥燒 肉 珍珠 堡 組合餐 20221211f7dj1g5,5
藜 麥燒 肉 珍珠 堡,56085
藜 麥燒 肉 珍珠 堡 組合餐 20221229nype4om,5
藜 麥燒 肉 珍珠 堡 組合餐 20221204uja3zug,5
藜 麥燒 肉 珍珠 堡 組合餐 20221227y5kl141,5
藜 麥燒 肉 珍珠 堡 組合餐 20221202f7cl4td,5
藜 麥燒 肉 珍珠 堡 組合餐 20221205y0wqa3i,5
藜 麥燒 肉 珍珠 堡 組合餐 20221223y4rvftq,5
藜 麥燒 肉 珍珠 堡 組合餐 20221216mwerpgy,5
藜 麥燒 肉 珍珠 堡 組合餐 20221231f6iaj6k,5
藜 麥燒 肉 珍珠 堡 組合餐 20221227a3jzozy,5
藜 麥燒 肉 珍珠 堡 組合餐 20221231y2pjdy4,5
藜 麥燒 肉 珍珠 堡 組合餐 20221211y4miqtj,5
藜 麥燒 肉 珍珠 堡 組合餐 20221220beyekt2,5
藜 麥燒 肉 珍珠 堡 組合餐 20221226kydc8lk,5
藜 麥燒 肉 珍珠 堡 組合餐 20221203f0cm75y,5
藜 麥燒 肉 珍珠 堡 組合餐 20221207y2sqfoj,5
藜 麥燒 肉 珍珠 堡 組合餐 20221219z2rdxfd,5
藜 麥燒 肉 珍珠 堡 組合餐 20221230krrh36o,5
藜 麥燒 肉 珍珠 堡 組合餐 20221210y3zy1ck,5
藜 麥燒 肉 珍珠 堡 組合餐 20221225y1xnra0,5
藜 麥燒 肉 珍珠 堡 組合餐 20221229y5xqsm3,5
藜 麥燒 肉 珍珠 堡 組合餐 20221215a6uryyc,5
藜 麥燒 肉 珍珠 堡 組合餐 20221217f2dn9l5,5
藜 麥燒 肉 珍珠 堡 組合餐 20221224y2jqccm,5
藜 麥燒 肉 珍珠 堡 組合餐 20221208y5kgb25,5
藜 麥燒 肉 珍珠 堡 組合餐 20221203y5klkp2,5
藜 麥燒 肉 珍珠 堡 組合餐 20221219f7uze8t,5
藜 麥燒 肉 珍珠 堡 組合餐 20221206y4rv34k,5
藜 麥燒 肉 珍珠 堡 組合餐 20221207mo84vs7,5
藜 麥燒 肉 珍珠 堡 組合餐 20221223pnflhnq,5
藜 麥燒 肉 珍珠 堡 組合餐 20221203f7clbng,5
藜 麥燒 肉 珍珠 堡 組合餐 20221217y3biipo,5
藜 麥燒 肉 珍珠 堡 組合餐 20221228y3kiaw1,5
藜 麥燒 肉 珍珠 堡 組合餐 20221229y1sje4g,5
藜 麥燒 肉 珍珠 堡 組合餐 20221221cq06gge,5
藜 麥燒 肉 珍珠 堡 組合餐 20221227y7vtq6j,5
藜 麥燒 肉 珍珠 堡 組合餐 20221224f1xmtdv,5
藜 麥燒 肉 珍珠 堡 組合餐 20221223mqzepb0,5
藜 麥燒 肉 珍珠 堡 組合餐 20221224z4t278g,5
藜 麥燒 肉 珍珠 堡 組合餐 20221216a3jzt4m,5
藜 麥燒 肉 珍珠 堡 組合餐 20221231f8pjaad,5
藜 麥燒 肉 珍珠 堡 組合餐 20221210f1tq7ru,5
藜 麥燒 肉 珍珠 堡 組合餐 20221224f0xhutl,5
藜 麥燒 肉 珍珠 堡 組合餐 20221223y3biwp7,5
藜 麥燒 肉 珍珠 堡 組合餐 20221224y2jq0qz,5
藜 麥燒 肉 珍珠 堡 組合餐 20221226y9bx9hf,5
藜 麥燒 肉 珍珠 堡 組合餐 20221215yjc2uyn,5
藜 麥燒 肉 珍珠 堡 組合餐 20221207fb9em04,5
藜 麥燒 肉 珍珠 堡 組合餐 20221225f7djd90,5
藜 麥燒 肉 珍珠 堡 組合餐 20221219f7ym0yw,5
藜 麥燒 肉 珍珠 堡 組合餐 20221222y2jq0u1,5
藜 麥燒 肉 珍珠 堡 組合餐 20221202y4mihhq,5
藜 麥燒 肉 珍珠 堡 組合餐 20221202y6dx4y5,5
藜 麥燒 肉 珍珠 堡 組合餐 20221203y5kgg7l,5
藜 麥燒 肉 珍珠 堡 組合餐 20221207y4wip6x,5
藜 麥燒 肉 珍珠 堡 組合餐 20221228y4rva1w,5
藜 麥燒 肉 珍珠 堡 組合餐 20221201pmm331w,5
藜 麥燒 肉 珍珠 堡 組合餐 20221201wekghbk,5
藜 麥燒 肉 珍珠 堡 組合餐 20221212fs1vz5v,5
藜 麥燒 肉 珍珠 堡 組合餐 20221215f7uzuup,5
藜 麥燒 肉 珍珠 堡 組合餐 20221202y4cqqnk,5
藜 麥燒 肉 珍珠 堡 組合餐 20221201f1xmef6,5
藜 麥燒 肉 珍珠 堡 組合餐 20221224f1xmrkz,5
藜 麥燒 肉 珍珠 堡 組合餐 20221201f2dnnfr,5
藜 麥燒 肉 珍珠 堡 組合餐 20221228y1notx2,5
藜 麥燒 肉 珍珠 堡 組合餐 20221227f1xm2mb,5
藜 麥燒 肉 珍珠 堡 組合餐 20221227rjlsz4l,5
藜 麥燒 肉 珍珠 堡 組合餐 20221213y5kgceg,5
藜 麥燒 肉 珍珠 堡 組合餐 20221228d1jpqhe,5
藜 麥燒 肉 珍珠 堡 組合餐 20221220a4im23n,5
藜 麥燒 肉 珍珠 堡 組合餐 20221206wibzzva,5
藜 麥燒 肉 珍珠 堡 組合餐 20230114a7eh6jm,5
藜 麥燒 肉 珍珠 堡 組合餐 20221205yb6ncod,5
藜 麥燒 肉 珍珠 堡 組合餐 20221225f6wapi5,5
藜 麥燒 肉 珍珠 堡 組合餐 20221209f1tq73t,5
藜 麥燒 肉 珍珠 堡 組合餐 20230123f7ymqzd,5
藜 麥燒 肉 珍珠 堡 組合餐 20221221y9uzaj7,5
藜 麥燒 肉 珍珠 堡 組合餐 20221208y7iqqdn,5
藜 麥燒 肉 珍珠 堡 組合餐 20221210pmm3cxo,5
珍珠 雞,10
藜 麥燒 肉 珍珠 堡 組合餐 20221206ufqu0ig,5
藜 麥燒 肉 珍珠 堡 組合餐 20221228y4sxojn,5
藜 麥燒 肉 珍珠 堡 組合餐 20230124gofndsl,5
藜 麥燒 肉 珍珠 堡 組合餐 20221218z4t2ccl,5
藜 麥燒 肉 珍珠 堡 組合餐 20230108f7uznt7,5
藜 麥燒 肉 珍珠 堡 組合餐 20221219y5vpi1h,5
藜 麥燒 肉 珍珠 堡 組合餐 20221222y2bngz7,5
藜 麥燒 肉 珍珠 堡 組合餐 20221211f7dj3je,5
藜 麥燒 肉 珍珠 堡 組合餐 20221211z2rdxqi,5
藜 麥燒 肉 珍珠 堡 組合餐 20221201olgd5hf,5
藜 麥燒 肉 珍珠 堡 組合餐 20221209y4mijq9,5
藜 麥燒 肉 珍珠 堡 組合餐 20221212y6wmdk6,5
藜 麥燒 肉 珍珠 堡 組合餐 20221215y7oyqxx,5
藜 麥燒 肉 珍珠 堡 組合餐 20221213f7cl435,5
藜 麥燒 肉 珍珠 堡 組合餐 20221217x52vymr,5
藜 麥燒 肉 珍珠 堡 組合餐 20221221y7iqbdv,5
藜 麥燒 肉 珍珠 堡 組合餐 20221213ez2b2ee,5
藜 麥燒 肉 珍珠 堡 組合餐 20221218f1tq612,5
藜 麥燒 肉 珍珠 堡 組合餐 20221202y2jq185,5
藜 麥燒 肉 珍珠 堡 組合餐 20221231gu0hmmy,5
藜 麥燒 肉 珍珠 堡 組合餐 20230105lwubk4l,5
藜 麥燒 肉 珍珠 堡 組合餐 20221227yjc27e0,5
藜 麥燒 肉 珍珠 堡 組合餐 20230122f0cm89z,5
藜 麥燒 肉 珍珠 堡 組合餐 20230125f7djnc4,5
藜 麥燒 肉 珍珠 堡 組合餐 20221220y2jqzmv,5
藜 麥燒 肉 珍珠 堡 組合餐 20221208f3tmu62,5
藜 麥燒 肉 珍珠 堡 組合餐 20221211y5wmkr9,5
藜 麥燒 肉 珍珠 堡 組合餐 20230218y9bxla1,5
藜 麥燒 肉 珍珠 堡 組合餐 20221230iwpkbg7,5
藜 麥燒 肉 珍珠 堡 組合餐 20221226y4miwaq,5
藜 麥燒 肉 珍珠 堡 組合餐 20230102y4sxb1w,5
藜 麥燒 肉 珍珠 堡 組合餐 20221226yjc2pfr,5
藜 麥燒 肉 珍珠 堡 組合餐 20221231fzan7n9,5
藜 麥燒 肉 珍珠 堡 組合餐 20230220y3rqaj8,5
藜 麥燒 肉 珍珠 堡 組合餐 20230228ez2b4db,5
藜 麥燒 肉 珍珠 堡 組合餐 20221218oyrqvmk,5
藜 麥燒 肉 珍珠 堡 組合餐 20221210y1fxwwc,5
藜 麥燒 肉 珍珠 堡 組合餐 20221201y3quqoe,5
藜 麥燒 肉 珍珠 堡 組合餐 20221215cq06t6n,5
藜 麥燒 肉 珍珠 堡 組合餐 20221226f7clqwm,5
藜 麥燒 肉 珍珠 堡 組合餐 20221220t72gtbl,5
藜 麥燒 肉 珍珠 堡 組合餐 20221224f7djioj,5
藜 麥燒 肉 珍珠 堡 組合餐 20221204f8iiepg,5
藜 麥燒 肉 珍珠 堡 組合餐 20221218y7vtimu,5
藜 麥燒 肉 珍珠 堡 組合餐 20221224y8kupku,5
藜 麥燒 肉 珍珠 堡 組合餐 20221207y3pygba,5
藜 麥燒 肉 珍珠 堡 組合餐 20230117f3jy49t,5
藜 麥燒 肉 珍珠 堡 組合餐 20221206y6dxmiy,5
藜 麥燒 肉 珍珠 堡 組合餐 20230205y0gl1gm,5
藜 麥燒 肉 珍珠 堡 組合餐 20230117eqxq7bv,5
藜 麥燒 肉 珍珠 堡 組合餐 20230204lba29hn,5
藜 麥燒 肉 珍珠 堡 組合餐 20221221d0if824,5
藜 麥燒 肉 珍珠 堡 組合餐 20221213fzan6uu,5
藜 麥燒 肉 珍珠 堡 組合餐 20221214r3tgo35,5
藜 麥燒 肉 珍珠 堡 組合餐 20221210eqxqpfs,5
藜 麥燒 肉 珍珠 堡 組合餐 20221217gu0h6cp,5
藜 麥燒 肉 珍珠 堡 組合餐 20230113f1tqrih,5
藜 麥燒 肉 珍珠 堡 組合餐 20221203z4t2cii,5
藜 麥燒 肉 珍珠 堡 組合餐 20230120gu0h9kp,5
藜 麥燒 肉 珍珠 堡 組合餐 20230120y5vp949,5
藜 麥燒 肉 珍珠 堡 組合餐 20221218y9bk6u2,5
藜 麥燒 肉 珍珠 堡 組合餐 20221209y9besjv,5
藜 麥燒 肉 珍珠 堡 組合餐 20221202wckuave,5
藜 麥燒 肉 珍珠 堡 組合餐 20230108f1tqb7k,5
藜 麥燒 肉 珍珠 堡 組合餐 20221220y5kgmrh,5
藜 麥燒 肉 珍珠 堡 組合餐 20230111y1fxv8i,5
藜 麥燒 肉 珍珠 堡 組合餐 20221229y0ey9p3,5
藜 麥燒 肉 珍珠 堡 組合餐 20221207z2rdaf7,5
藜 麥燒 肉 珍珠 堡 組合餐 20221208y4sxwjd,5
藜 麥燒 肉 珍珠 堡 組合餐 20221206i6oz4oo,5
藜 麥燒 肉 珍珠 堡 組合餐 20221207y2bnwfl,5
藜 麥燒 肉 珍珠 堡 組合餐 20221228y3rqm65,5
藜 麥燒 肉 珍珠 堡 組合餐 20230128y9bksge,5
藜 麥燒 肉 珍珠 堡 組合餐 20221204eqxq4o6,5
藜 麥燒 肉 珍珠 堡 組合餐 20221213f1xminl,5
藜 麥燒 肉 珍珠 堡 組合餐 20230101fs1vyc7,5
藜 麥燒 肉 珍珠 堡 組合餐 20221205y4sxw7y,5
藜 麥燒 肉 珍珠 堡 組合餐 20221220i4uidu8,5
藜 麥燒 肉 珍珠 堡 組合餐 20221204y0eyodh,5
藜 麥燒 肉 珍珠 堡 組合餐 20221223y1fxuyy,5
藜 麥燒 肉 珍珠 堡 組合餐 20230202f7xuqsg,5
藜 麥燒 肉 珍珠 堡 組合餐 20230203y0wqjeq,5
藜 麥燒 肉 珍珠 堡 組合餐 20221219i6ozsvz,5
藜 麥燒 肉 珍珠 堡 組合餐 20221224f7pai1w,5
藜 麥燒 肉 珍珠 堡 組合餐 20221213kydcvrh,5
藜 麥燒 肉 珍珠 堡 組合餐 20221228z4mpure,5
藜 麥燒 肉 珍珠 堡 組合餐 20221207y7mg0n0,5
藜 麥燒 肉 珍珠 堡 組合餐 20221219y3quue0,5
藜 麥燒 肉 珍珠 堡 組合餐 20230127qu7ge9c,5
藜 麥燒 肉 珍珠 堡 組合餐 20230221y2jq2vx,5
藜 麥燒 肉 珍珠 堡 組合餐 20221216olgdolv,5
藜 麥燒 肉 珍珠 堡 組合餐 20221221extlgn2,5
藜 麥燒 肉 珍珠 堡 組合餐 20221203z4mpivp,5
藜 麥杏 鮑菇 珍珠 堡素 組合餐,790
藜 麥燒 肉 珍珠 堡 組合餐 20221208y5klolb,5
藜 麥燒 肉 珍珠 堡 組合餐 20221208u2rhn7s,5
藜 麥燒 肉 珍珠 堡 組合餐 20230111f5numdr,5
藜 麥燒 肉 珍珠 堡 組合餐 20230111f5qjfi3,5
藜 麥燒 肉 珍珠 堡 組合餐 20230126y4sxxp7,5
藜 麥燒 肉 珍珠 堡 組合餐 20230212y7vtsh1,5
藜 麥燒 肉 珍珠 堡 組合餐 20230228f5qj4sw,5
藜 麥燒 肉 珍珠 堡 組合餐 20230112aidvyvx,5
藜 麥燒 肉 珍珠 堡 牛,450
藜 麥燒 肉 珍珠 堡 組合餐 20230119wbf1b43,5
藜 麥燒 肉 珍珠 堡 組合餐 20230105vhsqzt3,5
藜 麥燒 肉 珍珠 堡 組合餐 20230118y2jqffg,5
藜 麥燒 肉 珍珠 堡 組合餐 20230114y2jqgzs,5
藜 麥燒 肉 珍珠 堡 組合餐 20230117f0cmldf,5
藜 麥燒 肉 珍珠 堡 組合餐 20230227y4sxs8y,5
藜 麥燒 肉 珍珠 堡 組合餐 20221224u2rhl2q,5
藜 麥燒 肉 珍珠 堡 組合餐 20221225f2dndhh,5
藜 麥燒 肉 珍珠 堡 組合餐 20230114z4t27lt,5
藜 麥燒 肉 珍珠 堡 組合餐 20221220beyebc7,5
藜 麥燒 肉 珍珠 堡 組合餐 20230125y3udsle,5
藜 麥燒 肉 珍珠 堡 組合餐 20230119mjwj9iz,5
藜 麥燒 肉 珍珠 堡 組合餐 20230115f0xh32m,5
藜 麥燒 肉 珍珠 堡 組合餐 20221225f5nusbl,5
藜 麥燒 肉 珍珠 堡 組合餐 20230117f9yvqk0,5
藜 麥燒 肉 珍珠 堡 組合餐 20230212f7qn4uw,5
藜 麥燒 肉 珍珠 堡 組合餐 20221220pcdq9ws,5
藜 麥燒 肉 珍珠 堡 組合餐 20230110y4rvzfs,5
藜 麥燒 肉 珍珠 堡 組合餐 20230113zo1u40w,5
藜 麥燒 肉 珍珠 堡 組合餐 20230101y2tsyxw,5
藜 麥燒 肉 珍珠 堡 組合餐 20230210f1tq8sd,5
藜 麥燒 肉 珍珠 堡 組合餐 20230203y2jqlne,5
珍珠 菜,5
藜 麥燒 肉 珍珠 堡 組合餐 20230226k9ay03f,5
藜 麥燒 肉 珍珠 堡 組合餐 20221223f8cjbu6,5
藜 麥燒 肉 珍珠 堡 組合餐 20221215y1fxx4u,5
藜 麥燒 肉 珍珠 堡 組合餐 20230222f5qjybz,5
藜 麥燒 肉 珍珠 堡 組合餐 20221218kvoq9ca,5
藜 麥燒 肉 珍珠 堡 組合餐 20230214z0omiqu,5
藜 麥燒 肉 珍珠 堡 組合餐 20230114y7oyg01,5
藜 麥燒 肉 珍珠 堡 組合餐 20221207f1xmcgp,5
藜 麥燒 肉 珍珠 堡 組合餐 20221206duf5v1d,5
藜 麥燒 肉 珍珠 堡 組合餐 20230112f7ymxpe,5
藜 麥燒 肉 珍珠 堡 組合餐 20230118z4t2nzi,5
藜 麥燒 肉 珍珠 堡 組合餐 20230210y1nonil,5
藜 麥燒 肉 珍珠 堡 組合餐 20230212y7vt3e9,5
藜 麥燒 肉 珍珠 堡 組合餐 20221210l3s28lb,5
藜 麥燒 肉 珍珠 堡 組合餐 20221224z2rdd28,5
藜 麥燒 肉 珍珠 堡 組合餐 20230108extlzbk,5
藜 麥燒 肉 珍珠 堡 組合餐 20230224tvhlurf,5
藜 麥燒 肉 珍珠 堡 組合餐 20221222ix3866i,5
藜 麥燒 肉 珍珠 堡 組合餐 20230216duf5shi,5
藜 麥燒 肉 珍珠 堡 組合餐 20221207afljjet,5
藜 麥燒 肉 珍珠 堡 組合餐 20221207afljthr,5
藜 麥燒 肉 珍珠 堡 組合餐 20230209f7cl0oi,5
藜 麥燒 肉 珍珠 堡 組合餐 20230219f6iamxi,5
藜 麥燒 肉 珍珠 堡 組合餐 20230201a7ehujp,5
藜 麥燒 肉 珍珠 堡 組合餐 20230205zfnclzl,5
藜 麥燒 肉 珍珠 堡 組合餐 20230101f5qj3z2,5
藜 麥燒 肉 珍珠 堡 組合餐 20221229mwerinr,5
藜 麥燒 肉 珍珠 堡 組合餐 20221213f1tqt2k,5
藜 麥燒 肉 珍珠 堡 組合餐 20221212f1tqung,5
藜 麥燒 肉 珍珠 堡 組合餐 20221206e71tuzh,5
藜 麥燒 肉 珍珠 堡 組合餐 20221209i4uivza,5
藜 麥燒 肉 珍珠 堡 組合餐 20221218t6aw1zl,5
藜 麥燒 肉 珍珠 堡 組合餐 20221205y5vp8f4,5
藜 麥燒 肉 珍珠 堡 組合餐 20230107y0eyw4t,5
藜 麥燒 肉 珍珠 堡 組合餐 20221227gu0hwgn,5
藜 麥燒 肉 珍珠 堡 組合餐 20230128f5qjlt5,5
藜 麥燒 肉 珍珠 堡 組合餐 20230221y5kgdzd,5
藜 麥燒 肉 珍珠 堡 組合餐 20230205f1tqp3z,5
藜 麥燒 肉 珍珠 堡 組合餐 20221217y2jqs62,5
藜 麥燒 肉 珍珠 堡 組合餐 20221203a3jzhmr,5
藜 麥燒 肉 珍珠 堡 組合餐 20230121y4lt0j7,5
藜 麥燒 肉 珍珠 堡 組合餐 20221222y3rq5p0,5
藜 麥燒 肉 珍珠 堡 組合餐 20230226y3py8sr,5
藜 麥燒 肉 珍珠 堡 組合餐 20221201f7ymgoj,5
藜 麥燒 肉 珍珠 堡 組合餐 20230204y6sg4of,5
藜 麥燒 肉 珍珠 堡 組合餐 20230117y2mvegs,5
藜 麥燒 肉 珍珠 堡 組合餐 20230101f1tqxs2,5
藜 麥燒 肉 珍珠 堡 組合餐 20230207i6ozbkx,5
藜 麥燒 肉 珍珠 堡 組合餐 20230201zo1uh16,5
藜 麥燒 肉 珍珠 堡 組合餐 20230227y2pjy5o,5
藜 麥燒 肉 珍珠 堡 組合餐 20230118y4sx3dd,5
藜 麥燒 肉 珍珠 堡 組合餐 20230208y4mig0w,5
藜 麥燒 肉 珍珠 堡 組合餐 20221210extlkdy,5
藜 麥燒 肉 珍珠 堡 組合餐 20230215duf5ht9,5
藜 麥燒 肉 珍珠 堡 組合餐 20221203f7ym3eb,5
藜 麥燒 肉 珍珠 堡 組合餐 20230203f1tqscn,5
藜 麥燒 肉 珍珠 堡 組合餐 20230224nypeskp,5
藜 麥燒 肉 珍珠 堡 組合餐 20230113f8xusun,5
藜 麥燒 肉 珍珠 堡 組合餐 20221206f1xmecg,5
藜 麥燒 肉 珍珠 堡 組合餐 20221222d1jpokn,5
藜 麥燒 肉 珍珠 堡 組合餐 20230112f0cmhdc,5
藜 麥燒 肉 珍珠 堡 組合餐 20230212y5wuzef,5
藜 麥燒 肉 珍珠 堡 組合餐 20221214y5kldh0,5
藜 麥燒 肉 珍珠 堡 組合餐 20221219y9bexkz,5
藜 麥燒 肉 珍珠 堡 組合餐 20230203yb6nuj7,5
藜 麥燒 肉 珍珠 堡 組合餐 20230227y4cqe99,5
藜 麥燒 肉 珍珠 堡 組合餐 20230125y6wme5e,5
藜 麥燒 肉 珍珠 堡 組合餐 20221212fzan3md,5
藜 麥燒 肉 珍珠 堡 組合餐 20230213a6urjhk,5
藜 麥燒 肉 珍珠 堡 組合餐 20221220l3s2nf9,5
藜 麥燒 肉 珍珠 堡 組合餐 20230106fzanki7,5
藜 麥燒 肉 珍珠 堡 組合餐 20230117f0xhg8a,5
藜 麥燒 肉 珍珠 堡 組合餐 20230104duf53y2,5
藜 麥燒 肉 珍珠 堡 組合餐 20230119zo1uis9,5
藜 麥燒 肉 珍珠 堡 組合餐 20230122z4mpob6,5
藜 麥燒 肉 珍珠 堡 組合餐,3935
藜 麥燒 肉 珍珠 堡 組合餐 20230211y7bfekx,5
藜 麥燒 肉 珍珠 堡 組合餐 20230221paasy6n,5
藜 麥燒 肉 珍珠 堡 組合餐 20230103kvoqxi8,5
藜 麥燒 肉 珍珠 堡 組合餐 20230224f1sj21k,5
藜 麥燒 肉 珍珠 堡 組合餐 20230116i6oz1or,5
藜 麥燒 肉 珍珠 堡 組合餐 20230212f8iii0t,5
藜 麥燒 肉 珍珠 堡 組合餐 20230222f6wat02,5
藜 麥燒 肉 珍珠 堡 組合餐 20230121y7bfiax,5
藜 麥燒 肉 珍珠 堡 組合餐 20230227y3bi9tj,5
藜 麥燒 肉 珍珠 堡 組合餐 20230208kydcn28,5
藜 麥燒 肉 珍珠 堡 組合餐 20230226slhn4sh,5
藜 麥燒 肉 珍珠 堡 組合餐 20230106gofnctd,5
藜 麥燒 肉 珍珠 堡 組合餐 20230212y1xnvxg,5
藜 麥燒 肉 珍珠 堡 組合餐 20230211y2wacbx,5
藜 麥燒 肉 珍珠 堡 組合餐 20230213f0xhilh,5
藜 麥燒 肉 珍珠 堡 組合餐 20230219y9bkv21,5
藜 麥燒 肉 珍珠 堡 組合餐 20230116u2rhpnb,5
藜 麥燒 肉 珍珠 堡 組合餐 20230218y5wmdhz,5
藜 麥燒 肉 珍珠 堡 組合餐 20230224y0dhw1t,5
藜 麥燒 肉 珍珠 堡 組合餐 20221207f9yvsz7,5
藜 麥燒 肉 珍珠 堡 組合餐 20230204y2bnoqc,5
藜 麥燒 肉 珍珠 堡 組合餐 20221227f5qjcod,5
藜 麥燒 肉 珍珠 堡 組合餐 20230220y7kuqwe,5
藜 麥燒 肉 珍珠 堡 組合餐 20230224y3bin7k,5
藜 麥燒 肉 珍珠 堡 組合餐 20230218f7djlqi,5
藜 麥燒 肉 珍珠 堡 組合餐 20230210zo1uogt,5
藜 麥燒 肉 珍珠 堡 組合餐 20230222kydcab8,5
藜 麥燒 肉 珍珠 堡 組合餐 20230113i6ozt3h,5
藜 麥燒 肉 珍珠 堡 組合餐 20230114f2on3y4,5
藜 麥燒 肉 珍珠 堡 組合餐 20230211f7djsak,5
藜 麥燒 肉 珍珠 堡 組合餐 20230101pnflx4b,5
藜 麥燒 肉 珍珠 堡 組合餐 20221217y7oymuh,5
藜 麥燒 肉 珍珠 堡 組合餐 20221216eqxq8sb,5
藜 麥燒 肉 珍珠 堡 組合餐 20221218y9bx4sd,5
藜 麥燒 肉 珍珠 堡 組合餐 20230115rjytsri,5
藜 麥燒 肉 珍珠 堡 組合餐 20230213f6wam57,5
藜 麥燒 肉 珍珠 堡 組合餐 20230202y5wu0qt,5
藜 麥燒 肉 珍珠 堡 組合餐 20230205fzanamz,5
藜 麥燒 肉 珍珠 堡 組合餐 20230119a3jz2ow,5
藜 麥燒 肉 珍珠 堡 組合餐 20230220y2jqxkl,5
藜 麥燒 肉 珍珠 堡 組合餐 20230210paaszq5,5
藜 麥燒 肉 珍珠 堡 組合餐 20230119f7ymzu8,5
藜 麥燒 肉 珍珠 堡 組合餐 20230203l3s23lb,5
藜 麥燒 肉 珍珠 堡 組合餐 20230219f5qj0gq,5
藜 麥燒 肉 珍珠 堡 組合餐 20230212y3biwmj,5
藜 麥燒 肉 珍珠 堡 組合餐 20221220y7vtw25,5
藜 麥燒 肉 珍珠 堡 組合餐 20230206y1eeeps,5
藜 麥燒 肉 珍珠 堡 組合餐 20230217y1nokro,5
藜 麥燒 肉 珍珠 堡 組合餐 20230101jgknajd,5
藜 麥燒 肉 珍珠 堡 組合餐 20221214slhnggf,5
藜 麥燒 肉 珍珠 堡 組合餐 20230122f3jymyp,5
藜 麥燒 肉 珍珠 堡 組合餐 20221205y3zyns0,5
藜 麥燒 肉 珍珠 堡 組合餐 20230218y2pjure,5
藜 麥燒 肉 珍珠 堡 組合餐 20230216f1tqh95,5
藜 麥燒 肉 珍珠 堡 組合餐 20221207bf8y7ip,5
藜 麥燒 肉 珍珠 堡 組合餐 20221207wekg2mw,5
藜 麥燒 肉 珍珠 堡 組合餐 20230118y0dhzey,5
藜 麥燒 肉 珍珠 堡 組合餐 20230217f1tqr1w,5
藜 麥燒 肉 珍珠 堡 組合餐 20230204y1fxf83,5
藜 麥燒 肉 珍珠 堡 組合餐 20230218y9bkht7,5
藜 麥燒 肉 珍珠 堡 組合餐 20230222ez2b9j7,5
藜 麥燒 肉 珍珠 堡 組合餐 20230208y2btavj,5
藜 麥燒 肉 珍珠 堡 組合餐 20230203f6wajfv,5
藜 麥燒 肉 珍珠 堡 組合餐 20230210f2dn1mv,5
藜 麥燒 肉 珍珠 堡 組合餐 20230212mjkem2x,5
藜 麥燒 肉 珍珠 堡 組合餐 20230123y2wa632,5
藜 麥燒 肉 珍珠 堡 組合餐 20230107iazap3c,5
藜 麥燒 肉 珍珠 堡 組合餐 20230103extlffs,5
藜 麥燒 肉 珍珠 堡 組合餐 20230221lwubf7i,5
藜 麥燒 肉 珍珠 堡 組合餐 20230224yb6nm8j,5
藜 麥燒 肉 珍珠 堡 組合餐 20230209y7oyp5k,5
藜 麥燒 肉 珍珠 堡 組合餐 20221220pmm3olx,5
藜 麥燒 肉 珍珠 堡 組合餐 20230224d7sok7y,5
藜 麥燒 肉 珍珠 堡 組合餐 20230209mweruda,5
藜 麥燒 肉 珍珠 堡 組合餐 20230117y2sqp3h,5
藜 麥燒 肉 珍珠 堡 組合餐 20230129f7clvoj,5
藜 麥燒 肉 珍珠 堡 組合餐 20230117y6wm2ve,5
藜 麥燒 肉 珍珠 堡 組合餐 20230211sqqegid,5
藜 麥燒 肉 珍珠 堡 組合餐 20230106f5qjpkg,5
藜 麥燒 肉 珍珠 堡 組合餐 20230127e71ta0o,5
藜 麥燒 肉 珍珠 堡 組合餐 20230223f1xm3r3,5
藜 麥燒 肉 珍珠 堡 組合餐 20230226f7xu9di,5
藜 麥燒 肉 珍珠 堡 組合餐 20230213f1tqwgq,5
藜 麥燒 肉 珍珠 堡 組合餐 20230205zfncpbb,5
藜 麥燒 肉 珍珠 堡 組合餐 20230225y7oytwn,5
藜 麥燒 肉 珍珠 堡 組合餐 20230220olgdt1g,5
藜 麥燒 肉 珍珠 堡 組合餐 20230212slhnsf0,5
藜 麥燒 肉 珍珠 堡 組合餐 20230225f6wadu9,5
藜 麥燒 肉 珍珠 堡 組合餐 20230210y5vpyz8,5
藜 麥燒 肉 珍珠 堡 組合餐 20221206y5kgu28,5
藜 麥燒 肉 珍珠 堡 組合餐 20221207y3zyate,5
藜 麥燒 肉 珍珠 堡 組合餐 20221214y5wmryd,5
藜 麥燒 肉 珍珠 堡 組合餐 20230223y2wa9kg,5
藜 麥燒 肉 珍珠 堡 組合餐 20230221ix38jzh,5
藜 麥燒 肉 珍珠 堡 組合餐 20230202aflj5v1,5
藜 麥燒 肉 珍珠 堡 組合餐 20230218y7oy0kf,5
藜 麥燒 肉 珍珠 堡 組合餐 20230105f6wanvu,5
藜 麥燒 肉 珍珠 堡 組合餐 20230220y4cq2ni,5
藜 麥燒 肉 珍珠 堡 組合餐 20230201y0megq6,5
藜 麥燒 肉 珍珠 堡 組合餐 20230126ozudltu,5
藜 麥燒 肉 珍珠 堡 組合餐 20230211f1xmwv0,5
藜 麥燒 肉 珍珠 堡 組合餐 20230129y5vpum4,5
藜 麥燒 肉 珍珠 堡 組合餐 20230202y4sx5s7,5
藜 麥燒 肉 珍珠 堡 組合餐 20221225f5qj1b7,5
藜 麥燒 肉 珍珠 堡 組合餐 20230213p07rl13,5
藜 麥燒 肉 珍珠 堡 組合餐 20230225zfnc6w8,5
藜 麥燒 肉 珍珠 堡 組合餐 20230215uq23n12,5
藜 麥燒 肉 珍珠 堡 組合餐 20230220y2qz2bd,5
藜 麥燒 肉 珍珠 堡 組合餐 20230213y4cqmk0,5
藜 麥燒 肉 珍珠 堡 組合餐 20230202y2jqs6q,5
藜 麥燒 肉 珍珠 堡 組合餐 20230223y5wuf8n,5
藜 麥燒 肉 珍珠 堡 組合餐 20230101y7vtxv1,5
藜 麥燒 肉 珍珠 堡 組合餐 20230216y2wa1sz,5
藜 麥燒 肉 珍珠 堡 組合餐 20230226t3najkr,5
藜 麥燒 肉 珍珠 堡 組合餐 20221215y5wm9kq,5
藜 麥燒 肉 珍珠 堡 組合餐 20230218y1fx00y,5
藜 麥燒 肉 珍珠 堡 組合餐 20230201vhsqb30,5
藜 麥燒 肉 珍珠 堡 組合餐 20221204y7vtd12,5
藜 麥燒 肉 珍珠 堡 組合餐 20230212k9aybe4,5
藜 麥燒 肉 珍珠 堡 組合餐 20230212f7qnu11,5
藜 麥燒 肉 珍珠 堡 組合餐 20230223f7uzojv,5
藜 麥燒 肉 珍珠 堡 組合餐 20230227y2bn3cg,5
藜 麥燒 肉 珍珠 堡 組合餐 20230206idzet5d,5
藜 麥燒 肉 珍珠 堡 組合餐 20230223y7iqich,5
藜 麥燒 肉 珍珠 堡 組合餐 20230211uja3t3m,5
藜 麥燒 肉 珍珠 堡 組合餐 20230119f7uzxuw,5
藜 麥燒 肉 珍珠 堡 組合餐 20221201y2bp5qs,5
藜 麥燒 肉 珍珠 堡 組合餐 20230203y7bfbsw,5
藜 麥燒 肉 珍珠 堡 組合餐 20230226y0dhavl,5
藜 麥燒 肉 珍珠 堡 組合餐 20221214y3ki4wr,5
藜 麥燒 肉 珍珠 堡 組合餐 20230304y4rvtt6,5
藜 麥燒 肉 珍珠 堡 組合餐 20230206e71th0z,5
藜 麥燒 肉 珍珠 堡 組合餐 20230223f0cm0e2,5
藜 麥燒 肉 珍珠 堡 組合餐 20230226f0cm0ll,5
藜 麥燒 肉 珍珠 堡 組合餐 20230215c64fy2j,5
藜 麥燒 肉 珍珠 堡 組合餐 20230204f6wac30,5
藜 麥燒 肉 珍珠 堡 組合餐 20230221pu9mubn,5
藜 麥燒 肉 珍珠 堡 組合餐 20230214f7cle9r,5
藜 麥燒 肉 珍珠 堡 組合餐 20230223f1tqrlr,5
藜 麥燒 肉 珍珠 堡 組合餐 20230126f0cmo97,5
藜 麥燒 肉 珍珠 堡 組合餐 20230305y7bfmzd,5
藜 麥燒 肉 珍珠 堡 組合餐 20230214kvoqzky,5
藜 麥燒 肉 珍珠 堡 組合餐 20230216y7bf5ca,5
藜 麥燒 肉 珍珠 堡 組合餐 20230124y5kl32a,5
藜 麥燒 肉 珍珠 堡 組合餐 20230101f9ur9m5,5
藜 麥燒 肉 珍珠 堡 組合餐 20221206cq06cxm,5
藜 麥燒 肉 珍珠 堡 組合餐 20221209pnflidn,5
藜 麥燒 肉 珍珠 堡 組合餐 20230206e1k6i21,5
藜 麥燒 肉 珍珠 堡 組合餐 20230105slhnybk,5
藜 麥燒 肉 珍珠 堡 組合餐 20230214a3jzh7b,5
藜 麥燒 肉 珍珠 堡 組合餐 20230214f0xhk8u,5
藜 麥燒 肉 珍珠 堡 組合餐 20230216uja30ss,5
藜 麥燒 肉 珍珠 堡 組合餐 20230211y5xq3ys,5
藜 麥燒 肉 珍珠 堡 組合餐 20230117y5xqktn,5
藜 麥燒 肉 珍珠 堡 組合餐 20230219idzentq,5
藜 麥燒 肉 珍珠 堡 組合餐 20230201a7ehfde,5
藜 麥燒 肉 珍珠 堡 組合餐 20230227y2tsja4,5
藜 麥燒 肉 珍珠 堡 組合餐 20230123f1tq6ru,5
藜 麥燒 肉 珍珠 堡 組合餐 20230205lm123jm,5
藜 麥燒 肉 珍珠 堡 組合餐 20230306y3zyvhf,5
藜 麥燒 肉 珍珠 堡 組合餐 20230216f8cjx02,5
藜 麥燒 肉 珍珠 堡 組合餐 20230214t6awth6,5
藜 麥燒 肉 珍珠 堡 組合餐 20230224y9yfbz4,5
藜 麥燒 肉 珍珠 堡 組合餐 20230217pmm379w,5
藜 麥燒 肉 珍珠 堡 組合餐 20230220f6wa5t3,5
藜 麥燒 肉 珍珠 堡 組合餐 20230225y1xn3n5,5
藜 麥燒 肉 珍珠 堡 組合餐 20221203y1om0cz,5
藜 麥燒 肉 珍珠 堡 組合餐 20221219f1xmv7u,5
藜 麥燒 肉 珍珠 堡 組合餐 20230206f9yv7tx,5
藜 麥燒 肉 珍珠 堡 組合餐 20230121y0wq09n,5
藜 麥燒 肉 珍珠 堡 組合餐 20230204y2tsz26,5
藜 麥燒 肉 珍珠 堡 組合餐 20230209pmm3lsz,5
藜 麥燒 肉 珍珠 堡 組合餐 20230219y0dhght,5
藜 麥燒 肉 珍珠 堡 組合餐 20230220achn5y6,5
藜 麥燒 肉 珍珠 堡 組合餐 20230218f0xh3bp,5
藜 麥燒 肉 珍珠 堡 組合餐 20230117o3l2ec2,5
藜 麥燒 肉 珍珠 堡 組合餐 20230219f7djpfb,5
藜 麥燒 肉 珍珠 堡 組合餐 20230122qu7gdl9,5
藜 麥燒 肉 珍珠 堡 組合餐 20230222wibz4a7,5
藜 麥燒 肉 珍珠 堡 組合餐 20230127y3quq4k,5
藜 麥燒 肉 珍珠 堡 組合餐 20230205ufr77tr,5
藜 麥燒 肉 珍珠 堡 組合餐 20221215pmm3dkz,5
藜 麥燒 肉 珍珠 堡 組合餐 20230218y1xnqa6,5
藜 麥燒 肉 珍珠 堡 組合餐 20230202y4sx48z,5
藜 麥燒 肉 珍珠 堡 組合餐 20221210y4cqqlc,5
藜 麥燒 肉 珍珠 堡 組合餐 20230207cq06bo8,5
藜 麥燒 肉 珍珠 堡 組合餐 20230206y2jqyoh,5
藜 麥燒 肉 珍珠 堡 組合餐 20230225f7qn2hy,5
藜 麥燒 肉 珍珠 堡 組合餐 20230309y7iqeyn,5
藜 麥燒 肉 珍珠 堡 組合餐 20230308yjc2hxo,5
藜 麥燒 肉 珍珠 堡 組合餐 20230214f0cmh0r,5
藜 麥燒 肉 珍珠 堡 組合餐 20230202y2tss2i,5
藜 麥燒 肉 珍珠 堡 組合餐 20230223vw8x13n,5
藜 麥燒 肉 珍珠 堡 組合餐 20230118zo1up5g,5
藜 麥燒 肉 珍珠 堡 組合餐 20230218wbf19sl,5
藜 麥燒 肉 珍珠 堡 組合餐 20230107f1tqm86,5
藜 麥燒 肉 珍珠 堡 組合餐 20230218f1tqce0,5
藜 麥燒 肉 珍珠 堡 組合餐 20230222y1fx0yl,5
藜 麥燒 肉 珍珠 堡 組合餐 20230219ehqdhel,5
藜 麥燒 肉 珍珠 堡 組合餐 20230218d0if8zg,5
藜 麥燒 肉 珍珠 堡 組合餐 20230204f0cmmcj,5
藜 麥燒 肉 珍珠 堡 組合餐 20230101tvhlp3u,5
藜 麥燒 肉 珍珠 堡 組合餐 20230101y9bk7m6,5
藜 麥燒 肉 珍珠 堡 組合餐 20230202bf8y6z3,5
藜 麥燒 肉 珍珠 堡 組合餐 20230103f7clibz,5
藜 麥燒 肉 珍珠 堡 組合餐 20230219f0xh52z,5
藜 麥燒 肉 珍珠 堡 組合餐 20230216y2qz1jg,5
藜 麥燒 肉 珍珠 堡 組合餐 20230115mqzeypq,5
藜 麥燒 肉 珍珠 堡 組合餐 20221211y5klwnl,5
藜 麥燒 肉 珍珠 堡 組合餐 20230126f0cmgka,5
藜 麥燒 肉 珍珠 堡 組合餐 20230218y3rqk89,5
藜 麥燒 肉 珍珠 堡 組合餐 20230203y4sxv0q,5
藜 麥燒 肉 珍珠 堡 組合餐 20230111kvoqah3,5
藜 麥燒 肉 珍珠 堡 組合餐 20230208y7iqb14,5
藜 麥燒 肉 珍珠 堡 組合餐 20230208ozudsjq,5
藜 麥燒 肉 珍珠 堡 組合餐 20230206y7oy7c8,5
藜 麥燒 肉 珍珠 堡 組合餐 20230121y3zyfx5,5
藜 麥燒 肉 珍珠 堡 組合餐 20230129f7cl5df,5
藜 麥燒 肉 珍珠 堡 組合餐 20230301ufr72p2,5
藜 麥燒 肉 珍珠 堡 組合餐 20221221y7mgkqd,5
藜 麥燒 肉 珍珠 堡 組合餐 20230208a3jzlee,5
藜 麥燒 肉 珍珠 堡 組合餐 20230207y2bp570,5
藜 麥燒 肉 珍珠 堡 組合餐 20230112y2btw6t,5
藜 麥燒 肉 珍珠 堡 組合餐 20230203y4ydehm,5
藜 麥燒 肉 珍珠 堡 組合餐 20230212y9bk41q,5
藜 麥燒 肉 珍珠 堡 組合餐 20221226t6awkph,5
藜 麥燒 肉 珍珠 堡 組合餐 20230101y7mgvq1,5
藜 麥燒 肉 珍珠 堡 組合餐 20230120f3jyr8v,5
藜 麥燒 肉 珍珠 堡 組合餐 20230211uja3jdl,5
藜 麥燒 肉 珍珠 堡 組合餐 20230209y1noyhi,5
藜 麥燒 肉 珍珠 堡 組合餐 20230203v1rmols,5
藜 麥燒 肉 珍珠 堡 組合餐 20230227y1eeil6,5
藜 麥燒 肉 珍珠 堡 組合餐 20230204slhnpgt,5
藜 麥燒 肉 珍珠 堡 組合餐 20230308idze5k5,5
藜 麥燒 肉 珍珠 堡 組合餐 20230213y5kl83b,5
藜 麥燒 肉 珍珠 堡 組合餐 20221216y8ku4lp,5
藜 麥燒 肉 珍珠 堡 組合餐 20230107d0ifed1,5
藜 麥燒 肉 珍珠 堡 組合餐 20221215y3aon3a,5
藜 麥燒 肉 珍珠 堡 組合餐 20230211y4wib22,5
藜 麥燒 肉 珍珠 堡 組合餐 20230127gu0hpaj,5
藜 麥燒 肉 珍珠 堡 組合餐 20230304y1fxui2,5
藜 麥燒 肉 珍珠 堡 組合餐 20230306y1xnpur,5
藜 麥燒 肉 珍珠 堡 組合餐 20230211pmm3hbr,5
藜 麥燒 肉 珍珠 堡 組合餐 20230213y7vtn6y,5
藜 麥燒 肉 珍珠 堡 組合餐 20230205ehqdiir,5
藜 麥燒 肉 珍珠 堡 組合餐 20230303y2wa0g3,5
藜 麥燒 肉 珍珠 堡 組合餐 20230309f7cljzr,5
藜 麥燒 肉 珍珠 堡 組合餐 20230302a7eht02,5
藜 麥燒 肉 珍珠 堡 組合餐 20230305yevbg5o,5
藜 麥燒 肉 珍珠 堡 組合餐 20230126cq06k7s,5
藜 麥燒 肉 珍珠 堡 組合餐 20230202y2pjchd,5
藜 麥燒 肉 珍珠 堡 組合餐 20230205y3biv3k,5
藜 麥燒 肉 珍珠 堡 組合餐 20230303kydcvv1,5
藜 麥燒 肉 珍珠 堡 組合餐 20230215lba2o1b,5
藜 麥燒 肉 珍珠 堡 組合餐 20230216y9bk66p,5
藜 麥燒 肉 珍珠 堡 組合餐 20230202afljgn7,5
藜 麥燒 肉 珍珠 堡 組合餐 20230301z0om7d5,5
藜 麥燒 肉 珍珠 堡 組合餐 20230308y2bp1dy,5
藜 麥燒 肉 珍珠 堡 組合餐 20230213gu0hdc7,5
藜 麥燒 肉 珍珠 堡 組合餐 20230204y5vpawy,5
藜 麥燒 肉 珍珠 堡 組合餐 20230105f7qn8dd,5
藜 麥燒 肉 珍珠 堡 組合餐 20230304f5nu0ty,5
藜 麥燒 肉 珍珠 堡 組合餐 20230222y7oykk0,5
藜 麥燒 肉 珍珠 堡 組合餐 20230122y2jq0gi,5
藜 麥燒 肉 珍珠 堡 組合餐 20230301f1mfeie,5
藜 麥燒 肉 珍珠 堡 組合餐 20230309y2wauf3,5
藜 麥燒 肉 珍珠 堡 組合餐 20230222f6wak26,5
藜 麥燒 肉 珍珠 堡 組合餐 20230203y5klxwk,5
藜 麥燒 肉 珍珠 堡 組合餐 20230301f3tmaaa,5
藜 麥燒 肉 珍珠 堡 組合餐 20230306yb6nn9m,5
藜 麥燒 肉 珍珠 堡 組合餐 20230224f1sjonv,5
藜 麥燒 肉 珍珠 堡 組合餐 20230221y1ee9rh,5
藜 麥燒 肉 珍珠 堡 組合餐 20230201y4sxlkv,5
藜 麥燒 肉 珍珠 堡 組合餐 20230210y6wm3us,5
藜 麥燒 肉 珍珠 堡 組合餐 20230305y5wmx8l,5
藜 麥燒 肉 珍珠 堡 組合餐 20230219y7wiyex,5
藜 麥燒 肉 珍珠 堡 組合餐 20230117f9ur94g,5
藜 麥燒 肉 珍珠 堡 組合餐 20230214y7iqzi3,5
藜 麥燒 肉 珍珠 堡 組合餐 20230103y5vps9h,5
藜 麥燒 肉 珍珠 堡 組合餐 20230106a6urvyx,5
藜 麥燒 肉 珍珠 堡 組合餐 20230124iaza3hu,5
藜 麥燒 肉 珍珠 堡 組合餐 20230308y1fxw7g,5
藜 麥燒 肉 珍珠 堡 組合餐 20230307lm1217t,5
藜 麥燒 肉 珍珠 堡 組合餐 20230304y9bx3s2,5
藜 麥燒 肉 珍珠 堡 組合餐 20230207ez2bupr,5
藜 麥燒 肉 珍珠 堡 組合餐 20230226y1no7e2,5
藜 麥燒 肉 珍珠 堡 組合餐 20230205un8t3xf,5
藜 麥燒 肉 珍珠 堡 組合餐 20230204y7ku9au,5
藜 麥燒 肉 珍珠 堡 組合餐 20230212zfnccpu,5
藜 麥燒 肉 珍珠 堡 組合餐 20230307vw8x1t3,5
藜 麥燒 肉 珍珠 堡 組合餐 20230120dvjmmg0,5
藜 麥燒 肉 珍珠 堡 組合餐 20230107y2jquoy,5
藜 麥燒 肉 珍珠 堡 組合餐 20230219f5qjod9,5
藜 麥燒 肉 珍珠 堡 組合餐 20230109y5xqxde,5
藜 麥燒 肉 珍珠 堡 組合餐 20230302olgdssl,5
藜 麥燒 肉 珍珠 堡 組合餐 20230105z0omnhw,5
藜 麥燒 肉 珍珠 堡 組合餐 20230117z2rdgoa,5
藜 麥燒 肉 珍珠 堡 組合餐 20230118vhsqknc,5
藜 麥燒 肉 珍珠 堡 組合餐 20230128un8t1s1,5
藜 麥燒 肉 珍珠 堡 組合餐 20230215y2wa3oa,5
藜 麥燒 肉 珍珠 堡 組合餐 20230223f5qjzl8,5
藜 麥燒 肉 珍珠 堡 組合餐 20230218s7co8c0,5
藜 麥燒 肉 珍珠 堡 組合餐 20230204y3uduvk,5
藜 麥燒 肉 珍珠 堡 組合餐 20230105zfncwim,5
藜 麥燒 肉 珍珠 堡 組合餐 20230130wekg8sa,5
藜 麥燒 肉 珍珠 堡 組合餐 20230119y4ltzs1,5
藜 麥燒 肉 珍珠 堡 組合餐 20230203f2dnebc,5
藜 麥燒 肉 珍珠 堡 組合餐 20230215y1fxsn9,5
藜 麥燒 肉 珍珠 堡 組合餐 20230206y7vtvgp,5
藜 麥燒 肉 珍珠 堡 組合餐 20221226mwer2jy,5
藜 麥燒 肉 珍珠 堡 組合餐 20230114y2pjuw3,5
藜 麥燒 肉 珍珠 堡 組合餐 20230224y0meaxw,5
藜 麥燒 肉 珍珠 堡 組合餐 20230212f0cmnfh,5
藜 麥燒 肉 珍珠 堡 組合餐 20230221y7oyynp,5
藜 麥燒 肉 珍珠 堡 組合餐 20230201ix38s82,5
藜 麥燒 肉 珍珠 堡 組合餐 20230216ufr70ib,5
藜 麥燒 肉 珍珠 堡 組合餐 20230227extliyq,5
藜 麥燒 肉 珍珠 堡 組合餐 20230203yjc283r,5
藜 麥燒 肉 珍珠 堡 組合餐 20230110fb9eckf,5
藜 麥燒 肉 珍珠 堡 組合餐 20230124e1k6m0a,5
藜 麥燒 肉 珍珠 堡 組合餐 20230113y1fxsyd,5
藜 麥燒 肉 珍珠 堡 組合餐 20230106r3tggvd,5
藜 麥燒 肉 珍珠 堡 組合餐 20230227f8xuc3t,5
藜 麥燒 肉 珍珠 堡 組合餐 20230308wibzk4m,5
藜 麥燒 肉 珍珠 堡 組合餐 20230103y0dh88x,5
藜 麥燒 肉 珍珠 堡 組合餐 20230223f7ymrz5,5
藜 麥燒 肉 珍珠 堡 組合餐 20230123ozud2ge,5
藜 麥燒 肉 珍珠 堡 組合餐 20230118lba2foa,5
藜 麥燒 肉 珍珠 堡 組合餐 20230121y5vpgty,5
藜 麥燒 肉 珍珠 堡 組合餐 20230219f7xuksk,5
藜 麥燒 肉 珍珠 堡 組合餐 20230225gu0hb4t,5
超級 大麥 燒肉 珍珠 堡 組合餐 20230413y7oyu,5
藜 麥燒 肉 珍珠 堡 組合餐 20230120f7qnf36,5
藜 麥燒 肉 珍珠 堡 組合餐 20230208mo84uh9,5
藜 麥燒 肉 珍珠 堡 組合餐 20230222f5mqo6d,5
藜 麥燒 肉 珍珠 堡 組合餐 20230110y5kge9h,5
藜 麥燒 肉 珍珠 堡 組合餐 20230210y2bpd2b,5
藜 麥燒 肉 珍珠 堡 組合餐 20230205y7vt50l,5
藜 麥燒 肉 珍珠 堡 組合餐 20230208y1fxlxq,5
藜 麥燒 肉 珍珠 堡 組合餐 20230120f1tqqjx,5
藜 麥燒 肉 珍珠 堡 組合餐 20230308f8iicuw,5
藜 麥燒 肉 珍珠 堡 組合餐 20230212y9bew8t,5
藜 麥燒 肉 珍珠 堡 組合餐 20230203y3bizzv,5
藜 麥燒 肉 珍珠 堡 組合餐 20230215y9uzj6f,5
藜 麥燒 肉 珍珠 堡 組合餐 20230222eqxqg1l,5
藜 麥燒 肉 珍珠 堡 組合餐 20230301y0wq2wq,5
藜 麥燒 肉 珍珠 堡 組合餐 20230303f7yma2a,5
藜 麥燒 肉 珍珠 堡 組合餐 20230302wibzvd9,5
藜 麥燒 肉 珍珠 堡 組合餐 20230206fzanrlp,5
藜 麥燒 肉 珍珠 堡 組合餐 20230309paaspli,5
藜 麥燒 肉 珍珠 堡 組合餐 20230206y5klc0n,5
藜 麥燒 肉 珍珠 堡 組合餐 20230305y0wq1k9,5
藜 麥燒 肉 珍珠 堡 組合餐 20230307lba24w7,5
藜 麥燒 肉 珍珠 堡 組合餐 20230305y4cqlc0,5
藜 麥燒 肉 珍珠 堡 組合餐 20230305y7oy1eq,5
藜 麥燒 肉 珍珠 堡 組合餐 20230205y3zyc2p,5
藜 麥燒 肉 珍珠 堡 組合餐 20230223y6wmlcb,5
藜 麥燒 肉 珍珠 堡 組合餐 20230201y3qufb4,5
藜 麥燒 肉 珍珠 堡 組合餐 20230223f7uz06r,5
藜 麥燒 肉 珍珠 堡 組合餐 20230223tvhlyt8,5
藜 麥燒 肉 珍珠 堡 組合餐 20230228ez2b03q,5
藜 麥燒 肉 珍珠 堡 組合餐 20230202nh93s96,5
藜 麥燒 肉 珍珠 堡 組合餐 20230309f5num0j,5
藜 麥燒 肉 珍珠 堡 組合餐 20230201f7qnobl,5
藜 麥燒 肉 珍珠 堡 組合餐 20230218e71t1un,5
藜 麥燒 肉 珍珠 堡 組合餐 20230225y7bfhbg,5
藜 麥燒 肉 珍珠 堡 組合餐 20230216i6ozgvw,5
藜 麥燒 肉 珍珠 堡 組合餐 20230305q3cbuez,5
藜 麥燒 肉 珍珠 堡 組合餐 20230208f9urw7k,5
藜 麥燒 肉 珍珠 堡 組合餐 20230309f5qjlg1,5
藜 麥燒 肉 珍珠 堡 組合餐 20230309lm122pa,5
藜 麥燒 肉 珍珠 堡 組合餐 20230306y2jqo0n,5
藜 麥燒 肉 珍珠 堡 組合餐 20230206f6ia7zp,5
藜 麥燒 肉 珍珠 堡 組合餐 20230204y4miro6,5
藜 麥燒 肉 珍珠 堡 組合餐 20230206a6uru57,5
藜 麥燒 肉 珍珠 堡 組合餐 20230227t72g5zu,5
藜 麥燒 肉 珍珠 堡 組合餐 20230301y7mgas6,5
藜 麥燒 肉 珍珠 堡 組合餐 20230308f1tq1pt,5
藜 麥燒 肉 珍珠 堡 組合餐 20230308y3zyjok,5
藜 麥燒 肉 珍珠 堡 組合餐 20230108y7mglka,5
藜 麥燒 肉 珍珠 堡 組合餐 20230108f5nu7ig,5
藜 麥燒 肉 珍珠 堡 組合餐 20230122t3nawp3,5
藜 麥燒 肉 珍珠 堡 組合餐 20230211y7oyxui,5
藜 麥燒 肉 珍珠 堡 組合餐 20230208y0dhg4a,5
藜 麥燒 肉 珍珠 堡 組合餐 20230309uq23epa,5
藜 麥燒 肉 珍珠 堡 組合餐 20230309y7oyx0e,5
藜 麥燒 肉 珍珠 堡 組合餐 20230302f7clqbi,5
藜 麥燒 肉 珍珠 堡 組合餐 20230206ozud95i,5
藜 麥燒 肉 珍珠 堡 組合餐 20230216f9yvmf6,5
藜 麥燒 肉 珍珠 堡 組合餐 20230220nypepm4,5
藜 麥燒 肉 珍珠 堡 組合餐 20230212y2bt4qi,5
藜 麥燒 肉 珍珠 堡 組合餐 20230305f0cmtb5,5
藜 麥燒 肉 珍珠 堡 組合餐 20221208y2pjyxb,5
藜 麥燒 肉 珍珠 堡 組合餐 20230220y3aovex,5
藜 麥燒 肉 珍珠 堡 組合餐 20230107z0omy2o,5
藜 麥燒 肉 珍珠 堡 組合餐 20230207mqzet7l,5
藜 麥燒 肉 珍珠 堡 組合餐 20230227qu7gf4s,5
藜 麥燒 肉 珍珠 堡 組合餐 20221215c64fhzr,5
藜 麥燒 肉 珍珠 堡 組合餐 20230128vhsqxym,5
藜 麥燒 肉 珍珠 堡 組合餐 20230202y7oyk79,5
藜 麥燒 肉 珍珠 堡 組合餐 20230215wekgazc,5
藜 麥燒 肉 珍珠 堡 組合餐 20230228wekgde1,5
藜 麥燒 肉 珍珠 堡 組合餐 20230211y5vplas,5
藜 麥燒 肉 珍珠 堡 組合餐 20230307cq062gc,5
藜 麥燒 肉 珍珠 堡 組合餐 20230205y1ddt15,5
藜 麥燒 肉 珍珠 堡 組合餐 20230113y4rviiz,5
藜 麥燒 肉 珍珠 堡 組合餐 20230202y1fx6io,5
藜 麥燒 肉 珍珠 堡 組合餐 20230121y5klrf3,5
藜 麥燒 肉 珍珠 堡 組合餐 20230206y9bxmb2,5
藜 麥燒 肉 珍珠 堡 組合餐 20230305ez2b5w8,5
藜 麥燒 肉 珍珠 堡 組合餐 20230309f8cjkyt,5
藜 麥燒 肉 珍珠 堡 組合餐 20230309y7vts2k,5
藜 麥燒 肉 珍珠 堡 組合餐 20230110y7wirlb,5
藜 麥燒 肉 珍珠 堡 組合餐 20230220y7vtczm,5
超級 大麥 燒肉 珍珠 堡 組合餐 20230413lba29,5
藜 麥燒 肉 珍珠 堡 組合餐 20230302gu0hft0,5
藜 麥燒 肉 珍珠 堡 組合餐 20230221f7ymadm,5
藜 麥燒 肉 珍珠 堡 組合餐 20230205i6ozjad,5
藜 麥燒 肉 珍珠 堡 組合餐 20230212tvhlu9s,5
藜 麥燒 肉 珍珠 堡 組合餐 20230303y2tsbzu,5
藜 麥燒 肉 珍珠 堡 組合餐 20230107z4mpp3z,5
藜 麥燒 肉 珍珠 堡 組合餐 20230112y5kl41l,5
藜 麥燒 肉 珍珠 堡 組合餐 20230127extlyf5,5
藜 麥燒 肉 珍珠 堡 組合餐 20230117f8iiiry,5
藜 麥燒 肉 珍珠 堡 組合餐 20230102y4rvm7o,5
藜 麥燒 肉 珍珠 堡 組合餐 20230302f5nunxa,5
藜 麥燒 肉 珍珠 堡 組合餐 20221207oyrqthz,5
藜 麥燒 肉 珍珠 堡 組合餐 20230209y7mgr4n,5
藜 麥燒 肉 珍珠 堡 組合餐 20230215y0mexcy,5
藜 麥燒 肉 珍珠 堡 組合餐 20230228f7ymrs3,5
藜 麥燒 肉 珍珠 堡 組合餐 20230124y2sqi0b,5
藜 麥燒 肉 珍珠 堡 組合餐 20230117y2jqz59,5
藜 麥燒 肉 珍珠 堡 組合餐 20230131y7oyuw0,5
藜 麥燒 肉 珍珠 堡 組合餐 20230123y4sxvtr,5
藜 麥燒 肉 珍珠 堡 組合餐 20230309y9bkzkk,5
藜 麥燒 肉 珍珠 堡 組合餐 20230306x58pixj,5
藜 麥燒 肉 珍珠 堡 組合餐 20230205y0glc6q,5
藜 麥燒 肉 珍珠 堡 組合餐 20230126f3vn6l3,5
藜 麥燒 肉 珍珠 堡 組合餐 20230303nype1iw,5
藜 麥燒 肉 珍珠 堡 組合餐 20230120f5qjhrr,5
藜 麥燒 肉 珍珠 堡 組合餐 20230118y4miwlt,5
藜 麥燒 肉 珍珠 堡 組合餐 20230107y2wa8ld,5
藜 麥燒 肉 珍珠 堡 組合餐 20230106pnfl47l,5
藜 麥燒 肉 珍珠 堡 組合餐 20230108cq06vbz,5
藜 麥燒 肉 珍珠 堡 組合餐 20230117y2wabhp,5
藜 麥燒 肉 珍珠 堡 組合餐 20230309y1fxyy4,5
藜 麥燒 肉 珍珠 堡 組合餐 20230307s7coquu,5
藜 麥燒 肉 珍珠 堡 組合餐 20230105ehqdauy,5
藜 麥燒 肉 珍珠 堡 組合餐 20230113beye9qr,5
藜 麥燒 肉 珍珠 堡 組合餐 20230104y0eyfyc,5
藜 麥燒 肉 珍珠 堡 組合餐 20230303krrhq9i,5
藜 麥燒 肉 珍珠 堡 組合餐 20230307y7mgcf6,5
藜 麥燒 肉 珍珠 堡 組合餐 20230120y4ltrbe,5
藜 麥燒 肉 珍珠 堡 組合餐 20230309y9bxojt,5
藜 麥燒 肉 珍珠 堡 組合餐 20230302f5qj8zb,5
藜 麥燒 肉 珍珠 堡 組合餐 20230105y1fxv1g,5
藜 麥燒 肉 珍珠 堡 組合餐 20230104mjwj1zs,5
藜 麥燒 肉 珍珠 堡 組合餐 20230308y1fxlqm,5
藜 麥燒 肉 珍珠 堡 組合餐 20230121qu7g2ky,5
藜 麥燒 肉 珍珠 堡 組合餐 20230116a4imuvu,5
藜 麥燒 肉 珍珠 堡 組合餐 20230108i6ozxd6,5
藜 麥燒 肉 珍珠 堡 組合餐 20230106y5klbc0,5
藜 麥燒 肉 珍珠 堡 組合餐 20230108f6wackg,5
藜 麥燒 肉 珍珠 堡 組合餐 20230105y3zy7r8,5
藜 麥燒 肉 珍珠 堡 組合餐 20230104iaza8ba,5
藜 麥燒 肉 珍珠 堡 組合餐 20230129y7bf635,5
藜 麥燒 肉 珍珠 堡 組合餐 20230118mwertty,5
藜 麥燒 肉 珍珠 堡 組合餐 20230102jgkno2c,5
藜 麥燒 肉 珍珠 堡 組合餐 20230105f2on5nj,5
藜 麥燒 肉 珍珠 堡 組合餐 20230129f7dj81n,5
藜 麥燒 肉 珍珠 堡 組合餐 20230112mo84ecm,5
藜 麥燒 肉 珍珠 堡 組合餐 20230125vhsq8x4,5
藜 麥燒 肉 珍珠 堡 組合餐 20230112y3rqwoj,5
藜 麥燒 肉 珍珠 堡 組合餐 20230121x58piaq,5
藜 麥燒 肉 珍珠 堡 組合餐 20230113y5xq8p5,5
藜 麥燒 肉 珍珠 堡 組合餐 20230115qu7geiq,5
藜 麥燒 肉 珍珠 堡 組合餐 20230117gu0hcsl,5
藜 麥燒 肉 珍珠 堡 組合餐 20230116a6urg8i,5
藜 麥燒 肉 珍珠 堡 組合餐 20230126f2onpvu,5
藜 麥燒 肉 珍珠 堡 組合餐 20230103wckugig,5
藜 麥燒 肉 珍珠 堡 組合餐 20230307qu7gqcf,5
藜 麥燒 肉 珍珠 堡 組合餐 20230113y9bx3tq,5
藜 麥燒 肉 珍珠 堡 組合餐 20230113y0gll85,5
藜 麥燒 肉 珍珠 堡 組合餐 20230101y7bfpgd,5
藜 麥燒 肉 珍珠 堡 組合餐 20230115d0if72f,5
藜 麥燒 肉 珍珠 堡 組合餐 20230124f2onq73,5
藜 麥燒 肉 珍珠 堡 組合餐 20230107y5wmxyq,5
藜 麥燒 肉 珍珠 堡 組合餐 20230122y3py3ud,5
藜 麥燒 肉 珍珠 堡 組合餐 20230104f1tqwkr,5
藜 麥燒 肉 珍珠 堡 組合餐 20230118y9bxyl8,5
藜 麥燒 肉 珍珠 堡 組合餐 20230108f1tqa9b,5
藜 麥燒 肉 珍珠 堡 組合餐 20230108y0dhhx6,5
藜 麥燒 肉 珍珠 堡 組合餐 20230125wwpf0gh,5
藜 麥燒 肉 珍珠 堡 組合餐 20230105f7cljlm,5
藜 麥燒 肉 珍珠 堡 組合餐 20230118y3zys4g,5
藜 麥燒 肉 珍珠 堡 組合餐 20230117wua5g0h,5
藜 麥燒 肉 珍珠 堡 組合餐 20230109y4lts1h,5
藜 麥燒 肉 珍珠 堡 組合餐 20230102y2jq8be,5
藜 麥燒 肉 珍珠 堡 組合餐 20230112j8rm7i4,5
藜 麥燒 肉 珍珠 堡 組合餐 20230126t6awnu9,5
藜 麥燒 肉 珍珠 堡 組合餐 20230308d0tyvn7,5
藜 麥燒 肉 珍珠 堡 組合餐 20230308eqxqvsu,5
藜 麥燒 肉 珍珠 堡 組合餐 20230305y2jqct1,5
藜 麥燒 肉 珍珠 堡 組合餐 20230304y2tswov,5
藜 麥燒 肉 珍珠 堡 組合餐 20230301f8cjt2v,5
藜 麥燒 肉 珍珠 堡 組合餐 20230102d1jphqr,5
藜 麥燒 肉 珍珠 堡 組合餐 20230101y5xq72r,5
藜 麥燒 肉 珍珠 堡 組合餐 20230104f5qjeoc,5
藜 麥燒 肉 珍珠 堡 組合餐 20230101yjc2smh,5
藜 麥燒 肉 珍珠 堡 組合餐 20230126f1tqcsf,5
藜 麥燒 肉 珍珠 堡 組合餐 20230118extl3f1,5
藜 麥燒 肉 珍珠 堡 組合餐 20230105y4mic90,5
藜 麥燒 肉 珍珠 堡 組合餐 20230124fb9ernl,5
藜 麥燒 肉 珍珠 堡 組合餐 20230110l3s2b74,5
藜 麥燒 肉 珍珠 堡 組合餐 20230109d0if9i1,5
藜 麥燒 肉 珍珠 堡 組合餐 20230120y9bks95,5
藜 麥燒 肉 珍珠 堡 組合餐 20230307gkaco27,5
藜 麥燒 肉 珍珠 堡 組合餐 20230102y1nomyv,5
藜 麥燒 肉 珍珠 堡 組合餐 20230308y6wms3j,5
藜 麥燒 肉 珍珠 堡 組合餐 20230104f2dn1hj,5
藜 麥燒 肉 珍珠 堡 組合餐 20230127zfnc3ep,5
藜 麥燒 肉 珍珠 堡 組合餐 20230115wbf1rll,5
藜 麥燒 肉 珍珠 堡 組合餐 20230306y5wue91,5
藜 麥燒 肉 珍珠 堡 組合餐 20230112achn1pe,5
藜 麥燒 肉 珍珠 堡 組合餐 20230131y0eyzrq,5
藜 麥燒 肉 珍珠 堡 組合餐 20230102f8ii1so,5
藜 麥燒 肉 珍珠 堡 組合餐 20230118f1xmhg6,5
藜 麥燒 肉 珍珠 堡 組合餐 20230111yjc2zso,5
藜 麥燒 肉 珍珠 堡 組合餐 20230106y1fx455,5
藜 麥燒 肉 珍珠 堡 組合餐 20230102f7djn7r,5
藜 麥燒 肉 珍珠 堡 組合餐 20230107f6iagbk,5
藜 麥燒 肉 珍珠 堡 組合餐 20230119f8xuolu,5
藜 麥燒 肉 珍珠 堡 組合餐 20230120lba2ci2,5
藜 麥燒 肉 珍珠 堡 組合餐 20230129y3zyqgr,5
藜 麥燒 肉 珍珠 堡 組合餐 20230111f6vifpe,5
藜 麥燒 肉 珍珠 堡 組合餐 20230125beyena4,5
藜 麥燒 肉 珍珠 堡 組合餐 20230107cmxgolg,5
藜 麥燒 肉 珍珠 堡 組合餐 20230125f8iinb4,5
藜 麥燒 肉 珍珠 堡 組合餐 20230111y3quv98,5
藜 麥燒 肉 珍珠 堡 組合餐 20230110y6sgghf,5
藜 麥燒 肉 珍珠 堡 組合餐 20230113iaza1bu,5
藜 麥燒 肉 珍珠 堡 組合餐 20230124rjyts47,5
藜 麥燒 肉 珍珠 堡 組合餐 20230127y5wucwt,5
藜 麥燒 肉 珍珠 堡 組合餐 20230109w64c7hf,5
藜 麥燒 肉 珍珠 堡 組合餐 20230120i4uiv0c,5
藜 麥燒 肉 珍珠 堡 組合餐 20230116y4sx1kw,5
藜 麥燒 肉 珍珠 堡 組合餐 20230307y3zyscg,5
藜 麥燒 肉 珍珠 堡 組合餐 20230107ozudjta,5
藜 麥燒 肉 珍珠 堡 組合餐 20230309lwubldg,5
藜 麥燒 肉 珍珠 堡 組合餐 20230116z0omzg0,5
藜 麥燒 肉 珍珠 堡 組合餐 20230108f0cmn1o,5
藜 麥燒 肉 珍珠 堡 組合餐 20230114y0eyv70,5
藜 麥燒 肉 珍珠 堡 組合餐 20230128y3zyu32,5
藜 麥燒 肉 珍珠 堡 組合餐 20230122uja3qtk,5
藜 麥燒 肉 珍珠 堡 組合餐 20230130hp8xsrv,5
藜 麥燒 肉 珍珠 堡 組合餐 20230123t3naby5,5
藜 麥燒 肉 珍珠 堡 組合餐 20230111kydc4nh,5
藜 麥燒 肉 珍珠 堡 組合餐 20230101y7vtr2p,5
藜 麥燒 肉 珍珠 堡 組合餐 20230106extluya,5
藜 麥燒 肉 珍珠 堡 組合餐 20230118y2bnrtb,5
藜 麥燒 肉 珍珠 堡 組合餐 20230113y7wi9g2,5
藜 麥燒 肉 珍珠 堡 組合餐 20230104f2onhez,5
藜 麥燒 肉 珍珠 堡 組合餐 20230123gu0h74e,5
藜 麥燒 肉 珍珠 堡 組合餐 20230108rjyt60e,5
藜 麥燒 肉 珍珠 堡 組合餐 20230305f0cmrcf,5
藜 麥燒 肉 珍珠 堡 組合餐 20230113x52vub2,5
藜 麥燒 肉 珍珠 堡 組合餐 20230121f7ymrfx,5
藜 麥燒 肉 珍珠 堡 組合餐 20230101e71t0m0,5
藜 麥燒 肉 珍珠 堡 組合餐 20230112nypeb1r,5
藜 麥燒 肉 珍珠 堡 組合餐 20230124y3quv4b,5
藜 麥燒 肉 珍珠 堡 組合餐 20230301lba2h1z,5
藜 麥燒 肉 珍珠 堡 組合餐 20230129un8t6x6,5
藜 麥燒 肉 珍珠 堡 組合餐 20230119y7iqnww,5
藜 麥燒 肉 珍珠 堡 組合餐 20230111uq2318t,5
藜 麥燒 肉 珍珠 堡 組合餐 20230123y7vtmu0,5
藜 麥燒 肉 珍珠 堡 組合餐 20230119y4wiymm,5
藜 麥燒 肉 珍珠 堡 組合餐 20230126pmm3ezs,5
藜 麥燒 肉 珍珠 堡 組合餐 20230110slhne3v,5
藜 麥燒 肉 珍珠 堡 組合餐 20230111z4t2j3t,5
藜 麥燒 肉 珍珠 堡 組合餐 20230130aidv4y3,5
藜 麥燒 肉 珍珠 堡 組合餐 20230113y3rq7yg,5
藜 麥燒 肉 珍珠 堡 組合餐 20230302pcdq033,5
藜 麥燒 肉 珍珠 堡 組合餐 20230102y1no9eu,5
藜 麥燒 肉 珍珠 堡 組合餐 20230123un8tb61,5
藜 麥燒 肉 珍珠 堡 組合餐 20230130y3rqhyq,5
藜 麥燒 肉 珍珠 堡 組合餐 20230109y0dhmri,5
藜 麥燒 肉 珍珠 堡 組合餐 20230107f1tqab4,5
藜 麥燒 肉 珍珠 堡 組合餐 20230125k9ayqgp,5
藜 麥燒 肉 珍珠 堡 組合餐 20230303a6ur70j,5
藜 麥燒 肉 珍珠 堡 組合餐 20230127y1ee69w,5
藜 麥燒 肉 珍珠 堡 組合餐 20230110f1mftwe,5
藜 麥燒 肉 珍珠 堡 組合餐 20230123pnfl64h,5
藜 麥燒 肉 珍珠 堡 組合餐 20230119y3rqau1,5
藜 麥燒 肉 珍珠 堡 組合餐 20230129y0eypkr,5
藜 麥燒 肉 珍珠 堡 組合餐 20230306f1tqe54,5
藜 麥燒 肉 珍珠 堡 組合餐 20230102yb6nvo7,5
藜 麥燒 肉 珍珠 堡 組合餐 20230107y7vtqz0,5
藜 麥燒 肉 珍珠 堡 組合餐 20230305y5kgp0i,5
藜 麥燒 肉 珍珠 堡 組合餐 20230303f7dj8iu,5
藜 麥燒 肉 珍珠 堡 組合餐 20230302idzey3i,5
藜 麥燒 肉 珍珠 堡 組合餐 20230309y9bxyht,5
藜 麥燒 肉 珍珠 堡 組合餐 20230113mjkeczp,5
藜 麥燒 肉 珍珠 堡 組合餐 20230125y1fx07k,5
藜 麥燒 肉 珍珠 堡 組合餐 20230116gofnjri,5
藜 麥燒 肉 珍珠 堡 組合餐 20230117f7cl80n,5
藜 麥燒 肉 珍珠 堡 組合餐 20230120f2dnjpj,5
藜 麥燒 肉 珍珠 堡 組合餐 20230106a9yxcxk,5
藜 麥燒 肉 珍珠 堡 組合餐 20230122y3rqcuz,5
藜 麥燒 肉 珍珠 堡 組合餐 20230103y1no8tr,5
藜 麥燒 肉 珍珠 堡 組合餐 20230121extltn1,5
藜 麥燒 肉 珍珠 堡 組合餐 20230102f9urjw1,5
藜 麥燒 肉 珍珠 堡 組合餐 20230303z4t2cfa,5
藜 麥燒 肉 珍珠 堡 組合餐 20230302f5nudum,5
藜 麥燒 肉 珍珠 堡 組合餐 20230120y9uzl4k,5
藜 麥燒 肉 珍珠 堡 組合餐 20230118y9uzp8g,5
藜 麥燒 肉 珍珠 堡 組合餐 20230127vw8xdxf,5
藜 麥燒 肉 珍珠 堡 組合餐 20230117f8iic07,5
藜 麥燒 肉 珍珠 堡 組合餐 20230109y5xqwat,5
藜 麥燒 肉 珍珠 堡 組合餐 20230303f3jyssg,5
藜 麥燒 肉 珍珠 堡 組合餐 20230301blm1rh3,5
藜 麥燒 肉 珍珠 堡 組合餐 20230122un8tmn2,5
藜 麥燒 肉 珍珠 堡 組合餐 20230120y9bkl28,5
藜 麥燒 肉 珍珠 堡 組合餐 20230306z4t2of6,5
藜 麥燒 肉 珍珠 堡 組合餐 20230105olgdgxd,5
藜 麥燒 肉 珍珠 堡 組合餐 20230307f9urcg6,5
藜 麥燒 肉 珍珠 堡 組合餐 20230111y1norm2,5
藜 麥燒 肉 珍珠 堡 組合餐 20230305f7qnx5h,5
藜 麥燒 肉 珍珠 堡 組合餐 20230111y4cqors,5
藜 麥燒 肉 珍珠 堡 組合餐 20230107f6wa4yn,5
藜 麥燒 肉 珍珠 堡 組合餐 20230116achn2q7,5
藜 麥燒 肉 珍珠 堡 組合餐 20230108y4ltrqz,5
藜 麥燒 肉 珍珠 堡 組合餐 20230105q3cbstf,5
藜 麥燒 肉 珍珠 堡 組合餐 20230111y1fx15g,5
藜 麥燒 肉 珍珠 堡 組合餐 20230127cq06m80,5
藜 麥燒 肉 珍珠 堡 組合餐 20230103y7oyhh2,5
藜 麥燒 肉 珍珠 堡 組合餐 20230106eqxqc6w,5
藜 麥燒 肉 珍珠 堡 組合餐 20230124y4lt3vc,5
藜 麥燒 肉 珍珠 堡 組合餐 20230106y2sqoa5,5
藜 麥燒 肉 珍珠 堡 組合餐 20230113t6awg4m,5
藜 麥燒 肉 珍珠 堡 組合餐 20230118y2pjz7h,5
藜 麥燒 肉 珍珠 堡 組合餐 20230122un8txn4,5
藜 麥燒 肉 珍珠 堡 組合餐 20230104wekgrb0,5
藜 麥燒 肉 珍珠 堡 組合餐 20230121y5xqizx,5
藜 麥燒 肉 珍珠 堡 組合餐 20230109y0dhfd5,5
藜 麥燒 肉 珍珠 堡 組合餐 20230117wckuur0,5
藜 麥燒 肉 珍珠 堡 組合餐 20230109y1novjk,5
藜 麥燒 肉 珍珠 堡 組合餐 20230126y5wu746,5
藜 麥燒 肉 珍珠 堡 組合餐 20230107f6wakjm,5
藜 麥燒 肉 珍珠 堡 組合餐 20230121y0wq0uz,5
藜 麥燒 肉 珍珠 堡 組合餐 20230122gu0h5gj,5
藜 麥燒 肉 珍珠 堡 組合餐 20230112vw8xu9c,5
藜 麥燒 肉 珍珠 堡 組合餐 20230112y3qu0ad,5
藜 麥燒 肉 珍珠 堡 組合餐 20230301y4mitqt,5
藜 麥燒 肉 珍珠 堡 組合餐 20230306yevbojm,5
藜 麥燒 肉 珍珠 堡 組合餐 20230308y4mi9xr,5
藜 麥燒 肉 珍珠 堡 組合餐 20230308y4sxg1y,5
藜 麥燒 肉 珍珠 堡 組合餐 20230302uit5wgv,5
藜 麥燒 肉 珍珠 堡 組合餐 20230304y5xqo2m,5
藜 麥燒 肉 珍珠 堡 組合餐 20230306f0xhipd,5
