item_name,item
南僑 琥珀酸 嬰兒 洗衣 液體 皂 補 充包 750g 日用 百貨類 家庭 清潔 洗劑 125 博寶兒 奶瓶 蔬果 洗潔 精 650gm,280
媽咪 小站 多功能 活氧萬用 去 漬 粉補 充包 1500g,10
毛寶衣領 精補 充包,520
小蘇 打衣 精補,1495
南僑 水晶 食器 洗滌液 體補 充包 800ml,15
nacnac 奶瓶 蔬果 洗潔 精補 充包 600ml2 包入,30
台酒 生技易 洗樂 洗潔 精補 充包 600ml,90
小林 製 藥 BLUELET 新馬桶 潔淨 花瓣 凝膠 3 入補 充包,20
熊寶貝柔 軟護衣 精氣質 小 蒼蘭補 充包 175L,440
白帥帥 小蘇 打補 充包,920
白鴿 手洗 精補 充包 800gx12 包網,10
白蘭動力 配方 洗碗 精補 充包 800g 鮮柚 檸檬,335
加倍 潔碗 盤 洗滌 重油 汙 補 充包 800g,325
熊寶貝柔 軟護衣 精補 充包 x6 入組 多款 可選 淡雅 櫻花,105
橘子 工坊 溫 和 低敏碗 盤 洗滌液 補 充包 430ml,80
新 熊寶貝 舒恬 薰衣草 柔軟護衣 精補 充包 6X184L,5
茶樹 莊園 超濃縮 洗碗 精補 充包 茶樹 檸檬茶 樹海鹽,20
泡舒 洗潔 精 檸檬補 充包 800g564740,5
茶籽堂 碗 盤 洗潔液 補 充包 1L6 入,5
新熊 寶貝沁 藍 海洋 香柔 軟護衣 精補 充包 6X184L,10
韓國 SAENGONG 生活 工作 所 拋棄式 馬 桶 清潔刷頭 補 充包,5
妙 管家 植萃 酵素 洗潔 精補 充包 1000g 現貨 蝦 皮直 送,85
白鴿 防 螨 衣物 柔軟 精 高雅 玫瑰 香補 充包 1800g,80
南僑 水晶 肥皂 食器 洗滌液 體皂 食器 洗極淨 去 味 補 充包 800m,60
加倍 潔碗 盤 洗滌液 體小蘇 打補 充包 重油 汙 專用 800gx6,5
古寶無 患子 蔬果 碗盤 洗潔液 補 充包 800g,45
nacnac 酵素 奶瓶 蔬果 洗潔 精補 充包 600mL,240
代收 代付 茶寶淨覺 茶 天然 茶籽 蔬果 碗盤 洗潔液 補 充包,5
露得清 凝露 補 充包,45
熊寶貝 熊寶貝柔 軟護衣 精補 充包 184L175Lx6,845
白鴿 防 蹣 衣物 柔軟 精補 充包 高雅 玫瑰 香 1800g,420
熊寶貝沁 藍 海洋 香柔 軟護衣 精補 充包 1840ML,810
大拇指 衣物 柔軟 精補 充包 淡雅 清香 2000ml,565
韓國 EASYDROP 不 沾手 拋棄式 馬 桶 刷 補 充包 36 入刷頭,25
去 味大師 消臭 晶球 補 充包 350ml 小三美日 D0419,5
4712318592226 橘子 工坊 溫 和 低敏碗 盤 洗滌液 補 充包,20
熊寶貝柔 軟護 衣精 2 瓶補 充包 x12 入贈 白蘭含 熊寶貝 馨香 精華,20
白鴿 貼心 衣物 手洗 精補 充包 800g,880
除臭 盒補 充包 檸檬 300gF4153,5
亮童 寶貝 nacnac 奶瓶 蔬果 酵素 洗潔 慕斯補 充包 600,10
nacnac 奶瓶 蔬果 洗潔 精 1 罐補 充包 超值 組共 13,15
無 香精 洗潔 精補 充包,40
nacnac 奶瓶 蔬果 洗潔 精補 充包 2 入組 600ml2,10
熊寶貝柔 軟護衣 精補 充包 175L184Lx6 入 8 款,255
淨麗 Pril 小蘇 打 高效 植純萃 洗碗 精補 充包 1L 共四,35
白蘭動力 配方 洗碗 精補 充包 檸檬 800g,180
六甲 村 寬口 拋棄式 奶瓶 組補 充包 250ml,90
楓康 一滴 淨 食品 用 洗碗 精補 充包 柑橘 800g,30
茶籽堂 貼身 衣物 手洗 精補 充包 V01,50
御衣坊 冷壓 橘油 洗潔 精補 充包 1000mlx10 包箱 購只,50
N012106621 里仁 網購 活力 淨 強酵 洗碗 精補 充包,5
熊寶貝沁 藍 海洋 香柔 軟護衣 精補 充包 184L,1920
新奇 潔 豔 新型 漂白 水沁雅 薔薇 香補 充包 1600ml,105
新奇 潔艷 漂白 水補 充包 16L 包 16L 包,245
白蘭動力 洗碗 精補 充包 檸檬,40
熊寶貝柔 軟護衣 精補 充包 184L175Lx12 包,385
一匙 靈 抗菌 EX 抑菌 柔衣 精 清新 棉花 香補 充包 480ml,25
白鴿 防 蹣 衣物 柔軟 精補 充包 1800g5 款 可 選耐斯,70
nacnac 奶瓶 蔬果 洗潔 精補 充包 2 包入 共 1200m,15
nacnac 奶瓶 蔬果 洗潔 精補 充包 600ml2 入,40
茶籽堂 肖楠 葉淨化 洗 髮 露補 充包 1L2022 新品 頭皮 問題,20
一匙 靈 抗菌 EX 抑菌 柔衣 精 清新 棉花 香補 充包 480ml,35
人氣 熱銷 白蘭動力 配方 洗碗 精補 充包 800gx12 入鮮,15
easydrop 拋棄 刷頭 補 充包 檸檬 12,10
新奇 潔艷 漂白 水 淡雅 花朵 香補 充包 1600ml,40
皂 褔 洗潔 精補 充包 無 香精 800g,75
nacnac 奶瓶 蔬果 洗潔 精補 充包 600ml 包 x6 包,15
nacnac 酵素 奶瓶 蔬果 洗潔 精補 充包 600mL,390
3 包組 共 150 顆 南王 超濃縮 液體 肥皂 膠囊 補 充包 13 公,5
泡舒 洗潔 精綠茶 補 充包 800g,720
皂福 冷壓 橘油 肥皂 精補 充包 1500g 瓶裝 2400g 洗,5
美國 ELPHECO 拋棄式 馬 桶 刷刷 頭補 充包 海洋 ELPH0,25
熊寶貝 竹萃 淨味柔 軟護衣 精補 充包 175L,750
橘子 工坊 任選四入 組碗 盤 洗滌液 洗碗 精補 充包 500ml4,35
一匙 靈 抗菌 EX 抑菌 柔衣 精補 充包 480mlX5 入組,140
NacNac 奶瓶 蔬果 洗潔 精補 充包 X2 入促 銷組,10
熊寶貝柔 軟護衣 精補 充包 184L175L 海洋 玫瑰,790
淨毒 五郎 酵素 手洗 精補 充瓶 1000ml 微風香 調手 洗,565
貝親 PIGEON 奶瓶 蔬果 洗潔液 補 充包 特惠 組 3 入免 運,25
白鴿 防 蹣 衣物 柔軟 精補 充包 1800gx6 包 x2 箱小蒼蘭,45
ELPHECO 拋棄式 馬 桶 刷刷 頭補 充包 ELPH008 海洋,10
泡舒 洗潔 精補 充包 800ml,5
4716758139850nacnac 奶蔬 洗潔 精補 充包,10
日本 PGJOY 速淨 除油 濃縮 洗碗 精補 充包 1065m,65
茶樹 莊園 超濃縮 洗碗 精補 充包 12 入茶 樹海鹽 茶樹 檸檬 7,250
毛寶除 蹣 抗菌 冷洗 精補 充包 2000G 天然 護膚 配方,70
博寶兒 奶瓶 蔬果 洗潔 精補 充包 500ml 日用 百貨類 家庭 清潔 洗劑 265mammy 奶瓶 蔬果 洗潔液 800600ml11,105
免運楓康 一滴 淨蘆 薈多酚 洗碗 精補 充包 柑橘 植萃 檸檬植萃 8,5
皂福 無 香精 洗潔 精補 充包 800g,40
妙 管家 衣物 柔軟 精補 充包 玫瑰 沐香 2000ml6 入,5
nacnac 酵素 奶瓶 蔬果 洗潔 慕斯補 充包 600mL2 入,15
熊寶貝柔 軟護衣 精補 充包 x6 入組 多款 可選 純淨溫 和,220
熊寶貝柔 軟護衣 精補 充包 175L 淡雅 櫻 花香,465
毛寶 衣物 柔軟 精補 充包 1900g 防霉 日光浴,35
茶樹 莊園 茶橘 雙萃 超濃縮 洗碗 精補 充包 700g,275
nacnac 奶瓶 蔬果 洗潔 精補 充包 600ml2 包,15
easydrop 拋棄 刷頭 補 充包 薰衣草,15
COMBI 植物性 奶瓶 蔬果 洗潔液 補 充包 2 入補 充包 800ml,20
情熱 價格 Lec 激落 君電解 水清潔劑 補 充包 360mlD,15
妙 管家 彩色 新型 漂白 水補 充包 麝香 香味 2000g6 入箱,30
毛寶柔 軟 精補 充包,1925
檸檬 香茅 鎖蓋補 充包,460
Pril 淨麗小蘇 打 高效 洗碗 精補 充包 草本 1000ml,10
白鴿 防 璊 衣物 柔軟 精補 充包 薰衣草 補充 包 1800g 包,190
泡 舒小蘇 打 洗潔 精補 充包 800g 愛買,150
dapple 奶瓶 及 餐具 清潔液 補 充包 4 包,5
橘子 工坊 碗 盤 洗滌液 洗潔 精 洗碗 精補 充包 430ml 溫和護,5
妙 管家 植萃 酵素 洗潔 精補 充包 1000g,10
新淨米 發酵 精萃 洗碗 精補 充包 檸檬香氛 700g,710
橘子 工坊 深層 淨味 碗 盤 洗滌液 洗碗 精補 充包 500mlx6 包,80
熊寶貝柔 軟護衣 精補 充包 175L 茶樹 抗菌,115
nacnac 酵素 奶瓶 蔬果 洗潔 精促 銷組 1 瓶 1 入補 充包,10
PiPPERSTANDARD 沛柏鳳 梨 酵素 洗碗 精補 充包 7,60
白鴿 衣物 柔軟 精 迷人 小蒼蘭補 充包,385
去 味大師 消臭 晶球 補 充包 舒爽 薰衣草 350ml,5
nacnac 酵素 奶瓶 蔬果 洗潔 精補 充包 600mL,35
白蘭箱 購動力 配方 洗碗 精補 充包 800gx12 包箱 檸檬,30
LION 獅王趣 淨 料理 手 抗菌 去味 慕斯補 充包 12 件 組 18,5
MK 一晨 不 變柔 順整 髮 水補 充包 650ml,40
毛寶香 滿室 地板 清劑 補 充包 海洋 微風 Sea1800g 包,190
地板 魔術靈 除菌 EX 草本 香補 充包 1800mlx6 入箱,10
貝親 pigeon 奶瓶 蔬果 清潔液 補 充包 650ml,5
小雯 嚴選 現貨 Farcent 香水 室內 擴香補 充包,35
白鴿 貼心 衣物 手洗 精補 充包 800g,6125
茶樹 莊園 茶樹超 濃縮 洗碗 精補 充包 12 入箱 箱購 700m,25
水晶 肥皂液 體補 充包,130
nacnac 真珠 入浴劑 補 充包,15
妙 管家 彩漂 新型 漂白 水補 充包 玫瑰花 香 2000g 入共,305
熊寶貝 柔軟 精熊 寶貝柔 軟 精補 充包 184L 熊寶貝柔 軟精,30
nacnac 酵素 奶瓶 蔬果 洗潔 慕斯補 充包 600mL,65
泡 舒小蘇 打補 充包,5500
貼身 衣物 手洗 精補 充包 V01,5
蘭諾 芳香 豆補 充包,205
Discounton 皂福 冷壓 橘油 肥皂 精補 充包 61095,5
熊寶貝柔 軟護衣 精補,4010
花仙子 茶樹 莊園 茶橘 雙萃 超濃縮 洗碗 精補 充包,200
妙 管家 植萃 酵素 洗潔 精補 充包 1000g1000g 包,630
新奇 潔艷 漂白 水補 充包 16L,75
皂福 冷壓 橘油 肥皂 精補 充包 1500g,2815
ZOKU 攜帶 型 殺菌 濕紙 巾 六入 補 充包,5
毛寶 衣物 柔軟 精補 充包 防霉 日光浴 1900g 包,920
加倍 潔 洗滌液 重異味 專用 補 充包,5
妙 管家 植萃 酵素 洗潔 精補 充包 1000g,30
TTL 易 洗樂 洗潔 精補 充包,10
地毯 清潔補 充包 3 入,55
毛寶除 蹣 抗菌 冷洗 精補 充包 800g,530
熊寶貝柔 軟護衣 精補 充包 184Lx6 入箱 沁 藍 海洋 香,35
毛寶衣領 精補 充包 600g 愛買,5
第一 寶寶 拋棄式 奶瓶 內袋 補 充包 免洗 奶瓶 內袋 外出 奶粉 分,105
富山 香堂 白檀古邦 35H 盤香補 充包 3 入組 檀香,25
代收 代付 新奇 潔艷 漂白 水沁雅 薔薇 香補 充包 16L 愛買,30
獅王 洗 精補 充包,1825
熊寶貝柔 軟護衣 精補 充包 184Lx6 入箱 純淨溫 和,60
白蘭動力 配方 洗碗 精補 充包 800gx12 包箱 檸檬鮮 柚,225
代收 代付 熊寶貝沁 藍 海洋 香柔 軟護衣 精補 充包 184L,5
一匙 靈 抗菌 EX 抑菌 柔衣 精補 充包 x15 入箱購 清新,70
新奇 潔艷 漂白 水沁雅 薔薇 香補 充包 16L 愛買,50
熊寶貝沁 藍 海洋 香柔 軟護衣 精補 充包 184L 康是 美,45
熊寶貝柔 軟護衣 精補 充包 184L 純淨溫 和 6 入,125
蔬果 碗盤 洗潔液 補 充包 800g,240
熊寶貝陽光 馨香 柔軟護衣 精補 充包 1840ML,1420
可 沖 式 潔 廁刷補 充包,75
代收 代付 妙 管家 彩漂 彩色 漂白 水補 充包 麝香 2000G,20
熊寶貝 衣物 柔軟 精柔 軟護衣 精補 充包 海洋 陽光 馨香 玫瑰,30
Pril 淨麗小蘇 打 高效 洗碗 精補 充包 檸檬 1Lx10 包,15
妙 管家 彩漂 新型 漂白 水 玫瑰花 香補 充包 2000g,30
日本 PGHAPPINES 衣物 柔軟 精補 充包 400ml,70
加倍 潔碗 盤 洗滌去 異味補 充包 800g,375
皂 褔 無 香精 洗潔 精補 充包,65
白蘭動力 配方 洗碗 精補 充包 800g 鮮柚 檸檬 現貨,50
NacNac 奶瓶 蔬果 洗潔 精補 充包 600ml,45
NacNac 植物 奶瓶 蔬果 洗潔 精補 充包 600ml2,5
Orangehouse 橘子 工坊 碗 盤 洗滌液 洗碗 精補 充包,115
一匙 靈 抗菌 EX 抑菌 柔衣 精補 充包 480ml2 款 可選,1255
熊寶貝柔 軟護衣 精補 充包 184Lx6 入箱 陽光 馨香,25
來而康 康乃馨 純水 濕巾 超厚補 充包 80 片 x12 包箱 一,5
熊寶貝沁 藍 海洋 香柔 軟護衣 精補 充包 184L,5
媽咪 小站 奶瓶 蔬果 洗潔液 補 充包 600ml2 入組,90
毛寶環 保冷洗 精補 充包 2000cc,25
代收 代付 油垢 go 水管 除油 酵素 粉家 用餐 廳 環保補 充包,5
熊寶貝柔 軟護衣 精補 充包 x6 入組 多款 可選陽光 馨香,235
白蘭動力 配方 洗碗 精補 充包 800g 清新 檸檬 活力 鮮柚,10
熊寶貝 熊寶貝柔 軟護衣 精補 充包 184L175Lx8,35
白鴿 柔軟 精補 充包 蒼蘭,95
南僑 水晶 極淨 去 味 食器 洗滌液 體補 充包 800ml,15
新淨米 發酵 精萃 洗碗 精補 充包 檸檬香氛,350
PGJOY 除臭 抗菌 濃縮 洗碗 精 960ml 袋裝補 充包,15
熊寶貝柔 軟護衣 精補 充包 184L 陽光 馨香,25
Combi 植物性 奶瓶 蔬果 洗潔液 促銷組 1 罐 1 入補 充包 2,5
nacnac 酵素 奶瓶 蔬果 洗潔 精補 充包 600ml3 包入,10
代收 代付 白鴿 柔軟 香衣 精補 充包 富士 櫻 清香 1800g 愛,5
毛寶衣領 精補 充包 600g 超取 限 6 包,30
熊寶貝柔 軟護衣 精補 充包 x6 入組 多款 可選究極 抗菌 茶樹,145
媽咪 小站 奶瓶 蔬果 洗潔液 補 充包 600ml 包,140
泡舒 PAOS 洗潔 精壓頭 補 充包 檸檬綠茶 800g1,15
茶籽堂 馬 栗樹水潤 洗手 露補 充包 1L2022 新品 一般 易,15
媽咪 小站 萬用 去 漬 粉補 充包 1500g 超商取 貨一 單限 3 包不,20
橘子 工坊 碗 盤 洗滌液 洗碗 精補 充包 6 入組 深層 淨味溫 和 低敏,265
橘子 工坊 碗 盤 洗滌液 洗碗 精補 充包 6 入 組去 油淨味溫 和 低敏,310
熊寶貝柔 軟護衣 精補 充包 184L 純淨溫 和,40
白鴿 防 璊 衣物 柔軟 精補 充包 富士 櫻 1800g 包,885
白鴿 柔軟 香衣 精補 充包 富士 櫻 清香 1800g 愛買,70
新奇 潔 豔 新型 漂白 水 淡雅 花朵 香補 充包 1600ml,465
熊寶貝柔 軟護衣 精補 充包 184L 玫瑰 甜心 香,5
熊寶貝 柔軟 精瓶 補 充包,15
大拇指 衣物 柔軟 精補 充包 蜜桃 香 2000ml,360
熊寶貝沁 藍 海洋 香柔 軟護衣 精補 充包 184L,1065
水晶 肥皂 食器 洗滌液 體補 充包 800ml,210
nacnac 奶瓶 蔬果 洗潔 精補 充包 600ml2 入,70
白蘭動力 洗碗 精補 充包 檸檬 800g,870
茶寶淨覺 茶 天然 茶籽 碗 盤 蔬果 洗潔液 補 充包 700ml,20
古寶無 患子 蔬果 碗盤 洗潔液 補 充包 檸檬綠茶 酵素 800gX,80
麗嬰房 lesenphants 奶瓶 蔬果 洗潔液 補 充包 68,35
熊寶貝柔 軟護衣 精補 充包 184L175L 多款 可選,55
一滴 淨蘆 薈多酚 食品 用 洗潔 精補 充包 檸檬 精油 800g,25
妙 管家 衣物 柔軟 精補 充包 淡雅 清香 2000ml6 入,15
熊寶貝柔 軟護衣 精補 充包 茶樹 抗菌 175L 愛買,35
六甲 村 寬口徑 拋棄式 奶瓶 組合 包補 充包 4 官方 直出,10
ELPHECO 拋棄式 馬 桶 刷刷 頭補 充包 ELPH009 薰,5
白鴿 柔軟 香衣 精補 充包 花香 1800ml,70
茶籽堂 碗 盤 洗潔液 補 充包 1L6 入,15
泡 舒小蘇 打 洗潔 精補 充包 800ml,5
毛寶除 蹣 抗菌 冷洗 精補 充包 800g 包 天然 護膚子 配方,165
NACNAC 酵素 奶蔬 洗潔 慕斯補 充包 600ml,80
nacnac 酵素 奶瓶 蔬果 洗潔 慕斯罐 裝補 充包,95
nacnac 酵素 奶瓶 蔬果 洗潔 慕斯補 充包 600mL,555
nacnac 草本 入浴劑 補 充包,5
Mamaway 媽媽 餵 奶瓶 蔬果 洗潔 精補 充包 洗護 系列,15
MITSUEI 橘子 香去 油污 洗碗 精補 充包 1L,15
熊寶貝陽 光護衣 精補 充包,15
熊寶貝沁 藍 海洋 香柔 軟護衣 精補 充包 184L 包,45
NacNac 奶瓶 蔬果 洗潔 精補 充包 600MLx2 包,10
M3 熊寶貝柔 軟護衣 精補 充包 184L2 入,20
nacnac 酵素 奶瓶 蔬果 洗潔 慕斯補 充包 特惠 組,5
任熊 寶貝柔 軟護衣 精補 充包 1840ml 玫瑰 甜心 香,20
熊寶貝柔 軟護衣 精補 充包 玫瑰 甜心 香,85
熊寶貝柔 軟護衣 精補 充包 純淨溫 和 184L 愛買,50
皂福 肥皂 精補,1695
Mitsuei 去 油污 洗碗 精補 充包 檸檬香 1000ml,15
熊寶貝多 效護衣 芳香 豆補 充包 300ML 藍風鈴 X 白麝香,20
OP 純萃 茶酚 洗潔 精補 充包 800g 零 添加 12 入箱 洗,15
妙 管家 衣物 柔軟 精補 充包 淡雅 清香 2000ml 愛買,60
新奇 潔 豔 漂白 水 淡雅 花朵 香沁雅 薔薇 香補 充包 16L,35
日本 花王 KaoCLEAR 泡沫 噴霧 洗碗 精補 充包 250,20
白蘭箱 購動力 配方 洗碗 精補 充包 800gx12 包箱 鮮柚,20
英國 Nimble 靈活 寶貝 奶瓶 蔬果 除味 清潔液 補 充包 4,10
新一代 好 神奇 耐用 曬衣 夾補 充包 22 入,20
白鴿 手洗 精補 充包 800g 康是 美,190
熊寶貝柔 軟護衣 精補 充包 淡雅 櫻 花香 175L 金興發,5
SNUGGLE 多效護衣 芳香 豆補 充包 300mlx2 藍風,195
samouraiwoman 柔軟劑 補 充包,70
皂福 冷壓 橘油 肥皂 精補 充包 610950,5
熊寶貝柔 軟護衣 精補 充包 175L 竹萃 淨味,125
NacNac 酵素 奶瓶 蔬果 洗潔 慕斯 1 瓶 1 補補 充包 2,190
橘子 工坊 溫 和 低敏碗 盤 洗滌液 補 充包 430ml 包,295
白鴿 防 衣物 柔軟 精 高雅 玫瑰 香補 充包 1800g,80
熊寶貝 玫瑰 甜心 香柔 軟護衣 精補 充包 184L,155
毛寶除 蹣 抗菌 冷洗 精補 充包 800gX3 入,10
SimpleLife 衣物 柔軟 精環 保補 充包 2L,640
熊寶貝柔 軟護衣 精補 充包 175L 竹萃 淨味,5
白鴿 防 34766 衣物 柔軟 精補 充包 幸福 花香 1800g,5
nacnac 奶瓶 蔬果 洗潔 精促 銷組 1 罐補 充包 1 包,25
熊寶貝 竹萃 淨味柔 軟護衣 精補 充包 175L 康是 美,30
韓國 cocodor 擴香瓶 補 充包 200ml 環保 又 方便,95
清爽型 鎖蓋補 充包,155
威猛 先生 可 沖 式 清新 潔 廁刷補 充包,350
代收 代付 毛寶衣領 精補 充包 600g 愛買,10
泡舒 洗潔 精補 充包 800g3 入 組綠茶 檸檬小蘇 打,30
Pigeon 貝親 奶瓶 蔬果 清潔液 補 充包 650ml,40
韓國 KMOM 有機 植萃 蔬果 奶瓶 清洗 慕斯補 充包,40
Cleverin 加護靈 Powersabre 筆型 補 充包,65
熊寶貝 竹萃 淨味柔 軟護衣 精補 175L 愛買,40
妙 管家 衣物 柔軟 精補 充包 2000ml 淡雅 清香,20
韓國 EASYDROP 不 沾手 拋棄式 馬 桶 刷 補 充包 48 入,25
茶樹超 濃縮 洗碗 精補 充包 檸檬 700g,245
白鴿 手洗 精補 充包 800g,1025
妙 管家 彩色 新型 漂白 水補 充包 玫瑰花 香 2000g6 入箱,75
熊寶貝柔 軟護衣 精補 充包 175L 淡雅 櫻 花香,65
泡舒 洗潔 精 檸檬補 充包,100
皂福 冷壓 橘油 肥皂 精補 充包 1500gx8 包 橘子 香味,120
熊寶貝 玫瑰 甜心 香柔 軟護衣 精補 充包 184L 康是 美,20
熊寶貝 玫瑰 甜心 香柔 軟護衣 精補 充包 1840ML,485
茶酚 洗潔 精補 充包 零 添加 800g,260
茶樹 莊園 茶樹超 濃縮 洗碗 精補 充包 700g 茶樹 檸檬,85
nacnac 酵素 奶瓶 蔬果 洗潔 精補 充包 600mL2 入組,15
台灣 nacnac 奶瓶 蔬果 洗潔 精補 充包 2 包入 安琪兒,20
白鴿 防 蹣 衣物 柔軟 精 迷人 小蒼蘭 香補 充包 1800gx3,50
代收 代付 激落君 檸檬酸 泡沫 噴霧 補 充包 360ml 愛買,5
熊寶貝柔 軟護衣 精補 充包 184L 舒恬 薰衣草,10
2941020 旗速 拭潔 酵素 除臭 劑補 充包 1000ml1,5
茶樹 莊園 茶樹超 濃縮 洗碗 精補 充包 616429,10
廚用 電潔 水補 充包 400ml,55
白鴿 柔軟 精補 充包 花香,50
熊寶貝柔 軟護衣 精補 充包 184L 沁藍 海洋 香,655
皂福 冷壓 橘油 肥皂 精補 充包 1500g 愛買網,5
橘子 工坊 去 油淨味 碗 盤 洗滌液 補 充包,80
皂福 無 香精 天然 酵素 肥皂 精補 充包 1500g8 包,5
Mitsuei 去 油污 洗碗 精補 充包 橘子 香 1000ml,10
御衣坊 冷壓 橘油 洗潔 精補 充包 1000ml 蝦 皮團購,60
魔術靈 地板 清潔補 充包 清新 海洋 1800ml 愛買,15
橘子 工坊 溫 和 低敏碗 盤 洗滌液 洗碗 精補 充包 430ml,160
白鴿 柔軟 香衣 精補 花香 1800ml,10
楓康 一滴 淨 食品 用 洗碗 精補 充包 檸檬 800g,5
Pril 淨麗小蘇 打 高效 洗碗 精補 充包 檸檬 1000ml,30
茶 寶 700ml 茶籽 蔬果 碗盤 洗潔液 補 充包,5
熊寶貝 竹萃 淨味柔 軟護衣 精補 充包,2285
samouraiwoman 柔軟劑 補 充包 白玫瑰,25
nacnac 奶瓶 蔬果 洗潔 精補 充包 600ml2 入,50
妙 管家 植萃 酵素 洗碗 精補 充包 1000gx12 包網,10
4710038852866 毛寶除 蹣 抗菌 冷洗 精補 充包 8,30
毛寶 衣物 柔軟 精補 充包 防霉 日光浴 1900gX6 包免 運,5
橘子 工坊 溫 和 除菌 碗 盤 洗滌液 補 充包 430ml,145
茶籽堂 碗 盤 洗潔液 補 充包,20
Pril 植純萃 洗碗 精補 充包 檸檬草 1000ml 愛買,10
nacnac 奶瓶 蔬果 洗潔 精補 充包 600ml2 包入 佳,5
A2Care 全效 消臭 噴霧 補 充包 300ml,5
熊寶貝柔 軟護衣 精補 充包 184L 玫瑰 甜心 香,15
橘子 工坊 深層 淨味 碗 盤 洗滌液 洗碗 精補 充包 12 包組 500ml,5
白鴿 香衣 精補 充包 玫瑰 6,30
熊寶貝柔 軟護衣 精補 充包 175L 淡雅 櫻 花香,15
Pril 淨麗植 純萃 洗碗 精補 充包 檸檬草 1Lx10 包,10
泡舒 洗潔 精 檸檬補 充包 800g,590
熊寶貝柔 軟護衣 精補 充包 184L 純淨溫 和,545
媽咪 小站 奶瓶 蔬果 洗潔 液奶 蔬清潔劑 補 充包 600ml,10
N011049178 茶樹 莊園 茶樹 檸檬超 濃縮 洗碗 精補 充包,5
CleverinPowersabre 加護靈 筆型 補 充包,60
南僑 水晶 肥皂 食器 洗碗 精補 充包 800mlx8 入,5
古寶無 患子 蔬果 碗盤 洗潔液 補 充包 800ml,5
毛寶柔 軟 精葳 香柔軟 精補 充包 1900g 花香 防霉 超取 限 2 包,45
毛寶 洗碗 精補 充包 植物性 配方 800g 包,60
白鴿 防 蹣 衣物 柔軟 精補 充包 高雅 玫瑰 香,235
博寶兒 奶瓶 蔬果 洗潔 精補 充包 500g,10
泡舒 洗潔 精綠茶 補 充包,110
waterclean 水清淨 全方位 抗菌 液補 充包 120,10
地板 魔術靈 除菌 EX 草本 香補 充包 1800ML,15
皂福 冷壓 橘油 肥皂 精補 充包 1500g,40
nacnac 天然 酵素 嬰兒 補 充包 1000ml,75
熊寶貝柔 軟護衣 精補 充包 184L 沁藍 海洋 香,35
一匙 靈 抗菌 EX 抑菌 柔衣 精補 充包 純淨白 花香 清新 棉花 香 480m,10
妙 管家 衣物 柔軟 精補 充包 玫瑰 沐香 2000ml6 入箱,45
白鴿 柔軟 香衣 精補 薰衣草 1800ml,5
白鴿 防 璊 衣物 柔軟 精補 充包 富士 櫻 清香 82016,5
茶樹 莊園 茶樹 檸檬超 濃縮 洗碗 精補 充包 700g,10
一滴 淨 蔬果 碗盤 洗潔 精補 充包 柑橘 精油 800g 家樂福,5
熊寶貝護衣 精補 充包 10 件 組,5
白鴿 手洗 精補 充包 800gx12 包,25
新奇 潔艷 漂白 水補 充包,70
白鴿 柔軟 香衣 精補 充包 幸福 花香 1800g 愛買,10
泡 舒綠茶 洗潔 精補 充包 800ml,380
古寶無 患子 蔬果 碗盤 洗潔液 補 充包 800g,55
妙 管家 彩色 新型 漂白 水補 充包 玫瑰花 香 2000ml,25
nacnac 奶瓶 蔬果 洗潔 慕斯補 充包 600ml 單包,10
茶樹 莊園 茶樹超 濃縮 洗碗 精補 充包 700g,235
皂福 無 香精 天然 酵素 肥皂 精補 充包,5
茶茶 小王子 神奇 萬用 去污 強效 環保補 充包 組小蘇 打 1Kg 檸,10
皂 福橘 油皂 精補,4390
毛寶 抗菌 冷洗 精補 充包 800gm,30
橘子 工坊 去 油淨味 碗 盤 洗滌液 洗碗 精補 充包 500mlx6 包,175
PiPPERSTANDARD 沛柏鳳 梨 酵素 洗碗 精補 充包 柑橘,35
泡舒 洗碗 精補 充包 800gx12 包綠茶 檸檬小蘇 打,5
加倍 潔洗滌 液種 油 汙 補 充包 800g,5
一匙 靈 抗菌 EX 抑菌 柔衣 精補 充包 純淨白 花香 480ML,105
SARAYAArauBaby 奶瓶 清潔皂液 補 充包 450,160
nacnac 奶瓶 蔬果 洗潔 精補 充包 600ml 單包,15
藍寶 洗碗 精補 充包 柑 橙 薄荷香,5
楓康 一滴 淨 食品 用 洗碗 精補 充包 檸檬 800g,35
4711769881965 茶籽堂 碗 盤 洗潔液 補 充包 1L,5
富山 香堂 禪之賞 152HR 微盤 香補 充包,5
泡舒 洗潔 精補 充包 800gx10 贈加氛 抗菌 洗手 乳 250g,10
PG 風倍 清除 菌 消臭 補 充包 高效 除菌 320ml 兩入 組,10
白鴿 防 衣物 柔軟 精 迷人 小蒼蘭 香補 充包 1800g,155
nacnac 酵素 奶瓶 蔬果 洗潔 精補 充包 600ml 補充 包,15
熊寶貝 限制 2 包 衣物 柔軟 精柔 軟護衣 精補 充包 海洋 陽光馨,80
水晶 肥皂 食器 洗補 充包,10
白蘭 全新 動力 配方 鮮柚 洗碗 精補 充包 800g,20
橘子 工坊 溫 和 除菌 碗 盤 洗滌液 洗碗 精補 充包 430mlx6 包,45
熊寶貝柔 軟護衣 精補 充包 10 件 組,960
茶樹 莊園 茶樹超 濃縮 洗碗 精補 充包 700g 茶樹海 鹽,60
羽恩小 舖 現貨 毛寶衣領 精補 充包 600g 噴槍,10
熊寶貝柔 軟護衣 精補 充包 x6 入組 多款 可選 舒恬 薰衣草,95
南僑 水晶 極淨 去 味 食器 洗滌 液體 1000mlX1 瓶補 充包,10
淨毒 五郎 酵素 手洗 精補 充瓶 1000ml,45
熊寶貝柔 軟護衣 精氣質 小 蒼蘭補 充包 175L 愛買,35
nacnac 酵素 奶瓶 蔬果 洗潔 慕斯補 充包 600mL6 包入,5
媽咪 小站 奶瓶 蔬果 洗潔液 補 充包 600ml 包 800 缶 公司,5
白鴿 柔軟 精補 充包 薰衣草 18L,5
毛寶柔 軟 精補 充包 1900g 花香 防霉,25
茶籽堂 貼身 衣物 手洗 精補 充包 2022 新品,20
mammyshop 媽咪 小站 奶瓶 蔬果 洗潔液 補 充包 600,30
百里香 鎖蓋補 充包,75
白蘭動力 配方 洗碗 精補 充包 檸檬,5
皂 福橘 油補 充包,250
毛寶 天然 環保冷 洗 精補 充包 2000g,5
白蘭動力 配方 洗碗 精補 充包 檸檬 800g 袋,600
N011483336 箱購 熊寶貝柔 軟護衣 精補 充包 18,5
熊寶貝柔 軟護衣 精補 充包 184L 舒恬 薰衣草,55
現貨 NacNac 奶蔬 洗潔 精補 充包,5
皂福 無 香精 天然 酵素 肥皂 精補 充包 1500gx8 包箱 愛買,120
花仙子 去 味大師 消臭 晶球 補 充包 舒爽 薰衣草 潔淨亞麻,45
妙 管家 衣物 柔軟 精補 充包 2000cc 淡雅 清香 果漾 清香 玫,25
毛寶柔 軟 精補 充包 防霉 日光浴 1900ml 家樂福,5
熊寶貝柔 軟護衣 精補 充包 原廠 正品 184L 沁藍 海洋 香,5
Combi 植物性 奶瓶 蔬果 洗潔液 補 充包 800ml,45
熊寶貝柔 軟護衣 精補 充包 184L 玫瑰 甜心 香 6 入,35
毛寶 衣物 柔軟 精補 充包 1900gX6 入箱 溫暖 花香 防,55
NacNac 酵素 奶瓶 蔬果 洗潔 精補 充包 2 入 組奶 清劑 奶瓶,20
MK 椰果 洗碗 精補 充包 500ml,75
熊寶貝柔 軟護衣 精補 充包 淡雅 櫻花 175L 愛買,25
nacnac 酵素 入浴劑 補 充包 600g,30
泡舒 洗潔 精補 綠茶 800g,10
白鴿 防 蹣 衣物 柔軟 精補 充包 1800gX6 包此 賣場 是 柔,65
台灣 現貨 nacnac 奶瓶 蔬果 植物 洗潔 精慕斯補 充包,45
橘子 工坊 碗 盤 洗滌液 洗碗 精補 充包 深層 淨味,15
箱件 優惠 SunMuch 熊潔淨 驅蟲 地板 保養 液補 充包 120,5
easydrop 拋棄 刷頭 補 充包 白麝香,5
MITSUEI 檸檬香 去 油污 洗碗 精補 充包 1L,10
毛寶葳 香 衣物 柔軟 精補 充包 1900gX6 入,5
一滴 淨蘆 薈多酚 食品 用 洗潔 精補 充包 800g 柑橘 精油 檸,140
一滴 淨 蔬果 碗盤 洗潔 精補 充包 檸檬 精油 800g 家樂福,5
皂福 冷壓 橘油 肥皂 精補 充包 1500gX8 包箱 網,5
代收 代付 熊寶貝柔 軟護衣 精補 充包 玫瑰 甜心 香 184,5
妙 管家 彩色 新型 漂白 水補 充包 2000ml,5
橘子 工坊 去 油淨味 碗 盤 洗滌液 補 充包 500mlx12 包,10
0511006 新速 拭潔 酵素 除臭 劑補 充包 1000mlx1,5
白鴿 防瞞 衣物 柔軟 精補 充包 薰衣草 清香 1800g6 入箱,5
代收 代付 貝親 奶瓶 蔬果 清潔液 補 充包 650ml,5
nacnac 酵素 奶瓶 蔬果 洗潔 慕斯補 充包 600ml8 入,5
一匙 靈制菌 精補,16235
快速 出貨泡 舒洗潔 精補 充包 800g 瓶裝 1000,25
nacnac 酵素 奶瓶 蔬果 洗潔 精補 充包 特惠 組,5
冷壓 橘油 洗潔 精補 充包,120
熊寶貝柔 軟護衣 精補 充包 原廠 正品 184L 陽光 馨香,20
妙 管家 衣物 柔軟 精補 充包 淡雅 清香 2000ml 家樂福,5
寶寶樂 Bobolove 奶瓶 清潔劑 奶瓶 蔬果 洗潔 精補 充包,10
nacnac 酵素 奶瓶 蔬果 洗潔 精補 充包 600mL6 包入,5
新版 包裝 貝親 Pigeon 奶瓶 蔬果 清潔液 補 充包,15
熊寶貝柔 軟護衣 精補 充包 184L 陽光 馨香 6 入,25
妙 管家 衣物 柔軟 精補 充包 玫瑰 沐香 2000ml 家樂福,15
風倍 清除 菌 消臭 補 充包 高效 除菌 320ml 愛買,20
代收 代付 皂福 冷壓 橘油 肥皂 精補 充包 15kg 愛買,15
橘子 工坊 溫 和 除菌溫 和 低敏碗 盤 洗滌液 補 充包 430ml,165
熊寶貝柔 軟護衣 精補 充包 175L 竹萃 淨味 6 入,55
4710731021835 茶樹 莊園 超濃縮 洗碗 精補 充包 7,25
妙 管家 淡雅 柔軟 精補 2000cc1611270,5
箱購 nacnac 酵素 奶瓶 蔬果 洗潔 精補 充包 600mL,15
白鴿 防 蟎 衣物 柔軟 精 迷人 小蒼蘭 香補 充包 1800gX6 包,20
樂沐手 作 現貨 酵素 粉 5kg 補充 包 酵素 粉補充 包補 充包,10
皂福 肥皂 精補 充包,90
原 家居 膠 棉頭 補 充包 3 入 超值 組,5
滿額 免運 熊寶貝柔 軟護衣 精補 充包 184L 陽光 馨香 玫,35
獅王 CharmyMagica 濃縮 洗潔 精補 充瓶 柑 橙,5
橘子 工坊 深層 淨味 去 油淨味 碗 盤 洗滌液 補 充包 500ml 包,20
熊寶貝柔 軟護 衣精 1 瓶補 充包 X6 包贈 派樣 包 x5 包 款式,50
PiPPERSTANDARD 沛柏鳳 梨 酵素 柔軟 精補 充包 75,5
任熊 寶貝柔 軟護衣 精補 充包 1840ml 純淨溫 和,115
妙 管家 彩色 漂白 水補 充包 麝香 香味 2000g 漂白 增 豔 護,5
Pigeon 貝親 奶瓶 蔬果 清潔液 補 充包,5
大拇指 增艷 漂白 水補 充包 2000ml2000ml,990
開立 電子 發票 康乃馨 純水 濕巾 超厚補 充包 80 片康 乃,5
新品 nacnac 酵素 奶瓶 蔬果 洗潔 慕斯補 充包 600mL,5
有機 植萃 蔬果 奶瓶 清洗 慕斯補 充包 500ml,15
毛寶 天然 環保冷 洗 精冷洗 精補 充包 一般 款 家庭 號,15
貝親 PIGEON 奶瓶 蔬果 清潔液 補 充包 450ml,5
Kracie 葵緹亞 向日葵 潤絲 精補 充包 360g 順柔 修護,5
橘子 工坊 去 油淨味 碗 盤 洗滌液 補 充包 500ml,115
Combi 黃 金 酵素 奶瓶 蔬果 洗潔液 補 充包 800ml,30
白鴿 防 蹣 衣物 柔軟 精小蒼蘭 香補 充包 6 入組 1800gx,5
促銷 現貨 nacnac 酵素 奶瓶 蔬果 清潔 慕斯補 充包 6,100
妙 管家 彩漂 新型 漂白 水補 充包 2000gx6 入箱 箱購,125
一滴 淨蘆 薈多酚 食品 用 洗潔 精補 充包 柑橘 精油 800g,60
茶寶淨覺 茶茶 籽碗 盤 蔬果 洗潔液 補 充包 8 入,15
皂福 冷壓 橘油 肥皂 精補 充包 1500gX8 包箱,30
新奇 潔 豔 新型 漂白 水 淡雅 花朵 香沁雅 薔薇 香補 充包 防疫 用,5
全新 白蘭動力 配方 洗碗 精補 充包 檸檬 800g 兩入 組愛買,30
茶樹 莊園 茶樹 檸檬超 濃縮 洗碗 精補 充包,15
白鴿 柔軟 香衣 精補 充包 富士 櫻 清香 1800gx6 箱愛買,5
橘子 工坊 家用 清潔類 高效 速淨 碗 盤 洗滌液 洗碗 精補 充包 430m,100
橘子 工坊 去 油淨味 碗 盤 洗滌液 補 充包 500ml,5
泡舒 洗潔 精綠茶 補 充包 800g753346,10
Mitsuei 中性 去 油污 洗碗 精補 充包 橘子 香 1000m,15
熊寶貝多 效護衣 芳香 豆補 充包 300ML 法國 玫瑰 X 茉莉,115
4713089006028 皂福 無 香精 洗潔 精補 充包 800,10
SNUGGLE 多效護衣 芳香 豆補 充包 300ml 藍風鈴,80
毛寶 衣物 柔軟 精補 充包 1900g 防霉 日光浴 x6 入,45
麗嬰 兒童 玩具 館 NacNac 奶瓶 蔬果 植物 洗潔 精補 充包 6,5
nacnac 奶瓶 蔬果 洗潔 精補 充包 600ml4 包入 奶,40
白鴿 防 蹣 衣物 柔軟 精 迷人 小蒼蘭 香補 充包 1800gX6 包,10
皂福 無 香精 洗潔 精補 充包 800g12 包純 植物油,5
皂福 無 香精 天然 酵素 肥皂 精補 充包 1500gx8 包網,5
白蘭 新動力 配方 洗碗 精補 充包 清新 檸檬 800g,505
Lenor 芳香 抗菌 豆補 充包 清爽 海洋 香 430ml,10
妙 管家 衣物 柔軟 精補 充包 2000mlx6 包 玫瑰 沐香網,5
貝親 奶瓶 蔬果 清潔液 補 充包 650ml,5
妙 管家 衣物 柔軟 精補 充包 2000ml 玫瑰 沐香,10
N011483330 箱購 熊寶貝柔 軟護衣 精補 充包 18,5
淨麗植 純萃 補 充包,640
白鴿 柔軟 香衣 精補 充包 薰衣草 香 1800ml,70
熊寶貝沁 藍 海洋 香柔 軟護衣 精補 充包 184L6 入,180
NacNac 奶瓶 蔬果 洗潔 精補 充包 600ML2 入,15
Combi 黃 金雙酵 奶瓶 蔬果 洗潔液 補 充包 800ml,10
免運 發票 橘子 工坊 洗碗 精補 充包 430ml 高效 速淨溫,20
妙 管家 衣物 柔軟 精補 充包 2000ml 果漾 清香,10
水晶 洗碗 精補 充包 800ML,5
楓康 一滴 淨 食品 用 洗碗 精補 充包 800g 檸檬植萃,15
茶籽堂 貼身 衣物 手洗 精補 充包 1L,30
熊寶貝柔 軟護 衣精 淡雅 櫻花補 充包 175L 超取 限購 2 包,5
nacnac 蔬果 奶瓶 洗潔 精補 充包 2 入 特惠 組,10
加倍 潔碗 盤 洗滌液 體小蘇 打 800gx12 包補 充包,10
分批 取皂福 冷壓 橘油 肥皂 精補 充包 1500g,200
毛寶 衣物 柔軟 精補 充包 1900g 防霉 日光浴,15
箱購 nacnac 奶瓶 蔬果 酵素 洗潔 慕斯補 充包 600m,10
南僑 水晶 馨香 液體 皂 補 充包 24kg3 檸檬 香茅 櫻花 薰,10
麗嬰 兒童 玩具 館 NacNac 奶瓶 蔬果 植物 洗潔 精補 充包 6,15
百特兔 寶 地板 專用 黏 把 補 充包 16cmx38cm6 入組,5
毛寶衣領 精補 充包 600ml,10
Pigeon 貝親 奶瓶 蔬果 清潔液 補 充包 450ml12,5
南僑 水晶 食器 洗滌液 體補 充包 800mlX8 入箱購,10
熊寶貝柔 軟護衣 精補 充包 175L184L 九款 可,55
皂福 無 香精 天然 酵素 肥皂 精補 充包 1500g8 包箱 愛買,20
PiPPERSTANDARD 沛柏鳳 梨 酵素 洗碗 精補 充包 柑橘 7,5
皂福 無 香精 洗潔 精補 充包 800gx12 包箱 購純 植物油,5
新熊 寶貝沁 藍 海洋 柔軟 精補 充包,5
加倍 潔碗 盤 洗滌 重油 汙 補 充包 800g 大潤發,5
熊寶貝柔 軟護衣 精補 充包 原廠 正品 175L 茶樹 抗菌,35
新 包裝 nacnac 酵素 奶瓶 蔬果 洗潔 慕斯補 充包 600ml,10
N011697601 箱購 熊寶貝柔 軟護衣 精補 充包 17,5
茶樹 莊園 茶樹超 濃縮 洗碗 精補 充包,5
熊寶貝柔 軟護衣 精補 充包 原廠 正品 175L 竹萃 淨味,15
PAOS 泡 舒小蘇 打 洗潔 精補 充包 800g,30
藍寶 洗碗 精補 充包,5
白鴿 衣物 柔軟 精補 薰衣草,15
妙 管家 衣物 柔軟 精補 充包 淡雅 清香 2000ml,5
熊寶貝柔 軟護衣 精補 充包 175Lx6 入箱 淡雅 櫻 花香,5
無患子 高劑 量潔衣 精補 充包 1600ml 愛買,5
諾雅百貨泡 舒洗潔 精補 充包 800g 檸檬綠 茶 泡 舒 洗碗,10
橘子 工坊 溫 和 除菌 碗 盤 洗滌液 洗碗 精補 充包 限定 增量 包 43,10
水晶 肥皂液 體 抗菌 輕柔型 補 充包 1500gx6 包箱 愛買,5
日本 KIRASARA 嬰兒 植萃 抗菌 柔軟 精補 充包 1400ml,5
熊寶貝柔 軟護衣 精補 充包 6 入 組箱 購現 貨蝦 皮直 送,50
寶貝婦 嬰 nacnac 新 包裝 酵素 奶蔬 洗潔 精補 充包,20
白帥帥 鮮彩補 充包,5
N011782137 箱購 熊寶貝柔 軟護衣 精補 充包 17,5
公司 貨 康乃馨 純水 濕巾 超厚補 充包 80 片 x12 包箱,5
加倍 潔小蘇 打粉 萬用 去污粉 罐裝 400gx4 瓶補 充包 1,5
妙 管家 植萃 酵素 洗潔 精補 充包 檸檬 清新 1000g 家樂福,10
araubaby 愛樂寶無 添加 泡泡 奶瓶 奶嘴 清潔液 補 充包,5
nacnac 奶瓶 蔬果 洗潔 精促 銷組 1 罐 1 入補 充包 2 入,5
麗嬰房 lesenphants 奶瓶 蔬果 酵素 洗潔液 補 充包,40
熊寶貝柔 軟護衣 精補 充包 原廠 正品 184L 玫瑰 甜心,10
加倍 潔碗 盤 洗滌液 重 油污 去 異味瓶 裝補 充包 多款 供選 小,15
N011483475 箱購 白蘭動力 配方 洗碗 精補 充包 80,5
熊寶貝陽光 馨香 柔軟護衣 精補 充包 334140,5
獅王 CharmyMagica 濃縮 洗潔 精補 充瓶 柑 橙 檸檬,15
nacnac 奶瓶 蔬果 洗潔 精補 充包 600mlx12 包,10
媽咪 小站 mammyshop 奶瓶 蔬果 洗潔液 補 充包 600ml8,5
大拇指 增艷 漂白 水補 充包 2000ml 大潤發,5
無患子 高劑 量潔衣 精補 充包 1600mlx10 包箱 愛買,5
橘子 工坊 去 油淨味 碗 盤 洗滌液 洗碗 精補 充包 限定 增量 包 50,35
熊寶貝柔 軟護衣 精補 充包 175L 淡雅 櫻 花香 6 入,35
NacNac 奶瓶 蔬果 洗潔 精 酵素 洗潔 慕斯補 充包 奶瓶 清潔,45
黃 色 小 鴨 酵素 入浴劑 補 充包,15
毛寶冷 洗 精補 充包 天然 環保 配方 2000g 包,25
橘子 工坊 家用 清潔類 溫 和 除菌 碗 盤 洗滌液 補 充包 12 包組 60,5
泡舒 洗潔 精補 充包,10
新熊 寶貝沁 藍 海洋 香柔 軟護衣 精補 充包 184L,5
nacnac 奶瓶 蔬果 酵素 洗潔 慕斯補 充包 600ml2,5
泡舒 洗潔 綠茶 去 油除 腥補 充包,10
橘子 工坊 家用 類溫 和 除菌 碗 盤 洗滌液 洗碗 精補 充包 限定 增量 包,80
N011782131 箱購 熊寶貝柔 軟護衣 精補 充包 18,5
nacnac 酵素 奶瓶 蔬果 洗潔 慕斯補 充包 600ml10 包,10
nacnac 奶瓶 蔬果 洗潔 精罐 裝補 充包 奶瓶 洗,15
nacnac 酵素 奶瓶 蔬果 洗潔 慕斯補 充包 600ml3 包入,15
妙 管家 衣物 柔軟 精補 充包 淡雅 清香 2000ml,5
台塑 生醫植簡 蔬果 食器 洗淨液 超值 組 1 瓶補 充包 x6 包,5
台酒 TTL 易 洗樂 洗潔 精補 充包 600ml 單包,5
熊寶貝護衣 精補 玫瑰,5
妙潔 輕巧 拖 去污 超纖布 補 充包 3 入組,5
新奇 潔 豔 漂白 水薔薇 香補 充包 1600ml,10
克潮 靈除 濕桶 補 充包 玫瑰 香 660mlX3 入愛買,45
白鴿 防 衣物 柔軟 精 高雅 玫瑰 香補 充包 1800g,10
橘子 工坊 碗 盤 洗滌液 洗碗 精補 充包 12 包去 油淨味溫 和 除菌,5
皂福 冷壓 橘油 肥皂 精補 充包 1500g 愛買,5
妙 管家 衣物 柔軟 精補 充包 2000ml 玫瑰 沐香,5
台酒 TTL 易 洗樂 洗潔 精瓶 裝補 充包 兩款 任選,5
Pril 小蘇 打 高效 洗碗 精補 充包 草本 1000g 愛買,5
亮童 寶貝 nacnac 奶瓶 蔬果 洗潔 精補 充包 600ml,5
熊寶貝柔 軟護衣 精補 充包 原廠 正品 184L 舒恬 薰衣草,10
加倍 潔碗 盤 洗滌 重油 汙 補 充包 800g,5
妙 管家 彩色 漂白 水補 充包 麝香 香味 2000g 包,275
台塑 生醫 抗菌 洗手 乳補 充包 400g,5
澡 享補 充包 麝香,5
nacnac 酵素 奶瓶 蔬果 洗潔 慕斯補 充包 600mlx2 包,5
妙 管家 彩色 漂白 水補 充包 2000gx6 包 麝香 香味 網,25
白鴿 防 蹣 衣物 柔軟 精補 充包 高雅,5
OP 茶酚 洗潔 精補 充包 800ml,10
現貨快 出 MIYOSHI 無 添加 泡沫 洗手 乳補 充包,10
橘子 工坊 家用 類去 油淨味 碗 盤 洗滌液 洗碗 精補 充包 限定 增量 包,80
茶樹 莊園 茶樹海 鹽超 濃縮 洗碗 精補 充包 700g,45
古寶無 患子 無 香精 無患子 高劑 量潔衣 精補 充包 1600ml,5
淨麗 Pril 小蘇 打 高效 植純萃 洗碗 精補 充包 1L 共四,5
SNUGGLE 熊寶貝多 效護衣 芳香 豆補 充包 300ML 藍,10
妙 管家 衣物 柔軟 精補 充包 玫瑰 沐香 2000mlx6 包箱 愛,10
nacnac 酵素 奶瓶 蔬果 洗潔 精箱購 2 罐 8 包補 充包,5
妙潔易淨 拋馬桶 刷 替 換頭 強效型 補 充包 7 片包,70
妙 管家 植萃 酵素 洗碗 精補 充包 1000g12 入箱,10
媽咪 小站 奶瓶 蔬果 洗潔液 補 充包 600mlx1 入保證 新 效期,10
Pril 碗 精補 檸檬,425
白鴿 防 蹣 衣物 柔軟 精補 充包 高雅 玫瑰 1800gx6 入箱 愛,5
nacnac 奶瓶 蔬果 植物 洗潔 精補 充包 600ml4 包入,5
泡 舒綠茶 洗潔 精補 充包 800g 愛買,190
易 洗樂 洗潔 精補,25
代收 代付 克潮 靈除 濕桶 補 充包 3 包檜 木香 玫瑰 香,45
大拇指 衣物 柔軟 精補 充包 淡雅 清香 2000g 包,10
毛寶除 螨 抗菌 冷洗 精補 充包 800g 家樂福,5
箱購 nacnac 奶瓶 蔬果 酵素 洗潔 精洗潔 慕斯補 充包,10
nacnac 活氧全 效潔 衣素 補 充包 700g 多重 酵素 配方,5
台塑 生醫植簡 蔬果 食器 洗淨液 300gX1 瓶補 充包,5
PGJOY 除臭 抗菌 濃縮 洗碗 精 960ml 袋裝補 充包,10
克潮 靈除 濕桶 補 充包 3 入 X12 組去 霉味 網,5
OP 天然 茶酚 洗潔 精補,15
毛寶 洗碗 精補 充包,485
澎澎 MAN 香浴 乳元 氣炭 補 充包 700g,70
洗手 紙滑蓋 肥皂 紙 香皂 紙 10 入補 充包 防疫 小物 隨身,10
0830817 秝 限 1 速拭 潔 酵素 除臭 劑補 充包 100,5
EMO 竹炭 除濕桶 補 充包 600ml3 入 重覆 型,110
白蘭 茶樹 除菌 補 充包,270
NacNac 奶瓶 蔬果 洗潔 精補 充包 600mlX6F00,5
MIYOSHI 無 添加 泡沫 洗手 乳補 充包 3000ml,5
去 味大師 竹木 香補 充包 90ml 茉莉 白茶 麝香 綠茶 玫瑰,80
箱購 新奇 潔艷 漂白 水補 充包 淡雅 花朵 香 16Lx6 包,20
活力 淨 強酵 洗碗 精補 充包 780ml 綠宣,25
台塑 生醫 抗菌 洗手 乳補 充包 抗菌 淨味潔 手乳,15
毛寶 抗菌 防蹣冷 洗 精補 充包 2000g,5
古寶無 患子 古寶無 香精 高劑 量潔衣 精補 充包 1600ml,5
妙 管家 彩色 漂白 水補 充包 玫瑰花 香 2000g 愛買,50
3M 百利 細 緻 水瓶 刷 2 入補 充包,5
代收 代付 南僑 水晶 肥液 體皂補 充包 1400gX6 入 百里香,5
一匙 靈制菌 補 充包 19kg,5
熊寶貝沁 藍 海洋 香柔 軟護衣 精補 充包,5
克潮靈 香水 環保除 濕桶 小 蒼蘭 英國梨補 充包 3 包入 小,20
妙 管家 除濕桶 補 充包 浪漫 玫瑰 600mlX36 包,10
NacNac 奶瓶 蔬果 洗潔 精補 充包 600ml2 包,5
毛寶白 小蘇 打香芬 防蹣液 體皂補 充包,5
代收 代付 泡 舒綠茶 洗潔 精補 充包 800g 愛買,10
0830819 秝 限 1 速拭 潔 酵素 除臭 劑補 充包 100,5
14000531672 茶寶淨覺 茶茶 籽碗 盤 蔬果 洗潔液 補 充包,5
含運 附電子 發票 橘子 工坊 溫 和 低敏碗 盤 洗滌液 補 充包 430m,5
克潮 靈除 濕桶 補 充包 3 入組 玫瑰 香檜 木香 去 霉味 現貨,190
橘子 工坊 高效 速淨 碗 盤 洗滌液 補 充包 430ml,35
克潮 靈環 保除 濕桶 補 充包 玫瑰 香檜 木香 去 霉味,45
nacnac 草本 入浴劑 600g 送補 充包 700g,5
藍寶 洗碗 精補 充包 800g800g,100
克潮 靈環 保除 濕桶 補 充包 36 入 玫瑰 香檜 木香 去 霉味 3,100
妙潔 地板 專用 黏塵補 充包 境外 版內 容物 與 原 包裝 相同,5
雀巢 醇品 補 充包,450
PAOS 泡舒 洗潔 精綠茶 去 油除 腥補 充包 800g,160
花仙子 去 味大師 空間 潔淨晶球 補 充包 350ml,250
藍寶 洗碗 精補 充包 800g,120
EC 克潮 靈補 充包,375
Method 美則 泡沫 洗手 露 系列 300ml 瓶裝補 充包,10
熊野 油脂 泡沫 洗手 乳補 充包 200ml,20
一匙 靈亮 彩 精補,1075
茶樹 莊園 茶樹海 鹽超 濃縮 洗碗 精補 充包 700g,5
妙 管家 防黴除 濕桶 補 充包 600ml 桶裝 2 入補充,5
SARAYA 泡沫 洗手 乳補 充包 Pingu 企鵝 家族,5
蝦 皮代開 發票 橘子 工坊 洗碗 精補 充包 430ml 高效 速淨溫,5
Farcent 香水 克潮 靈小蒼蘭 英國梨除 濕桶 補 充包 3 入,10
一匙 靈 抗菌 EX 洗 精補 15,35
去 味大師 晶球 補 充包 舒爽 薰衣草 350ml 愛買,10
泡舒 檸檬 洗潔 精補 充包 800ml,130
克潮 靈除 濕桶 補 充包 玫瑰 香 660mlx3 入組,10
代收 代付 花仙子 克潮 靈環 保補 充包 600mlX3 屈臣,5
一匙 靈制菌 超濃縮 洗衣粉 補充 包補 充包 17kg,110
白鴿 防 蹣 衣物 柔軟 精補 充包 高雅 玫瑰 香 1800g,5
克潮 靈環 保除 濕桶 補 充包 玫瑰 香檜 木香 去 霉味 無香 共,75
茶樹 莊園 茶樹超 濃縮 洗碗 精補 充包 700g,25
白鴿 衣物 柔軟 精 迷人 小蒼蘭補 充包,5
LION 獅王趣 淨 抗菌 洗手 慕斯補 充包 清爽 柑橘 清新 果香,80
克潮 靈環 保除 濕桶 補 充包 36 入無香 36 入箱 箱購,55
古寶無 患子 蔬果 碗盤 洗潔液 綠茶 補 充包 去腥 配方 700g,10
UL 韓國 原裝 櫻花 吸油紙 50 入補 充包,25
OP 洗潔 精補 充包,85
OP 茶酚 洗潔 精 金柚 小蘇 打補 充包 800g,55
0630810 秝 速 拭 潔 酵素 除臭 劑補 充包 1000ml1,5
代收 代付 一滴 淨蘆 薈多酚 洗潔 精補 充包 檸檬 800g 愛,5
妙 管家 防霉 除濕桶 浪漫 玫瑰 600ml4 入補 充包 600,20
Mayeri 瑪 耶里 低敏速淨 濃縮 洗碗 精補 充包 900ml,5
新淨米 發酵 精萃 洗碗 精補 充包 檸檬香氛 700g,20
3M 百利 長 效型 馬 桶 刷 組 1 柄 4 刷頭 補 充包 5 入 x3 包,20
橘子 工坊 去 油淨味 碗 盤 洗滌液 洗碗 精補 充包 限定 增量 包 500,10
橘子 工坊 家用 清潔類 溫 和 除菌 碗 盤 洗滌液 加量 補 充包 6 包,10
橘子 工坊 深層 淨味 碗 盤 洗滌液 補 充包 500ml 愛買,5
越南 Downy 柔軟 精補 充包 大包 NcXDo,20
泡舒 檸檬 洗潔 精補 充包 800g 愛買,80
克潮 靈除 濕桶 補 充包 72 入 玫瑰 香檜 木香 去 霉味 3 入,5
Curel 泡泡 洗顏 慕斯補 充包 130ml,5
Green 綠 的 植系 濃縮 洗潔 精補 充包 高效 去 油 深層 去 味,35
組茶 樹莊園 茶樹海 鹽超 濃縮 洗碗 精補 充包 2 入,5
CoolMaker 獨特膠 囊 指甲 彩繪 機贈 專用 補 充包 美甲,5
妙 管家 除濕桶 補 充包 600mlX3 入 浪漫 玫瑰,20
MK 防霉 防護 噴霧 補 充包 400g,45
白鴿 防 蹣 衣物 柔軟 精補 充包 1800gx6 包 薰衣草 清香 網,10
妙潔易淨 拋馬桶 刷 替 換頭 強效型 補 充包,10
mammyshop 媽咪 小站 奶瓶 蔬果 洗潔液 補 充包 x18,15
1190815 秝 限 1 速拭 潔 酵素 除臭 劑補 充包 100,5
N001303249 橘子 工坊 家用 類去 油淨味 碗 盤 洗滌液 補 充包,10
Pril 淨麗小蘇 打 高效 洗碗 精補 充包 檸檬 1000ml,5
0790823 秝 台 灣 製 造 YCB 黃 檸檬 高效 洗碗 精補 充包,5
風倍 清織物 除菌 消臭 噴霧 補 充包 320ml 無香 酒精,40
妙 管家 除濕補 充包,100
nacnac 酵素 奶瓶 蔬果 洗潔 慕斯補 充包 600ml,10
妙 管家 薰衣草 集 水袋 除濕盒 400ml4 盒補 充包 400m,5
熊寶貝 衣物 柔軟 精補 充包 184L 舒恬 薰衣草 香,5
克潮 靈除 濕補 充包 3 入 玫瑰,5
白蘭 洗碗 精補 充包 800gx12 入團購,5
Pril 淨麗植 純萃 洗碗 精補 充包 檸檬草 1L,5
白鴿 補 充包 2000g4 種 味道,10
黑白 犬 粗軸 棉花 棒 600 支補 充包 棉花 棒 台 灣 製 造,5
茶籽堂 碗 盤 洗潔液 補 充包 1000ml,5
最多 4 袋 花仙子 克潮 靈除 濕桶 補 充包 3 入袋 玫瑰 香檜 木香,10
白鴿 柔軟 精補 充包 1800g 高雅 玫瑰 富士 櫻 清香 幸福 花香,10
泡 舒小蘇 打 洗潔 精 2800g 小蘇 打 洗潔 精補 充包 8,5
妙 管家 除濕劑 補 充包 浪漫 玫瑰 600mlX3 入愛買,5
克潮 靈除 濕桶 補 充包 350g3 入 玫瑰 去 霉味 檜 木香 英,520
大拇指 水晶 珠珠 芳香 劑補 充包 玫瑰 250g,10
克潮 靈補 充包 3 入檜 木香,5
Pril 淨麗小蘇 打 高效 洗碗 精補 充包 檸檬,5
白鴿 防 蹣 衣物 柔軟 精 高雅 玫瑰 香補 充包 1800g,5
楓康 一滴 淨蘆 薈多酚 洗碗 精補 充包 柑橘 植萃 檸檬植萃 800g,10
妙 管家 衣物 柔軟 精補 充包 玫瑰 沐香 2000ml2 入,5
妙 管家 衣物 柔軟 精補 充包 玫瑰 沐香 2000ml,5
御衣坊 冷壓 橘油 洗潔 精補 充包 1000ml,315
0360817 帥限 1 速拭 潔 酵素 除臭 劑補 充包 100,10
4710731021897 茶樹 莊園 超濃縮 洗碗 精補 充包 7,10
3M 替換式 馬 桶 刷 補 充包 5 入香檸,30
橘子 工坊 家用 類去 油淨味 碗 盤 洗滌液 洗碗 精補 充包 500mlx,5
橘子 工坊 深層 淨味 碗 盤 洗滌液 補 充包 500ml,185
DHC 溫 和 泡泡 潔手 乳補 充包 450ml 包,5
依必朗 洗潔 精補 充包 800g 柑橘 油 萃取,10
摩 卡特 賞補 充包,265
克潮靈 香水 除濕桶 補 充包 3 入 X12 組小蒼蘭 英國梨網,5
PiPPER 沛柏鳳 梨 酵素 洗碗 精補 充包 750ml,5
魔術靈 地板 除菌 EX 清新 花香 草本 香補 充包 1800ml,20
KOSESOFTYMO 泡沫 瞬淨 卸 粧 液補 充包 180ml,5
熊寶貝柔 軟護衣 精補 充包 18 入組 多款 可選 玫瑰 甜心,5
妙潔易淨 拋馬桶 刷 替 換頭 多 效型 補 充包 7 片包,55
蕾 泰勒 WAJASS 威傑士 職業 用 洗 髮 精補 充包,15
克潮 靈除 濕桶 補 充包 3 入 玫瑰 檜木去 霉味 佳瑪,35
OP 保鮮膜 補 充包,110
台灣 現貨 NacNac 奶瓶 蔬果 植物 洗潔 精慕斯補 充包,10
花王 植萃 弱酸 洗 髮 精兒童 專用 補 充包 220ml,155
克潮 靈除 濕桶 補 充包 3 入 X12 組 玫瑰 香網,15
dapple 奶瓶 及 餐具 清潔液 補 充包 1L 薰衣草,5
獅王 CharmyMagica 濃縮 洗潔 精補 充瓶莓果,5
橘子 工坊 深層 淨味 碗 盤 洗滌液 洗碗 精補 充包 500ml,20
克潮 靈除 濕桶 補 充包 36 入 玫瑰 香檜 木香 去 霉味 週 3,5
Jean 擴香枝 補 充包,5
御衣坊 冷壓 橘油 洗潔 精補 充包 1000ML 萊爾富 店取,50
熊寶貝柔 軟護衣 精補 充包 純淨溫 和 184L 家樂福,10
FP 除濕桶 補 充包 320gm600ml3 入大潤發,5
LION 獅王 臭臭 除 999 異味 消臭 噴劑 愛犬用 補 充包,5
妙 管家 除濕桶 補 充包 浪漫 玫瑰 600ml3,100
熊寶貝柔 軟護衣 精補 充包 184L 舒恬 薰衣草,5
花王 植萃 弱酸 洗 髮 精兒童 專用 補 充包 3 入 組補 充包 220,20
清淨海 環保 洗手 慕斯補 充包 檸檬飄香 450g,5
泡舒 洗潔 精補 充包 800g 金興發,5
泡舒 洗潔 精補 充包 800g 洗潔 精廚 房清潔 用品 碗盤 清潔,5
泡舒 抗菌 洗潔 精補 800,5
一匙 靈 抗菌 EX 植萃 低敏補 充包 15KG15KG,10
新熊 寶貝沁 藍 海洋 香柔 軟護衣 精補 充包 6X184L 箱購,5
南僑 水晶 肥皂 百里香 防蟎液 體皂補 充包 14kg6 箱,5
南僑 水晶 肥皂 食器 洗滌液 體皂瓶裝 1000ml 袋裝補 充包,5
獅王 CM 檸檬 濃縮 洗潔 精補 充瓶 570ml,10
4710552077509 一滴 淨蘆 薈多酚 洗碗 精補 充包 柑橘,5
代收 代付 妙 管家 除濕劑 補 充包 浪漫 玫瑰 600ml3 入,15
mammyshop 媽咪 小站 奶瓶 蔬果 洗潔液 補 充包 60,5
含運蝦 皮代開 發票 NacNac 奶瓶 蔬果 洗潔 精補 充包,5
花仙子 去 味大師 空間 舒爽 創意 晶球 補 充包 350,235
克潮 靈環 保除 濕桶 補 充包 玫瑰 香檜 木箱 去 霉味 36 入箱,5
Pril 淨麗小蘇 打 高效 洗碗 精補 充包 1000ml 檸檬,5
獅王 CharmyMagica 速乾 洗潔 精補 充瓶 白玫瑰 57,5
克潮 靈除 濕桶 補 充包 薰衣草 玫瑰 350g3 入,80
台塑 生醫植簡 蔬果 食器 洗淨液 300g 單入 組補 充包 單入 組,5
滿額 免運泡 舒 PAOS 洗潔 精補 充包 800g 綠茶 檸檬,5
妙 管家 超雙氧彩 漂補 充包 玫瑰 香 2000g,5
代收 代付 毛寶 抗菌 洗碗 精補 充包 800g 愛買,5
泡舒 天然 洗潔 精補 充包 800g,105
台塑 生醫 DrsFormula 抗菌 洗手 乳補 充包 40,10
白鴿 手洗 精補 充包 800gx12 包箱 購團 購耐斯,5
泡舒 抗菌 洗潔 精補 充包 800g 金興發,5
DONKI 白麝香 柔軟 精補 充袋 2000mlDonki 日,5
獅王 CharmyMagica 濃縮 洗潔 精補 充瓶 檸檬 570,5
萊 D 檸檬泡 舒洗潔 精補 充包,5
KUKU 酷咕 鴨奇 異果 酵素 奶瓶 清潔液 補 充包 600ml,5
泡舒 洗潔 綠茶 去 油除 腥補 充包 800g,4695
OP 純萃 茶酚 洗潔 精補 充包 800g 零 添加 洗碗 精,15
LairDeSavon 香水 柔軟 精補 充包 感性 觸感 海洋,5
家 簡滾筒 補 充包,105
台灣 菸酒 易 洗樂 洗潔 精補 充包 600ml 愛買,65
水晶 肥皂 抗菌 液體 補 充包 1600g,10
克潮 靈除 濕桶 補 充包 玫瑰 香 660mlx3 入組 12,5
熊寶貝柔 軟護衣 精補 充包 175L,5
Laundrin 擴香補 充包,5
獅王 CM 莓果 濃縮 洗潔 精補 充瓶 570ml,10
滿額免 運克潮 靈環 保除 濕桶 補 充包 3 入 組小蒼蘭 英國 梨,15
有 發票 楓康 一滴 淨蘆 薈多酚 洗碗 精補 充包 800g,5
去 味大師 倒置 消臭 晶球 補 充包 350ml,10
Pril 淨麗植 純萃 洗碗 精補 充包 檸檬草 1L,15
澎澎 MAN 香浴 乳補 充包 茶樹 精華 700g,55
花仙子 去 味大師 消臭 晶球 補 充包 350ml 潔淨亞 麻粉 戀櫻花,5
妙 管家 植萃 酵素 洗潔 精補 充包 檸檬 清香 1000g 迅速 洗淨,5
nacnac 奶瓶 蔬果 洗潔 精補 充包 600ml,5
易 洗樂 洗潔 精補 充包 600ml,5
熊寶貝柔 軟護衣 精補 充包 茶樹 抗菌 175Lx12 包箱,15
Mitsuei 中性 去 油污 洗碗 精補 充包 檸檬香 1000m,5
橘子 工坊 家用 清潔類 高效 速淨 碗 盤 洗滌液 補 充包 430ml,50
克潮 靈環 保除 濕桶 補 充包 玫瑰 香 3 入組 12 組箱 箱購,20
楓康 一滴 淨 食品 用 洗碗 精補 充包 柑橘 800g,5
一滴 淨蘆 薈多酚 洗潔 精補 充包 800g 洗碗 精現 貨蝦 皮直,15
泡舒 洗潔 精綠茶 去 油除 腥補 充包 12 入組 800gx12,5
Method 泡沫 洗手 露 系列 300ml 瓶裝補 充包,10
LairDeSAVON 香水 柔軟 精補 充包 480ml,15
慕斯補 充包 NacNac 補充 包 酵素 奶瓶 蔬果 洗,5
nacnac 蔬果 奶瓶 洗潔 精補 充包 600mlx10 包,5
OP 茶酚 洗潔 精補 充包 800g,180
毛寶除 抗菌 冷洗 精補 充包 800g 愛買,5
原廠 公司 貨南僑 水晶 肥皂 食器 洗滌液 體補 充包 800ml,10
妙 管家 漂白 水補 充包 玫瑰花,5
熊寶貝沁 藍 海洋 香柔 軟護衣 精補 充包 333853,10
滿額 再 折 30 橘子 工坊 深層 淨味 碗 盤 洗滌液 補 充包 500ml,5
泡舒 抗菌 洗潔 精補,5
白蘭 全新 動力 配方 檸檬 洗碗 精補 充包 800g,15
妙潔 地板 專用 黏塵補 充包 16cm40 周 捲,10
南僑 水晶 極淨 去 味 食器 洗滌 液體 1000mlX2 瓶補 充包,5
皂福 無 香精 洗潔 精補 充包 800g,5
克潮 靈環 保除 濕桶 補 充包 玫瑰 香 3 入組,20
SunMuch 熊潔淨 驅蟲 地板 保養 液補 充包 1200ml,10
克潮 靈環 保型 補 充包 玫瑰 香 3 入 一組 防潮 補充 包補 充包,15
箱購 茶樹 莊園 茶樹海 鹽超 濃縮 洗碗 精補 充包 700gx12 包,10
nacnac 奶瓶 蔬果 洗潔 精補 充包 600ml2 包入,5
免運妙 管家 除濕桶 補 充包 浪漫,5
南王 超濃縮 液體 肥皂 膠囊 補 充包 13 公克 x50 顆袋 小 蒼蘭,5
絲花 無 酒精 除菌 濕巾 補 充包 45 片 3 包,15
軟彈 補 充包,40
代收 代付 妙 管家 衣物 柔軟 精補 充包 玫瑰 沐香 2000ml,5
台塑 生醫 DrsFormula 抗菌 洗手 乳補 充包 400,5
N011782132 箱購 熊寶貝柔 軟護衣 精補 充包 18,5
藍寶除 菌 洗碗 精補 充包 800g,5
CHIFURE 泡 洗 顏補 充包 CHIFURE 官方 旗艦店,20
3M 百利 替換式 馬 桶 刷 補 充包 5 入 薰衣草 香檸,40
白鴿 防 蹣 衣物 柔軟 精補 充包 1800gx6 包 幸福 花香 網,5
台塑 生醫嬰 幼童 奶瓶 洗潔劑 500gX1 瓶補 充包 4,5
N011887102 台塑 生醫植簡 蔬果 食器 洗淨液 補 充包 3,5
領券 蝦幣 回饋 3 橘子 工坊 高效 速淨 碗 盤 洗滌液 補 充包 430m,5
Farcent 香水 室內 擴香補 充包 鼠尾草 海鹽 100ml,10
代收 代付 新熊 寶貝陽光 馨香 柔軟護衣 精補 充包 6X184L,5
克潮 靈除 濕桶 補 充包 3 包檜 木香 玫瑰 香去 霉味 小三美,75
花仙子 克潮 靈除 濕桶 玫瑰 600ML3 入補 充包,5
台塑 生醫植簡 蔬果 食器 洗淨液 補 充包 300gX2 包,5
易 洗樂 洗潔 精補 充包,30
N010767719 克潮 靈除 濕桶 補 充包 660ml 玫瑰,5
媽咪 小站 奶瓶 蔬果 洗潔液 補 充包 600ML,25
SAENGONG 生活 工作 所 拋棄式 馬 桶 刷刷 頭補 充包 1,20
dapple 奶瓶 及 餐具 清潔液 補 充包 1L 無 香精,5
南僑 水晶 極淨 去 味 食器 洗滌液 體補 充包 800mlX4 包,5
代收 代付 妙 管家 彩色 漂白 水補 充包 玫瑰花 香 2000g 愛,20
熊寶貝多 效護衣 芳香 豆補 充包 300ML 三款 任選法國 玫,5
台塑 生醫植簡 蔬果 食器 洗淨液 補 充包 300gx2 包入 組,5
熊寶貝柔 軟護衣 精補 充包 184L 舒恬 薰衣草 6 入,5
