item_name,item
歡享 經典餐 20221212y0gs0v0r,5
歡享 經典餐 20221210y2hce6tw,5
歡享 經典餐 20221211z4svhbaz,5
歡享 經典餐 20221215z2ohhv5r,5
歡享 經典餐 20221215b8btu3ra,5
歡享 經典餐 20221213a4ax61a9,5
歡享 經典餐 20221215z0zzjc8l,5
歡享 經典餐 20221210z7vtuit1,5
歡享 經典餐 20221217z1emjepb,5
歡享 經典餐 20221210y5wjjoi6,5
歡享 經典餐 20221218z2ze5co6,5
歡享 經典餐 20221219z6xocjyt,5
歡享 經典餐 20221210z7pr6oaa,5
歡享 經典餐 20221213y2hcxpk7,5
歡享 經典餐 20221218b0ajkkjo,5
歡享 經典餐 20221214a9wyy8n9,5
歡享 經典餐 20221203b7ph1hpm,5
歡享 經典餐 20221203ihq26fjq,5
歡享 經典餐 20221219z8uirzal,5
歡享 經典餐 20221215z5qsy0z1,5
歡享 經典餐 20221210z6akp526,5
歡享 經典餐 20221218a7cgy0a8,5
歡享 經典餐 20221202y5wjwsjf,5
歡享 經典餐 20221217b9ku5cen,5
歡享 經典餐 20221221z5qsdw0j,5
歡享 經典餐 20221211y8qwwrcz,5
歡享 經典餐 20221211z1em9qju,5
歡享 經典餐 20221206b4rei0zf,5
歡享 經典餐 20221212b4re3wht,5
歡享 經典餐 20221216uncm9zae,5
歡享 經典餐 20221217z4crgcys,5
歡享 經典餐 20221214z3xik4n9,5
歡享 經典餐 20221216y3pz4pwc,5
歡享 經典餐 20221219z2tnrkku,5
歡享 經典餐 20221217a5mxi3jx,5
歡享 經典餐 20221218z4crklc6,5
歡享 經典餐 20221219k6klujbn,5
歡享 經典餐 20221218alibqwbm,5
歡享 經典餐 20221225b7nds5pb,5
歡享 經典餐 20221225y7neppzz,5
歡享 經典餐 20221216y3pzj00b,5
歡享 經典餐 20221220z7prhwmy,5
歡享 經典餐 20221224z7om4r40,5
歡享 經典餐 20221220c0rj7xoq,5
歡享 經典餐 20221212z0zzmysh,5
歡享 經典餐 20221211y6ennafu,5
歡享 經典餐 20221212z7vt072z,5
歡享 經典餐 20221211b7ndcyo2,5
歡享 經典餐 20221217a7cgombc,5
歡享 經典餐 20221226bkpzrkaq,5
歡享 經典餐 20221203z9vrnb76,5
歡享 經典餐 20221218alib93je,5
歡享 經典餐 20221215z7pw0rcr,5
歡享 經典餐 20221214g4brutay,5
歡享 經典餐 20221204z2tn10of,5
歡享 經典餐 20221211z1txq5hn,5
歡享 經典餐 20221210z4lb28po,5
歡享 經典餐 20221224a7cg74qi,5
歡享 經典餐 20221214l650tkg3,5
歡享 經典餐 20221211cdeexyve,5
歡享 經典餐 20221210z4jkaubj,5
歡享 經典餐 20221212y5wjvi03,5
歡享 經典餐 20221219b9kutxzc,5
歡享 經典餐 20221204z7ehp6yq,5
歡享 經典餐 20221210z2zexrza,5
歡享 經典餐 20221217z2zepdjg,5
歡享 經典餐 20221210z9vc0us9,5
歡享 經典餐 20221206z4lbk6vo,5
歡享 經典餐 20221208z3xi7teq,5
歡享 經典餐 20221208z1mhn62s,5
歡享 經典餐 20221203z1txafqn,5
歡享 經典餐 20221216y2vhyxlp,5
歡享 經典餐 20221209y6en7jzw,5
歡享 經典餐 20221201uncmzcj5,5
歡享 經典餐 20221207alibttzu,5
歡享 經典餐 20221210b2ogeo54,5
歡享 經典餐 20221215z6oy279m,5
歡享 經典餐 20221217ihq2ljwk,5
歡享 經典餐 20221219zimg8am8,5
歡享 經典餐 20221206hoxibrl6,5
歡享 經典餐 20221205z2ny5qlx,5
歡享 經典餐 20221215z2tnfm1w,5
歡享 經典餐 20221204y1zmh76u,5
歡享 經典餐 20221229cdeeg436,5
歡享 經典餐 20221207l650m27n,5
歡享 經典餐 20221218b9kut45f,5
歡享 經典餐 20221211p4tfgr4b,5
歡享 經典餐 20221212y7eenq5n,5
歡享 經典餐 20221218y2hcd9z8,5
歡享 經典餐 20221219z2zelrl4,5
歡享 經典餐 20221211b4revadh,5
歡享 經典餐 20221212z1xdop9b,5
歡享 經典餐 20221201z4qkaamm,5
歡享 經典餐 20221204bf8ty92a,5
歡享 經典餐 20221207uncm0oaa,5
歡享 經典餐 20221224zz95fco7,5
歡享 經典餐 20221202y4gxgvrp,5
歡享 經典餐 20221204z1txemr0,5
歡享 經典餐 20221208z7vtiwez,5
歡享 經典餐 20221209z7nicycx,5
歡享 經典餐 20221210y0vzn58i,5
歡享 經典餐 20221210z4qkrp4m,5
歡享 經典餐 20221211z4jkinp6,5
歡享 經典餐 20221207b7nd68we,5
歡享 經典餐 20221211a5mxaqih,5
歡享 經典餐 20221223y1lcx3f6,5
歡享 經典餐 20221217z8ay7gd3,5
歡享 經典餐 20221210z9vc8kxl,5
歡享 經典餐 20221217y6enp9b4,5
歡享 經典餐 20221216uncmu5su,5
歡享 經典餐 20221206b4rc33qx,5
歡享 經典餐 20221210a4ax1tun,5
歡享 經典餐 20221226z3peplq9,5
歡享 經典餐 20221230z2oh1ugh,5
歡享 經典餐 20221229cdeegttm,5
歡享 經典餐 20221209y7eelnmn,5
歡享 經典餐 20221205y7ee8wd4,5
歡享 經典餐 20221219z7prasu6,5
歡享 經典餐 20221211z8hvgqs1,5
歡享 經典餐 20221219y7ees0r8,5
歡享 經典餐 20221218y7pfezdg,5
歡享 經典餐 20221225uffd5gtf,5
歡享 經典餐 20221213a8uddwe4,5
歡享 經典餐 20221219z4qkn1q2,5
歡享 經典餐 20221210z7ni0zhg,5
歡享 經典餐 20221215ihq2c8wg,5
歡享 經典餐 20221211a9ty44zj,5
歡享 經典餐 20221211z7bc9nqo,5
歡享 經典餐 20221203y7pf3dq1,5
歡享 經典餐 20221210y7ee7f56,5
歡享 經典餐 20230119z4lb01ex,5
歡享 經典餐 20230119z4lbwyi8,5
歡享 經典餐 20221222b8jvo87v,5
歡享 經典餐 20221218z7xgf2jo,5
歡享 經典餐 20221209z4svcup1,5
歡享 經典餐 20221218hoxi117m,5
歡享 經典餐 20230101g4brx505,5
歡享 經典餐 20221217z4lbm2tq,5
歡享 經典餐 20221214z7vtkxtq,5
歡享 經典餐 20221218a1lnlzyy,5
歡享 經典餐 20221218a8tvz5rx,5
歡享 經典餐 20230123a7cgtkqs,5
歡享 經典餐 20230124z2vy1c2h,5
歡享 經典餐 20230103z7omqnad,5
歡享 經典餐 20230109y4mlaaze,5
歡享 經典餐 20221203y7eej10k,5
歡享 經典餐 20230123b3ixgkir,5
歡享 經典餐 20230123z0vtbe9h,5
歡享 經典餐 20221217mh2kws4j,5
歡享 經典餐 20221210y8qw46ax,5
歡享 經典餐 20221214y4gxyalw,5
歡享 經典餐 20221218ihq20d2m,5
歡享 經典餐 20221204c0rjky0f,5
歡享 經典餐 20221208zz95nfh7,5
歡享 經典餐 20221211z2ze5zne,5
歡享 經典餐 20221215z4cf29dr,5
歡享 經典餐 20221206z7pwyi7i,5
歡享 經典餐 20221219y6enw0xy,5
歡享 經典餐 20221219z8ayfxc5,5
歡享 經典餐 20221218y7ne05ud,5
歡享 經典餐 20221208z6xopqoz,5
歡享 經典餐 20221218bkpzvpu5,5
歡享 經典餐 20221211g4br79ky,5
歡享 經典餐 20221214alibhb8u,5
歡享 經典餐 20221217y7papvkx,5
歡享 經典餐 20221226b8jvtp0z,5
歡享 經典餐 20221216z8hvdzas,5
歡享 經典餐 20221218y2en9d93,5
歡享 經典餐 20221228b8jvjwrj,5
歡享 經典餐 20221212b8btsjk3,5
歡享 經典餐 20221228a6lz2fcm,5
歡享 經典餐 20230118b7jynjav,5
歡享 經典餐 20230111z7pwo8ne,5
歡享 經典餐 20221229z9tipuhm,5
歡享 經典餐 20230121d4qfdidw,5
歡享 經典餐 20230114y5wjr759,5
歡享 經典餐 20221225y5wj9eey,5
歡享 經典餐 20221203b7phj64u,5
歡享 經典餐 20221208i30cru8k,5
歡享 經典餐 20221206z1tx0qq4,5
歡享 經典餐 20221229bf8tjypx,5
歡享 經典餐 20221231z4qk36te,5
歡享 經典餐 20221210z8ggwnx1,5
歡享 經典餐 20221225b7nd3ya7,5
歡享 經典餐 20230108a8hj5vaf,5
歡享 經典餐 20230122z1tx4ndh,5
歡享 經典餐 20221218z5qsdelo,5
歡享 經典餐 20221209b9kupeop,5
歡享 經典餐 20221217z7pwkc10,5
歡享 經典餐 20221204ihq2srfr,5
歡享 經典餐 20230226z7pwokxa,5
歡享 經典餐 20221211z7gjan8w,5
歡享 經典餐 20221204y6enycl4,5
歡享 經典餐 20230103uncmuic3,5
歡享 經典餐 20230121z0vtaf7m,5
歡享 經典餐 20221218b4no3k7n,5
歡享 經典餐 20221217uf3qi6xt,5
歡享 經典餐 20221219z2ny7gn6,5
歡享 經典餐 20230122z7ehdyzy,5
歡享 經典餐 20230122uf3q5h2o,5
歡享 經典餐 20230125z1xd0ps5,5
歡享 經典餐 20221206z4svfcbz,5
歡享 經典餐 20221211y7pfjnih,5
歡享 經典餐 20230107z4tjwia6,5
歡享 經典餐 20230101a5mxkqzc,5
歡享 經典餐 20230107a8tvgdj8,5
歡享 經典餐 20221217z2xgwh2g,5
歡享 經典餐 20221209z8npwh6f,5
歡享 經典餐 20221204z9vcy7ep,5
歡享 經典餐 20221210a0djggx1,5
歡享 經典餐 20221225z8hvu6fb,5
歡享 經典餐 20230122z0vtedbp,5
歡享 經典餐 20230115cdeegqgj,5
歡享 經典餐 20230122z0zzedzg,5
歡享 經典餐 20230126x0rk9hdk,5
歡享 經典餐 20221206b8jvteoc,5
歡享 經典餐 20221210y0gsqkii,5
歡享 經典餐 20221216y1zm4gyi,5
歡享 經典餐 20221219z6akxnka,5
歡享 經典餐 20221225y7ij3u0i,5
歡享 經典餐 20221210z7vtwams,5
歡享 經典餐 20230127a7cgwhc4,5
歡享 經典餐 20230105z7om21df,5
歡享 經典餐 20230112y8djw85o,5
歡享 經典餐 20221224z4lbgu6f,5
歡享 經典餐 20221209z0vtglq8,5
歡享 經典餐 20221215z2tn7qel,5
歡享 經典餐 20221218z3xixt1r,5
歡享 經典餐 20230219a0djzc73,5
歡享 經典餐 20230224a5mxw2er,5
歡享 經典餐 20230112b0ajmtsh,5
歡享 經典餐 20230105b3ix1lfc,5
歡享 經典餐 20230219z1jptlg9,5
歡享 經典餐 20230219z9nzg5ky,5
歡享 經典餐 20230228z7bc25ls,5
歡享 經典餐 20221210z7vtcc75,5
歡享 經典餐 20230102z5qsflgg,5
歡享 經典餐 20230218a9tycucd,5
歡享 經典餐 20221208z8ubsnmo,5
歡享 經典餐 20221217b0ajooey,5
歡享 經典餐 20221207z8gg2uq8,5
歡享 經典餐 20230114b4rc5rld,5
歡享 經典餐 20230121a0djghj3,5
歡享 經典餐 20221222z3xiyu0s,5
歡享 經典餐 20221209c0rjfsk0,5
歡享 經典餐 20230205b3ixrkmw,5
歡享 經典餐 20230217bkpz8mcw,5
歡享 經典餐 20230226k6kl9dkv,5
歡享 經典餐 20230104y4gxz5h3,5
歡享 經典餐 20221208zz95tndh,5
歡享 經典餐 20230122z7tmxjab,5
歡享 經典餐 20230127y4gx8x88,5
歡享 經典餐 20230125z7nig9rk,5
歡享 經典餐 20230221b0aj2c51,5
歡享 經典餐 20230227a4axypub,5
歡享 經典餐 20230210z7md7h5t,5
歡享 經典餐 20230212g5sd3a9y,5
歡享 經典餐 20230216b0ajyqw3,5
歡享 經典餐 20230219y7pfhmdc,5
歡享 經典餐 20230114a7cgslha,5
歡享 經典餐 20230114z4lbsasr,5
歡享 經典餐 20230206z4tj406u,5
歡享 經典餐 20230210b8jv8znf,5
歡享 經典餐 20221210uncmz7l8,5
歡享 經典餐 20230228z7bc1m2m,5
歡享 經典餐 20230218ihq2lb18,5
歡享 經典餐 20230217z7pr6v0c,5
歡享 經典餐 20230114cdee9m2x,5
歡享 經典餐 20230211a5mx4iv4,5
歡享 經典餐 20230212y6enq1rr,5
歡享 經典餐 20230202a8ud6ypt,5
歡享 經典餐 20230218z8ggjvf8,5
歡享 經典餐 20221216z4vc3x2p,5
歡享 經典餐 20230220z3xiven7,5
歡享 經典餐 20230226a9typ3hf,5
歡享 經典餐 20230103z2nyqbwd,5
歡享 經典餐 20230212z9nzcbh6,5
歡享 經典餐 20230125b0ajzfw5,5
歡享 經典餐 20230104z9vcpevm,5
歡享 經典餐 20230225z9vctdgr,5
歡享 經典餐 20221217z4jkfkar,5
歡享 經典餐 20230219z0zzligv,5
歡享 經典餐 20230210a0dj6bhg,5
歡享 經典餐 20230126z8uibp52,5
歡享 經典餐 20221207o5dgr1jl,5
歡享 經典餐 20221212k6kloyuh,5
歡享 經典餐 20221209z7ni2mff,5
歡享 經典餐 20230123b9kuq7ig,5
歡享 經典餐 20221201z2xgjnge,5
歡享 經典餐 20221203b3ix862k,5
歡享 經典餐 20221204uncmej6o,5
歡享 經典餐 20221212y4gxdo0k,5
歡享 經典餐 20221210z7vtwuut,5
歡享 經典餐 20230223g4brqx6j,5
歡享 經典餐 20230105y4ml9yqm,5
歡享 經典餐 20221215z4jksmrs,5
歡享 經典餐 20221218uncm6pvo,5
歡享 經典餐 20230214l650yobh,5
歡享 經典餐 20230104a4axgy39,5
歡享 經典餐 20230114z3qg20qg,5
歡享 經典餐 20230202a0djj04g,5
歡享 經典餐 20230208y4gx08jo,5
歡享 經典餐 20230322z2ze1jey,5
歡享 經典餐 20221224z7omhx8q,5
歡享 經典餐 20230317y0gsctgi,5
歡享 經典餐 20230327y4mldjr1,5
歡享 經典餐 20230323b8btqq3u,5
歡享 經典餐 20221204z0zz7y3v,5
歡享 經典餐 20221208a9tyoeam,5
歡享 經典餐 20230226a4axnvob,5
歡享 經典餐 20230124z8ui33qs,5
歡享 經典餐 20230226bf8tej4k,5
歡享 經典餐 20230228z4jkfik2,5
歡享 經典餐 20230125z9vc6493,5
歡享 經典餐 20221210i30c0zof,5
歡享 經典餐 20230121a4axafuy,5
歡享 經典餐 20230128b7ndlc5x,5
歡享 經典餐 20230210z1xdleri,5
歡享 經典餐 20230114ihq2084a,5
歡享 經典餐 20230123b8bts399,5
歡享 經典餐 20230123z8uiv528,5
歡享 經典餐 20230120i30c0r5e,5
歡享 經典餐 20230327o5dg8i4q,5
歡享 經典餐 20230212z2aqu3ud,5
歡享 經典餐 20230213y5wjhxdx,5
歡享 經典餐 20230214b0ajnfzj,5
歡享 經典餐 20230221y1zmlz5r,5
歡享 經典餐 20230221y7pa9mu8,5
歡享 經典餐 20230227zimg99p1,5
歡享 經典餐 20230210z9vc2mb2,5
歡享 經典餐 20230212b8jvuw53,5
歡享 經典餐 20230218mebdz8ig,5
歡享 經典餐 20230226z2zer2k6,5
歡享 經典餐 20230218z1xdrha3,5
歡享 經典餐 20221217z1zfafk7,5
歡享 經典餐 20230312a7cgi56d,5
歡享 經典餐 20230329z3xi9934,5
歡享 經典餐 20230329z4crxwem,5
歡享 經典餐 20230211y7pf73xp,5
歡享 經典餐 20230220z2ohewi0,5
歡享 經典餐 20230227z6oypg79,5
歡享 經典餐 20221231y7eeqnh9,5
歡享 經典餐 20221231z4lbux56,5
歡享 經典餐 20230224l650bjes,5
歡享 經典餐 20230428o5dgjgss,5
歡享 經典餐 20230208a4axukwq,5
歡享 經典餐 20221225b8btlu2c,5
歡享 經典餐 20230209z5qs4goa,5
歡享 經典餐 20230212b7ndki0k,5
歡享 經典餐 20230217z4jk37k5,5
歡享 經典餐 20230314a3uxs682,5
歡享 經典餐 20230309y4mktpp1,5
歡享 經典餐 20230311a1lnak9a,5
歡享 經典餐 20230213z7omphxh,5
歡享 經典餐 20230214z9nz20u2,5
歡享 經典餐 20230224z7bc5u1e,5
歡享 經典餐 20230223y0gs65qm,5
歡享 經典餐 20230212z3qgt6kz,5
歡享 經典餐 20230312z2tn30jn,5
歡享 經典餐 20230420a7cgnr67,5
歡享 經典餐 20230114z7tmiddk,5
歡享 經典餐 20230107z4tjopd5,5
歡享 經典餐 20230121x0rk8jvk,5
歡享 經典餐 20230222b0aj4zlh,5
歡享 經典餐 20230219d4qfvuzi,5
歡享 經典餐 20230317a8hjw4tf,5
歡享 經典餐 20230315z3qg15nn,5
歡享 經典餐 20230308a8hjxwhk,5
歡享 經典餐 20230217z6xoiza8,5
歡享 經典餐 20230226z9vcn35w,5
歡享 經典餐 20230219b7nd0pjj,5
歡享 經典餐 20221208z2tnsfyy,5
歡享 經典餐 20230117zimgzdaz,5
歡享 經典餐 20230110z7prijio,5
歡享 經典餐 20230213z8ayi4aw,5
歡享 經典餐 20230226y7eexku4,5
歡享 經典餐 20230215z4qkdc1f,5
歡享 經典餐 20230220o5dg6hpb,5
歡享 經典餐 20230211z6xoxfc2,5
歡享 經典餐 20221215a6lz4cln,5
歡享 經典餐 20230214a3uxtbsk,5
歡享 經典餐 20230218y8gf6t4y,5
歡享 經典餐 20230225b7ndpqak,5
歡享 經典餐 20230120y4gxxoo7,5
歡享 經典餐 20230312a9tyjwpx,5
歡享 經典餐 20230310y4mkig5a,5
歡享 經典餐 20230317z9vccqrp,5
歡享 經典餐 20230205d4qf865c,5
歡享 經典餐 20230209zjlnovq5,5
歡享 經典餐 20221208y3pzh1gu,5
歡享 經典餐 20221212z8np8xyd,5
歡享 經典餐 20230416a7cgmwjk,5
歡享 經典餐 20230429z7ni105k,5
歡享 經典餐 20230310b3ix9bow,5
歡享 經典餐 20230312z7xg5iib,5
歡享 經典餐 20230106y8gfuxxy,5
歡享 經典餐 20230113z2aqc2c8,5
歡享 經典餐 20230411z8npszq6,5
歡享 經典餐 20230214a9tyijqp,5
歡享 經典餐 20230220a8udl1rk,5
歡享 經典餐 20230402sg1crice,5
歡享 經典餐 20230225a7cg4vv0,5
歡享 經典餐 20230405o5dg2w1s,5
歡享 經典餐 20230129b8jv0itu,5
歡享 經典餐 20230212b3ixt8zj,5
歡享 經典餐 20230214y4gxw6h3,5
歡享 經典餐 20230317z0vx5awf,5
歡享 經典餐 20230318mquuzvbc,5
歡享 經典餐 20230306sg1cxfwc,5
歡享 經典餐 20230106z7omqo0n,5
歡享 經典餐 20230318g5sdm4g8,5
歡享 經典餐 20230302z4jkybsr,5
歡享 經典餐 20230210p4tfyxym,5
歡享 經典餐 20230212z0zzj49r,5
歡享 經典餐 20230330zz95v01y,5
歡享 經典餐 20230107b3ixcr1y,5
歡享 經典餐 20221224b7jyf9gk,5
歡享 經典餐 20230122z0vt7cl3,5
歡享 經典餐 20230122y0gs585d,5
歡享 經典餐 20230219a0djh7mb,5
歡享 經典餐 20230110g4br5qnw,5
歡享 經典餐 20230317a8ud9kz2,5
歡享 經典餐 20230223k6klxw04,5
歡享 經典餐 20230228uncmjp42,5
歡享 經典餐 20230207b3ixglax,5
歡享 經典餐 20230203z9tifgof,5
歡享 經典餐 20230211z4lba3mv,5
歡享 經典餐 20230404z3pe7hon,5
歡享 經典餐 20230215z7pwczfr,5
歡享 經典餐 20230122z0vxhh9q,5
歡享 經典餐 20230420mh2ku7gr,5
歡享 經典餐 20230410z6xoum4y,5
歡享 經典餐 20230106a5mxfv3q,5
歡享 經典餐 20230114a0djhcd8,5
歡享 經典餐 20230126ihq2e6ql,5
歡享 經典餐 20230209z3ghq1e1,5
歡享 經典餐 20230414y4mkxfkb,5
歡享 經典餐 20230429z7mdpttb,5
歡享 經典餐 20230414z7vtzcwi,5
歡享 經典餐 20230416z0zz97ia,5
歡享 經典餐 20230416y4ml7csr,5
歡享 經典餐 20230404y1lc6z7u,5
歡享 經典餐 20230107b3ixfqc9,5
歡享 經典餐 20230105a8tvdytu,5
歡享 經典餐 20230305z8ayzmiv,5
歡享 經典餐 20230417a5mxxhbv,5
歡享 經典餐 20221205zimgs2hi,5
歡享 經典餐 20230113z2zekaut,5
歡享 經典餐 20230428z7md94m1,5
歡享 經典餐 20230403y2hct9c0,5
歡享 經典餐 20230402y8qwjtc2,5
歡享 經典餐 20230404y3vxeo59,5
歡享 經典餐 20230425z7nivukr,5
歡享 經典餐 20230423z7mdp903,5
歡享 經典餐 20230220b8jv18qr,5
歡享 經典餐 20230228z2zebtre,5
歡享 經典餐 20230212z8hvmb6l,5
歡享 經典餐 20230215b9kuzytj,5
歡享 經典餐 20230218z6xojgzp,5
歡享 經典餐 20230224a7cgih1y,5
歡享 經典餐 20230420o5dg6tfc,5
歡享 經典餐 20230405z7vtb9vr,5
歡享 經典餐 20230311b7nd2zjq,5
歡享 經典餐 20230416alibsguw,5
歡享 經典餐 20230408z8hva28q,5
歡享 經典餐 20230214a3uxez5q,5
歡享 經典餐 20230311bf8t2adu,5
歡享 經典餐 20230404z6xo3xcs,5
歡享 經典餐 20230307sg1csfty,5
歡享 經典餐 20221217z1xds6wk,5
歡享 經典餐 20230414b8jv9yb3,5
歡享 經典餐 20230309z6oygv6x,5
歡享 經典餐 20230211b7phimjd,5
歡享 經典餐 20230212z9nz0z51,5
歡享 經典餐 20230402z6xokocf,5
歡享 經典餐 20230318a9tyzdyn,5
歡享 經典餐 20230416a1lnirdg,5
歡享 經典餐 20230311z9aols7f,5
歡享 經典餐 20230312z1txpze2,5
歡享 經典餐 20230324z4dje8ve,5
歡享 經典餐 20230319y0gsm82n,5
歡享 經典餐 20230322z7xgtlue,5
歡享 經典餐 20230323z7nij1xi,5
歡享 經典餐 20230315a3uxq18g,5
歡享 經典餐 20230407z1emlnup,5
歡享 經典餐 20230428y7ee13i0,5
歡享 經典餐 20230402z4cfpm6v,5
歡享 經典餐 20230409z3xiqpfl,5
歡享 經典餐 20230312z2vygl48,5
歡享 經典餐 20230402y0gsr1q2,5
歡享 經典餐 20230402o5dgd6mb,5
歡享 經典餐 20230227a3uxkwn4,5
歡享 經典餐 20230214z2zeo95f,5
歡享 經典餐 20230418z2ohnz7o,5
歡享 經典餐 20230311z3ght4xu,5
歡享 經典餐 20230225z3pea353,5
歡享 經典餐 20230407z2vyo244,5
歡享 經典餐 20230420z2vy2oai,5
歡享 經典餐 20230305z2tnodk3,5
歡享 經典餐 20230324z9vc8xdj,5
歡享 經典餐 20230128y8qwpxy4,5
歡享 經典餐 20230409a8ud8fnf,5
歡享 經典餐 20221217p4tf9tqi,5
歡享 經典餐 20230302z4svy2ja,5
歡享 經典餐 20230305b4rekbkg,5
歡享 經典餐 20230422z3qifxw5,5
歡享 經典餐 20230121z1txdfph,5
歡享 經典餐 20230403uncm0ppz,5
歡享 經典餐 20230407b0aj8wys,5
歡享 經典餐 20230414z4tjno3y,5
歡享 經典餐 20230201z7niye3m,5
歡享 經典餐 20230203a6lz22jl,5
歡享 經典餐 20230204b3ix2q40,5
歡享 經典餐 20230208b0ajzm5c,5
歡享 經典餐 20230210alib29bt,5
歡享 經典餐 20230304z7eh98y3,5
歡享 經典餐 20230306y0gsngt7,5
歡享 經典餐 20230319z6xo8ug9,5
歡享 經典餐 20230326z2oh0ldz,5
歡享 經典餐 20230327z8hv7d9t,5
歡享 經典餐 20230312z2ohk2lh,5
歡享 經典餐 20230402z4qk7rdn,5
歡享 經典餐 20230423z7ehdmyn,5
歡享 經典餐 20230422sg1cr08z,5
歡享 經典餐 20230423z9aogg7z,5
歡享 經典餐 20230408z6xom2nz,5
歡享 經典餐 20230415a6lztd1s,5
歡享 經典餐 20230417b8jvtntf,5
歡享 經典餐 20230423ihq207si,5
歡享 經典餐 20230402uncmwv9q,5
歡享 經典餐 20230422p4tf9w7e,5
歡享 經典餐 20230319z4cr82dz,5
歡享 經典餐 20230420a8udu63p,5
歡享 經典餐 20230326ihq22z4a,5
歡享 經典餐 20230125y7ee7awj,5
歡享 經典餐 20230403y4gx2i3t,5
歡享 經典餐 20230117z4cfbdk8,5
歡享 經典餐 20230120z7vts40o,5
歡享 經典餐 20221223y4gxbxql,5
歡享 經典餐 20230311mebdnwaj,5
歡享 經典餐 20230312uncmsuwm,5
歡享 經典餐 20230326b0aj2v5e,5
歡享 經典餐 20230305a8hjjor7,5
歡享 經典餐 20230405z7xgpp01,5
歡享 經典餐 20230318alibalaj,5
歡享 經典餐 20230412z4tjwmmb,5
歡享 經典餐 20230414o5dgypzq,5
歡享 經典餐 20230305a0djchr3,5
歡享 經典餐 20230408y8qwlkmm,5
歡享 經典餐 20230301y8qwpwzz,5
歡享 經典餐 20230308y4mkyme1,5
歡享 經典餐 20230313z3pezuyl,5
歡享 經典餐 20230121gorrkmst,5
歡享 經典餐 20230116b3ixs9yd,5
歡享 經典餐 20230122b7nds11i,5
歡享 經典餐 20230123a8udcvgw,5
歡享 經典餐 20230308a7cgzn7t,5
歡享 經典餐 20230117z2ny4tgs,5
歡享 經典餐 20230124b9kuiv5k,5
歡享 經典餐 20230121ihq2th7z,5
歡享 經典餐 20230102z4crv02m,5
歡享 經典餐 20230307b2ogvn7k,5
歡享 經典餐 20230106g5sd3tek,5
歡享 經典餐 20230123y0vz7ebp,5
歡享 經典餐 20230126y2vhl7ot,5
歡享 經典餐 20230119zz95oakk,5
歡享 經典餐 20230122a4ax9t8q,5
歡享 經典餐 20230309b3ix0ohg,5
歡享 經典餐 20230121y7pf47zp,5
歡享 經典餐 20230124z7ehk1xw,5
歡享 經典餐 20230128z9vcrhoq,5
歡享 經典餐 20230124ihq28uma,5
歡享 經典餐 20230101z4cfcqe7,5
歡享 經典餐 20230101z9vc9ww0,5
歡享 經典餐 20230106z2zewueo,5
歡享 經典餐 20230106z3xi6e0b,5
歡享 經典餐 20230107y0gscbhp,5
歡享 經典餐 20230122z6xohqrw,5
歡享 經典餐 20230124z2ohvaie,5
歡享 經典餐 20230120z4lb789m,5
歡享 經典餐 20230120zimgkyqx,5
歡享 經典餐 20230116z7tmlh5q,5
歡享 經典餐 20230310z7xgwpe6,5
歡享 經典餐 20230317z8hvmhi9,5
歡享 經典餐 20230101z8ay13ty,5
歡享 經典餐 20230116y7netn8a,5
歡享 經典餐 20230123b7ndxy71,5
歡享 經典餐 20230122z3qi9d80,5
歡享 經典餐 20230118z4cfui85,5
歡享 經典餐 20230121b2ogji8y,5
歡享 經典餐 20230106z4qkvsua,5
歡享 經典餐 20230117z4jkj16e,5
歡享 經典餐 20230101z9vr0zqh,5
歡享 經典餐 20230102z6xood1x,5
歡享 經典餐 20230109a4axlfqj,5
歡享 經典餐 20230101z4tjg0jk,5
歡享 經典餐 20230121y8qwp1ai,5
歡享 經典餐 20230121z7tmb5w4,5
歡享 經典餐 20230323z3xi2dbk,5
歡享 經典餐 20230124a5mxr1km,5
歡享 經典餐 20230124y4gx6bvm,5
歡享 經典餐 20230310b2ogqxfv,5
歡享 經典餐 20230125y4gxxby5,5
歡享 經典餐 20230112g4br5v8a,5
歡享 經典餐 20230121z8npka87,5
歡享 經典餐 20230101z6eo4qod,5
歡享 經典餐 20230122z4vcnoyc,5
歡享 經典餐 20230102z1txt8q5,5
歡享 經典餐 20230128alibnkfh,5
歡享 經典餐 20230314ihq2etch,5
歡享 經典餐 20230123y5wj0fcw,5
歡享 經典餐 20230314a8tv9f0h,5
歡享 經典餐 20230121b0ajlgm5,5
歡享 經典餐 20230311b9kuglol,5
歡享 經典餐 20230101y6enxusb,5
歡享 經典餐 20230113y0gsg21d,5
歡享 經典餐 20230119z0ftk62m,5
歡享 經典餐 20230125z3xi0uqh,5
歡享 經典餐 20230115z4jkehtr,5
歡享 經典餐 20230126a3ux6kol,5
歡享 經典餐 20230112y7eef5jg,5
歡享 經典餐 20230303a8ud52ni,5
歡享 經典餐 20230101p4tfgs94,5
歡享 經典餐 20230122b3ix0enk,5
歡享 經典餐 20230119z4qkceo5,5
歡享 經典餐 20230306a8hj3zaz,5
歡享 經典餐 20230321y2hc6gze,5
歡享 經典餐 20230104p4tfxsx4,5
歡享 經典餐 20230123b2ogky5c,5
歡享 經典餐 20230115z8ubx9g4,5
歡享 經典餐 20230111a9wyj2to,5
歡享 經典餐 20230121z9vcp2f2,5
歡享 經典餐 20230115b0aj5fje,5
歡享 經典餐 20230121z0vtnntu,5
歡享 經典餐 20230128z3qi9v55,5
歡享 經典餐 20230127z4jknrwy,5
歡享 經典餐 20230128z8ggwk7g,5
歡享 經典餐 20230116z9tiuupl,5
歡享 經典餐 20230121z4tj4c0e,5
歡享 經典餐 20230119c0rj65af,5
歡享 經典餐 20230126z9vc7c0b,5
歡享 經典餐 20230117mquusum9,5
歡享 經典餐 20230311k6kl5hrl,5
歡享 經典餐 20230304alibsoq4,5
歡享 經典餐 20230304z4lbqzvi,5
歡享 經典餐 20230310z9vc45ep,5
歡享 經典餐 20230305z1xdei0m,5
歡享 經典餐 20230310y0vz4goj,5
