item_name,item
中秋 限定 原味 雪茄 蛋 捲 20 入 2 盒,5
輕漾 樺 樹 飲 原味 200ml6 入,10
3 點 1 刻 奶茶 系列 x1 袋 任選 20gx15 入袋 原味,55
太和 傳統餅 原味 拿破崙 奶霜派 中秋 禮盒,5
肯德基 原味 蛋撻 即 享券,62070
大武山 牧場 蛋入 蛋 捲 90gx1 經典 原味 紅玉紅 茶 法式,80
立頓 原味 奶茶 300mlx24 入箱,550
萬聖 限定 原味 雪茄 蛋 捲 10 入,35
亞 尼克 雙 捲 禮盒 茶 拿 鐵 布丁 原味 單盒 組送禮 雙倍 幸福,5
即期 品 Falksalt 原味 雪花 鹽 125g 有效 日期 2,10
蝦 皮代開 電子 發票 薰 緣堂 國際 貿易 原味 椰果 無 香料 椰果,55
麥當 勞加 價購 92 折 原味 麥脆 腿 即 享券,230
馬 修 嚴選 原味 優格 分享 號 K3 入無糖 無 添加,10
美祿 經典 原味 袋裝 14 入 25gX14 入袋,455
馬 修 嚴選 原味 優格 分享 號 GK 組合 無糖 無 添加 的 鮮乳,20
法布 甜 原味 馬 卡龍鳳 梨 酥 8 入 200g 盒 x2 萊爾富 廠,5
枝仔 冰城 原味 台灣 系列 老鷹 紅豆,40
知覺 優格 原味 優格 900g3 入組 100 無調 整純 鮮乳,15
現貨 美好 人生 DrRice 稻鴨米餅 原味 地瓜 菠菜,25
VONOVONO 濃湯 醇 緻 原味 10 入組 口味 任選 玉米 起,180
紅龍 食品 經典 原味 雞塊 1KGX2 袋,50
立頓 奶茶 量 販包 x1 袋 任選 原味 減糖 抹 茶 歐蕾 英式 皇家,95
原味 時代低 醣 千張 餃千張 餃 口味 任選 每盒 16 顆無 澱 粉水,15
中秋 限定 原味 雪茄 蛋 捲 20 入,20
原味 時代重 乳酪 起司 貝果 5 入減 醣 貝果 低糖 低 醣 低油,40
大成 食品 舒迷 舒肥 輕食 嫩 雞 胸肉 125g15 入經典 原味,20
佳德 原味 鳳梨 酥 禮盒 12 入共 2 盒 台北 排隊 名店 首選伴,2945
原味 瑞士 捲,935
聖祖 食品 原味 烤 紫菜 35g,55
神農良食 SGS 神農獎 外銷 等級 原味 薄鹽芋 香 毛豆,5
Rico 瑞喀 原味 黑糖 肉 鬆 餅 5 入 X 任選 6 盒伴 手禮餅,10
P40 小杯 經典 冰淇淋 不 含 原味 脆,85
TP88 大杯 經典 冰淇淋 2 含 原味,3350
張主廚 原味 煙 燻 去 骨鳳爪 200G 包全館 任選滿 200,10
佳德 原味 鳳梨 酥 禮盒 12 入共 4 盒 台北 排隊 名店 首選伴,75
米森 無 麩質 麥片 3 盒組 水蜜桃 野莓 原味,5
佳德 糕餅 原味 鳳梨 酥 6 入 12 入 20 入 iCarry,25
新品 綜合 6 入太陽餅 太陽餅 如邑堂 中秋 禮盒 原味 玫瑰,25
便宜 出清力 增飲 禮盒 版 一盒 10 入 原味 無糖 玉米 低糖 莓果,45
大尖山 台灣 原味 奶茶 分享 袋 17g20 包袋,5
純新 milk17 原味 牛奶 棒 200g 創始 品牌,100
丹尼 船長 米 米 花 明星 甜 4 入組 焦糖 100g 原味 海藻 糖 10,40
日東 紅茶 皇家 奶茶 經典 原味 14g10 入袋,20
上 野物 產起司 培根 蘑菇 美式 火腿 奶油 歐姆蛋 日式 和 風 原味 高,155
瑪 穀 原味 馬 格利,365
阿久師 活力 米 香 捲 多種 口味 紫心 地瓜 原味 黃 金地,5
香港 美心 精 緻 原味 雞 蛋卷 禮盒 58gx36 條,50
台北 御珍 綠豆 黃 原味 禮盒,5
美國 HERRS 賀氏 原味 白 玉米片 255G,45
官方 直營 6 入禮盒 太陽餅 如邑堂 官方 直營 原味 玫瑰 起,55
買 一送 一貝 比瑪瑪米餅 50g 盒 原味 菠菜 嬰幼兒 健康 米,10
亞 尼克 果子 工房 雙 捲 禮盒 茶 拿 鐵 布丁 原味 原優惠價 81,10
可口 可口 美 酥 迷你 原味 綜合 120g 正 港台 味 迷你 酥,30
3 點 1 刻休 閒 奶茶 x1 袋 任選 20gx15 入袋 原味,5
馬 修 嚴選 原味 優格 分享 號 GK 組合 無糖 無 添加,15
龍泰 創意 烘焙 九盒 組 原味 奧 地利 皇家 起士條 48 入盒,25
艾薇 手工 坊 經典 杏仁 瓦片 原味 45g90g135g,295
TP66 中杯 經典 冰淇淋 2 含 原味,3220
酷聖石 小杯 經典 冰淇淋 含 原味 脆餅 二份 即 享券,125
青玉 牛蒡 茶 原味 牛蒡 茶包 6gx16 包盒,5
馬 修 嚴選 原味 優格 分享 號 G2 入季節 烤 燕麥 2 入 早餐 及,5
Airwave 超涼 原味 25 粒 10 包盒,10
RICHS 美國 進口 6 吋 原味 墨西哥 薄餅 皮 6 吋 口袋 麵 包任,15
Rico 瑞喀 2022 年 中秋 禮盒 原味 蛋黃綠豆 椪 6 入,65
佳德 原味 鳳梨 酥 禮盒 12 入 台北 排隊 名店 首選伴 手禮,40
麥當勞 原味 麥脆 腿 即 享券,2320
法米 滋 法式 手感 爆米花 經典 原味 25g 包奶,10
亞大 T8 銀耳 冰糖 原味 白木耳 露 中秋 禮盒 150gx6 入盒,30
味之素 VONO 醇 緻 原味 玉米 濃,5
代收 代付 名坂奇 原味 夏威夷 豆塔 10 入,10
3 點 1 刻經典 原味 奶茶 20gx15p 袋愛買,15
亞 尼克 雙 捲 禮盒 原味 特黑原 優惠價 810 單入 組,55
亞 尼克 果子 工房 原味 生乳 捲 季節 口味 任選 2 件 組原 優惠價 9,15
馬 修 嚴選 原味 優格 日 嚐 杯 G250g,40
12D 原味 炸小雞塊 第二份,120
佳德 原味 鳳梨 酥 禮盒 12 入共 8 盒 台北 排隊 名店 首選伴,80
和 生御品 原味 綠豆 黃 20 入禮盒 宮廷 茶點 綠 豆糕 傳統 點心,10
喜年 來 大發 原味 禮盒 384g 送禮 推薦 年 節禮盒,85
紅豆 食府 團圓 原味 雪花 酥 100gx 四盒,50
紅龍 經典 原味 雞塊 500g 包,60
MadamJans 原味 希臘 優格 兩,5
南陽 3 層起 司片 原味 224 公克 2 層切 達 1 層 奶油 夾心,5
原味 蛋撻 2 顆 20221202z7nirumz,5
原味 蛋撻 2 顆 20221216a6lznzjb,5
原味 千尋清境 蜂蜜 乳酪 絲 52gx5 包組,35
韓國 火辣 雞 原味 起司 兩倍 辣 奶油 白醬 4 種起司 ROS,275
現貨米 大師 鮮爆 蝦餅 原味 黑胡椒 海苔 芥末 辦公,50
EcoClean 艾可 豆腐 貓砂 7L 原味 玉米,20
南園 傳統 原味 年糕 600g 包 600g 包,130
福樂 低脂 優酪 原味 100g2 入組 100g2 入,850
青玉 牛蒡 茶 原味 牛蒡 茶包 x1 盒 6gx50 包盒,5
武松 殿 環球 17 週慶 限定 組經典 原味 肉 鬆 餅 10 入禮盒 1,5
Maxim 原味 咖啡 20 入 236g,25
原味 德里 鷹 嘴豆 咖哩 230gx1 入盒 原味 德里 h,10
ElleVire 原味 優格 125g4 入,5
丹尼 船長 米 米 花手 炒 塩 味 焦糖 經典 原味 北海道 奶油 玉米,275
28989912 花月嵐 大蒜 拳骨拉 麵 禮盒 原味 兩組 4,60
法布 甜豆鳳 12 入禮盒 養生 堅果 塔 6 入 原味 馬 卡龍鳳 梨 酥 6,15
美國 原味 生 18 碎 核桃 12kg 生食 包,15
純煉 原味 九尾 草滴 雞 精 10 入 x4 盒 60mlx10 包 x4,10
佳德 原味 鳳梨 酥 禮盒 6 入 4 盒 台北 排隊 名店 首選伴 手禮,15
康寶 自然 原味 濃湯 系列 10 入組 港式 X2 雞茸 火腿 金黃,30
古早 味 零食 可口 沙琪瑪 原味 黑糖 一組 4 入,10
原味 蛋撻 2 顆 20221225z7bkr5up,5
宜蘭橘 之鄉 貴妃 橘 300g3 袋 原味 金橘 鹹 酸 桔 口味 任,315
韓國 火辣 雞 原味 起司 兩倍 辣 奶油 白醬 韓國 爆紅 宵夜,335
三陽 食品 香濃 乳酪 絲 系列 奶素 130g 原味 蜂蜜 辣,5
義昌 生技 原味 海帶 芽 100g,50
自然 甜 堅果 原味 花生 鹽 炒 花生仁 彰化 優鮮 品質 認證 無油,35
張主廚 經典 原味 細薯條 300g 包全館 任選滿 2000,10
瓜瓜 園 地瓜 脆片 原味,5
原味 蛋撻 2 顆 20221204z7bkr06x,5
任選享 吃 美味 原味 冰心 維也納 麵 包 1 入 75g3g,5
原味 蛋撻 2 顆 20221208i30c1smc,5
原味 蛋撻 2 顆 20221218z8npxja7,5
原味 蛋撻 2 顆 20221219alibextu,5
田原 香 原味 原味 Plus 無藥材 冷凍滴 雞 精 20 入 60m,1625
奈森克林 凡士林 原味 蘆薈 薰衣草 90g8oz,10
陽光豬 中式 香腸 300g 原味 蒜味 無 添加 人工 亞 硝酸 鹽,25
立頓 原味 奶茶 300ml6 入組,370
小 甜 粿 原味,3905
原味 巡禮 香之魚 100g 包,665
糖村 SUGARSPICES0201 原味 薄 捲 餅 12,5
原味 巡禮紅 燒魚 100g 包,2035
Combos 冠寶 即期 品 原味 起士 箱購 482g18 入,5
隨濃純 原味 希臘 優格,60
聖誕 限定 原味 雪茄 蛋 捲 20 入,40
頂 呱呱 原味 無敵 烤 腿 MoMo111 雙 11 特談 優惠,40
原味 蛋撻 2 顆 20221225b4rcwutx,5
臻 御行 原味 焙 炒 黑豆 280g,35
盛香珍 蝴蝶 派量 販盒 400g 厚派 16 片入 原味 奶油 口味,135
團經典 原味 肉 鬆 餅,15
原味 蛋撻 2 顆 20221206y7eew46p,5
立頓 原味 奶茶 300mlx1 箱 檸檬紅 茶 300mlx1 箱,20
日式 咖哩 調理包 24 入組 原味 辣味 雞豬 牛 任選 MO,90
大進 利水 煮 瓜子 甘草 海鹽 茴香 焦糖 原味 大包 裝 300,5
原味 雪 Q 餅菲菲 的 最 愛,70
肯德基 4 塊 啦 脆 雞 1 顆 原味 蛋撻 1 份 中份 香 酥脆 薯 2 杯,65
BV 原味 蛋撻 2 顆,50
滿 天星 原味 量 販袋 40G4 包,20
代銷 濃純 原味 希臘優,70
DJA 原味 厚切馬鈴 薯條 200g 家樂福,25
它 豆穌 朋 原味 泡 芙 123,15
原味 蛋撻 2 顆 20221207z7gjq2t0,5
原味 蛋撻 2 顆 20221216y7pf2a3p,5
原味 黑糖 塊 380g,5
它 豆穌 朋 原味 泡 芙 122,20
奶素 NabatiSlip 金磚 玉米棒 原味 碳 烤味起,5
阿罔姨 原味 年糕 0110,10
盛香珍 奶香 原味 香 瓜子 3kgX2 袋組 重量 級量 販包淡 鹹 奶,45
免運電子 發票 蜜 麻花 新竹 福源 鑫豪 原味 黑糖 古早,25
團 法式 小 土司 香蒜 原味,35
家樂氏 SpecialK 系列 草莓 水果 優格 原味 早,55
AUGUSTA 原味 水果 聖誕 麵 包鐵,20
孔雀 餅乾 好料 包 原味 135g3 包袋,40
中祥 地瓜 酥 3 包組 70g 原味 唐辛子,10
原味 蛋撻 2 顆 20221225ihq2h01a,5
樂事 45 元 原切 地 瓜片 原味,10
原味 蛋撻 2 顆 20221226z7nipf7y,5
一品 名卡 薄燒 450g 任選 3 包 原味 芝麻 海苔 咖啡,430
現烤 原味 綠豆 椪 4 入,185
原味 蛋撻 2 顆 20221202uncm0t93,5
3 點 1 刻 原味 炭燒 贈 30 點,5
原味 時代 減糖 貝果 5 口味 10 入熱銷 冠軍貝果 口味 年節 伴手,25
長 榮生醫 L 阿拉伯糖 高鈣 乳酪 絲 5 包組 80g 包 原味,120
迪化 148 原味 蒜味 開心果 5 斤 2 種 口味 超商取 貨限購,255
亞大 T8 銀耳 冰糖 原味 白木耳 露 中秋 禮盒 150gx2 盒 共 1,15
EasiYo 即期 品紐 西蘭 優格粉 任選 原味 香草 森林 水,365
原味 蛋撻 2 顆 20221210y4gxrsj9,5
日本 伊藤經典 原味 餅乾 78g,10
阿罔姨 原味 年糕 1210,15
原味 巡禮 法式 夾心 薄片 香草,20
濃純 原味 希臘 低脂,20
上 野物 產 美式 原味 格子 鬆 餅 5 片包 500g10,5
法布 甜 原味 馬 卡龍鳳 梨 酥 禮盒 1 盒 12 入盒 年 菜 年節,5
水根肉 乾 知足 常樂 2 入春 節禮盒 台味 醬燒 原味 條子 2 大包,105
手信坊 手提 鮮蛋 捲 禮盒 原味 16 入常 溫任 選滿 4 件 出貨,45
味王 小王子 麵 原味 減鹽 300G 包,60
優源 好食 杏仁 奶 原味 300mlx24 入 低糖 低 醣 減,25
紅豆 食府 誠品 獨規團 圓伴 手禮盒 原味 雪花 酥 100gX1 娃娃,45
滿 777 免運海肉 管家 正點 原味 雞塊 1 包 1000g 包,5
原味 時代獨 創輕卡 豆渣 厚雞塊 500g1 包請 看 下方,390
原味 蛋撻 2 顆 20221212z7xgyt5l,5
洪瑞珍 原味 花生 酥糖 1227,5
統一 博客 德國 香腸 原味 200g 包,700
雪比 半熟 乳酪 原味 隆昌,65
SF 寒天 蒟 蒻 條片 300gX3 包任 選 原味 黑胡椒 麻辣,5
初鹿 原味 優格大,60
免運電子 發票 原味 薑 汁 爆米 香 新竹 福源 古早 味,15
小 浣熊 零 油脂 烤 海苔 10 片 包醬燒 原味 x6 包,10
CityLife 脆口 嫩 雞 原味 400g5 包無骨,40
好食 到 黃 金 鹹 蜆 蜊 12 入組 350g 包 原味 辣味 任選,5
品客 洋芋片 品客 6 入組 原味 洋蔥 披薩 起司 香辣 炭,5
媽寶現 貨附 發票團 購批 發蓮子 米 香 原味 黑糖 18,25
廣達香 優質 純 肉 鬆 230g2 入 原味,15
原味 時代 手工 窯 烤 披薩 花椰菜 米瑪格麗特 6 吋 披薩 piz,10
分級 選 零食 優選級 所長 茶 葉蛋 原味 茶葉蛋,55
水根肉 乾 獨享 包圓燒 系列 原味 檸檬獨 享包 80g 包,20
原味 蛋撻 2 顆 2OriginalEggTarts,11605
滿漢 原味 香腸 360g 盒 360g 盒,1390
一品 花雕 雞 花雕 雞 原味,5
屏榮坊 原味 玉子燒,5
原味 時代 奶油 香蒜 貝果 5 入手 作 豆渣 貝果 天然 食材 低糖,5
原味 蛋撻 2 顆 20221218a4ax7yu8,5
洪瑞珍 原味 花生 酥糖 1225,5
原味 蛋撻 2 顆 20221212y4gxpbjk,5
統一 原味 科學 麵 40gx40 入箱,100
起司 棒 原味,50
原味 蛋撻 2 顆 20221210ihq2en1s,5
米大師 寶寶糙 棒棒 果然 棒棒 原味 糙米 青蘋果 紅蘿 蔔 甜,15
原味 千尋 原味 乳酪 絲 52gx5 包組,80
MarinFood 起司 粒 原味 24g24g 包,10
亞培 葡勝納 SR 菁選 原味 加纖維禮盒 8 入禮盒 杏 一,10
亞 尼克 果子 工房 原味 生乳 捲 原 優惠價 5802021 蘋果,10
新東陽 原味 香鐵蛋 175g,70
阿罔姨 原味 年糕 0104,5
統一 多多 原味 300ml 瓶 300ml 瓶,900
VONO 醇 緻 原味 起司 濃湯 54g3 入,350
上好佳 原味 薯條 90g,10
嘉騰 小 舖 MuncherGreenPeas 青豆 原味,35
原味 蛋撻 2 顆 20221217z7xg8qm3,5
一次 取 海瑞 摃 丸 原味 豬肉 300g,110
紅龍 全熟 原味 雞排 15Kg100g10 塊 包,1120
千歲 原味 腐乳 220ml,5
QUAKER 桂格 原味 水解 雞精 68ml18 入送 5XB,280
原味 蛋撻 2 顆 20221229mh2kuhsz,5
原味 蛋撻 2 顆 20221221ihq2epij,5
秘覓 良品 原味 天使 生乳 燒 14gx12 個 盒,20
0441219 紅好 老公 手 作坊 原味 黑豆 茶 月 享組 30 包,5
原味 蛋撻 2 顆 20221209b2og4ele,5
原味 蛋撻 2 顆 20221211y1zmiu2h,5
米 提爾 甜蜜 禮盒 全 原味,15
和 風 麻 糬 原味,5
紅龍 食品 經典 原味 雞塊 1KGX2 袋 明星 商品,20
原味 蛋撻 2 顆 20221229y7ee41qt,5
安佳 原味 乳酪 250g 包 12 片 250g,255
龍味奇 原味 香 Q 糕 素食 智慧 糕素 米糕 素米 血 450g,20
原味 蛋撻 2 顆 20221214z7bc9qlb,5
西班牙 BirbaNuria0 無糖餅 乾 135g 原味,10
新東陽 原味 沙琪瑪 360g,45
Combos 冠寶 捲 心餅 482 原味 起司,35
有 發票 1KG 無 防腐 劑 原味 粉 粿 椰果 寒天 晶球 晶凍 黑,210
原味 蛋撻 2 顆 20221214zz95da1b,5
泰國 小 老板 海苔 棒棒 捲 4 盒組 原味 辣味 任選 9 支盒,155
好麗友 韓國 預感 洋芋片 64g 原味 起士洋 蔥 人氣 熱銷,10
皇宮 月亮 蝦餅 重量 級 原味 厚片 5 片起司 蝦餅 5 片 重量 級 原味,5
現貨免 運蝦幣 瓜瓜 園 地瓜 酥 原味 黑糖 地瓜 酥 地瓜,30
光泉 北海道 原味 起司片 210g14 片,155
有 顆梅 泰式 蜜餞 泰驚魂 50g 包魂魂 乾 甜蜜 原味 驚魂,30
原味 時代亞 麻仁 蔥油餅 低卡 高纖 膳食 纖維外 酥 內 軟蔥,70
原味 蛋撻 2 顆 20221211z9nzr7zo,5
原味 蛋撻 2 顆 20221220z2xgjmnh,5
所長 茶 葉蛋 原味 茶葉蛋 750g10 顆包,25
雪屋 原味,30
綜合組 摩斯 咖哩 原味 牛雞豬 6 任選 1 種聯夏免,10
知覺 優格 經典 優格 綜合組 原味 優格 3 入組 優格 飲 12 入,585
原味 蛋撻 2 顆 20221205b7ndt5tx,5
原味 蛋撻 2 顆 20221217y4mlosry,5
原味 蛋撻 2 顆 20221210mquuor6a,5
星月 手 作坊 花蓮 9 號 花生 醬生 酮 低溫 烘烤 原味 無糖 焦糖,5
筷子 肉乾 50 支入 蝦 皮團購 原味 起司 下 單請 標 註 要 的,170
原味 巡禮香 濃起 司球 60g,160
小 老板 海苔 棒棒 捲 12 盒箱 原味 辣味 BBQ 風味 任選 各,85
原味 蛋撻 2 顆 20221206y0gsg62x,5
美國 頂級 LAYS 洋芋片 原味,25
金門 天工 貢糖 人氣 貢糖 酥餅 2 包組豬 腳 原味 鹹 花生 花,35
原味 蛋撻 2 顆 20221218a7cgmshe,5
原味 蛋撻 2 顆 20221216y8djeswi,5
芝麻 墨香 糕 原味 統購 綠色 未來,150
大王 生鮮 素食 可食 原味 蛋餅 皮 30 片包 1800,10
嘉騰 小 舖 太國 捲 原味 單包裝 300 公克 600 公克,40
海產 教父 義美 原味 焙果 貝果 540g106 個袋,5
久久 津 原味 蘋果 米餅 鐵盒 6 盒組 16 片盒 附 提袋,10
原味 蛋撻 2 顆 20221222b2ogo39h,5
原味 蛋撻 2 顆 20221218b8jv0g5f,5
台灣 食品 崑 崎 原味 梅片 日式 梅片 代購 最愛團購 零食 點,5
千翔 肉 乾 原味 波可棒 PORKGOOD,45
原味 巡禮 芝麻 巧果,30
大溪 杏芳 食品 QQ 布朗 尼 一盒 12 入 原味 乳酪 球 各 一盒 32 入,10
原味 巡禮 老 滷 豆 干 大 沙茶,25
上好佳 原味 薯條 90g 愛買,110
分批 取蝦 味 先 原味 80g,145
萬歲 牌 開心果 420g 原味 蒜味 無 調味 口味 任選,600
原味 巡禮 老 滷 豆 干 麻辣 板條,5
家樂氏 二入 超值 組 香甜 玉米片 400g 原味 玉米片 35,5
美雅 宜蘭餅 宜蘭 三星 蔥古法 燒餅 原味 3 桶 組,10
原味 蛋撻 2 顆 20221204d4qfbe1l,5
清露 原味 燒酒 360ml,95
Zottis 原味 經典 優格 460g 組 460g115g4,10
喜年 來 原味 蛋 捲 禮盒 512g 送禮 推薦 年 節禮盒,470
LAMBWESTON 原味 細薯條 600g 馬 鈴薯 冷凍,10
原味 蛋撻 2 顆 20221202y4mk8ym5,5
比菲多 Q 果凍 原味,10
馬 修 嚴選 原味 優格 分享 號 G4 入無糖 無 添加 的 鮮乳 優格,95
原味 蛋撻 2 顆 20221212z4qkm7zh,5
Lindys100 原味 椰子 水 310mlx24 入,20
代收 代付 台畜 經典 原味 肉 鬆 1 包 500g 包愛買,40
亞 尼克 果子 工房 雙 捲 禮盒 原味 特黑 任選 10 件 組,20
紅龍 食品 經典 原味 雞塊 1KG 薯條 2KG 任選 X4 袋,5
大醇 豆 原味 豆漿 936ml 瓶 936ml,440
原味 蛋撻 2 顆 20221204z8hv3uyj,5
秘覓 良品 一口 千層 葡式 蛋塔 原味 165g,50
Zott 德國 原味 優格,285
鮮 奶油 乾酪 原味 150G 富華,70
原味 蛋撻 2 顆 20221207z6xoayqx,5
原味 蛋撻 2 顆 20221217p4tf95on,5
優格 美桶 裝優格 原味,3400
現貨雲林 特產純 手工 黃 金蒜片 原味 椒 鹽,355
嘴甜 甜 橡皮糖 原味 200 公克 包裝 糖果 系列 汽水 口味,30
原味 復 刻 BB 哨子 糖 120g,365
原味 蛋撻 2 顆 20221206z1txd9cb,5
原味 蛋撻 2 顆 20221214y3vx1fmj,5
原味 蛋撻 2 顆 20230117z7ome25w,5
頂 呱呱 原味 雞腿 MoMo101,1600
連城記 地瓜 酥 原味 140g,90
新東陽 原味 肉醬 3 入 160g 入,130
皇族 杏仁 餅 300gx1 盒 原味 12 入盒,90
Tommys 烘焙 美式 原味 鬆 餅 600g,155
羅 馬 生乳 包 原味 2 入 75gX2 入 9 盒,660
韓國 Enaak 小雞 麵 30 包盒 原味 16 克包,5
原味 時代 豆渣 牛奶 輕 吐司 1 袋 6 片手作 低糖 赤藻 醣 醇 豆渣,50
真夯 阿根廷 手 撕 魷 魚條 100gX5 包組 口味 任選 原味 麻辣,65
康寶鮮味 炒手 原味 素食 500Gx4 件 組 2 款 任選,180
台灣 農產 水果 冰棒 檸檬 原味 香 80 克 4 支盒,10
另有 原味 蛋塔券 單入,5
台灣森永 牛奶糖 袋裝 110gx1 入經典 原味,215
原味 巡禮 法式 夾心 薄片 香草 88g 盒,240
國姓 農會 原味 Q 梅超 優惠買 二送 一共 三包 280g,5
正心堂 甘藷 條 6 種 口味 原味 蔥辣 麻辣 香辣 雞排,20
亞 尼克 果子 工房 原味 生乳 捲 任選 10 件 組,100
6101010721 健酪 原味 PT580mL,55
康寶濃湯 自然 原味 火腿 玉米 2 包入,10
dalanMO 獨家 買 1 送 1 原味 經典馬賽 皂 300g 共 2,5
原味 巡禮 蜜汁 沙茶 100g 包,1410
百佳 龍泰 烘焙 坊 蝦 皮 限定 小巧 盒 皇家 原味 起士條 玫瑰,15
安佳 原味 乳酪 500g 包 24 片 500g,180
原味 蛋撻 2 顆 20221227z8ggh4qn,5
紅龍 冷凍 原味 雞塊 約 45 個 每包 1 公斤 裝大欣亨 B0020,255
和田 順 招牌 原味 鮮 奶酪 140g,85
百盛 喜葵 瓜子 原味,130
原味 蛋撻 2 顆 20221227b9ku83tu,5
原味 蛋撻 2 顆 20221222z4vcr394,5
Bio 細顆 粒 20mm 豆腐 貓砂 豆腐 砂 6Lx6 包 原味,10
盛香珍 原味 香 瓜子 3kg 重量 級量 販包淡 鹹 奶 香味,45
肯德基 1223 限定 原味 蛋撻 禮盒 上校 雞塊 即 享券,4270
原味 蛋撻 2 顆 20230117a7cgbvct,5
原味 巡禮 大溪 豆干大 沙茶 130g,1240
香港 美心 原味 雞 蛋卷 禮盒 15 件裝 210g,25
肯德基 原味 蛋撻 禮盒 上校 雞塊 即 享券,5365
阿罔姨 原味 年糕 1215,5
鈞 媽御 食堂 寶寶好 食 原味 寶寶 肉 鬆 150g 副食品,40
佳德 原味 鳳梨酥鳳 黃 酥 12 入雙 拼禮盒 商品 有效期 15 天,60
手信坊 手提 原味 鮮蛋 捲 鮮香濃,5
原味 蛋撻 2 顆,7065
原味 蛋撻 2 顆 20221220z4djaiot,5
原味 蛋撻 2 顆 20221210d4qfp9lh,5
義美 原味 芝麻 海苔 肉 鬆 3 入 175g 入 口味 任選,230
阿罔姨 原味 年糕 1212,15
原味 蛋撻 2 顆 20221222ihq2g9ke,5
原味 蛋撻 2 顆 20221203y4gxcv3j,5
原味 蛋撻 2 顆 20221219c0rjnfj2,5
早鳥 預購 季節 限定 草莓 乳酪 球 一盒 32 入 原味 乳酪 球,5
蝦幣 10 倍 送 我 超 便宜 台灣 三立 幼兒 米餅 原味 米餅,20
龍情 一口 軟 花生糖 原味,25
頂 呱呱 經典 原味 炸雞 MoMo102,100
巴特里 烘焙 坊 人氣 爆漿 餐包 原味 奶油 蒜味拉絲,45
阿嬤 的 珍藏 禮賀 珍藏 禮盒 D 款 夏威夷 原味 豆塔 x7 天堂 果,5
喜年 來 原味 蛋 捲 禮盒 2 盒組 512g 送禮 推薦 年 節禮盒,45
和 生御品 原味 綠豆 黃 16 入禮盒 宮廷 茶點 綠 豆糕 傳統 點心,10
品客 洋芋片 原味 洋蔥 披薩 起司 香辣 炭烤 BBQ 東京,195
甲上 生鮮 日式 和 風 原味 高湯 田園 彩蔬 野菜 玉子燒 100g,75
VONO 醇 緻 原味 起司 濃湯 4 入組,95
瓜瓜 園經典 地瓜 酥 150g 包 2 包 原味 黑糖,15
它 豆穌 朋 原味 泡 芙 121,5
羅 馬 聖誕 生乳 包 原味 90g9 個,360
FUNGO 原味 胡桃,30
NurturePRO 天然 密碼 豆腐 砂 6Lx6 包組 原味,25
原味 蛋撻 2 顆 20230113z2xgk56m,5
原味 蛋撻 2 顆 20221211b7jyvszb,5
戀愛午 茶 揉 揉 鬆 餅 粉 6 包組 120g 袋 經典 原味 可可,15
原味 蛋撻 2 顆 20221216z9vcwyhc,5
原味 蛋撻 2 顆 20221211ihq2a1cv,5
原味 蛋撻 2 顆 20221204z4jkc5yd,5
原味 蛋撻 2 顆 20221231z8uih7uz,5
埔里 農會 原味 素肉條 160gX1 包,20
原味 蛋撻 2 顆 20230108z3qgvci9,5
原味 巡禮 老 滷 豆 干 香 Q 豆絲 100g 包,805
家樂氏 原味 玉米片 200g,15
原味 蛋撻 2 顆 20221216z4cr947l,5
豐盛果 實大 象山 原味 烘培 核桃 亞 麻油 酸維生素 B 和 E 卵,5
AM 原味 小農鮮奶 中熱,1880
千千 進食 中 三盒 組 原味 奧 地利 皇家 起士 條起 司界 的 愛馬仕年,20
發票 現貨免 運青澤琪瑪 酥 200g 包 原味 蔥 蒜 黑,10
龍泰 創意 烘培 奧 地利 皇家 起士條 原味 48 入盒,50
原味 蛋撻 2 顆 20221226y4rc1924,5
草本 茶 原味 蜜 薑 覆盆子 3600 免運滿,5
原味 蛋撻 2 顆 20221209a7cgx47j,5
原味 蛋撻 2 顆 20221221y0vz8ngv,5
日本 進口 兵戶 味 磳 原味,10
星球 工坊 原味 鑽石 爆米花 110g,50
味王 王子 麵 5 入 原味,410
原味 蛋撻 2 顆 20221224c0rjjzbd,5
中祥 地瓜 酥 原味 1226,10
冠寶 原味 起士 捲 心餅 482g,3095
冷凍 迷你 鬆 餅 原味 每包 500 公克 裝約 55 顆團 購熱 銷商,20
原味 蛋撻 2 顆 20221207mh2kx2w8,5
原味 蛋撻 2 顆 20221214z2xgnpr0,5
原味 蛋撻 2 顆 20221214b8jvjv8l,5
分批 取 WeSweet 法式 經典 原味 千層 150g2 入,50
大眼 蝦 x 飛燕煉 乳聯名 系列 煉乳卡力 2 件 組 原味 煉乳 30,5
紅龍 原味 搖搖雞球 500g 包,15
茂格 生機 原味 胡桃 山核桃 120g600g 低溫 烘,5
現貨 日本 原裝 Magicsalt 香草 調味 鹽 原味 蒜味,5
奧 地利 皇家 起士條 原味 48 入盒 龍泰 創意 烘培,35
原味 蛋撻 2 顆 20221219bf8tk689,5
原味 蛋撻 2 顆 20221203z1txyq9f,5
原味 蛋撻 2 顆 20221208z3pe0dlr,5
英記 餅家 原味 蛋卷 165g 盒年 節禮盒,20
卡賀 沙琪瑪 原味 黑糖 600 公克,20
好 運來家 傳蘿 蔔 糕 原味 蘿 蔔 糕 4 包 港式 蘿 蔔 糕 油蔥 蘿 蔔 糕,5
美國 原裝 Lays 洋芋片 原味,10
家樂氏 Kelloggs 週期購 原味 玉米片 350gx4 入,10
原味 蛋撻 2 顆 20221219a9tyywop,5
一品夫人 活力 原味 鍋 8L,25
臻 御行 特大 腰果 堅果 320g 三罐 組七種 口味 任選 原味,30
海瑞 摃 丸 新竹 貢丸 600g 任選 4 包 原味 香菇,330
阿罔姨 原味 年糕 1,20
胖子 肉 鬆 原味 軟 Q 肉乾 超值 分享 包,5
KRAFT 卡夫 起司片 原味 24 片 500g500g,160
原味 蛋撻 2 顆 20221221z2zevqi9,5
UCC 買 2 送 23 合 1 珈 琲 炭燒 拿 鐵 原味 拿鐵共 4 盒 1,45
美國 泡泡 先生 MrBubble 泡泡浴 原味 16oz,15
原味 蛋撻 2 顆 20221217z3gh5xef,5
清清 琉球 寶 烘焙 麻花 捲 200g 原味 煉乳青蔥 胡椒 焦糖,130
食尚 三味 特飽仁 自然 開開 心果 奶香 原味 200g500g,35
原味 蛋撻 2 顆 20221207z6xorajg,5
桂格 原味 水解 雞精 68ml18 入 x6 盒 共 108 入,10
糖鼎 原味 黑 糖茶 磚 x1 包 17gx20 顆包,10
大成 食品 拆袋 即食 嫩 雞 胸肉 經典 原味 蒜 辣油 蔥,295
嚴選 SHOP 寒天 晶球 荔枝 芒果 晶凍 原味 晶球 寒天 珍,225
原味 時代減 醣 奶油 香蒜 貝果顆,75
原味 乳酪 球 6 入杏芳 食品 本 商品 不 附紙袋 或 提袋,5
低溫 烘焙 原味 腰果 蘊含 獨特 牛奶 香氣 保留 完整 原豆 營養,790
大江 生鮮 美國 進口 帶 皮馬鈴薯 楔型 薯條 原味 辣味 1k,30
龍泰 創意 烘焙 千千 進食 中 三盒 組 原味 奧 地利 皇家 起士條,20
鴻 鼎 菓 子 熊蓋旺 禮盒 伴手 禮禮盒 經典 原味 曲奇 餅 法式 巧克,20
亞邦 百貨 咔哩 咔哩 棒 香葱 麻椒 微酸 冰棒 經典 原味 13,5
韓味 不二 Binggrae 螃蟹 餅乾 70g 原味 超過 4,5
老師 傅年 貨首選 原味 寸棗 年貨 160 克 一包,90
滿 天星 原味 量 販袋 40gx4 包袋 大潤發,5
水根肉 乾海陸 獨享 任選 4 包組 台味青 花椒 原味 魷魚 絲炭,25
Glico 格力 高 杏仁 果飲 4 入 原味,50
頂 呱呱 經典 炸雞餐 MoMo301 原味 炸雞 2 塊 地瓜 薯條,80
優龍 ACECrown 原味 牛奶 竹鹽 蘇打 優格 夾心 起,5
ChezRenee 原味 醇厚 黑巧 香蒜 法式 奶酥 醬 3 入裝,5
經典 原味 起司 塔 20221208f5zssz9v,5
ibobomi 乳酸菌 優格點 心 16g 草莓 藍莓 原味 蘋,415
即期 品 大地 之愛 Kiwigarden 優格餅 優格餅 原味,5
3 個 原味 3 個巧克,5
原味 巡禮 老 滷 豆 干 大豆 丁,10
星球 工坊 MagiPlanet 原味 鑽石 爆米花 110g,105
卜蜂 原味 雞塊 重組 700g,10
原味 蛋撻 2 顆 20221230z4vc34dj,5
味王 小王子 麵 原味 減鹽 20 入包,100
奇華 精裝 原味 蛋 捲 香港 版 400g 盒,80
洪瑞珍 原味 花生 酥糖 0117,10
原味 蛋撻 2 顆 20221202z0ftjx04,5
3 點 一刻 二合一 奶茶 5 入 原味,1140
糧匠 優 蛋白 餅乾 系列 燕麥 蛋白 餅起司 原味 口味 70g 盒,40
清清 琉球 寶 烘焙 麻花 捲 200g 任選 4 包 原味 煉乳青蔥,45
佳德 原味 鳳梨 酥 禮盒 20 入 台北 排隊 名店 首選伴 手禮 年,5
自然 甜 堅果 原味 胡桃 美國 胡桃 原箱 進口 純素,55
原味 蛋撻 2 顆 20221221z2tndy1u,5
品客 53g 原味 加購 滿額 贈 商品,75
龍泰 創意 烘焙 91 組 原味 奧 地利 皇家 起士條 48 入盒,10
TS40 小杯 經典 冰淇淋 不 含 原味 脆,20
原味 蛋撻 2 顆 20230114y3pz83b8,5
肯德基 2 塊 青 花椒 香麻脆 雞 中份 香 酥脆 薯 原味 蛋撻 中杯 冰,105
兌換 一盒 全部 原味 其,5
原味 蛋撻 2 顆 20230213o5dg46e3,5
一品 花雕 雞 花雕 雞 原味 x1 份,25
無青澤琪瑪 酥 原味,60
波士 多康元 原味 葡萄 餅 3000g 業務用 Miss,5
代收 代付 嘉騰 小 舖 義益 地瓜 酥 原味 素食 600 公,25
原味 蛋撻 2 顆 20230127b8jv1vmi,5
原味 蛋撻 2 顆 20230212z4jkvxl5,5
快車 肉 乾 H120 純 蒟 蒻 條 原味 三種 口味 超值 分享,120
中祥 地瓜 酥 原味 1228,5
蘇老爺 經典 原味 花生 麥芽 糖 3 層 450g10g 盒,5
原味 蛋撻 2 顆 20230226z0zz348l,5
原味 蛋撻 2 顆 20221206z1mhmpji,5
嘉騰 小 舖 聯華 迪化 148 開心果 原味 蒜味 原萬歲 牌 20,25
北海道 原味 起司球 150g 包 150g,150
原味 蛋撻 2 顆 20221204mebd2vhg,5
原味 蛋撻 2 顆 20230111z7vt2tsw,5
原味 開心果 300g 包東港 現貨 快速 出貨 零食 伴手,15
集賢庇護 工場 原味 天然 洋芋 卷純素,15
大眼 蝦 x 飛燕煉 乳 原味 煉乳卡力 300g 罐,95
秘覓 良品 一口 千層 葡式 蛋塔 原味 165gx9 入,30
原味 蛋撻 2 顆 20221216z4crwaf3,5
原味 蛋撻 2 顆 20221206y0gszked,5
現貨 蘇澳 冷泉 名產 傳統 鄉親 牛舌 餅 原味 黑糖 牛奶,65
佳德 原味 鳳梨 酥 禮盒 12 入共 6 盒 台北 排隊 名店 首選伴,20
里仁 原味 海帶 芽 100g,135
原味 蛋撻 2 顆 20221225y8djo9tc,5
好麗友 預感香 烤 洋芋片 64g 任選 原味 起司 洋蔥,375
藥舒立 效喉 錠紅 原味,10
澳洲 THINS 洋芋片 海鹽 原味 口味 175g901,5
奧 地利 皇家 起士條 原味 48 入盒 龍泰 創意 烘焙,190
原味 蛋撻 2 顆 20230110b0ajtuq9,5
佳德 原味 鳳梨酥鳳 黃 酥 12 入雙 拼禮盒 共 2 盒 台北 排隊,50
嘉騰 小 舖 原味 卡里 香派 派 300 公克 600 公克,15
郭 金山 原味 花生 酥袋裝 365g,50
雅瑪珂味 付半切 海苔 20 枚 原味 30g,10
分批 取廣吉 原味 葡萄 餅 312 公克 26gx12 包,30
甜園 法式 純 手工 杏仁 果牛 軋 糖 150gx1 包 原味 美國,50
原味 蛋撻 2 顆 20230110z6xo3vzh,5
享溫馨 原味 滴雞 精 1 包 51 元此 商品 為 加購 商品 限購 1 包,55
代收 代付 嘉騰 小 舖 原味 卡里 香派 派 300 公克,5
肯德基 8 塊 上校 雞塊 小份 香 酥脆 薯 2 顆 原味 蛋撻 即 享券,60
原味 蛋撻 2 顆 20230122alibnseb,5
頂 呱呱 經典 原味 對 翅 3MoMo426 雙 12 特談 優惠,80
舜興 原味 貢丸 500g,20
上 野物 產年 菜 任選批 發用 素食 原味 蛋餅 皮 x1 包共,5
中秋 送禮 嘉義名 產老 楊 原味 方塊 酥 540 克 手提 盒,5
肯德基 啦 雞腿堡 1 顆 原味 蛋撻 小杯 七喜 即 享券,20
原味 蛋撻 2 顆 20221208a8tvpncu,5
原味 蛋撻 2 顆 20221214y8gfkznm,5
原味 蛋撻 2 顆 20221215z7ombfky,5
宅盒 美食村 原味 台式 馬 卡龍,5
手信坊 原味 鳳梨 酥 10 入土 鳳梨 酥 10 入 名品 精選,5
原味 蛋撻 2 顆 20221214z4qk88uu,5
原味 蛋撻 2 顆 20221206y1lcpy5c,5
經典 原味 起司 塔 20230122f5zsybbw,5
原味 蛋撻 2 顆 20230225a4axdp7b,5
原味 時代現 貨低 醣 千張 餃千張 餃 口味 任選下 單請 看 商品 描,230
食尚 達 人 台式 經典 粉 肝 4 件 組 原味 麻油 蒜味 香辣,5
原味 蛋撻 2 顆 20230208x0rkrcv8,5
原味 蛋撻 2 顆 20230225z3iz3p3u,5
和 生御品 原味 綠豆 黃 10 入禮盒 宮廷 茶點 綠 豆糕 傳統 點心,50
韓國 火辣 雞 Rose 辣 奶油 12 辣 奶油 白醬 原味 起司,140
臻 御行 核桃 三種 口味 250g 原味 蜜汁 楓糖,205
九州 鬆 餅 粉 七 穀 原味 3 入組 即期 品 效期 230202,5
免運附 發票 蜂巢 薄餅 法式 薄餅 隱藏 排隊 美食 原味 可,70
原味 蛋撻 2 顆 20221217a7cg38lg,5
原味 蛋撻 2 顆 20230222c0rjwts3,5
聯國 食品 原味 梅片 15g,5
原味 蛋撻 2 顆 20221218y4gxdoua,5
原味 蛋撻 2 顆 20221217y4mk3vvo,5
代收 代付 富統 食品 原味 香腸 600g 約 9 條,20
原味 蛋撻 2 顆 20221217z4jk4jt1,5
台灣 現貨 寒天 晶球 荔枝 芒果 晶凍 原味 晶球 寒天 珍珠,35
分批 取牛頭牌 原味 高湯 雞汁 口味 411ml,65
廣吉 原味 葡萄 餅 312g26g12 包,5
中祥 地瓜 酥 原味 1229,5
美好 人生 稻鴨米餅 系列 75g 有機 原味 黃 金 地瓜 菠,25
紅龍 經典 原味 雞塊 500gx2 包,55
自然 甜 堅果 原味 爆 薏仁 無油 無鹽 無糖 寶寶 副食品 不,80
佳德 原味 鳳梨 酥 禮盒 12 入盒,30
萬歲 牌 原味 珍珠 開心果 140g,10
原味 蛋撻 2 顆 20230107z7om4pth,5
莊記 綠豆 鑽 冰棒 任選 6 盒 原味 牛奶 450g5 支盒,10
原味 時代貝禮詩 奶酒 貝果 3 顆減 醣 貝果 低糖 低油 赤藻 醣,40
原味 蛋撻 2 顆 20230123z7ehb6i2,5
原味 蛋撻 2 顆 20221219y7pfl52x,5
Zotttis 原味 優格 4,10
京紅 原味 冷凍滴 雞 精 20 入 2 盒禮盒 組,60
所長 茶 葉蛋 原味 鐵蛋 6 入 官方 旗艦店 台南 伴手 禮台灣,10
洽洽 風味 瓜子 原味 焦糖 葵珍海 鹽椒麻 口味 任選,85
阿罔姨 原味 年糕 0115,15
原味 蛋撻 2 顆 20221224z7bc3e8b,5
中祥 地瓜 酥 原味 70g,360
立頓 香醇 豆奶 紅茶 19gx15 入 x3 袋 原味,25
原味 蛋撻 2 顆 20221208z7ni3pjc,5
原味 蛋撻 2 顆 20221219z7prcg3o,5
水根肉 乾 即期 品獨享 包圓燒 系列 原味 檸檬 效期 202,20
原味 蛋撻 2 顆 20221218z4vcqzk2,5
鴻鼎子 經典 原味 曲奇 餅 2 件 組約 385g 鐵盒 淨 125g,50
原味 雪貝單 16oz,10
老 楊經典 方塊 酥 300gx1 罐 口味 任選 經典 原味 黑胡椒 鹹,165
原味 蛋撻 2 顆 20230228y8qw6vbe,5
紅龍 原味 酥脆 去 骨 雞 腿 排 5 片袋,20
千翔 肉 乾 原味 蜜汁 波可棒 PORKGOOD240g 分享,10
原味 蛋撻 2 顆 20230222z2tn8jom,5
原味 蛋撻 2 顆 20230226z4jk4yd6,5
康寶 自然 原味 濃湯 系列 1 件 2 入 口味 任選 347g56,495
桂格 原味 水解 雞精 68ml18 入 x1 盒加碼 送 5XB 群 2,105
ChezRenee 原味 金沙 雪絨 草莓 法式 奶酥 醬 3 入裝,5
臻 御行 特大 腰果 堅果 320g 兩罐 組多種 口味 任選 原味,205
福記 日式 豆干 原味 152g,50
臻 御行 原味 南杏片 300g,120
亞培任 選 原味 加纖維 香草 葡勝納 SR 菁 選即 飲 配方 200,200
原味 時代 手工 窯 烤 披薩 花椰菜 米 夏威夷 6 吋 披薩 pizza,5
原味 蛋撻 2 顆 20230106z1jpfzin,5
原味 時代 鹹 蛋 黃 金莎 奶酥 貝果 5 入減 醣 貝果 低糖 低 醣 低,5
麴 醇堂 原味 馬 格利 酒 0213,15
原味 蛋撻 2 顆 20230114y4rcg2ha,5
原味 蛋撻 2 顆 20230215z7pwsks3,5
原味 蛋撻 2 顆 20230219z2vy5hue,5
原味 蛋撻 2 顆 20230201z7bcvglt,5
原味 蛋撻 2 顆 20230215z6akisqx,5
原味 蛋撻 2 顆 20230217z4djyxt0,5
原味 蛋撻 2 顆 20230209z7om6vxy,5
原味 蛋撻 2 顆 20221204g4br8l9e,5
原味 蛋撻 2 顆 20230112b7ndm7h3,5
原味 蛋撻 2 顆 20230112z7gj2rj7,5
鴻 鼎 菓 子 熊蓋 大方 禮盒 繽紛 三色 小包 裝經典 原味 海鹽 咖啡,5
喜躍 PartyMix 經典 原味 香酥 餅 60g8 包,25
老味 舖 卡吱哩 原味 甜 350 公克 350 公克,65
美味 田 黑芝麻 糕 250gx10 包 原味 杏仁 奇亞籽 綜合,20
原味 蛋撻 2 顆 20230102a8udfmid,5
正點 原味 咔 啦 雞 腿 10 片包 卡拉 早餐 食材 DIY 美食,5
阿嬤 的 珍藏 低溫 綜合塔 A 款盒 阿嬤小塔 綜合款 原味 夏威,5
丹尼 船長 米 米 花 明星 口味 組 100gx4 包 焦糖 原味 海藻 糖,210
原味 時代獨 創輕卡 豆渣 厚雞塊 500g1 包現貨,5
京紅 原味 冷凍滴 雞 精 20 入禮盒 組,35
立頓 奶茶 粉 20gx10 入 x3 盒 原味,5
原味 蛋撻 2 顆 20230201a9tyne9c,5
原味 蛋撻 2 顆 20230212z7bco47e,5
免運龍情 一口 軟 花生糖 優惠組 綜合 6 包 原味 6 包,5
洪瑞珍 原味 花生 酥糖 0208,5
原味 蛋撻 2 顆 20230214z5njxi0z,5
原味 蛋撻 2 顆 20230221b0ajayj8,5
原味 蛋撻 2 顆 20230224b3ixcm1u,5
自然 甜 堅果 原味 烘焙 杏仁 果特級 美國 Nonpareil 品,30
品客 保溫杯 組 口味 任選 洋芋片 8 入 x53g 洋蔥 原味,130
中祥 地瓜 酥 原味 0105,10
原味 蛋撻 2 顆 20230121z7pwbr7i,5
統一 原味 本 舖 牛奶 花生 CAN255g24 入 巷弄 間 懷念 的,5
原味 蛋撻 2 顆 20230207z2zeism7,5
上下游 原味 情人 果乾 大包 裝,110
低溫 素燒 原味 腰果 300 克 600 克 天天 鮮作,1055
原味 巡禮 老 滷 豆 干 滷 肉 珍味,20
美食 控必 吃 厚 燒玉子燒 原味,5
原味 蛋撻 2 顆 20221229z2zei64c,5
康寶 自然 原味 濃湯 系列 1 件 2 入 13 款 口味 任選 347g,1180
原味 蛋撻 2 顆 20230208b7jywqav,5
原味 蛋撻 2 顆 20230216z2xg246h,5
原味 蛋撻 2 顆 20230122z4svsjp6,5
即期 品好麗友 預感香 烤 洋芋片 64g 任選 原味 起司 洋蔥,265
yourwant 優兒網 3 號 原味 奶嘴 早產 新生 兒安撫 奶嘴,35
氣炸 推薦 紅龍炸 雞 翅 原味 10 支 250 有,5
PASCUAL 原味 優格 125G,35
原味 夏威夷 果 140G140G 罐,15
Maxim 原味 咖啡 20 入 236g,5
P0375 小華堡 原味 辣味 雞塊 4pcs 可樂 小,280
原味 蛋撻 2 顆 20230213y4gxzmmu,5
原味 蛋撻 2 顆 20230128mh2kudlo,5
MAMEE 小怪 獸 洋芋片 100gBBQ 原味 起司 紫薯,490
停不下 來 的 喀滋聲 高雄 甲仙 地區 農會 鮮芋 條芋 My 軋 原味,20
樂事 美國 經典 原味,10
滿額 免運現 貨梅餅 系列 好運果 原味 8 入 組古 早味,15
新東陽 炙 燒小香腸 獨立 分享 包 2 入 5 包 原味 mini 一口 煙,5
三點 一刻 x 蝦皮 聯名 經典 奶茶 派 對 包 原味 炭燒 含 珍珠 蝦皮,80
巧益 書 包型 原味 優格 蒟 蒻 凍 一口 吸 蒟 蒻 凍 擠 壓式 口袋 型果,5
戀愛午 茶 揉 揉 鬆 餅 粉 120g 袋 經典 原味 可可 風味任,50
原味 蛋撻 2 顆 20230211sg1csu2g,5
原味 蛋撻 2 顆 20230219y6en7xpt,5
原味 蛋撻 2 顆 20221212a8tv9kns,5
千千 進食 中 三盒 組 原味 奧 地利 皇家 起士 條起 司界 的 愛馬仕龍,5
現貨 烤 不 爆 麻 糬 餡 1kg 原味 黑糖 頁 面內 有 食譜,15
正太 藥行 生熟 原味 鹹 味 夏威夷 果 火山 豆 低溫 烘焙,5
原味 起司 筷子 肉乾 50 支入 蝦 皮團購 原味 起司 下 單請,105
梅問 屋 原味 無籽 Q 梅盒裝 110g1 盒,60
原味 蛋撻 2 顆 20230225a8tvi36h,5
阿薩姆 奶茶 300ML6 入 原味 蘋果 佳瑪,20
任海肉 管家 陳 家 新竹 原味 貢丸 1 包 每包 約 300g10,5
帆船 牌古 早味 系列 原味 肉燥 300G,10
原味 蛋撻 2 顆 20230218z2zetsr9,5
原味 蛋撻 2 顆 20230224a8tvt9c6,5
原味 時代 鹹 蛋 黃 金莎 奶酥 貝果 3 入減 醣 貝果 低糖 低 醣 低,30
原味 蛋撻 2 顆 20230206z2oh6tj9,5
鱘小寶手 撕 魷 魚條 原味 100g8 包美鳳 有 約 推薦,10
原味 蛋撻 2 顆 20221218z3xi8n1q,5
GC 法式 烘焙 原味 可頌顆 Gontrancherri,5
嘉騰 小 舖 特濃 原味 乳酪 絲 100 公克,5
原味 蛋撻 2 顆 20230105y4gxiutq,5
免運附 發票 聯華 可樂果 48g 原味 酷辣 鹽味九層 塔,25
家樂氏 Kelloggs 原味 玉米片 350gx1 盒,80
大拇指 原味 蛋 捲 60g4,5
原味 蛋撻 2 顆 20230227a0djxdr8,5
麴 醇堂 原味 馬 格利 酒 0214,10
炳 叔 烤 玉米 超人 氣網路 團購 珍珠 烤 玉米 巨無霸 原味 綜合,25
十間 店 原味 紅燒 鴨 翅 220g33 隻 包吮 指 回味,5
原味 蛋撻 2 顆 20230204d4qfuh3m,5
金門 高坑 原味 牛肉乾 170G 愛買,65
ChezRenxE9e 原味 法式 奶酥 醬組 合口味,5
原味 蛋撻 2 顆 20230222y8gfshgi,5
團福茂 原味 貢丸 250g3,70
馬 修 嚴選 原味 優格 分享 號 K3 入無糖 無 添加 的 鮮乳 優格,55
杏 鮑菇 原味,10
免運現 貨附 發票 田中 一品 名卡薄 燒伴 手禮 原味 芝麻,35
原味 蛋撻 2 顆 20221216a1lny62j,5
佳德 原味 鳳梨 酥 禮盒 12 入 台北 排隊 名店 首選伴 手禮,35
亞 尼克 生乳 捲 12cm 雙 捲 禮盒 茶 拿 鐵 布丁 原味 單盒 兩,5
光泉 原味 鮮豆漿 320mlx24 入箱,10
原味 蛋撻 2 顆 20221216z6oyt34v,5
原味 蛋撻 2 顆 20221202l650e3gu,5
原味 蛋撻 2 顆 20221210z8nplh2j,5
原味 蛋撻 2 顆 20221215d4qfkmzu,5
禾坊 藥局 郭老師 米餅 原味 糙米 紅藜 麥紫米 綜 合口味 5,5
康寶濃湯 自然 原味 川式 酸辣 2 包入,15
京紅 原味 冷凍滴 雞 精 10 入禮盒 組,5
嚴選 SHOP 惠 昇 貝妮 三合一 調味粉 1kg 包 原味 奶,5
原味 巡禮 香濃 奶酥 180g,275
原味 蛋撻 2 顆 20230109z4tjqk48,5
澳洲 MA 帶殼 夏威夷 火山 豆 原味 225g 有效 日期,30
薌園 原味 老 薑 母茶 濃郁 嗆 辣 10gX18 入 X1 袋,25
一次 取鄉 嫩 雞塊 原味 700g,45
原味 時代 奶油 香蒜 貝果 3 入手 作 豆渣 貝果 天然 食材 低糖,50
瑪詩琳代購 美國 LAYS 原味 洋芋片 4252 公克,5
享吃 美味 原味 辣味 煙 燻 無骨鳳 爪 任選 4 件 組 200g1,25
原味 蛋撻 2 顆 20230204b7jyq50t,5
原味 蛋撻 2 顆 20230217y7pfdtd7,5
豆穌 朋 原味 泡,10
韓國 SH 海豹 君 海苔 12 入 48g 任選 原味 辣味 商品 效,40
康寶濃湯 自然 原味 雞蓉 玉米 2 包入,5
即期 韓國 艾唯倪 ivenet 原味 波菜 甜薯 大米 餅 30g 包,15
原味 蛋撻 2 顆 20230226z4qk4lz7,5
茂格生 機高 鈣 特濃 乳酪 絲 70g 袋 原味 乳酪 絲,25
蘋果 市集 印尼 Indomie 營多 炒 麵 原味 85g 包 4,5
買 12 送 1 集賢庇護 工場 原味 洋芋片 50g 包超商,5
香港 美心 官方 直營 精 緻 原味 雞 蛋卷 禮盒 58gx36 條年,315
法國 STMICHEL 原味 瑪德蓮,5
原味 時代海 鹽 焦糖 乳酪 貝果 3 入奶素 豆渣 貝果減 醣 手作,95
愛上 美味 煙 燻 無骨鳳 爪 8 包 200g 包 原味 微辣,10
阿罔姨 原味 年糕 0111,5
Maxim 原味 咖啡 100 入 1180g,10
桂格 原味 水解 雞精 68ml18 入 x1 盒 共 18 入,65
原味 時代人氣 綜合雲朵 HO 醬 吐司 3 口味 任選 看 商品 描述,5
原味 蛋撻 2 顆 20230113b4reebav,5
原味 時代青醬 野菇 起司 貝果 3 入 豆渣 貝果減 醣 手作 低糖,25
原味 時代蜜 香 無 花果 乳酪 貝果 3 入減 醣 貝果 奶素 低糖 低,25
肯德基 4 塊 青 花椒 香麻脆 雞 2 顆 原味 蛋撻 2 杯中 杯冰立 頓檸,5
京紅 原味 常溫 鱸魚 精 15 入 1 禮盒 禮盒 組,5
原味 巡禮 老 滷 豆 干 100g 包 大板 條,5
海產 教父 素食 原味 蛋餅 皮 1800g30 片 包蔥,5
臻 御行 巴西 豆二種 口味 150g 原味 薄鹽,15
蒜 你 黝黑 黃 金蒜片 80g 袋 任選 口味 原味 椒 鹽 辛辣,65
自然 本 舖 手手 作鮮 泡菜 原味,5
台灣 農產 水果 冰棒 楊桃 原味 香 80 克 4 支盒,5
原味 蛋撻 2 顆 20230225ihq2qdec,5
簡單點 優酪 乳 1750ml 原味,165
原味 小餐 包 36 入 八德 1000g9 包,15
即期 品 Combos 冠寶 原味 起士 箱購 482g18 入,5
原味 蛋撻 2 顆 20230222uncmnhfz,5
領取 2 盒 原味 蛋塔,5
氣炸鍋 推薦 紅龍 雞腿堡 原味 辣味,5
原味 蛋撻 2 顆 20221212a5mxt0f0,5
原味 蛋撻 2 顆 20230219b0ajoht5,5
正福堂 香港 黑糖 桃酥 原味 桃酥 任選 175g 入,10
大成 經典 原味 雞 胸肉 90g 包 30 入組 大成 食品 效,25
酷聖石 COLDSTONE 小杯 經典 冰淇淋 含 原味 脆餅,5
代收 代付 中祥 地瓜 酥 原味 70g 愛買,5
一次 取 VONO 醇 緻 原味 起司 濃湯 54g3 入,40
原味 蛋撻 2 顆 20230217ihq2kql8,5
EASIYO 希臘 優格粉 原味 1,5
原味 蛋撻 2 顆 20230216y6entyww,5
原味 蛋撻 2 顆 20230219z4tj7dmh,5
大嬸婆 客家 老 滷 原味 骰子 豆干 4 件 組 300g 包,5
乖寶親 子育兒 開團 限定 滿 1000 加贈 鱸薯 叔 原味,5
小 浣熊 零 油脂 烤 海苔 5gx10 片 包醬燒 原味,15
原味 蛋撻 2 顆 20230123z1zfeku9,5
客家 原味 年糕 紅豆 年糕 300 公克 520 公克,10
家樂氏 SpecialK 系列 任選 賣場 三款 可選 原味 草,55
新東陽 原味 鮪 魚片 3 入 150g 入,5
原味 蛋撻 2 顆 20230210a8udlpc3,5
2 美國 加州 原裝 開心果 原味,35
現貨 日本 沖 繩 珍品 堂金楚 糕 小袋 6 入 13 入 原味,20
原味 蛋撻 2 顆 20230204z6akq5qk,5
原味 蛋撻 2 顆 20230206y3pz512s,5
原味 蛋撻 2 顆 20230218z2ze0h8f,5
LINE 秘密 賣場 馬 修 嚴選 原味 優格 分享 號 K3 入無糖,20
分批 取勇伯 地瓜 酥 原味 250g,30
原味 蛋撻 2 顆 20221208uf3qauku,5
N011728953 馬 修 嚴選 原味 優格 分享 號 G2 入季,10
高坑 肉 乾 牛肉乾 3 入組 高粱 辣味 2 原味 1,5
阿罔姨 原味 年糕 1230,5
原味 蛋撻 2 顆 20230211l650efan,5
原味 蛋撻 2 顆 20230212z4vc4kub,5
卡 啦 雞 丁 原味 辣味 1kg 裝瑞麟 美而美 重組,5
漢正軒 原味 五 穀 黑米 紅 麴 鹹 酥 鍋粑 200g 包,15
肯德基 啦 雞腿堡 原味 蛋撻 雙色 轉轉 QQ 球即 享券,25
原味 蛋撻 2 顆 20230422z7pwlks1,5
原味 蛋撻 2 顆 20230213a8tv3t0o,5
原味 蛋撻 2 顆 20230210z3qiv1xu,5
原味 蛋撻 2 顆 20230213y4rcdjsn,5
蝦 皮代開 發票 MissKate 原味 葡萄 餅乾,10
肯德基 原味 蛋撻 禮盒 6 入即 享券,3395
熱銷款 MBBABY 萌寶寶 大米 餅 原味 紫 地瓜 菠菜,35
BEBEFOOD 寶寶福德 起司 優格 豆豆 起司 原味 起司 蘋果,20
原味 蛋撻 2 顆 20230421z8hv4k14,5
紅龍 食品 原味 辣味 麥多 雞球 1KGX2 袋 任選 2 袋,5
賣場 低消 199 元 日本 進口 龜田幼兒 米果 米餅 53g 原味,15
麴 醇堂 原味 馬 格利 酒 0308,5
嘉騰 小 舖 味王 小王子 麵 原味 羅 勒 香椿 岩燒海 苔原 味,65
原味 時代 紫心 地瓜 貝果 3 入減 醣 貝果 全素 天然 食材 低糖,10
雙 口味 太陽餅 太陽餅 如邑堂 中秋 禮盒 原味 玫瑰 起士,75
原味 蛋撻 2 顆 20230305ihq2f83i,5
原味 蛋撻 2 顆 20230116y7ijtpws,5
頂 呱呱 無敵 烤 腿 餐 MoMo305 原味 無敵 烤 腿 甜甜 包地,10
肯德基 12 限搶青 花椒 香麻 啦 雞腿堡 原味 蛋撻 中份 香,195
甲上 生鮮 素食 原味 蛋餅 皮 30 片包 1800g10,15
台中 犂 記經典 原味 綠豆 椪 純 豆沙 年節 預購 202301,10
純新 milk17 皇冠 原味 牛奶 棒 300g 創始 品牌,15
嘉騰 小 舖 比菲多 益生菌 小 Q 果凍 原味 葡萄 600 公,20
原味 蛋撻 2 顆 20230213y7ee2ri0,5
原味 蛋撻 2 顆 20230423z2zebwpr,5
即期 品 EasiYo 即期 品紐 西蘭 優格粉 任選 原味 香草,120
原味 蛋撻 2 顆 20230405g5sd0szi,5
原味 蛋撻 2 顆 20230411b3ixfq6y,5
原味 蛋撻 2 顆 20230412g4brtfei,5
吉時 饌 統一 原味 本 舖 八寶粥 牛奶 花生 即期 品,5
原味 蛋撻 2 顆 20230218z7bca8uf,5
原味 蛋撻 2 顆 20230310a6lzy4iu,5
家樂氏 Kelloggs 原味 玉米片 350gx3 盒,50
冷凍 原味 馬 拉 糕 每顆 50 公克 20 入 每包 1000 公克 大,10
原味 巡禮 蜜汁 沙茶 100g 包,5
原味 蛋撻 2 顆 20221205y4gxpd0w,5
分批 取中祥 地瓜 酥 原味 70g,115
肯德基 8 塊 上校 雞塊 2 顆 原味 蛋撻 小杯 百事 可樂 即 享券,30
小 浣熊 零 油脂 烤 海苔 10 片包 綜合 x6 包 原味 3,10
饗福 月亮 蝦餅 240g 任選 4 包 原味 咖哩 櫻花 蝦 花枝,75
原味 蛋撻 2 顆 20230219y7ijp2tp,5
即期 品 Combos 冠寶 原味 起士 482g,100
原味 蛋撻 2 顆 20230204y7ee6q2d,5
原味 時代 草莓 乳酪 貝果 3 入季節 限定 減 醣 貝果 奶素 低 醣,120
頂 呱呱 明星 呱呱 餐 MoMo303 呱呱 包 原味 雞腿 地瓜 薯,290
康寶鮮味 炒手 500Gx4 入組 原味 素食 兩款 任選,5
一次 取卡迪 那 95 甜心 地瓜 條 原味 18gx5 入,50
分批 取康 寶濃湯 自然 原味 川式 酸辣 502gx2 入,40
麴 醇堂 原味 馬 格利 酒 0212,10
原味 蛋撻 2 顆 20230422z4jkk9qw,5
原味 蛋撻 2 顆 20230422a7cgc6jk,5
肯德基 417 限搶 原味 蛋撻 禮盒 QQ 球好 禮即 享券,1575
家樂氏 Kelloggs 原味 玉米片 350g 官方 直營,20
原味 蛋撻 2 顆 20230220b2oggxw8,5
原味 時代減 醣 料理 日式 蔥 鹽 燒雞 3 包現貨 快速 出貨,15
中祥 地瓜 酥 原味 70g 愛買,10
原味 蛋撻 2 顆 20230203b3ixjzkb,5
原味 蛋撻 2 顆 20230214b7jyhen3,5
原味 蛋撻 2 顆 20230211y1lc8hi8,5
統一 多多 原味 170ml6 組 194007,5
原味 蛋撻 2 顆 20230212z8npqp49,5
雀巢 煉奶 原味 170g 條,5
上好佳 原味 薯條 90g509040,5
原味 蛋撻 2 顆 20230205z3xinada,5
秘覓 良品 天使 生乳 燒 原味 14gx12 入,10
美國 Ruffles 波樂厚切 洋芋片 經典 原味 1842,15
原味 蛋撻 2 顆 20230424b9kuczd0,5
原味 蛋撻 2 顆 20230419y0gsmh91,5
原味 蛋撻 2 顆 20230314a8tv1anp,5
肯德基 131 偷殺 原味 蛋撻 禮盒 6 入即 享券,75
原味 蛋撻 2 顆 20230214uncmunoo,5
原味 蛋撻 2 顆 20230408z4jkwv5n,5
原味 蛋撻 2 顆 20230429z3xil30r,5
N010825157 馬 修 嚴選 原味 優格 分享 號 G4 入,40
米州 沙拉 吧 原味,5
原味 蛋撻 2 顆 20230425z6aknpm6,5
萌焙司 香醇 原味 千層 酥 隨手 包,5
肯德基 花生 熔岩 啦 雞腿堡 小份 香 酥脆 薯 原味 蛋撻 中杯 冰,35
鮮食家 任選 799 神農良食 原味 毛豆 400g10g,40
原味 蛋撻 2 顆 20230107z7xgelzs,5
原味 蛋撻 2 顆 20230121z3pefknt,5
5204000041 原味 雜糧 蛋塔,10
LINE 秘密 賣場 馬 修 嚴選 原味 優格 分享 號 K1 入 G 優,5
言 久 嵢 原味 波士 頓派 040,50
原味 時代獨 創輕卡 豆渣 厚雞塊 500g1 包 za5,30
洽富氣 冷雞任 選生 鮮雞肉 香腸 原味 CharmingFO,10
原味 蛋撻 2 顆 20230413z2tnx53r,5
十三 樓 台塑 牛排 乾 3 入組 原味 辣味 黑胡椒 口味 任選,5
言 久 嵢 原味 波士 頓派 041,30
原味 蛋撻 2 顆 20230420a0dj4o0j,5
本月 烘焙 完成 官方 直營 最新 鮮 Welwel 國王級 特大 顆 原味,5
卡賀 沙琪 瑪佳瑪 原味 黑糖 古早 味 香甜 鬆 軟 軟 Q,10
原味 蛋撻 2 顆 20230224z7pw57c1,5
上 野物 產 日式 和 風 原味 高湯 玉子燒 x15 包 100g10,10
味全 醇奶 布丁 原味 100gx3 入,5
大王 生鮮義美 原味 焙果 貝果 540g6 個袋 麵 包,5
原味 拿 鐵 N 冰,10
原味 蛋撻 2 顆 20230220g5sd1j4x,5
賣場 低消 199 元 日本 進口 一休 減鹽 原味 12 入 即 食味 噌,15
熱門 31 盒組 原味 起士 抹 茶 紅豆 咖啡 核桃 48 入盒,25
季節 限定 草莓 乳酪 球 一盒 32 入 原味 乳酪 球 一盒 32 入,5
寶 卡卡 原味 超 大包 70G 兩入 組愛買,20
經典 凱薩 沙拉 原味,5
安 格式 原味 苦精 200ml 瓶,10
原味 蛋撻 2 顆 20230422y8gfuae9,5
小華堡 原味 雙,155
亞培安素 綜 合口味 禮盒 237mlx8 入 原味 3 入 香草 減,10
原味 蛋撻 2 顆 20230203y7eei4td,5
原味 巡禮 老 滷 豆 干 麻辣 薄片,25
原味 蛋撻 2 顆 20230429y5wjv9ga,5
紅龍 原味 多汁 炸雞 翅 5 支袋,5
小 浣熊 零 油脂 烤 海苔 10 片 包醬燒 原味 x3 包買 2 送 1,25
丹尼 船長 米 米 彎 80gx1 包 口味 任選 經典 原味 太妃糖 歐,15
原味 蛋撻 2 顆 20230307y5wjpzf9,5
原味 蛋撻 2 顆 20230307z4tj9od1,5
原味 蛋撻 2 顆 20230420a0djcnd7,5
CACHA 卡恰 咔哩 棒 經典 原味,5
原味 蛋撻 2 顆 20230228y1lcgm5u,5
原味 蛋撻 2 顆 20230425z2zeqzn9,5
ChezRenee 原味 醇厚 黑巧雪絨 草莓 法式 奶酥 醬 3,5
買 1 箱送 3 罐亞培 葡勝納 SR 原味 加纖維 原味 不甜 2,5
優惠價 需下 滿 2 入新 配方 果果 低脂 乳清 原味 無 加糖 濃縮,10
大溪 杏芳 食品 芋頭 乳酪 球 32 入 一盒 原味 布朗 尼 12 入 一盒,5
信 手工 坊京 豐好禮 B288g 原味 蛋 捲 6 芝麻 蛋 捲 6,15
饗福 月亮 蝦餅 240g 任選 10 包 原味 咖哩 櫻花 蝦 花,15
丹尼 船長 米 米 彎 80gx2 包組 口味 任選 經典 原味 太妃,20
原味 時代 花椰菜 米 綜合 披薩 口味 大 集合 看 商品 描述 下單 降低,165
雪坊 優格 100 純 天然 原味 無糖 優格 976g3 桶,10
家樂氏 原味 玉米片 350gx3 入 官方 直營,5
原味 蛋撻 2 顆 20230214z4vcir0r,5
原味 蛋撻 2 顆 20230219b7ndnwch,5
原味 蛋撻 2 顆 20230101z8hv5qto,5
佳德糕 餅新鮮 原味 鳳梨 酥 6 入附 提袋 台北 必買伴 手禮,10
原味 蛋撻 2 顆 20230202z4djufnm,5
集賢庇護 工場 原味 洋芋 卷純素,10
2101229094 奈森克林 凡士林 4oz 原味,5
原味 蛋撻 2 顆 20230109z7tm9jgf,5
法國 StMichel 傳統 奶油 餅 原味,5
大眼 蝦 鹹 蛋 黃 原味 10gx14 包,5
原味 蛋撻 2 顆 20230211sg1ch9vw,5
原味 蛋撻 2 顆 20230222ihq2abvh,5
原味 蛋撻 2 顆 20230227b0ajiaen,5
原味 蛋撻 2 顆 20230228y1zmvafy,5
原味 蛋撻 2 顆 20230428y2hcmbok,5
即期 品臻 御行 特大 腰果 堅果 320g 罐 口味 任選 原味 蜜,20
武松 殿 肉 鬆 餅 經 典 原味 肉 鬆 餅 10 入皮 薄 餡 滿 下午茶 點心,55
良 澔 厚 蛋 捲 原味 210g,40
聖瑪莉 綜合 脆皮 可麗露 法芙娜 X5 原味 X5 可麗露 法國,5
原味 蛋撻 2 顆 20230223y7pfq8va,5
家福 原味 優格,1240
原味 蛋撻 2 顆 20230427xfwmo2at,5
上 野物 產義美 原味 焙果 貝果 6 個 540g 袋 早餐,5
冷凍 原味 Q 心仁包 餡 粿 加 蕉 300 克 30 顆,5
原味 蛋撻 2 顆 20230108z3ghldxv,5
原味 時代重 乳酪 起司 貝果 3 入減 醣 貝果 低糖 低 醣 低油,15
田食 原美國 原味 楔型 薯條 500g 辛普勞 SIMPLOT 大,15
N012922688 馬 修 嚴選 原味 優格 分享 號 G1 入 G,5
原味 蛋撻 2 顆 20230408b8jvijun,5
亞 尼克 原味 生乳 捲 x2 入原 優惠價 960 生乳 捲 11,5
MOS 感謝季 原味 日出 大阪 燒 珍珠 堡 套餐 202303,600
質立 健身 達人 希臘式 優格 原味 無 加糖 920193,10
有 田 製 菓 雪屋 2 入組 原味 海苔 輕辣,25
原味 蛋撻 2 顆 20230111z6xowejm,5
言 久 嵢 原味 波士 頓派 032,40
原味 蛋撻 2 顆 20230426a8tvdvx1,5
原味 蛋撻 2 顆 20230117z6oyc0y5,5
大溪 杏芳 食品 原味 乳酪 球 一盒 32 入免 運,5
虎運 肉 鬆 2018 米其林 二星 原味 肉 鬆 200g 肉 鬆 豬,5
原味 時代減 醣 岩燒 乳酪 HO 醬 吐司 2 片手作 低糖 低油,5
原味 時代 藍莓 雪酪 貝果 3 入奶素 低糖 低 醣 低油 赤藻 醣,60
蝦幣 10 倍 回饋 現貨 牛奶 吧 原味 黑糖 邑昌 食品,15
雪月 仙貝 原味 145g,15
原味 蛋撻 2 顆 20230410y5wjduc0,5
ChezRenee 原味 香蒜雪絨 草莓 法式 奶酥 醬 3 入裝,5
馬 修 嚴選 原味 優格 分享 號 K4 入無糖 無 添加 的 鮮乳 優格,5
原味 蛋撻 2 顆 20230429ihq259dg,5
原味 蛋撻 2 顆 20230425xfwmuq5b,5
香鐵蛋 原味 鵪鶉 蛋,60
原味 蛋撻 2 顆 20230302a8tv3rhh,5
5P156 芝麻 墨香 糕 原味,40
桂格 原味 水解 雞精 68ml6 入 x1 盒 共 6 入,15
原味 蛋撻 2 顆 20230129a8hjalrq,5
醉戀 濃醇 原味,70
原味 蛋撻 2 顆 20230316i30c5gsr,5
扒 扒 飯 原味 雙椒醬 260g,5
FALKSALT 原味 雪花 鹽 125G,5
原味 時代獨 創輕卡 豆渣 厚雞塊 500g 包 za56,15
臻 御行 川味 麻辣 豆干 椰棗 杏仁 酸甜 銷魂果 原味 杏仁 香蒜 烤,5
原味 時代 抹 茶 紅豆 乳酪 貝果 3 入季節 限定,15
品客 洋芋片 110g 原味 洋蔥 披薩起 司炭 烤 香辣 Pr,5
現貨 預購 日本 北海道 HORI 土豆 小米 菓 原味 鹽味 袋裝,5
千千 進食 中龍泰 起司 起士條 原味 3 盒組,5
原味 千尋普蘿旺斯羅勒 乳酪 絲 52gx5 包組,10
建一強 原味 熟 毛豆 1kg 包非基 改建 一強 紅字 2C4,5
中祥 地瓜 酥 原味 0212,15
北海道 原味 起司 棒 220g 包 518238,5
愛 上海 鮮 卡拉 脆蝦 4 包 25g 包經典 原味 香蒜 辣味 四,20
甜心 兒小 舖 福松 剝皮 辣椒 原味 馬 告 全素 450g 超取 最,5
糖吉哥 得 娃娃 酥 300g 袋 原味 花生,5
丹尼 船長 米 米 彎 80gx6 包組 任選 3 口味 經典 原味 太妃,20
原味 蛋撻 2 顆 20230306z2zejq5h,5
原味 蛋撻 2 顆 20230430k6klq9kn,5
丰丹 嚴選本 舖 原味 鳳梨 酥 禮盒 x2 盒 8 入盒 年 菜 年 節禮盒,5
原味 蛋撻 2 顆 20230321z1tx15bt,5
憋 氣冰角 原味 檸檬,40
亞大 T8 銀耳 冰糖 原味 白木耳 露 x24 入 150g 入 x1 箱,155
麴 醇堂 原味 馬 格利 酒 0416,10
原味 蛋撻 2 顆 20230420z2ze3a0o,5
現貨單 包裝 傳統 人氣 零食 芥末 菜餅 原味 菜餅 新貴,15
原味 蛋撻 2 顆 20230224z7niam2h,5
原味 蛋撻 2 顆 20230408mh2k8oes,5
原味 綠豆 椪 條裝,330
原味 蛋撻 2 顆 20230305z3ghou39,5
頂 呱呱 原味 無敵 烤 腿 MoMo111,20
馬 修 嚴選 原味 優格 日 嚐 杯 G6 入 G 優格 飲 7 入,10
家樂氏 Kelloggs 原味 玉米片 350gx3 入 官方 直營,5
原味 蛋撻 2 顆 20230425b4renhx6,5
法式 經典 原味 千層 2 入 150g,235
原味 蛋撻 2 顆 20230426i30cig4p,5
酷聖石 COLDSTONE 大杯 經典 冰淇淋 含 原味 脆餅,5
佳德 原味 鳳梨 酥 禮盒 6 入 2 盒 台北 知名 伴手禮,5
喜年 來 金 牛角 玉米 原味 35gx7 部分 即期,10
免運山藥 葛根 玉米 羹 原味 玉米糊 無糖 低脂 即食 早餐 代餐,5
蒜 你 黝黑 黃 金蒜片 80g 袋 原味 椒 鹽 辛辣,5
初鹿 100 鮮乳 原味 優格,5
拌 伴餐 飲狀元 世家 古早 味 原味 厚蛋餅 皮 550gx1 包 10,15
康寶鮮味 炒手 240gx3 入組 原味 素食,40
肯德基 4 塊 啦 脆 雞 4 塊 上校 雞塊 2 顆 原味 蛋撻 2 杯中 杯,40
萌焙司 香醇 原味 千層 酥,20
原味 蛋撻 2 顆 20230207ihq2o2ps,5
原味 蛋撻 2 顆 20230216z2tnstph,5
分批 取福樂 自然 零 原味 優酪 100gx4 入,10
品味 珍 番薯 片 原味,30
原味 時代減 醣 濃郁顆 粒 花生 奢蛋 捲 23 根 一口 設計 不 掉 屑,5
紅龍 經典 原味 雞塊 1KG 薯條 2KG 組合 任選 4 袋 任選 4 袋,10
原味 蛋撻 2 顆 20230228y4gxqjga,5
4713120984629 東 和 百年 老店 石磨 麻醬 原味,10
原味 蛋撻 2 顆 20230428a9wyawow,5
原味 千尋清境 蜂蜜 乳酪 絲 8 入,15
馬 修 嚴選 原味 優格 分享 號 G4 入無糖 無 添加,5
家樂氏 原味 玉米片 350g,5
原味 蛋撻 2 顆 20230218z3iz9juo,5
愛樂薇 原味 優格,30
原味 蛋撻 2 顆 20230308y2hcips8,5
原味 蛋撻 2 顆 20230405z9vrnry4,5
德式 香腸 原味,905
稑 珍 藜 麥 千 層 棒 130g 原味,20
品好 乳酪 品好 經典 原味 乳酪,10
原味 蛋撻 2 顆 20230420y4gxnba3,5
西港 農會 麻油 達 原味 10g 盒 1 盒組,5
TOMOS 吸吸 布丁 原味,35
原味 蛋撻 2 顆 20230424xfwmxjah,5
原味 時代 塩 之花 奶油 可頌 5 入 看 商品 描述 下 單減 醣 可頌,25
知覺 優格 原味 優格 900g1 瓶 優格 飲 240ml6 瓶,10
原味 蛋撻 2 顆 20221211a8tv2f7j,5
單支 愛力 檸檬 C 片 乳酸菌 原味 乳酸菌 草莓 膠,20
DJA 原味 厚切馬鈴 薯條 200g 家樂福,5
原味 巡禮 老 滷 豆 干 香 Q 豆絲,5
中祥 地瓜 酥 原味,45
丸文 食品 原味 肉 鬆 240g,10
言 久 嵢 原味 波士 頓派 043,75
博客 原味 條狀 火腿,145
一次 取 北海道 原味 起司球 150g30 入,5
馬 修 嚴選 原味 優格 分享 號 G2 入 330 元季 節果 漿 2 入早,5
原味 蛋撻 2 顆 20230413y2hcg6z2,5
雪印 北海道 100 起司 棒 原味 50g50g,5
原味 本 舖 檸檬 冰棒,10
原味 蛋撻 2 顆 20230302y0gs9411,5
835 原味 起士片,470
丹尼 船長 米 米 彎 80gx2 包組 口味 任選 經典 原味 太妃糖,10
大溪 杏芳 食品 原味 乳酪 球 4 盒 32 入盒 免運,5
馬 格利 酒 原味,30
3 點 1 刻經典 原味 奶茶 20gx15 入,40
悅 生活 極鮮黃金 3A 頂級 原味 款鵝油 二入 組生酮豬 牛油,20
燻 原味 乳酪,15
原味 蛋撻 2 顆 20230307z2tnf37h,5
原味 蛋撻 2 顆 20230320z3xiz50s,5
北海道 原味 起司球,300
Aime 法式 生乳 優格 原味 140g,135
405114 塊 雞塊 原味 蛋撻 小熱奶,105
原味 蛋撻 2 顆 20230109z4lbzg8g,5
原味 蛋撻 2 顆 20230218z4svrx1n,5
原味 蛋撻 2 顆 20230225z0ft7ncl,5
原味 蛋撻 2 顆 20230215y7eee6tt,5
免運附 發票 田中 一品 名卡薄 燒伴 手禮 原味 芝麻 海,45
禾 香 原味 優格,505
原味 蛋撻 2 顆 20230301ihq21kjz,5
預 原味 輕 乳酪,5
原味 小餐 包 36 顆 559691,5
比利 時 ALPRO 高蛋白 原味 豆奶 1000ml,30
隨濃純 原味 希臘優,5
原味 蛋撻 2 顆 20230310i30ckwdg,5
肯德基 原味 蛋撻 禮盒 1 份香 酥脆 薯中 即 享券 活動品,13750
法布 甜豆鳳 8 入禮盒 養生 堅果 塔 4 入 原味 馬 卡龍鳳 梨 酥 4 入,5
太 禓 食品 部落 香腸 經典 原味,5
統一 AB 優酪 乳 原味,245
丸金 銅鑼燒 6 入 原味 紅豆,70
Alpro 原味 榛果 奶,10
原味 蛋撻 2 顆 20230326z4jk1aol,5
純 手工 原味 情人 果冰,15
肯德基 原味 蛋撻 即 享券,20
波塔庫 米 mini 番薯 原味 30gx24 包超 商取 貨蝦,10
肯德基 46 限搶 原味 蛋撻 禮盒 QQ 球好 禮即 享券,320
台畜 經典 原味 肉 鬆 1 包 50,10
原味 時代海 鹽 焦糖 乳酪 貝果 5 入奶素 豆渣 貝果減 醣 手作,10
所長 茶 葉蛋 原味 茶葉蛋 10 入 官方 旗艦店 台南 伴手禮,10
羅 馬 聖誕 生乳 包 原味 115g9 個,85
羅 馬 生乳 包 原味 2 入 100gX2 入 9 盒,170
丹尼 船長 米 米 花 明星 口味 組 100gx4 包組 焦糖 原味 玉,15
台灣 優格餅 乾學院雙 口味 愛心 蝴蝶 派 原味 x 提拉 米 蘇 口味 G,5
原味 蛋撻 2 顆 20230214y4mkyld3,5
法布 甜 原味 馬 卡龍鳳 梨 酥 禮盒 2 盒 12 入盒 年 菜 年 節禮,5
韓國 Wooyang 冷凍 原味 熱狗 莫 札 瑞拉 熱狗馬鈴薯 起,15
M 經典 美式 原味 雞塊 1kg 包,5
瓜瓜 園 原味 地瓜 酥 150g,5
丸京 銅鑼燒 原味 紅豆 6 個 Donki 日本 唐吉訶德,5
龜田 日本 零食 龜 田 製 菓 嬰 兒 米 菓 原味 野菜,5
吳獨 麵 蘆薈 原味 麵 黑芝麻 醬純素 3 包入 120g 包,5
一品夫人 霸王 原味 機,10
所長 茶 葉蛋 原味 茶葉蛋 835g10 顆包,45
琉宇醬 選好 滋好 滋 酥脆 海苔 45g 包 x10 包 原味 椒 鹽,75
原味 蛋撻 2 顆 20230419y4ml6vbf,5
菓 青 市集 香濃 乳酪 絲 原味 80G,5
團 憋 氣冰角 原味 檸,265
小貝京 原味 小梅 棒 112g,5
水根肉 乾 分享 包條子 系列 原條 黑條 蒜條 原味 條子,5
原味 安素 8oz,15
好麗友 預感香 烤 洋芋片 家庭 號 4 盒組 12 包盒 原味 起,190
魚池 鄉 農會杏 鮑菇 脆片 原味 芥末 黑胡椒 90 公克 包,15
雪 之 月 仙貝 原味 140g,5
馬 修 嚴選 原味 優,15
優酪 乳 原味,24725
原味 蛋撻 2 顆 20230418z8aysv0t,5
原味 蛋撻 2 顆 20230122b8jv0ix4,5
江家 無骨鳳 爪 無骨鳳 爪 原味,5
母傳 原味 優格,1960
推 憋 氣冰角 原味,80
言 久 嵢 原味 波士 頓派 042,70
發票 現貨免 運 瓜瓜 園 地瓜 酥 150g 包 原味 黑糖,15
比菲多 比菲多 冰棒 原味 纖維經典 比菲多 乳酸 風味,25
原味 蛋撻 2 顆 20230301b8bt2dl0,5
原味 蛋撻 2 顆 20230122a6lzrgny,5
原味 蛋撻 2 顆 20230317z4tj5nm8,5
京紅 原味 冷凍滴 雞 精 80 入環 保包 組網,10
晶典 小品 原味 奶酪 4 入,105
富品 家 金山 李家 原味 爆香蘿 蔔 糕 芋頭 糕 真空 包裝 任選,5
優格 美桶 裝優格 原味 925g,1050
現貨單 包裝 傳統 人氣 零食 芥末 菜餅 原味 菜餅 迷你,10
春日 井 原味 豆 85g,60
香鐵蛋 原味 鵪鶉 蛋 74g,5
TP66 中杯 經典 冰淇淋 2 含 原味 脆餅,5
原味 蛋撻 2 顆 20230128z4jknk0d,5
冷藏 原味 香腸 真空 包,305
好食 多 原味 情人 果冰 300g 罐 300g 罐,5
它 豆穌 朋 原味 泡 芙 042,10
S88 大杯 經典 冰淇淋 x2 原味 脆餅 x2,15
SS1 小杯 經典 冰淇淋 x2 原味 脆餅 x2,30
美國 泡泡 先生 MrBubble 泡泡浴 原味 36oz,5
原味 蛋撻 2 顆 20230125z1txcgz7,5
1050408 秝 豬 飼 料 卡 哩 卡 哩 原味 甜 570g1 包詳,5
即期 品 比利 時 ALPRO 經典 原味 燕麥奶 1000ml,35
原味 時代芋 泥貝果 3 入減 醣 貝果 奶素 低糖 低 醣 低油,10
原味 蛋撻 2 顆 20230329y4rcj3vs,5
原味 蛋撻 2 顆 20230418y0gsg004,5
馬 修 嚴選 原味 優格 分享 號 G960g818934,10
聖瑪莉 檸檬奶露 肉桂 捲 原味 肉桂 捲 禮盒 組綜合 8 入 肉桂 捲,5
原味 蛋撻 2 顆 20230301y4rc3bwk,5
原味 蛋撻 2 顆 20230329z3pecx4e,5
法式 原味 千層,5465
活益 比菲多 冰棒 原味 纖維 80g5 入,290
太珍香 30g 小農片 烤 海苔 1 袋 原味 椒 鹽 口味 兩種 都 全,10
原味 乳酪 條 90g 唯岫,390
原味 蛋撻 2 顆 20230305y4rcv235,5
Wooyang 冷凍 原味 熱狗 5 入,10
台灣 現貨 原味 千尋 乳酪 絲 乳酪 絲起 司條 起司 乳 製 品 乳,25
g000050899 贈品 馬 修 嚴選 原味 優格 日 嚐 杯 G,15
馬 修 嚴選 原味 優格 G 臺 糧,90
台糖 3kg 原味 貢丸量 販包 約 150 顆 安心 豚後腿 精肉 製 作,5
言 久 嵢 原味 波士 頓派 050,100
熱 原味 熱狗 熱狗 麵 包,280
台畜 原味 德式 香腸 180g5 支,5
蒜 蒜 屋 快速 出貨 蒜 醬 綜合免 運組 原味 麻辣 大蒜 調味醬,10
統一 AB 優酪 乳 原味 優酪 乳 1830mlx3 入,10
N012610974 聖德 科斯 鮮選 日光 焙香 原味 鮮土雞 高湯,5
原味 蛋撻 2 顆 20230402z6xog4z6,5
中秋 限定 原味 雪茄,25
慢熟 希臘式 焦香 優格 原味 150g2 組 150g2,70
茂格生 機高 鈣 特濃 乳酪 絲 80g 袋 原味 乳酪 絲,45
家福 中式 原味 香腸,70
冷藏 原味 一口 香腸,50
那哇泰 泰式 蕉 條子 原味 泰式 酸辣 碳 烤 紅椒,10
原味 波士 頓派 調,15
喝 的 優格 原味,20
丹尼 船長 米 米 花 經典 原味 海藻 糖 100gx1 包奶素 非 油炸 烘,5
原味 乳酪,40
原味 蛋撻 2 顆 20230306y4rcowyr,5
四方 冰淇淋 原味 600g,5
食尚 達 人 原味 煙 燻 去 骨鳳爪 3 件 組 200g 包,5
禾 香 原味 優格 500g,5
原味 蛋撻 2 顆 20230408z5qs9o02,5
原味 蛋撻 2 顆 20230413a7cgssif,5
優 意思 優格 原味 177g,175
法布 甜 原味 鳳梨 酥 12 入禮盒 馬 卡龍鳳 梨 酥 鳳梨 酥,5
初鹿 100 鮮乳 原味 優格 500g,10
RICHS 藍莓 貝果 原味 貝果 6 入 一袋 理奇維益 好市 多,10
台畜 原味 肉 鬆 500g 包,5
大家 源 28L 雙層 原味 電蒸鍋 TCY322601,5
馬 修 嚴選 原味 優格 分享 號 960g960g 罐,15
慢熟 希臘式 焦香 優格 原味 500g 瓶 500g,90
3 點 1 刻經典 原味 奶茶 20gx15 入,5
原味 法式 布蕾 20220818ekft29nz,5
原味 蛋撻 2 顆,1470
原味 馬 格利 酒,365
原味 減糖 乳酪 球 1 盒 一盒 32 入杏芳 食品,5
武松 殿 肉 鬆 餅 經 典 原味 肉 鬆 餅 10 入皮 薄 餡 滿 下午,10
肯德基 423 限搶 原味 蛋撻 禮盒 QQ 球好 禮即 享券,1655
富者 原味 馬 格利,5
法布 甜 原味 馬 卡龍鳳 梨 酥 禮盒 1 盒 12 入盒 中秋 禮盒,5
美祿 經典 原味 鐵罐裝 450g,50
佳德 原味 鳳梨 酥 禮盒 6 入 2 盒 台北 知名 伴手禮 中秋 禮盒,10
亞 尼克 生乳 捲 經典 口味 2 入 北海道 泡 芙 原味 2 北海道 泡 芙,5
原味 布丁,240
美式 原味 熱狗 大亨 堡,60
原味 蛋撻 2 顆 20230428o5dgq8ma,5
杏芳 食品 口味 乳酪 球任 選 三盒 組抹 茶 蔓 越莓 原味,5
初鹿 鮮乳 原味 優格,65
100 喝 的 優格 原味 500G 朋,5
嘉騰 小 舖 弘揚素 蹄筋 純 素有 原味 辣味 兩種,5
原味 蛋撻 2 顆 20230131a8tvuibf,5
原味 熱狗堡,220
佳德 原味 鳳梨 酥 禮盒 6 入 8 盒 台北 排隊 名店 首選伴 手禮,10
阿薩姆冰藏 原味 奶茶 400ml,935
一次 取 konomi 相撲 手脆 紫菜 原味 32g,10
在 地 美味 食材 甲仙 地區 農會 鮮芋 條芋 My 軋 原味 椒 麻,5
法布 甜 原味 鳳梨 酥 3 入金磚 禮盒 馬 卡龍鳳 梨 酥 鳳梨 酥,45
AB 原味 優酪 乳 206ml,5
萬金游 食品 原味 乳酪 絲細 多件 優惠 滿額 免運送 折扣,15
原味 蛋撻 2 顆 20230111z2aqv84c,5
就是 要 玩 原燒 優質 原味 燒肉 商品 卡禮物 卡餘額 卡一 組十,5
樸實 工作室 綜合棗 泥 糕 原味 核桃 金桔 杏仁 分享 包 3,5
波士 頓 原味 派 6 吋,115
原味 奶酪,25
3 點 1 刻經典 原味 奶,5
原味 豆乳 優格,5
區馬修 嚴選 原味 鮮乳 優格,5
原味 蛋撻 禮盒 套餐,200
家樂氏 Kelloggs 原味 玉米片 200g 官方 直營,5
原味 蛋撻 2 顆 20230414y4mkht0o,5
宅配 Line20 盒 幸福 溫度 冰淇淋 泡 芙 原味,10
月亮 奇司 原味 濃起士 25 吋,60
匯 竑 阿薩姆 原味 奶茶 6 入 300ml,55
武藏野 生 吐司 原味,85
法式 經典 原味 千層,195
味全 醇奶 布丁 原味 3 杯,5
乳酪 絲 原味 金線 曲園,5
法式 生乳 優格 原味 140g,35
AB 原味 優酪 乳 1830ml,5
奇麗灣 世界 奶茶 組 X1 盒 任選 30gx8 包盒 原味 經典,15
9 吋 原味 波士 頓派 盒,5
馬 修 嚴選 原味 優格 日 嚐 杯 G7 入無糖 無 添加,10
比菲多 原味 優格,3025
肯德基 原味 蛋撻 禮盒 6 入即 享券,1740
台 畜德式 香腸 原味,20
麴 醇堂 原味 馬 格利 酒 0110,5
ElleVire 希臘式 優格 原味 125gX4,5
萊 D 憋 氣冰角 原味 檸檬,5
生乳 優格 原味,40
SunnyBuy 現貨 Ivory 美國 蘆薈 原味,5
鮮綠 生活 經典 原味 細薯 300G 風迷 上市,10
ChezRenee 芮妮 法式 手作 甜點 原味 法式 奶酥,10
台 畜甲霸 大熱狗 原味,40
姑姑 豆干 原味,5
原味 蛋撻 2 顆 20230121z2tnax4l,5
原味 蛋撻 2 顆 20230127z7nit0j8,5
萊 D 台 畜國產 原味 大熱狗 10 入,5
原切 地 瓜片 原味,775
酷聖石 COLDSTONE 小杯 經典 冰淇淋 含 原味 脆餅 兌,20
選優酪 乳 原味,635
亞 尼克 果子 工房 原味 季節 口味 任選 2 件 組原 優惠價 1003,5
大溪 名產 原味 豆丁,15
換 原味 蛋撻 一盒 1,5
0240111 秝 豬 飼 料 卡 哩 卡 哩 原味 甜 570g1 袋詳,5
乳酪 球 6 入 原味 抹 茶 蔓 越莓 芋頭 檸檬杏芳 食品 本,5
原味 蛋撻 2 顆 20230128zz95cfvy,5
頭番 濃豆漿 原味,5
原味 蛋撻 2 顆 20230121a8hjqoh9,5
原味 豆干 450g4 片裝 名記 NM,490
二空 趙 家臘味 原味 經典 臘肉 400g5 包,5
2012 府城 十大 伴手禮 玉井 之門 原味 芒果乾 5 包入 130,5
里仁 原味 素 鬆 300g,15
一次 取 北海道 原味 起司 棒 220g22 入,10
原味 蘿 蔔 糕 素,5
2012 府城 十大 伴手禮 玉井 之門 原味 凱特 芒果乾 5 包入 1,5
大溪 杏芳 食品 原味 乳酪 球禮盒 一盒 12 入免 運禮盒 禮物,10
不倒翁 韓式 脆皮 原味 熱狗 400g 包,30
馬 修 嚴選 原味 優格 分享 號,5
原味 蛋撻 2 顆 20230113z7vt5zlq,5
原味 蛋撻 2 顆 20230117a0djwdep,5
甜園 原味 胡桃 200gx1 包 胡桃 低溫 烘焙 每日 堅果,15
原味 蛋撻 2 顆 20230310a8uderfy,5
吐司 火腿 原味 360g,65
原味 蛋撻 2 顆 20230126p4tfm4ab,5
豆嫂 日本 零食 起司 魚板條 原味 辣味 黑胡椒 一包 8 條入,10
原味 巡禮 老 滷 豆 干 大板 條,5
揚格 100 生乳 原味 優格,10
冰淇淋 粉 18 公斤 冰淇淋 基底 粉 牛奶 原味 一海香 食品,5
原味 綠 豆糕,25
EV 原味 希臘 優格 125g4 入,10
原味 蛋撻 2 顆 20230121d4qfk83s,5
原味 蛋撻 2 顆 20230108b4rcthgz,5
曾師 傅搖搖曼波 原味 常溫,5
六甲 原味 優格,2885
櫻桃爺 爺蔥花 原味 牛軋餅 禮盒 X4 盒 20 入盒 送禮 推薦,5
亞 尼克 果子 工房 經典 原味 生乳 捲 3 條 周末 到 貨組原 優惠價 1,5
水根肉 乾 小 食盒 3 入 組輕巧 包 原味 條子 40g 檸,5
一品 名卡 薄燒 原味 450g,5
原味 蛋撻 套餐,5
2012 府城 十大 伴手禮 玉井 之門 原味 芒果乾 10 包入 13,5
洪瑞珍 原味 花生 酥糖 0109,5
快車 肉 乾 H120 蒟 蒻 條 原味 個 人 輕巧包 1,5
原味 蛋撻 2 顆 20230316z5qscbye,5
佳德 原味 鳳梨 酥 禮盒 20 入 台北 排隊 名店 首選伴 手禮,5
亞 尼克 團購 任選區雙 捲 禮盒 茶 拿 鐵 布丁 原味 原優惠價,5
HI 原味 烤 甜甜 圈,370
小農手 作坊 原味 乳酪 絲香濃 乳酪 絲 100G,5
銅鑼燒 原味 紅豆,5
跨店 任選 海霸王 原味 盒裝 情人 果 750g 盒,5
現貨 E 發票 老舊 金山 原味 拿 鐵 1300 前下單,10
皮皮 奧斯 Kiwigarden 優格餅 原味 20g 紐西,5
日東 紅茶 皇家 奶茶 經典 原味 140g,5
代收 代付 嘉騰 小 舖 烘培 原味 腰果 純素 200 公克,20
法布 甜 原味 鳳梨 酥 8 入禮盒 2 盒馬 卡龍鳳 梨 酥 鳳梨 酥,15
西式 香腸 原味,50
三點 一刻 原味,220
五桔 國際 台灣 情人 果冰 350gx5 包 原味 口味,5
限量 台北 必買 伴手 禮佳德 糕餅 原味 佳德鳳 梨 酥 12 入限 林口,5
糖村 SUGARSPICE 原味 薄 捲 餅 12 入禮盒 中 時評,5
原味 蛋撻 2 顆 20230303a8hj42e2,5
法爵 超人 氣法爵 捲 綜合組 原味 肉桂 1 入蔓 越莓 玫瑰 1 入,5
原味 蛋撻 2 顆 20230322y2hc0xqq,5
原味 蛋撻 2 顆 20230318a6lz7udk,5
100 生乳 原味 優格 朋軒,30
原味 蛋撻 2 顆 20230321y5wj1it4,5
原味 法式 布蕾,5
莉 普森即 溶 奶精 粉 1KG 商用 包 原味 奶香 風味,5
宅 配秋 1 入 原味 生乳 捲 亞 尼克,5
蒜 你 黝黑 黃 金蒜片 80g 袋 X6 袋 口味 任選 原味 椒 鹽辛,5
pidan 貓砂 原味 豆腐 砂隱血測 試款 24kgx4 包入,80
原味 蛋撻 2 顆 20230121y0vzd3db,5
廣達香 優質 純 肉 鬆 原味 230g 肉 鬆 年 節 年 節 禮 盒,35
原味 蛋撻 2 顆 20230104z2xg7r99,5
原味 蛋撻 2 顆 20230124z7nizyhs,5
好客 郭家莊 豆腐乳 原味 豆腐乳 480g 罐 多件 優惠,5
原味 蛋撻 2 顆 20230121z8hv5ghz,5
原味 蛋撻 2 顆 20230116ihq2vewu,5
原味 蛋撻 2 顆 20230122b0ajgp10,5
原味 蛋撻 2 顆 20230311z3qick6d,5
原味 蛋撻 2 顆 20230310b2og4qo5,5
原味 蛋撻 2 顆 20230309z2nyxbhg,5
20 元 甜甜 圈 原味,5
北海道 原味 起司球 150g 包 518241,5
原味 蛋撻 2 顆 20230129a1lnpa1d,5
3 點 1 刻 奶茶 澎湃 量 販包 x2 袋 20gx50 入袋 原味 奶,10
肯德基 2 塊 青 花椒 香麻脆 雞 4 塊 上校 雞塊 2 顆 原味 蛋撻 2,5
宅配 免運 iTQi 米其林 100 原味 椰子 水 2,5
長 榮生醫 L 阿拉伯糖 輕焙 土耳其 碩大 無 花果 乾 3 包組 原味,5
原味 蛋撻 2 顆 20230106z4vchei7,5
久 原本 家茅乃舍 招牌 經典 原味 高湯 粉包 8g5 袋 日本,30
ChezRenee 芮妮 法式 手作 甜點 冷凍 厚片 原味,125
羅 馬 生乳 包 原味 2 入 八德 75gX2 入 9 盒,5
原味 蛋撻 2 顆 20230124z1jpfsug,5
原味 蛋撻 2 顆 20230102z1txk4hu,5
原味 千尋 Pork 厚厚,5
AIME 法式 生乳 優格 原味,5
原味 蛋撻 2 顆 20230317a6lzrurj,5
代收 代付 嘉騰 小 舖 勇伯 地瓜 酥 原味 素食 600 公克,20
阿志 原味 泡菜 250G,10
麴 醇堂 原味 馬 格利 酒 0113,5
青玉 牛蒡 茶 原味 牛蒡 茶片 300gx3 包,5
信 手工 坊 豐采禮 A386g3 盒組 原味 蛋 捲 台灣 風味 酥,5
巴特里 烘焙 坊 原味 奶油 爆漿 餐包 x50 顆 10 顆包網,5
上 野物 產台灣義 美 製 作 原味 貝果 x5 袋 共 30 個 540,5
脆妮妮 池上 原味 米 餅網,5
原味 蛋撻 2 顆 20230106y7een38v,5
自然 食哉 原味 拿破崙 300g,5
誠意 中西 藥局 三多 增稠 配方 216g 無色 無味 原味 保留,5
原味 蛋撻 2 顆 20230128b0ajvn7g,5
原味 蛋撻 2 顆 20230116y2vhefd8,5
原味 蛋撻 2 顆 20230101a8tvmjrb,5
原味 蛋撻 2 顆 20230328y2hcpria,5
原味 蛋撻 2 顆 20230111z7vtw7p6,5
2012 府城 十大 伴手禮 玉井 之門 原味 凱特 芒果乾 1 包入 1,5
羊舍 羊乳 冰淇淋 原味,10
亞 尼克 果子 工房 經典 原味 生乳 捲 3 條原 優惠價 1179,30
馬 修 嚴選 原味 優格 分享 號 G1 入 G 優格 飲 4 入 上班族 最,5
原味 蛋撻 2 顆 20230104z2zepatu,5
大溪 杏芳 食品 原味 乳酪 球 一盒 32 入 抹 茶 乳酪 球 一盒 32 入,10
康寶新 鮮味 炒手 原味 奶素 500G2 款 任選,40
海濤 客經典 原味 麻花 捲 150g 包 太空 啾 咪 捲 零食,20
康寶鮮味 炒手 原味 素食 240g500g 多入 組 2 入,5
原味 蛋撻 2 顆 20230125a8udpf6t,5
原味 蛋撻 2 顆 20230311z8aysgk2,5
米森 短效 出清 8 折無調 味 分離 乳清 蛋白 飲 原味 紅茶,10
Emborg 安 博格 免運德國 原味 優格 1Lx6 入 原味,5
原味 蛋撻 2 顆 20230322a8tvzu65,5
依琦匠子 法式 奶油 曲奇 餅乾 2 入組 原味 起司 經典 可可 玉蘭,10
享吃 美味 原味 辣味 煙 燻 無骨鳳 爪 任選 8 件 組 200g1,5
寶 咔 咔薯 堡 原味 29g 寶 卡卡 寶 咔 咔 原味 寶 咖 咖,5
毛怪 樂園 金三萬 KIM30K 花生 殼 貓砂 原味 1 箱 8 入,5
艾樂 比 手作 烘焙 坊 手工 法國 奶油 原味 蝴蝶 酥 8 片盒,5
原味 蛋撻 2 顆 20230129z0vt5t34,5
紅龍 經典 招牌 原味 雞塊 1KGx3 袋 1000gx3 袋,5
原味 千尋鮮採 玉米 濃湯 乳酪 絲 52gx5 包組,5
皮皮 奧斯 Kiwigarden 優格餅 原味 20g,5
媽寶滿 額免 運現 貨附 發票 團購 農心 蝦味條 原味 辣,10
原味 時代減 醣 重 乳酪 起司 貝果 1 顆此 賣場 為 贈品 請 勿下 單,10
宥 宥 奶 舖 賀寶芙 草本 茶 102G 蜜 薑 口味 原味 滿 3,10
ChezRenee 原味 濃情 花生 金沙 法式 奶酥 醬 3 入裝,5
原味 蛋撻 2 顆 20230108z2tn8t45,5
日央雜 貨店 滿額 免運台 酒 TTL 原味 黑麥汁 330ml,10
原味 蛋撻 2 顆 20230119zz953uze,5
原味 蛋撻 2 顆 20230304z2aqkguo,5
原味 蛋撻 2 顆 20230109y3pz2kxb,5
原味 蛋撻 2 顆 20230318a7cgbe5z,5
振 頤軒 中秋 禮盒 原味 綠豆 椪 禮盒 6 入,5
原味 蛋撻 2 顆 20230309a8tvlw4z,5
N012861577 馬 修 嚴選 原味 優格 日 嚐 杯 G7 入,5
台東 連城記 地瓜 酥 原味 140g,5
京紅 原味 冷凍滴 雞 精 120 入環 保包 組京紅,5
原味 蛋撻 2 顆 20230316b7ph77g0,5
原味 蛋撻 2 顆 20230322z4lb5p5k,5
甜園 帶殼 核桃 600gx3 包 原味 低溫 烘焙,5
3 點 1 刻 原味 奶茶 10 入,10
嘉騰 小 舖 原味 紅 冰糖 中粒 細粒 600 公克 3000 公,10
香鐵蛋 原味,10
紅豆 食府 愛月 禮盒 蘇式 月 餅心 太軟 蘇式 月餅 肉 鬆 原味,5
古德狗 磨磨 牛 3 吋 原味 積 木骨 160g8 入 牛皮 骨耐,5
S 冰雪 奇緣 原味 優格果 凍 260g,5
2012 府城 十大 伴手禮 玉井 之門 原味 芒果乾 1 包入 130,5
皇族 優格果 凍 原味 500g,5
虎尾 農會 原味 花生 醬禮盒 X1 盒細綿 240gX1 瓶顆 粒 2,5
原味 蛋撻 2 顆 20230125l6504xfg,5
原味 蛋撻 2 顆 20230106z3peqr96,5
甜園 帶殼 核桃 600gx1 包 原味 低溫 烘焙,5
豐一 咖椰 吐司 抹 醬 270g 椰香 原味,5
原味 蛋撻 2 顆 20230126z2tn2l90,5
跨店 任選 魔術 日式 原味 唐揚 雞 腿 塊 400g 包,5
童話 烘培 原味 夏威夷 火山 豆 500 公克,5
中祥 地瓜 酥 原味 0130,5
原味 蛋撻 2 顆 20230120z0vxkxpt,5
小 年糕 原味 盒 420g,5
原味 蛋撻 2 顆 20230121z2ze1u7f,5
過年 必備 零嘴 低卡無負 擔素 條子 任選六入 組 原味 麻辣,10
台灣 優格餅 乾學院 魔力 奶酥 雙 口味 餅乾 400g 咖啡 原味,10
原味 蛋撻 2 顆 20230116z7vt84ia,5
原味 蛋撻 2 顆 20230104y4rcsr9g,5
原味 蛋撻 2 顆 20230323b9ku668c,5
馬 修 嚴選 原味 優格 日 嚐 杯 G7 入,5
甜心 兒小 舖 可樂果 原味 15g60 入,20
Lays 樂事 美國 經典 原味,10
康寶濃湯 自然 原味 港式 酸辣 466g2 包組,5
麴 醇堂 原味 馬 格利 酒 0610,5
效期 202341PhonePizza 原味 起司 披薩,5
安堡 帕瑪森 起司 蘇打餅 原味 216G 黑胡椒 208G 奶素,5
原味 蛋撻 2 顆 20230314y5wj9cui,5
上 野物 產台灣義 美 製 作 原味 貝果 x3 袋 共 18 個,5
法爵 英式 原味 司康 2 入 一 組奶 素奶 香味 防疫 糧食團 購美,5
馬 修 嚴選 原味 優格 分享 號經典 3 入 組無糖 無 添加 的 鮮乳 優格,5
