item_name,item
冰特選 馥郁 那堤 V,312405
特選 馥郁 那堤 20221220e9asosgy,5
特選 馥郁 那堤 20221217r7dudbxc,5
特選 馥郁 那堤 20221221p9lul3dy,5
特選 馥郁 那堤 20221204a7geg4kx,5
特選 馥郁 那堤 20221204c5wamir4,5
特選 馥郁 那堤 20221212t3akszpu,5
特選 馥郁 那堤 20221215e9astybi,5
特選 馥郁 那堤 20221223c5wamdts,5
特選 馥郁 那堤 20221214f0avuhvh,5
特選 馥郁 那堤 20221204e5km3wkg,5
特選 馥郁 那堤 20221215x7gxl825,5
特選 馥郁 那堤 20221210q5qxoww2,5
特選 馥郁 那堤 20221211m3vp50vw,5
特選 馥郁 那堤 20221218g8vbfst4,5
特選 馥郁 那堤 20221202e2ytt6zd,5
特選 馥郁 那堤 20221224t3akjki0,5
特選 馥郁 那堤 20221214c5wah2re,5
特選 馥郁 那堤 20221220c5war78h,5
特選 馥郁 那堤 20221211e7gnq63g,5
特選 馥郁 那堤 20221223b5iwn2lo,5
特選 馥郁 那堤 20221226e9asxeqy,5
特選 馥郁 那堤 20221221e5km9c1n,5
特選 馥郁 那堤 20221230g6xga8ez,5
特選 馥郁 那堤 20221203jz2iygs4,5
特選 馥郁 那堤 20221209x6vaonju,5
特選 馥郁 那堤 20221220f2snw7dn,5
特選 馥郁 那堤 20221213e9hu74gg,5
特選 馥郁 那堤 20221222b5ffwty8,5
特選 馥郁 那堤 20221208g8vbqtvi,5
特選 馥郁 那堤 20221212b6swie58,5
特選 馥郁 那堤 20221213u6yy5xat,5
特選 馥郁 那堤 20221216e7gnhm3s,5
特選 馥郁 那堤 20221220k2jm92g1,5
特選 馥郁 那堤 20221221e2yts8u9,5
特選 馥郁 那堤 20221226b3dmos5y,5
特選 馥郁 那堤 20221225e5kmlf7i,5
特選 馥郁 那堤 20221217o9hhed78,5
特選 馥郁 那堤 20221222c5wamj90,5
特選 馥郁 那堤 20221221u6yyaqel,5
特選 馥郁 那堤 20221223c5f9nhrc,5
特選 馥郁 那堤 20221226c5wahi9q,5
特選 馥郁 那堤 20221211g8vb2zqh,5
特選 馥郁 那堤 20221222j3rnmpea,5
特選 馥郁 那堤 20221214e2ytgi87,5
特選 馥郁 那堤 20221214f9yg9gvj,5
特選 馥郁 那堤 20221222b9zsqufy,5
特選 馥郁 那堤 20221202l7timpax,5
特選 馥郁 那堤 20221223e2ytazny,5
特選 馥郁 那堤 20221208g1uk8lfv,5
特選 馥郁 那堤 20221230f7ua45d0,5
特選 馥郁 那堤 20221211e1vnvpm8,5
特選 馥郁 那堤 20221219b5fflslk,5
特選 馥郁 那堤 20221214m7cmny7j,5
特選 馥郁 那堤 20221225t198mivz,5
特選 馥郁 那堤 20221224fvrp1wb2,5
特選 馥郁 那堤 20221213t0wc9eji,5
特選 馥郁 那堤 20221224l1mziujr,5
特選 馥郁 那堤 20221231c5wa0yq1,5
特選 馥郁 那堤 20221214e5km2w3w,5
特選 馥郁 那堤 20221224r5crht6x,5
特選 馥郁 那堤 20221218e9asuw1i,5
特選 馥郁 那堤 20221203c5waqqwz,5
特選 馥郁 那堤 20221217c5wapq9d,5
特選 馥郁 那堤 20221201c5waz04t,5
特選 馥郁 那堤 20221222k2jmw5hm,5
特選 馥郁 那堤 20221222c5f9kydr,5
特選 馥郁 那堤 20221210i3yya4t7,5
特選 馥郁 那堤 20221209j5ggxfx6,5
特選 馥郁 那堤 20221225m8tgx4xh,5
特選 馥郁 那堤 20221209yujtgxoh,5
特選 馥郁 那堤 20221221b4ufj7ku,5
特選 馥郁 那堤 20221224b1sksjbm,5
特選 馥郁 那堤 20221208e9ashk7q,5
特選 馥郁 那堤 20221223e1qy96xj,5
特選 馥郁 那堤 20221218c5was8td,5
特選 馥郁 那堤 20221228m8tgeuwp,5
特選 馥郁 那堤 20221209e9huicz5,5
特選 馥郁 那堤 20221208u6yyzqpo,5
特選 馥郁 那堤 20221209g8vbv6wf,5
特選 馥郁 那堤 20221217e1vn1x29,5
特選 馥郁 那堤 20221225q4ytf0ao,5
特選 馥郁 那堤 20221210f1sqicsz,5
特選 馥郁 那堤 20221229c5wacki4,5
特選 馥郁 那堤 20221212h7bjzz5x,5
特選 馥郁 那堤 20221228v9qxcbto,5
特選 馥郁 那堤 20221216n4nokapp,5
特選 馥郁 那堤 20221204f1dgr33n,5
特選 馥郁 那堤 20221210e5km0voa,5
特選 馥郁 那堤 20221212e7gn7vuw,5
特選 馥郁 那堤 20221215k67ofcwa,5
特選 馥郁 那堤 20221217j5ggo6ti,5
特選 馥郁 那堤 20221227c5f9zylx,5
特選 馥郁 那堤 20221202e5kmdzsd,5
特選 馥郁 那堤 20221203e7gnrxer,5
特選 馥郁 那堤 20221214f4ztk5kl,5
特選 馥郁 那堤 20221212y4noxi1p,5
特選 馥郁 那堤 20230116a8jrfnhj,5
特選 馥郁 那堤 20221206t0wcgme8,5
特選 馥郁 那堤 20221221b5ffh3b2,5
特選 馥郁 那堤 20221219u6yyyl14,5
特選 馥郁 那堤 20221221e2ytiql7,5
特選 馥郁 那堤 20221224b9zsg1ug,5
特選 馥郁 那堤 20221202b1fj683t,5
特選 馥郁 那堤 20221226i3yyzmp8,5
特選 馥郁 那堤 20221211e9aser2m,5
特選 馥郁 那堤 20221206e9asq9o8,5
特選 馥郁 那堤 20221224v6joxqbe,5
特選 馥郁 那堤 20221212b8kiyxfl,5
特選 馥郁 那堤 20221213i5hu1w1m,5
特選 馥郁 那堤 20221218e5kmzg1k,5
特選 馥郁 那堤 20221225b9gvoibq,5
特選 馥郁 那堤 20221211u6yy0gys,5
特選 馥郁 那堤 20221221e9asnzia,5
特選 馥郁 那堤 20221206m8tg8g8w,5
特選 馥郁 那堤 20221217e5km1r4f,5
特選 馥郁 那堤 20221202f9ygvy1m,5
特選 馥郁 那堤 20221209f1dg2ych,5
特選 馥郁 那堤 20230106e9asvnjn,5
特選 馥郁 那堤 20221221e8xhel6q,5
特選 馥郁 那堤 20230121a8jr9b5v,5
特選 馥郁 那堤 20221230e5bdygi9,5
特選 馥郁 那堤 20230117e9asrjxm,5
特選 馥郁 那堤 20221209n6xvhhyc,5
特選 馥郁 那堤 20221226jz2i1h2w,5
特選 馥郁 那堤 20221216e9asbutv,5
特選 馥郁 那堤 20230118b5dsm9fo,5
特選 馥郁 那堤 20230126i8reth6a,5
特選 馥郁 那堤 20221214m8tgeaz0,5
特選 馥郁 那堤 20221230k9dyy5bz,5
特選 馥郁 那堤 20221219e9as9pxs,5
特選 馥郁 那堤 20230127i3yy3xed,5
特選 馥郁 那堤 20221221e7gntim5,5
特選 馥郁 那堤 20221218c5f9p43i,5
特選 馥郁 那堤 20221231f6cxzlon,5
特選 馥郁 那堤 20221205c5f9nvo6,5
特選 馥郁 那堤 20221211u6yy13u9,5
特選 馥郁 那堤 20221205mbv85v8o,5
特選 馥郁 那堤 20221219c5was5fq,5
特選 馥郁 那堤 20221228e5kml54k,5
特選 馥郁 那堤 20230130u6yytxko,5
特選 馥郁 那堤 20221209f4vsd0yf,5
特選 馥郁 那堤 20221201u6yyokek,5
特選 馥郁 那堤 20230213g8vbk54y,5
特選 馥郁 那堤 20230218u6yy2f6j,5
特選 馥郁 那堤 20230209e9as3b70,5
特選 馥郁 那堤 20230209v7tflpg4,5
特選 馥郁 那堤 20230208f4ztwywx,5
特選 馥郁 那堤 20221211e5kmdqf8,5
特選 馥郁 那堤 20221201yujtkvli,5
特選 馥郁 那堤 20230117i3yypvwp,5
特選 馥郁 那堤 20230110rxxtyni9,5
特選 馥郁 那堤 20221206t198vlei,5
特選 馥郁 那堤 20221206x6vab7pd,5
特選 馥郁 那堤 20221207f0avbuak,5
特選 馥郁 那堤 20221218i3yyblj2,5
特選 馥郁 那堤 20221201edcnrp8q,5
特選 馥郁 那堤 20230115h3bxzt73,5
特選 馥郁 那堤 20221221e4cwnsug,5
特選 馥郁 那堤 20230124c5wa0tgu,5
特選 馥郁 那堤 20221218e5bdnrw0,5
特選 馥郁 那堤 20221201b2fglmdq,5
特選 馥郁 那堤 20221207e9asneq7,5
特選 馥郁 那堤 20221213u6hhnk8x,5
特選 馥郁 那堤 20230104b5ffbwii,5
特選 馥郁 那堤 20230118q7yvnlwc,5
特選 馥郁 那堤 20221214e4cwzapm,5
特選 馥郁 那堤 20221229u6yykszd,5
特選 馥郁 那堤 20221221i3yywjpm,5
特選 馥郁 那堤 20221223k2jmyh5p,5
特選 馥郁 那堤 20221220v2quks9z,5
特選 馥郁 那堤 20221203r7elh452,5
特選 馥郁 那堤 20221212t0wc4ymv,5
特選 馥郁 那堤 20230114m8tgygbf,5
特選 馥郁 那堤 20221231b9uh09si,5
特選 馥郁 那堤 20221222c5f9mi2l,5
特選 馥郁 那堤 20221211c6wljz8h,5
特選 馥郁 那堤 20230103i3yyq12u,5
特選 馥郁 那堤 20230124n6al8tlc,5
特選 馥郁 那堤 20221205e9hum7l5,5
特選 馥郁 那堤 20230109p5xo445x,5
特選 馥郁 那堤 20221229k2bldqdj,5
特選 馥郁 那堤 20230118u6syfzu6,5
特選 馥郁 那堤 20230125o4vd4fso,5
特選 馥郁 那堤 20230106j8asgn6s,5
特選 馥郁 那堤 20230208u6yy9o3u,5
特選 馥郁 那堤 20230210u6yybqxv,5
特選 馥郁 那堤 20230211b5ffh5nd,5
特選 馥郁 那堤 20230205k2wy0ooq,5
特選 馥郁 那堤 20221218f6cxdrdg,5
特選 馥郁 那堤 20221215m8tg3uew,5
特選 馥郁 那堤 20221219b1sksv33,5
特選 馥郁 那堤 20221217t198ne47,5
特選 馥郁 那堤 20221219x7gx4dmp,5
特選 馥郁 那堤 20230117g1ukl5gm,5
特選 馥郁 那堤 20221216m8tg458f,5
特選 馥郁 那堤 20230118c5wawi5l,5
特選 馥郁 那堤 20230109e9as98bl,5
特選 馥郁 那堤 20221201u1pe84ai,5
特選 馥郁 那堤 20230101i3yyltem,5
特選 馥郁 那堤 20230126e5bdivsd,5
特選 馥郁 那堤 20230104b9vy4bji,5
特選 馥郁 那堤 20230111g8vbaens,5
特選 馥郁 那堤 20230103e7gntzsr,5
特選 馥郁 那堤 20221207f5azta9u,5
特選 馥郁 那堤 20221212o4vddhy9,5
特選 馥郁 那堤 20230111i3yy5d41,5
特選 馥郁 那堤 20230121bwoagdo7,5
特選 馥郁 那堤 20230215y4noz84c,5
特選 馥郁 那堤 20221212j5ggrx18,5
特選 馥郁 那堤 20230201t3akos5l,5
特選 馥郁 那堤 20221201f5azaymp,5
特選 馥郁 那堤 20221227c5f9sr4d,5
特選 馥郁 那堤 20230208s0bqvhkh,5
特選 馥郁 那堤 20230207y1ijlt1u,5
特選 馥郁 那堤 20230221h1us6h2t,5
特選 馥郁 那堤 20230222h5wo46yy,5
特選 馥郁 那堤 20230128t3akp792,5
特選 馥郁 那堤 20221202m3vpfcsd,5
特選 馥郁 那堤 20221213e9as7mi4,5
特選 馥郁 那堤 20221201f2snti7n,5
特選 馥郁 那堤 20230219e7gn0ocl,5
特選 馥郁 那堤 20230205t3ak0wno,5
特選 馥郁 那堤 20230218s7tp8mg5,5
特選 馥郁 那堤 20230225e9asfmkm,5
特選 馥郁 那堤 20230112p5xosdte,5
特選 馥郁 那堤 20230112u6yy66oo,5
特選 馥郁 那堤 20230119c5f9024e,5
特選 馥郁 那堤 20230119mbv8zcy9,5
特選 馥郁 那堤 20230129g8vbbbsm,5
特選 馥郁 那堤 20230201u6yyb7jj,5
特選 馥郁 那堤 20221220k6tcf3tq,5
特選 馥郁 那堤 20221218b9zsdifk,5
特選 馥郁 那堤 20221227m8tgemp3,5
特選 馥郁 那堤 20221223b5ff6f62,5
特選 馥郁 那堤 20230208m8tg0c2f,5
特選 馥郁 那堤 20230207l9trixp6,5
特選 馥郁 那堤 20230215x8psmlsg,5
特選 馥郁 那堤 20230220y1ij2zbd,5
特選 馥郁 那堤 20230211j6ixro95,5
特選 馥郁 那堤 20230113g7mr6t34,5
特選 馥郁 那堤 20221201s0bqzsl9,5
特選 馥郁 那堤 20221204m3vpyppp,5
特選 馥郁 那堤 20221202u6yy1mpt,5
特選 馥郁 那堤 20230125f9ygjs38,5
特選 馥郁 那堤 20230212f7me9rcn,5
特選 馥郁 那堤 20230121e8mewrxa,5
特選 馥郁 那堤 20230216p5xodkrd,5
特選 馥郁 那堤 20230106f7uabth5,5
特選 馥郁 那堤 20230211b6uim880,5
特選 馥郁 那堤 20230219o1io7fem,5
特選 馥郁 那堤 20230222v6joxm6f,5
特選 馥郁 那堤 20230116e9as3h7q,5
特選 馥郁 那堤 20230101f0avp99k,5
特選 馥郁 那堤 20230204s7tpfzhf,5
特選 馥郁 那堤 20230106f6vvtbw2,5
特選 馥郁 那堤 20221209m3vp2fit,5
特選 馥郁 那堤 20221224c5wa5jki,5
特選 馥郁 那堤 20221224u4epbn1k,5
特選 馥郁 那堤 20221203e9ash2cv,5
特選 馥郁 那堤 20221212e9as4irv,5
特選 馥郁 那堤 20230201f1ey018i,5
特選 馥郁 那堤 20230208k6tcryfp,5
特選 馥郁 那堤 20230214s3drarcl,5
特選 馥郁 那堤 20230215e5kmydho,5
特選 馥郁 那堤 20230215e9as5qvt,5
特選 馥郁 那堤 20230224e9as04yl,5
特選 馥郁 那堤 20230215t1kc7l2f,5
特選 馥郁 那堤 20230222k0ef2o4v,5
特選 馥郁 那堤 20230115f1dgnob3,5
特選 馥郁 那堤 20230206f1eyog5g,5
特選 馥郁 那堤 20230207t3akksje,5
特選 馥郁 那堤 20230208f4ztsmhy,5
特選 馥郁 那堤 20230212b8ki4u5o,5
特選 馥郁 那堤 20230212s9tgmhkt,5
特選 馥郁 那堤 20230213swhmpdxj,5
特選 馥郁 那堤 20221204c5f9hweq,5
特選 馥郁 那堤 20230213e1vndhka,5
特選 馥郁 那堤 20221220e5kmd71b,5
特選 馥郁 那堤 20230102e5itcz1b,5
特選 馥郁 那堤 V,242290
特選 馥郁 那堤 20230120e1vn7o2x,5
特選 馥郁 那堤 20230214g8vbe5zx,5
特選 馥郁 那堤 20230217f2um8cuo,5
特選 馥郁 那堤 20230226e9asew31,5
特選 馥郁 那堤 20230210e9as5zgr,5
特選 馥郁 那堤 20230216t0wcojwn,5
特選 馥郁 那堤 20221222g7mra0p8,5
特選 馥郁 那堤 20230125x2emypo5,5
特選 馥郁 那堤 20221231g7mr6was,5
特選 馥郁 那堤 20230215l1578d7k,5
特選 馥郁 那堤 20230202e9as6zjf,5
特選 馥郁 那堤 20230211g1uk7qni,5
特選 馥郁 那堤 20230212e5km42wq,5
特選 馥郁 那堤 20230216f6vvg7xv,5
特選 馥郁 那堤 20230217e9as428i,5
特選 馥郁 那堤 20230107s0bq6abs,5
特選 馥郁 那堤 20230210f7mwcxq2,5
特選 馥郁 那堤 20230210m1oo1gfz,5
特選 馥郁 那堤 20230116l7wwn7mj,5
特選 馥郁 那堤 20230218b5ff96o5,5
特選 馥郁 那堤 20230225f4ztoqau,5
特選 馥郁 那堤 20230206i3lazvy0,5
特選 馥郁 那堤 20230107e5kma432,5
特選 馥郁 那堤 20221207f4vsd7ic,5
特選 馥郁 那堤 20230204c8wpi95h,5
特選 馥郁 那堤 20230218u6yy00lz,5
特選 馥郁 那堤 20230226n5qt6b0v,5
特選 馥郁 那堤 20230223n1f8572a,5
特選 馥郁 那堤 20230217p5xoes7k,5
特選 馥郁 那堤 20230204y1ij149b,5
特選 馥郁 那堤 20230128n8xvgq8u,5
特選 馥郁 那堤 20230128f1sq5hpf,5
特選 馥郁 那堤 20230214g1ukhyax,5
特選 馥郁 那堤 20230203l7tiudtz,5
特選 馥郁 那堤 20230124c5wa0fil,5
特選 馥郁 那堤 20230228x6fjvtzp,5
特選 馥郁 那堤 20230131t3akapgn,5
特選 馥郁 那堤 20230125g8vb2rbk,5
特選 馥郁 那堤 20230225b1fjcdo4,5
特選 馥郁 那堤 20230213f9ygzr2d,5
特選 馥郁 那堤 20230226f4vsyo39,5
特選 馥郁 那堤 20230220t3ak9ez9,5
特選 馥郁 那堤 20230218o9hhl2vu,5
特選 馥郁 那堤 20230220g1ukfohg,5
特選 馥郁 那堤 20230204b5oq01c2,5
特選 馥郁 那堤 20230219g1uku3bl,5
特選 馥郁 那堤 20230221dn0bmpqr,5
特選 馥郁 那堤 20221221p4hvhg7d,5
特選 馥郁 那堤 20230131f6vvrupx,5
特選 馥郁 那堤 20221224i1ksyd61,5
特選 馥郁 那堤 20230223o0bgkt0z,5
特選 馥郁 那堤 20221208e5bd6r6b,5
特選 馥郁 那堤 20221221p4hv4irf,5
特選 馥郁 那堤 20221217s9tg5ds5,5
特選 馥郁 那堤 20230206u6yyw0aq,5
特選 馥郁 那堤 20230311h1ussz5b,5
特選 馥郁 那堤 20230315m2lgs0p4,5
特選 馥郁 那堤 20230214k7vn3v2m,5
特選 馥郁 那堤 20230226h3bx337k,5
特選 馥郁 那堤 20230111h9klsugo,5
特選 馥郁 那堤 20230118v6joohih,5
特選 馥郁 那堤 20230125bibcc0qg,5
特選 馥郁 那堤 20230201e2ytucbw,5
特選 馥郁 那堤 20230204e5km488c,5
特選 馥郁 那堤 20230215p5xojp8o,5
特選 馥郁 那堤 20230207b6uifxiv,5
特選 馥郁 那堤 20230212bibcekkd,5
特選 馥郁 那堤 20230212j5ggibvj,5
特選 馥郁 那堤 20230211t3akyh0j,5
特選 馥郁 那堤 20230318rxxthlh3,5
特選 馥郁 那堤 20230221f1sqkm3s,5
特選 馥郁 那堤 20230219b1wit82i,5
特選 馥郁 那堤 20230204u6yykpsh,5
特選 馥郁 那堤 20230226g6xgxcje,5
特選 馥郁 那堤 20230202u6gczw0k,5
特選 馥郁 那堤 20230208e5kme9el,5
特選 馥郁 那堤 20230213e9asdl3t,5
特選 馥郁 那堤 20230214g7mr35u0,5
特選 馥郁 那堤 20230218t3akw1of,5
特選 馥郁 那堤 20230411e9as1vqk,5
特選 馥郁 那堤 20230201f5azvb6s,5
特選 馥郁 那堤 20230220f5azolop,5
特選 馥郁 那堤 20221212u6yyuu7g,5
特選 馥郁 那堤 20221219e2yt7n0p,5
特選 馥郁 那堤 20230207m6qmbpei,5
特選 馥郁 那堤 20230221bibcbpl8,5
特選 馥郁 那堤 20230123n6jp8gg8,5
特選 馥郁 那堤 20230123k2blc3z8,5
特選 馥郁 那堤 20230107u6yysa06,5
特選 馥郁 那堤 20230204l7tixeni,5
特選 馥郁 那堤 20230220m8tgm4ru,5
特選 馥郁 那堤 20230203psfrhpvw,5
特選 馥郁 那堤 20230212g8vbddw9,5
特選 馥郁 那堤 20221201e2yt49dz,5
特選 馥郁 那堤 20230215e0qclxm0,5
特選 馥郁 那堤 20230219k0efe0id,5
特選 馥郁 那堤 20221212k2jmke59,5
特選 馥郁 那堤 20230220u6yyfya9,5
特選 馥郁 那堤 20230222l6visfmj,5
特選 馥郁 那堤 20221207h5fkti2f,5
特選 馥郁 那堤 20230213m8tgzfbu,5
特選 馥郁 那堤 20230323m2lg4r0p,5
特選 馥郁 那堤 20230210v7tfv4z3,5
特選 馥郁 那堤 20230220h0yplzs8,5
特選 馥郁 那堤 20230228k0ef4bm3,5
特選 馥郁 那堤 20230214q2jgizsq,5
特選 馥郁 那堤 20230215l6vinrv1,5
特選 馥郁 那堤 20230217i9lnt9cn,5
特選 馥郁 那堤 20221204m8tgtedu,5
特選 馥郁 那堤 20230225bwoauso7,5
特選 馥郁 那堤 20230401x0vaoeml,5
特選 馥郁 那堤 20230111s7ur1xrx,5
特選 馥郁 那堤 20230203b6uimbpq,5
特選 馥郁 那堤 20230207b5ffdhko,5
特選 馥郁 那堤 20230210t3aktrie,5
特選 馥郁 那堤 20230212bwoag3ip,5
特選 馥郁 那堤 20230214t9mibkgi,5
特選 馥郁 那堤 20230204r3gpulri,5
特選 馥郁 那堤 20230205e9asuiys,5
特選 馥郁 那堤 20230227f7mwusxi,5
特選 馥郁 那堤 20230427f1dgavht,5
特選 馥郁 那堤 20230301e5kmog70,5
特選 馥郁 那堤 20230312e9asx2it,5
特選 馥郁 那堤 20230424e2ytgjvu,5
特選 馥郁 那堤 20230119n1f8avhl,5
特選 馥郁 那堤 20230325p3ris6gl,5
特選 馥郁 那堤 20230201f7uaxcfn,5
特選 馥郁 那堤 20230214e5bdpnnx,5
特選 馥郁 那堤 20230207m8tgmjy9,5
特選 馥郁 那堤 20230128b5ff01bh,5
特選 馥郁 那堤 20230221f1eyura3,5
特選 馥郁 那堤 20230224e5bda96p,5
特選 馥郁 那堤 20230129x2bdqzxb,5
特選 馥郁 那堤 20230104u6yyf6os,5
特選 馥郁 那堤 20230309e7gnnrf1,5
特選 馥郁 那堤 20230221e9as2kt1,5
特選 馥郁 那堤 20230221b1skkz5q,5
特選 馥郁 那堤 20230307f4yf5mjt,5
特選 馥郁 那堤 20230104e9ascnjb,5
特選 馥郁 那堤 20230131u6yywkpn,5
特選 馥郁 那堤 20230213i3yy0id5,5
特選 馥郁 那堤 20230217h9kl35oa,5
特選 馥郁 那堤 20230127g8vbs6un,5
特選 馥郁 那堤 20221225b5fff4jf,5
特選 馥郁 那堤 20221224x6vaiol5,5
特選 馥郁 那堤 20230408q2yj5a8d,5
特選 馥郁 那堤 20230424p6ff8ojb,5
特選 馥郁 那堤 20230219f5azrhup,5
特選 馥郁 那堤 20230212e9asuatn,5
特選 馥郁 那堤 20230222e8mei25i,5
特選 馥郁 那堤 20230209tl73tguh,5
特選 馥郁 那堤 20230422k67o1hw8,5
特選 馥郁 那堤 20230204m8tgyj3o,5
特選 馥郁 那堤 20230108b4uf4llg,5
特選 馥郁 那堤 20230218o1io0wq5,5
特選 馥郁 那堤 20230204b5ffyryk,5
特選 馥郁 那堤 20230222x2bdd591,5
特選 馥郁 那堤 20230304c5f9rukk,5
特選 馥郁 那堤 20230407c9game8n,5
特選 馥郁 那堤 20230414b9zsrjdf,5
特選 馥郁 那堤 20230309t0wccpu3,5
特選 馥郁 那堤 20230311v7tfuflm,5
特選 馥郁 那堤 20230316t3akwxv5,5
特選 馥郁 那堤 20230118t3akvovd,5
特選 馥郁 那堤 20230417c5f9qxzk,5
特選 馥郁 那堤 20230421i3yyi7ey,5
特選 馥郁 那堤 20230127f9yg57va,5
特選 馥郁 那堤 20230321i3yyl150,5
特選 馥郁 那堤 20230327t3aksont,5
特選 馥郁 那堤 20230225o4vy9jwl,5
特選 馥郁 那堤 20230319e9asriec,5
特選 馥郁 那堤 20230329e9assp6d,5
特選 馥郁 那堤 20230311r6qhhcm6,5
特選 馥郁 那堤 20230313p93j3lsp,5
特選 馥郁 那堤 20230320i9ln7i7l,5
特選 馥郁 那堤 20230326b3dmirp5,5
特選 馥郁 那堤 20230410j8ascdqh,5
特選 馥郁 那堤 20221218k2bl4cxj,5
特選 馥郁 那堤 20230103n3rtmb1t,5
特選 馥郁 那堤 20230101b4ufdwqi,5
特選 馥郁 那堤 20230201e5kmj0wf,5
特選 馥郁 那堤 20230223e2ytas2f,5
特選 馥郁 那堤 20230423r7el5bhu,5
特選 馥郁 那堤 20230209u6yyqq4s,5
特選 馥郁 那堤 20221229i3yy4oc8,5
特選 馥郁 那堤 20230402h3bx6eno,5
特選 馥郁 那堤 20230208s7ur0bar,5
特選 馥郁 那堤 20230203e9aspraa,5
特選 馥郁 那堤 20230223i3yyghsi,5
特選 馥郁 那堤 20230307bwoa6m39,5
特選 馥郁 那堤 20230307i8rebpua,5
特選 馥郁 那堤 20230407t3akue1e,5
特選 馥郁 那堤 20230203y4no43ob,5
特選 馥郁 那堤 20230214g1uk6rgu,5
特選 馥郁 那堤 20230217o1ioty5z,5
特選 馥郁 那堤 20230108g1uk4jcz,5
特選 馥郁 那堤 20230119o4vyv2kj,5
特選 馥郁 那堤 20230119y1by7cs0,5
特選 馥郁 那堤 20230315c5f9dh9y,5
特選 馥郁 那堤 20230220f2ummhgc,5
特選 馥郁 那堤 20230208rxmx88yh,5
特選 馥郁 那堤 20230420a2xxw4m1,5
特選 馥郁 那堤 20230317f1dg8wmx,5
特選 馥郁 那堤 20230317f7uai0s8,5
特選 馥郁 那堤 20230309k2blx5s5,5
特選 馥郁 那堤 20230420e7gn5vsh,5
特選 馥郁 那堤 20230210e5bd6idn,5
特選 馥郁 那堤 20230317i8reuksy,5
特選 馥郁 那堤 20230423l9trwbpp,5
特選 馥郁 那堤 20230116t3ak7izf,5
特選 馥郁 那堤 20230205f9ygpck2,5
特選 馥郁 那堤 20230202i8re4xma,5
特選 馥郁 那堤 20230309u6yy3y5t,5
特選 馥郁 那堤 20230322u6yygp21,5
特選 馥郁 那堤 20230321u6yybzwx,5
特選 馥郁 那堤 20230304t3ak7w85,5
特選 馥郁 那堤 20230308f9yg3jdg,5
特選 馥郁 那堤 20230321e9hurrrc,5
特選 馥郁 那堤 20230405fs7xza1a,5
特選 馥郁 那堤 20230209s7urjics,5
特選 馥郁 那堤 20230306e7gn81d8,5
特選 馥郁 那堤 20230121c5waxt5g,5
特選 馥郁 那堤 20230103f5azi4nv,5
特選 馥郁 那堤 20230110g8vbfm03,5
特選 馥郁 那堤 20230321c1aqv016,5
特選 馥郁 那堤 20230411b5ffng55,5
特選 馥郁 那堤 20230419q2jixtdn,5
特選 馥郁 那堤 20230319e1vndxg8,5
特選 馥郁 那堤 20230216y1ijxfft,5
特選 馥郁 那堤 20230321f5azkba0,5
特選 馥郁 那堤 20230220u6hhk12x,5
特選 馥郁 那堤 20230219m8tg21za,5
特選 馥郁 那堤 20230110m8tgkgyi,5
特選 馥郁 那堤 20230320u6yy4kyo,5
特選 馥郁 那堤 20230327u6yyyuy5,5
特選 馥郁 那堤 20230414q6heterx,5
特選 馥郁 那堤 20230405i3yyk7tn,5
特選 馥郁 那堤 20230417e7gndg2l,5
特選 馥郁 那堤 20230417t3akk81a,5
特選 馥郁 那堤 20230417y1ijt10w,5
特選 馥郁 那堤 20230405t3akutxp,5
特選 馥郁 那堤 20230420e1vn02za,5
特選 馥郁 那堤 20230216x3deveug,5
特選 馥郁 那堤 20230207i8reeke1,5
特選 馥郁 那堤 20230117g8vbzhkb,5
特選 馥郁 那堤 20230319e9as6x4h,5
特選 馥郁 那堤 20230105e5it8oon,5
特選 馥郁 那堤 20230204f5azmnct,5
特選 馥郁 那堤 20230206m2uukm99,5
特選 馥郁 那堤 20230213e5kmr7dx,5
特選 馥郁 那堤 20230213x5tfdtwd,5
特選 馥郁 那堤 20230221a4pfbn3x,5
特選 馥郁 那堤 20230226j5ggpa2x,5
特選 馥郁 那堤 20230407v6rxygjc,5
特選 馥郁 那堤 20230208psfr1yyk,5
特選 馥郁 那堤 20230206diy6we3j,5
特選 馥郁 那堤 20230205e5bdi1va,5
特選 馥郁 那堤 20230205e7gnzxni,5
特選 馥郁 那堤 20230204f4dlja6c,5
特選 馥郁 那堤 20230423f0avht0c,5
特選 馥郁 那堤 20230426j8asdqkx,5
特選 馥郁 那堤 20230125k9xwjggr,5
特選 馥郁 那堤 20230118e9ashk4m,5
特選 馥郁 那堤 20230108g8vb5pxs,5
特選 馥郁 那堤 20230311l7tingit,5
特選 馥郁 那堤 20230202y1ij2lmg,5
特選 馥郁 那堤 20230116e7xkf27c,5
特選 馥郁 那堤 20230425f7uauemx,5
特選 馥郁 那堤 20230424f0qbrnzz,5
特選 馥郁 那堤 20230223s7tp8sma,5
特選 馥郁 那堤 20230212b5ffmq02,5
特選 馥郁 那堤 20230130t3ak6jxq,5
特選 馥郁 那堤 20230420b5oqqimu,5
特選 馥郁 那堤 20230128e4cwwdog,5
特選 馥郁 那堤 20230418c5wasbrh,5
特選 馥郁 那堤 20230422e9as8nk9,5
特選 馥郁 那堤 20230123i8reabgx,5
特選 馥郁 那堤 20230223k0efbayv,5
特選 馥郁 那堤 20230403e9asrddx,5
特選 馥郁 那堤 20230425f2sn3q20,5
特選 馥郁 那堤 20230403i3yypjwm,5
特選 馥郁 那堤 20230401bwoau9ss,5
特選 馥郁 那堤 20230203c8wp2yeb,5
特選 馥郁 那堤 20230312u6hhh5bw,5
特選 馥郁 那堤 20230214t4cip04a,5
特選 馥郁 那堤 20230424t3akk5za,5
特選 馥郁 那堤 20230428i3yyzgfm,5
特選 馥郁 那堤 20230422h3bxjake,5
特選 馥郁 那堤 20230422b5ffcgz4,5
特選 馥郁 那堤 20230410f4ztllxo,5
特選 馥郁 那堤 20230421c5wakktj,5
特選 馥郁 那堤 20230403b4ufavyr,5
特選 馥郁 那堤 20230420e8xh0lrn,5
特選 馥郁 那堤 20230127v2qu8dz7,5
特選 馥郁 那堤 20230425f9yg27e3,5
特選 馥郁 那堤 20230404k7vnjhpp,5
特選 馥郁 那堤 20230107k2wy651k,5
特選 馥郁 那堤 20230403t3akkkik,5
特選 馥郁 那堤 20230428c9ei78ce,5
特選 馥郁 那堤 20230306s7tpfd3v,5
特選 馥郁 那堤 20230315i8rezhg8,5
特選 馥郁 那堤 20230315q2yjjxys,5
特選 馥郁 那堤 20230329b5oq6sg4,5
特選 馥郁 那堤 20230420t3akmrf7,5
特選 馥郁 那堤 20230420u6yyrnnr,5
特選 馥郁 那堤 20230207u6yyp3a5,5
特選 馥郁 那堤 20221206k0weoaqt,5
特選 馥郁 那堤 20221215u6yyyskg,5
特選 馥郁 那堤 20230302t3akelld,5
特選 馥郁 那堤 20230118s9tgmxvt,5
特選 馥郁 那堤 20230330i3yyed0v,5
特選 馥郁 那堤 20230227m3ly7j8k,5
特選 馥郁 那堤 20230408x6fjjbq7,5
特選 馥郁 那堤 20230217b5ffwd51,5
特選 馥郁 那堤 20230120t3akh76y,5
特選 馥郁 那堤 20230322y1ijgmq1,5
特選 馥郁 那堤 20230317q5qxknri,5
特選 馥郁 那堤 20230330t198apvz,5
特選 馥郁 那堤 20230213y1ij9tx3,5
特選 馥郁 那堤 20230313b1fj24mc,5
特選 馥郁 那堤 20230318e9as3npn,5
特選 馥郁 那堤 20230322f2umfryz,5
特選 馥郁 那堤 20230315y1ij3j29,5
特選 馥郁 那堤 20230212c5wavzxw,5
特選 馥郁 那堤 20230429k2jmpups,5
特選 馥郁 那堤 20230403c8wpsr3f,5
特選 馥郁 那堤 20230422t3ak411u,5
特選 馥郁 那堤 20230414x6va8ep2,5
特選 馥郁 那堤 20230316e9asw079,5
特選 馥郁 那堤 20230205f7mw7o2i,5
特選 馥郁 那堤 20230426e9as3e96,5
特選 馥郁 那堤 20230219m3vpi3iq,5
特選 馥郁 那堤 20230426t3aklawc,5
特選 馥郁 那堤 20230422e0jnavju,5
特選 馥郁 那堤 20230315e9as0ej0,5
特選 馥郁 那堤 20230202c6wlxydb,5
特選 馥郁 那堤 20230203m1oo8m6t,5
特選 馥郁 那堤 20230228f7meqp4e,5
特選 馥郁 那堤 20230302f4vskpcf,5
特選 馥郁 那堤 20230416b5ffvc89,5
特選 馥郁 那堤 20230208jz2ig57b,5
特選 馥郁 那堤 20230428e2ytj117,5
特選 馥郁 那堤 20230401b1sk8fx6,5
特選 馥郁 那堤 20230201jz2i0b19,5
特選 馥郁 那堤 20230206s7urd4lh,5
特選 馥郁 那堤 20230419u6yyr56y,5
特選 馥郁 那堤 20230422g6xgiqi2,5
特選 馥郁 那堤 20230221h9kl4do6,5
特選 馥郁 那堤 20230409k0eftvel,5
特選 馥郁 那堤 20230204t3akuw4l,5
特選 馥郁 那堤 20230320e9ashhi6,5
特選 馥郁 那堤 20230206f5azbl51,5
特選 馥郁 那堤 20230429l9tri0qy,5
特選 馥郁 那堤 20230309h9klwkpk,5
特選 馥郁 那堤 20230321p93j9dhp,5
特選 馥郁 那堤 20230308s7urf6sx,5
特選 馥郁 那堤 20230320b1docdst,5
特選 馥郁 那堤 20230328g1uk8lmq,5
特選 馥郁 那堤 20230310e7gnj91y,5
特選 馥郁 那堤 20230407yujt75zl,5
特選 馥郁 那堤 20230401h9riz81a,5
特選 馥郁 那堤 20230330t0wci1xl,5
特選 馥郁 那堤 20230311t3akwkkx,5
特選 馥郁 那堤 20230313i3yyzrgh,5
特選 馥郁 那堤 20230413u6yyu3vt,5
特選 馥郁 那堤 20230418u6yy4ai2,5
特選 馥郁 那堤 20221229e5bd197j,5
特選 馥郁 那堤 20230412y3ufn474,5
特選 馥郁 那堤 20230419y3ufl45y,5
特選 馥郁 那堤 20230425e9as6n5w,5
特選 馥郁 那堤 20230204s7urn2sj,5
特選 馥郁 那堤 20230208e2lak1rh,5
特選 馥郁 那堤 20230220t9mi0amn,5
特選 馥郁 那堤 20230314t0wcyf5b,5
特選 馥郁 那堤 20230322c8wpkatk,5
特選 馥郁 那堤 20230201h1hi2kqt,5
特選 馥郁 那堤 20230317m2lgocnn,5
特選 馥郁 那堤 20230317e5bd3p6s,5
特選 馥郁 那堤 20230323vfkd8hd3,5
特選 馥郁 那堤 20230304b5ffd49w,5
特選 馥郁 那堤 20230328e9ask9ag,5
特選 馥郁 那堤 20230326u7axstva,5
特選 馥郁 那堤 20230214s7ur8clb,5
特選 馥郁 那堤 20221212p5xojnbo,5
特選 馥郁 那堤 20230326c8wpjzg7,5
特選 馥郁 那堤 20230329bwoa5c1z,5
特選 馥郁 那堤 20230301m8tg7404,5
特選 馥郁 那堤 20230423b5ffdbj2,5
特選 馥郁 那堤 20230428e9aspvhp,5
特選 馥郁 那堤 20230427e9asdsa1,5
特選 馥郁 那堤 20230305bwoakv7f,5
特選 馥郁 那堤 20230310i3yy9czl,5
特選 馥郁 那堤 20230317i3yybd84,5
特選 馥郁 那堤 20230305y3uf2w3i,5
特選 馥郁 那堤 20230310g1ukw9ny,5
特選 馥郁 那堤 20230312h9kl4ubo,5
特選 馥郁 那堤 20230426b1winoyp,5
特選 馥郁 那堤 20230213b9vy4tl7,5
特選 馥郁 那堤 20230423bwoayjh8,5
特選 馥郁 那堤 20230208t3akhnju,5
特選 馥郁 那堤 20230214v6odgl14,5
特選 馥郁 那堤 20230413q2jid0js,5
特選 馥郁 那堤 20230426n6alr4f9,5
特選 馥郁 那堤 20230404e7gnxyrp,5
特選 馥郁 那堤 20230428f7uay570,5
特選 馥郁 那堤 20230217j8asne0r,5
特選 馥郁 那堤 20230404h5fke5dt,5
特選 馥郁 那堤 20230308f7uaonob,5
特選 馥郁 那堤 20230411o9hhl8sk,5
特選 馥郁 那堤 20230425r7el3mzm,5
特選 馥郁 那堤 20230410y1ijusr1,5
特選 馥郁 那堤 20230301p93j50fa,5
特選 馥郁 那堤 20230426e5kmel6k,5
特選 馥郁 那堤 20230411h9klqnoy,5
特選 馥郁 那堤 20230203y1ijk9hj,5
特選 馥郁 那堤 20230331t3aknlq2,5
特選 馥郁 那堤 20230308i3yyh9y3,5
特選 馥郁 那堤 20230412t3akmw2k,5
特選 馥郁 那堤 20230421bibclqxp,5
特選 馥郁 那堤 20230322m2lgj0in,5
特選 馥郁 那堤 20230306f4yf4lka,5
特選 馥郁 那堤 20230419c6wlv2hi,5
特選 馥郁 那堤 20230310u6yyi01z,5
特選 馥郁 那堤 20230420c5wa6evn,5
特選 馥郁 那堤 20230207e9astion,5
特選 馥郁 那堤 20230216e9as61e6,5
特選 馥郁 那堤 20230219b5dskwaq,5
特選 馥郁 那堤 20230219e5kmfn8c,5
特選 馥郁 那堤 20230223l6vi42sz,5
特選 馥郁 那堤 20230416e9as3q11,5
特選 馥郁 那堤 20230411b5ffgokz,5
特選 馥郁 那堤 20230421q2jgepzf,5
特選 馥郁 那堤 20230417c5waxd5r,5
特選 馥郁 那堤 20230417t0wchtxb,5
特選 馥郁 那堤 20230428y3ufgb2f,5
特選 馥郁 那堤 20230327k2jm2t6d,5
特選 馥郁 那堤 20230412l9trh79y,5
特選 馥郁 那堤 20230416l9trm4o8,5
特選 馥郁 那堤 20230314s7tp99xr,5
特選 馥郁 那堤 20230301psfrc320,5
特選 馥郁 那堤 20230309n3rt4ejc,5
特選 馥郁 那堤 20230303h9klqbhe,5
特選 馥郁 那堤 20230322e1vnxmua,5
特選 馥郁 那堤 20230308k9dyd3aq,5
特選 馥郁 那堤 20230314s7ury63u,5
特選 馥郁 那堤 20230427b5fflwkd,5
特選 馥郁 那堤 20230417x6vajklz,5
特選 馥郁 那堤 20230420r7el10bf,5
特選 馥郁 那堤 20230311shl6vbwx,5
特選 馥郁 那堤 20230302u6yy2ltw,5
特選 馥郁 那堤 20230405e9asfxoy,5
特選 馥郁 那堤 20230407h9kl57tx,5
特選 馥郁 那堤 20230222e5kmna2o,5
特選 馥郁 那堤 20230303l6vig3ge,5
特選 馥郁 那堤 20230404t3ako5ub,5
特選 馥郁 那堤 20230314f1dgzfp2,5
特選 馥郁 那堤 20230428y1ijg1l5,5
特選 馥郁 那堤 20230411e7gnj2kv,5
特選 馥郁 那堤 20230311u3mwjztd,5
特選 馥郁 那堤 20230423b5ff3yny,5
特選 馥郁 那堤 20230214g1uk8xko,5
特選 馥郁 那堤 20230425u6gcv17x,5
特選 馥郁 那堤 20230122m2lgvufb,5
特選 馥郁 那堤 20230407e9aswf5g,5
特選 馥郁 那堤 20230401b2ftne8p,5
特選 馥郁 那堤 20230405b5ffa5jc,5
特選 馥郁 那堤 20230411e1vnvcro,5
特選 馥郁 那堤 20230416bwoa7avd,5
特選 馥郁 那堤 20230117c9eispoo,5
特選 馥郁 那堤 20230415c5wady69,5
特選 馥郁 那堤 20230422e6lm1dvq,5
特選 馥郁 那堤 20230104o0bgzieq,5
特選 馥郁 那堤 20230419b3dmk2ns,5
特選 馥郁 那堤 20230413h0ypda25,5
特選 馥郁 那堤 20230117l157myoh,5
特選 馥郁 那堤 20230401f7doeg2m,5
特選 馥郁 那堤 20230110j3rnljsk,5
特選 馥郁 那堤 20230421e9aszplf,5
特選 馥郁 那堤 20230305e7gnxiwx,5
特選 馥郁 那堤 20230310e2ytmn98,5
特選 馥郁 那堤 20230312e9huzyf2,5
特選 馥郁 那堤 20230314t3ako13d,5
特選 馥郁 那堤 20230323k6tch0pk,5
特選 馥郁 那堤 20230108s9tgc9ma,5
特選 馥郁 那堤 20230108i3yycgrc,5
特選 馥郁 那堤 20230301f7uazf3e,5
特選 馥郁 那堤 20230301y1ijzt24,5
特選 馥郁 那堤 20230424c8wp9py1,5
特選 馥郁 那堤 20230428t3akjgs4,5
特選 馥郁 那堤 20230426s7ur4xnt,5
特選 馥郁 那堤 20230421k6tc5v7e,5
特選 馥郁 那堤 20230422b4bbgfwi,5
特選 馥郁 那堤 20230122e0qcd4qw,5
特選 馥郁 那堤 20230415e9asedmy,5
特選 馥郁 那堤 20230428k6tchcvd,5
特選 馥郁 那堤 20230408bwoav69p,5
特選 馥郁 那堤 20230311e9asyu89,5
特選 馥郁 那堤 20230302h9klzogx,5
特選 馥郁 那堤 20230314f5aztk44,5
特選 馥郁 那堤 20230314p5xokdq2,5
特選 馥郁 那堤 20230413f1dgyac8,5
特選 馥郁 那堤 20230418f2anikpk,5
特選 馥郁 那堤 20230316p5xo1bn5,5
特選 馥郁 那堤 20230302u6yynowg,5
特選 馥郁 那堤 20230430i0az891b,5
特選 馥郁 那堤 20230309e6vf23t4,5
冰特選 馥郁 那堤 大,16685
特選 馥郁 那堤 20230304b9sjx45c,5
特選 馥郁 那堤 20230310b5oq4pqd,5
特選 馥郁 那堤 20230424o9hpt5dl,5
特選 馥郁 那堤 20230424e9askyb1,5
特選 馥郁 那堤 20230426h9klao9f,5
特選 馥郁 那堤 20230427g8psm7bb,5
特選 馥郁 那堤 20230405f7mw5eoz,5
特選 馥郁 那堤 20230109b5ffi99l,5
特選 馥郁 那堤 20230111e9as07o1,5
特選 馥郁 那堤 20230414c5f9pgmk,5
特選 馥郁 那堤 20230423f0avhyi4,5
特選 馥郁 那堤 20230304e0qc2vhh,5
特選 馥郁 那堤 20230306e9asunfk,5
特選 馥郁 那堤 20230310e9asobx1,5
特選 馥郁 那堤 20230414bibc1rft,5
特選 馥郁 那堤 20230202t3akow9x,5
特選 馥郁 那堤 20230318e7gn33vq,5
特選 馥郁 那堤 20230326t3ak0u8z,5
特選 馥郁 那堤 20230327f7uadhm9,5
特選 馥郁 那堤 20230313f7ua2vsq,5
特選 馥郁 那堤 20230303p5xogad0,5
特選 馥郁 那堤 20230324m6ws9x1j,5
特選 馥郁 那堤 20230328x2emfxrz,5
特選 馥郁 那堤 20230412u6gc9uq9,5
特選 馥郁 那堤 20230419h9klw00f,5
特選 馥郁 那堤 20230126f0av6g3k,5
特選 馥郁 那堤 20230126k9xwc8tq,5
特選 馥郁 那堤 20230120e5bdzd68,5
特選 馥郁 那堤 20230129e8mek44h,5
特選 馥郁 那堤 20230129u8bcesyo,5
特選 馥郁 那堤 20230120e5km3ufn,5
特選 馥郁 那堤 20230102m8tg6v1a,5
特選 馥郁 那堤 20230125u6yypcun,5
特選 馥郁 那堤 20230128k0wery10,5
特選 馥郁 那堤 20230316s7ur5v4c,5
特選 馥郁 那堤 20230129e5kmxhlq,5
特選 馥郁 那堤 20230131m6wsnv8c,5
特選 馥郁 那堤 20230123n4reg49j,5
特選 馥郁 那堤 20230111p5xowcoh,5
特選 馥郁 那堤 20230122e7gng4gj,5
特選 馥郁 那堤 20230311b6am5wt9,5
特選 馥郁 那堤 20230112u3mwomju,5
特選 馥郁 那堤 20230112s7urrcow,5
特選 馥郁 那堤 20230123i3yy7pek,5
特選 馥郁 那堤 20230318x2bd9j3z,5
特選 馥郁 那堤 20230117b5dsd0j9,5
特選 馥郁 那堤 20230124x3apf300,5
特選 馥郁 那堤 20230114y1ijlyd6,5
特選 馥郁 那堤 20230117e7gnd9bq,5
特選 馥郁 那堤 20230107f6vv1dcj,5
特選 馥郁 那堤 20230121c5f9omf9,5
特選 馥郁 那堤 20230107b5ffc44w,5
特選 馥郁 那堤 20230317f7mwro66,5
特選 馥郁 那堤 20230124c5wavfb4,5
特選 馥郁 那堤 20230126h1uslo8i,5
特選 馥郁 那堤 20230109u6yyn4rl,5
特選 馥郁 那堤 20230315s7urs0ej,5
特選 馥郁 那堤 20230114c5f91s2i,5
特選 馥郁 那堤 20230130e7gn74v1,5
特選 馥郁 那堤 20230103f9ygrcpc,5
特選 馥郁 那堤 20230110e2laopu6,5
特選 馥郁 那堤 20230311e5kmi74b,5
特選 馥郁 那堤 20230314u6yy9ejk,5
特選 馥郁 那堤 20230319l1mziuos,5
特選 馥郁 那堤 20230314b1fjgmfq,5
特選 馥郁 那堤 20230316k0efc2lz,5
特選 馥郁 那堤 20230103g7mrod1h,5
特選 馥郁 那堤 20230318e5bd8aws,5
特選 馥郁 那堤 20230305e9ascfi4,5
特選 馥郁 那堤 20230319q4yr9a8h,5
特選 馥郁 那堤 20230328u6yyg18i,5
特選 馥郁 那堤 20230327n5rg7j0b,5
特選 馥郁 那堤 20230106o4vdiuvj,5
特選 馥郁 那堤 20230124mbv81obg,5
特選 馥郁 那堤 20230321m8tgwji1,5
特選 馥郁 那堤 20230115rxxtx5m0,5
特選 馥郁 那堤 20230121i3yytiwi,5
特選 馥郁 那堤 20230114e4cwegvr,5
特選 馥郁 那堤 20230115s9mrys81,5
特選 馥郁 那堤 20230326zg5zdanj,5
特選 馥郁 那堤 20230310s0bqk3jr,5
特選 馥郁 那堤 20230117h1hicrje,5
特選 馥郁 那堤 20230329e0qcf9le,5
特選 馥郁 那堤 20230102m6ws0n21,5
特選 馥郁 那堤 20230114f6cx7wa3,5
特選 馥郁 那堤 20230119vgx0u6jb,5
特選 馥郁 那堤 20230110e9aspsn2,5
特選 馥郁 那堤 20230103u8bc0ioi,5
特選 馥郁 那堤 20230105e5km04cd,5
特選 馥郁 那堤 20230115n3rtvjd8,5
特選 馥郁 那堤 20230129e5bdt5hx,5
特選 馥郁 那堤 20230124b1fje2x1,5
特選 馥郁 那堤 20230323f6cx5nfc,5
特選 馥郁 那堤 20230324f9hlakdv,5
特選 馥郁 那堤 20230325x2bd0vln,5
特選 馥郁 那堤 20230116c4fqvp6w,5
特選 馥郁 那堤 20230116h9klaage,5
特選 馥郁 那堤 20230121e7gnks0x,5
特選 馥郁 那堤 20230122t3aksnei,5
特選 馥郁 那堤 20230110a9me5spu,5
特選 馥郁 那堤 20230116s7urbxsf,5
特選 馥郁 那堤 20230111e5kmpom6,5
特選 馥郁 那堤 20230122k2jmebi1,5
特選 馥郁 那堤 20230107e2yt73lj,5
特選 馥郁 那堤 20230120b2fgnj59,5
特選 馥郁 那堤 20230113e9asn6uk,5
特選 馥郁 那堤 20230127b1sk7g94,5
特選 馥郁 那堤 20230127j3rn6vcg,5
特選 馥郁 那堤 20230105g8vbx7qa,5
特選 馥郁 那堤 20230119p4hvejp2,5
特選 馥郁 那堤 20230121s7ury421,5
特選 馥郁 那堤 20230123n5qt7mgc,5
特選 馥郁 那堤 20230116u6yyjn9t,5
特選 馥郁 那堤 20230330e9asy8zl,5
特選 馥郁 那堤 20230318m6qm0zyd,5
特選 馥郁 那堤 20230123x2bd5jb5,5
特選 馥郁 那堤 20230130f1ey78zq,5
特選 馥郁 那堤 20230310c8wpzojz,5
特選 馥郁 那堤 20230102bibczubl,5
特選 馥郁 那堤 20230110v9qxb38z,5
特選 馥郁 那堤 20230101g1mkowuq,5
特選 馥郁 那堤 20230101c5wasq5k,5
特選 馥郁 那堤 20230125n8fiftup,5
特選 馥郁 那堤 20230327y3ufeg9u,5
特選 馥郁 那堤 20230120g6xg4928,5
特選 馥郁 那堤 20230327e9aszy4g,5
特選 馥郁 那堤 20230319l7ti6yj2,5
特選 馥郁 那堤 20230121f5azfen1,5
特選 馥郁 那堤 20230317u6yydowv,5
特選 馥郁 那堤 20230302g8vb4qe0,5
特選 馥郁 那堤 20230314e9asbab5,5
特選 馥郁 那堤 20230323j3espljd,5
特選 馥郁 那堤 20230325c8wpp3kw,5
特選 馥郁 那堤 20230109j5gghwn5,5
特選 馥郁 那堤 20230316r6jspu7r,5
特選 馥郁 那堤 20230126j8asfgcl,5
特選 馥郁 那堤 20230130v4rn5vng,5
特選 馥郁 那堤 20230127x1gic5di,5
特選 馥郁 那堤 20230129i3yytofc,5
特選 馥郁 那堤 20230123b1skpbgl,5
特選 馥郁 那堤 20230115k2bldwc7,5
特選 馥郁 那堤 20230115x8ps7t72,5
特選 馥郁 那堤 20230126c0tj310s,5
特選 馥郁 那堤 20230127t1kcilf2,5
特選 馥郁 那堤 20230121fjioojwl,5
特選 馥郁 那堤 20230319m8tg3kms,5
特選 馥郁 那堤 20230325u8bce7qh,5
特選 馥郁 那堤 20230109n6al6wi4,5
特選 馥郁 那堤 20230124t3akx9yf,5
特選 馥郁 那堤 20230127c0tj3h3f,5
特選 馥郁 那堤 20230123b7kh2ul8,5
特選 馥郁 那堤 20230114u6yyggus,5
特選 馥郁 那堤 20230123e1vna8qn,5
特選 馥郁 那堤 20230104m8tgw6x3,5
特選 馥郁 那堤 20230115j5gg3cap,5
特選 馥郁 那堤 20230122f7ua2fbr,5
特選 馥郁 那堤 20230313f7dojsf1,5
特選 馥郁 那堤 20230128b9zs00ww,5
特選 馥郁 那堤 20230115r5cruwlu,5
特選 馥郁 那堤 20230327g8vb28ww,5
特選 馥郁 那堤 20230109f6vvaymd,5
特選 馥郁 那堤 20230312f7do5rbe,5
特選 馥郁 那堤 20230304ngab0mid,5
特選 馥郁 那堤 20230309e9asltbw,5
特選 馥郁 那堤 20230306l157aurw,5
特選 馥郁 那堤 20230314k0wequsp,5
特選 馥郁 那堤 20230323u6yyg5in,5
特選 馥郁 那堤 20230311f7dovt4l,5
特選 馥郁 那堤 20230309t3akluxy,5
特選 馥郁 那堤 20230321f2ane0mc,5
特選 馥郁 那堤 20230331k6tcbcco,5
特選 馥郁 那堤 20230306t3akqrai,5
特選 馥郁 那堤 20230312xt7mf78f,5
特選 馥郁 那堤 20230315h1usih9n,5
特選 馥郁 那堤 20230308u6yybwuj,5
特選 馥郁 那堤 20230302e9ascjjw,5
特選 馥郁 那堤 20230307u6yy6wtk,5
特選 馥郁 那堤 20230315u6yyoiq0,5
特選 馥郁 那堤 20230328h9kl6h2i,5
特選 馥郁 那堤 20230310g8vbofxr,5
特選 馥郁 那堤 20230313e9aszymu,5
特選 馥郁 那堤 20230123s7urnzrv,5
特選 馥郁 那堤 20230128h1ustn0a,5
特選 馥郁 那堤 20230104s3tszr56,5
特選 馥郁 那堤 20230119e2ytdh5m,5
特選 馥郁 那堤 20230119e9asvshw,5
特選 馥郁 那堤 20230116v4rnspn0,5
特選 馥郁 那堤 20230120g8vb45je,5
特選 馥郁 那堤 20230101e9asodm9,5
特選 馥郁 那堤 20230112e9ashq4t,5
特選 馥郁 那堤 20230126mbv8bo0a,5
特選 馥郁 那堤 20230113p5xojb1f,5
特選 馥郁 那堤 20230131bwoati5s,5
特選 馥郁 那堤 20230125c0tjgu6t,5
特選 馥郁 那堤 20230124f7pmkz0z,5
特選 馥郁 那堤 20230310j5ggdgzn,5
特選 馥郁 那堤 20230315v6rxqar1,5
特選 馥郁 那堤 20230113c5f99d21,5
特選 馥郁 那堤 20230129x8ps2d2j,5
特選 馥郁 那堤 20230121g7mr083w,5
特選 馥郁 那堤 20230123h5fkpfpo,5
特選 馥郁 那堤 20230309s9tgrfwp,5
特選 馥郁 那堤 20230317e9aszcag,5
特選 馥郁 那堤 20230307v7mdz9bd,5
特選 馥郁 那堤 20230309u6gcdt0f,5
特選 馥郁 那堤 20230331q2yj8c25,5
特選 馥郁 那堤 20230316s5wugl4j,5
特選 馥郁 那堤 20230126b9zsh9az,5
特選 馥郁 那堤 20230102i0trf48a,5
特選 馥郁 那堤 20230107c1aq0bji,5
特選 馥郁 那堤 20230308e9ast3wu,5
特選 馥郁 那堤 20230306u6yyh6in,5
特選 馥郁 那堤 20230319c5f9y8y0,5
特選 馥郁 那堤 20230324jz2i7p7n,5
特選 馥郁 那堤 20230112h9klotj6,5
特選 馥郁 那堤 20230319t2mxx2s8,5
特選 馥郁 那堤 20230323i3yy1ldm,5
特選 馥郁 那堤 20230317t3akqsxd,5
特選 馥郁 那堤 20230317n3rtoh5b,5
特選 馥郁 那堤 20230316u6gcekwt,5
特選 馥郁 那堤 20230329t3akqq47,5
特選 馥郁 那堤 20230313u6yyl8yb,5
