item_name,item
雙層 美式 臘腸 大比薩 20221211b6rtudnn,5
雙層 美式 臘腸 大比薩 20221226z0jwwjo4,5
雙層 美式 臘腸 大比薩 20221218a8hu9vck,5
雙層 美式 臘腸 大比薩 20221229r7dbofx0,5
雙層 美式 臘腸 大比薩 20221211z9edhrif,5
雙層 美式 臘腸 大比薩 20221202y4dbubj0,5
雙層 美式 臘腸 大比薩 20221210z7dz9n5u,5
雙層 美式 臘腸 大比薩,390
雙層 美式 臘腸 大比薩 20221219r7db84gl,5
雙層 美式 臘腸 大比薩 20221203z7ix77ue,5
雙層 美式 臘腸 大比薩 20221202z3wtzbsf,5
雙層 美式 臘腸 大比薩 20221227z8lk97il,5
雙層 美式 臘腸 大比薩 20221225z4dbo7qb,5
雙層 美式 臘腸 大比薩 20221216d7jwfji5,5
雙層 美式 臘腸 大比薩 20230121z7sxf7nm,5
雙層 美式 臘腸 大比薩 20221209z4oga58p,5
雙層 美式 臘腸 大比薩 20221202z1pqjq7u,5
雙層 美式 臘腸 大比薩 20221223y3bp7bh8,5
雙層 美式 臘腸 大比薩 20221224a7sfmfbq,5
雙層 美式 臘腸 大比薩 20221222z1knlp1h,5
雙層 美式 臘腸 大比薩 20221222y4db21up,5
雙層 美式 臘腸 大比薩 20230119z3wtp6kw,5
雙層 美式 臘腸 大比薩 20230218x4nwng6n,5
雙層 美式 臘腸 大比薩 20230103z9edh2uu,5
雙層 美式 臘腸 大比薩 20230215y4dbpvb9,5
雙層 美式 臘腸 大比薩 20230216b5kihk90,5
雙層 美式 臘腸 大比薩 20230219z2ygbg1l,5
雙層 美式 臘腸 大比薩 20221208a9nigher,5
雙層 美式 臘腸 大比薩 20230203a7sfyz2j,5
雙層 美式 臘腸 大比薩 20230103z3wtxfq9,5
雙層 美式 臘腸 大比薩 20221204r7eozafd,5
雙層 美式 臘腸 大比薩 20230212e7hu18s9,5
雙層 美式 臘腸 大比薩 20230123j3ma37bz,5
雙層 美式 臘腸 大比薩 20230211z0jv1z5l,5
雙層 美式 臘腸 大比薩 20230217p0hxdv5x,5
雙層 美式 臘腸 大比薩 20230113y0rhgxq0,5
雙層 美式 臘腸 大比薩 20230122z1ywu7d9,5
雙層 美式 臘腸 大比薩 20221218y1ndp318,5
雙層 美式 臘腸 大比薩 20221225z6buwc8v,5
雙層 美式 臘腸 大比薩 20230212z9edizo8,5
雙層 美式 臘腸 大比薩 20230211z0nx45n3,5
雙層 美式 臘腸 大比薩 20230215kghlyucp,5
雙層 美式 臘腸 大比薩 20230226z7dzo9hh,5
雙層 美式 臘腸 大比薩 20230205z6rpaz49,5
雙層 美式 臘腸 大比薩 20230101z0vsfc2i,5
雙層 美式 臘腸 大比薩 20221215y4dbl2m1,5
雙層 美式 臘腸 大比薩 20221217z5hffj85,5
雙層 美式 臘腸 大比薩 20230214c7iiumii,5
雙層 美式 臘腸 大比薩 20230206z8saqq7v,5
特 製 不要 美式 臘腸,5
雙層 美式 臘腸 大比薩 20230217vc1de3hl,5
雙層 美式 臘腸 大比薩 20230218z0jvsuqk,5
雙層 美式 臘腸 大比薩 20230228y1nhaz1w,5
雙層 美式 臘腸 大比薩 20230115z1ywjtur,5
雙層 美式 臘腸 大比薩 20230129y4bok6bh,5
雙層 美式 臘腸 大比薩 20230212b4gyg57k,5
雙層 美式 臘腸 大比薩 20230405ogwwwavt,5
雙層 美式 臘腸 大比薩 20230310ycdc47c7,5
雙層 美式 臘腸 大比薩 20230304y5vua7ll,5
雙層 美式 臘腸 大比薩 20230224y4dbmft2,5
雙層 美式 臘腸 大比薩 20221224a9ditngp,5
雙層 美式 臘腸 大比薩 20230215vc1dfqme,5
雙層 美式 臘腸 大比薩 20230303z7sa1b8d,5
雙層 美式 臘腸 大比薩 20230107z1qws9ja,5
雙層 美式 臘腸 大比薩 20230211e5kct4wh,5
雙層 美式 臘腸 大比薩 20230319z2yuleav,5
雙層 美式 臘腸 大比薩 20230415e2mv6tz8,5
雙層 美式 臘腸 大比薩 20230309b0ahm77n,5
雙層 美式 臘腸 大比薩 20230120y5krm1rz,5
雙層 美式 臘腸 大比薩 20230420b9kevict,5
雙層 美式 臘腸 大比薩 20230204a7sfyh3d,5
雙層 美式 臘腸 大比薩 20230203b2hb0sop,5
雙層 美式 臘腸 大比薩 20230125z9ed1rc8,5
雙層 美式 臘腸 大比薩 20230402b4gy0mqg,5
雙層 美式 臘腸 大比薩 20230106y4dbucg9,5
雙層 美式 臘腸 大比薩 20230102hm0qlqlr,5
雙層 美式 臘腸 大比薩 20230226c7iilpnu,5
雙層 美式 臘腸 大比薩 20230403b1zb0lon,5
雙層 美式 臘腸 大比薩 20230203z5hvt8at,5
雙層 美式 臘腸 大比薩 20230123y6ctpx4t,5
雙層 美式 臘腸 大比薩 20230412e4snuix4,5
雙層 美式 臘腸 大比薩 20230429z6qsrv1s,5
雙層 美式 臘腸 大比薩 20230326u7ckjg37,5
雙層 美式 臘腸 大比薩 20230101fwo2zr68,5
雙層 美式 臘腸 大比薩 20230203r3mp4g6l,5
雙層 美式 臘腸 大比薩 20230312y4dbrcd0,5
雙層 美式 臘腸 大比薩 20230401e1dhihnu,5
雙層 美式 臘腸 大比薩 20230423f7ni1ps8,5
雙層 美式 臘腸 大比薩 20230412z0euxrlf,5
美式 臘腸 的 披薩醬,5
雙層 美式 臘腸 大比薩 20230421sun1bsa5,5
雙層 美式 臘腸 大比薩 20230318z6qsz6f1,5
雙層 美式 臘腸 大比薩 20230218a5qwn41h,5
雙層 美式 臘腸 大比薩 20230313z4goq2dr,5
雙層 美式 臘腸 大比薩 20230313b6rt8645,5
雙層 美式 臘腸 大比薩 20230305z6am5rzy,5
雙層 美式 臘腸 大比薩 20230313z2ooasan,5
雙層 美式 臘腸 大比薩 20230326z2yu7vga,5
雙層 美式 臘腸 大比薩 20230413b5vbx524,5
雙層 美式 臘腸 大比薩 20230410b2hbxfm7,5
雙層 美式 臘腸 大比薩 20230404z9fe6t6k,5
雙層 美式 臘腸 大比薩 20230101z6fi6u59,5
雙層 美式 臘腸 大比薩 20230130a8huouov,5
雙層 美式 臘腸 大比薩 20230124z6bwjsyd,5
雙層 美式 臘腸 大比薩 20230428y3vruehk,5
雙層 美式 臘腸 大比薩 20230123b6rtbsr6,5
雙層 美式 臘腸 大比薩 20230123z8nge0yy,5
雙層 美式 臘腸 大比薩 20230327y6ct2e55,5
雙層 美式 臘腸 大比薩 20230322e2u88d9c,5
雙層 美式 臘腸 大比薩 20230107ip9m5u8z,5
雙層 美式 臘腸 大比薩 20230125z6hvjz73,5
雙層 美式 臘腸 大比薩 20230120a7sfmyb0,5
雙層 美式 臘腸 大比薩 20230311z2nho79r,5
雙層 美式 臘腸 大比薩 20230124n6uzl64h,5
雙層 美式 臘腸 大比薩 20230123v2skqnkg,5
雙層 美式 臘腸 大比薩 20230119z6sd941j,5
雙層 美式 臘腸 大比薩 20230117y4dbu2y9,5
雙層 美式 臘腸 大比薩 20230123z3sx7h0h,5
雙層 美式 臘腸 大比薩 20230303y4dbcp43,5
雙層 美式 臘腸 大比薩 20230130z8sa0xes,5
雙層 美式 臘腸 大比薩 20230312z8ngizdo,5
雙層 美式 臘腸 大比薩 20230126i50wabh5,5
雙層 美式 臘腸 大比薩 20230111f7nilp8w,5
雙層 美式 臘腸 大比薩 20230322b1mumf7x,5
雙層 美式 臘腸 大比薩 20230418y1vczn2x,5
