item_name,item
義美 大水 餃豬 肉 韭菜,115
義美 蕃茄 肉醬 麵 340g,105
義美 料理 豆腐 300g,75
義美 黑炫風 芝麻 湯圓,15
義美 迷你 湯圓,10
義美 牛奶 泡 芙 57g,110
義美 炒飯 蝦仁,85
義美 肉羹 430g,455
義美 蝦仁 炒 飯,11280
義美 香菇 貢丸,14020
義美 綜合 湯圓組,740
義美 手工 大水 餃豬 肉 高麗菜 500g 包,120
義美 鮭魚 炒 飯 270g,1200
義美 炒飯 鮭魚,90
義美 湯圓 芝麻,18380
義美 芝麻 湯圓,8190
義美 芝麻 包子,4305
義美 奶油 培根 麵 340g,70
義美 手工 大水 餃豬 肉 韭菜 500g 包,130
義美 芋 粿,1440
義美 高麗菜 水 餃紅袋,5
義美 肉羹,550
義美 四合 一火鍋 餃,705
義美 花生 湯圓,7050
義美 濃蒜 青豆 178g,870
義美 蕃茄 肉絲蛋 炒 飯,20
義美 培根 可樂餅 180g,110
義美 草莓 煉乳 湯圓,2065
義美 芝麻 湯圓 240g,5
義美 蝦仁 炒 飯 270g,25
義美 牛奶 饅頭 奶素,10
義美 芝麻 湯圓 冷凍 799916,25
義美 奶油 培根 義 大利 麵 340g340g 盒,1685
義美 牛奶 饅頭 奶素,875
義美 肉羹 430g,15
義美 牛乳 250ml,510
義美 素菜 頭 粿,1010
義美 素食 炒飯 270g,525
義美 奶油 培根 麵,7155
義美 櫻花 蝦 拌 炒 醬,140
義美 e 家小 館 蝦仁 炒飯 冷凍 535150,25
義美 牛奶 饅頭 80g6 入,15
義美 傳統 甜 粿 紅 豆,5
義美 牛奶 泡 芙 12,60
義美 素食 炒飯,6335
義美 蝦仁 炒 飯 270g,15
義美 炒飯 鮭魚,30
義美 番茄 肉絲蛋 炒 飯 270g 包,70
義美 迷你 湯圓 240g,5
義美 e 家小 館 蕃茄 肉絲蛋 炒 飯,5
義美 奶油 培根 義 大利 麵,5
義美 蛋卷 芝麻 60g,5
義美 芝士 條,140
義美 手工 大水 餃豬 肉 韭菜,5
義美 牛奶 饅頭,5865
義美 銀絲卷,6495
義美 培根 薯泥 可樂,175
義美 蛋卷 60g 芝麻,870
義美 甜心 草莓,15440
義美 蕃茄 肉醬義 大利 麵 340g,785
義美 湯圓 花生,290
義美 e 家小 館 素食 炒飯 全素 冷凍 115570,15
義美 e 家小 館 夏威夷 炒飯,10
義美 e 家小 館 鮭魚 炒飯 冷凍 488319,5
義美 傳統 甜 粿 原味,40
義美 三杯 雞 炒 飯 290g 盒 290g 盒,630
義美 素菜 頭 粿 600g,125
義美 火腿 鳳梨蛋 炒 飯,410
義美 炒飯 蝦仁,10
義美 三杯 魷魚 炒 飯 270g 包 697707,25
義美 手工 瓜仔雞 肉 餃,105
義美 四合 一火鍋 餃 337g,5
義美 牛奶 6,40
義美 夏威夷 炒飯 270g,10
義美 牛奶 泡 芙 65Gx20 入,10
義美 手工 水 餃瓜 仔雞肉 736g,5
義美 培根 薯泥餅 180g,5
義美 手工 大水 餃豬 肉 高麗菜 607605,10
義美 素食 炒飯,5
團購 義美 牛乳 125ml,270
義美 炒 飯 素食,10
義美 家庭 鮮 肉包 85g6 粒,15
義美 牛奶 饅頭 奶素 112739,10
義美 肉羹 200519,5
義美 家庭 叉 燒包 85g6 粒,5
義美 蕃茄 肉絲蛋 炒,70
義美 e 家小 館 夏威夷 炒飯 包,10
義美 全麥 饅頭 473730,5
義美 香酥 蔥 抓餅 10 入,10
義美 芋 粿 600g,5
義美 三杯 雞 炒 飯 290g 盒 705411,5
義美 夏威夷 火腿 炒飯 270g,10
義美 蝦仁 炒 飯 180g,5
義美 花生 湯圓 10 粒包,10
義美 仙草 凍,2800
義美 鮭魚 炒 飯 270g,5
義美 濃蒜 青豆 178g 包 588546,5
義美 芝麻 蛋 捲 3 入,5
義美 芝麻 包 60g6,15
義美 奶油 培根 義 大利 麵 340g754273,5
