item_name,item
義美 蔬菜 雞肉 餃,580
舒肥 雞肉 蔬菜 盅 20221217r3gpkrch,5
舒肥 雞肉 蔬菜 盅 20221207j9htv2ft,5
舒肥 雞肉 蔬菜 盅 20221218k1qkn0yu,5
舒肥 雞肉 蔬菜 盅 20221207heuebgy7,5
舒肥 雞肉 蔬菜 盅,29350
舒肥 雞肉 蔬菜 盅 20221201v4rn97f6,5
舒肥 雞肉 飯份,345
舒肥 雞肉 蔬菜 盅 20221214e1vniq6h,5
舒肥 雞肉 蔬菜 盅 20221224e9hu7844,5
舒肥 雞肉 蔬菜 盅 20221202b5oq9awh,5
舒肥 雞肉 蔬菜 盅 20230210n1f8474a,5
舒肥 雞肉 蔬菜 盅 20230227r5crpglf,5
舒肥 雞肉 蔬菜 盅 20230221m4uatowf,5
舒肥 雞肉 蔬菜 盅 20230210b2fga03j,5
舒肥 雞肉 蔬菜 盅 20221204q2fp0fr4,5
舒肥 雞肉 蔬菜 盅 20230128e7te813e,5
舒肥 雞肉 蔬菜 盅 20221209o4vdeqtq,5
舒肥 雞肉 蔬菜 盅 20230221f2snpxcd,5
舒肥 雞肉 蔬菜 盅 20230208a4pf4htl,5
舒肥 雞肉 蔬菜 盅 20230204l157hdfr,5
舒肥 雞肉 蔬菜 盅 20230319g6mrwvlw,5
舒肥 雞肉 蔬菜 盅 20230216b2fgagff,5
舒肥 雞肉 蔬菜 盅 20230312e0qcmd5i,5
舒肥 雞肉 蔬菜 盅 20230319b9gvcbqc,5
舒肥 雞肉 蔬菜 盅 20230326b9zs27k4,5
舒肥 雞肉 蔬菜 盅 20230318r5cribml,5
泡菜 雞肉 捲 半,35
舒肥 雞肉 蔬菜 盅 20230301dn0biccv,5
舒肥 雞肉 蔬菜 盅 20230422f2snhrbp,5
舒肥 雞肉 蔬菜 盅 20230223o9hheieb,5
舒肥 雞肉 蔬菜 盅 20230413t5ybv2o0,5
舒肥 雞肉 蔬菜 盅 20230422l7tistwg,5
舒肥 雞肉 蔬菜 盅 20230221f9ygagld,5
舒肥 雞肉 蔬菜 盅 20230423l3qxrrkf,5
舒肥 雞肉 蔬菜 盅 20230116e0qc7mi9,5
舒肥 雞肉 蔬菜 盅 20230313k2wyy0a7,5
舒肥 雞肉 蔬菜 盅 20230420p9lud6uu,5
舒肥 雞肉 蔬菜 盅 20230301l157hznw,5
舒肥 雞肉 蔬菜 盅 20230403s3ts48ll,5
舒肥 雞肉 蔬菜 盅 20230422bl1tz3dt,5
舒肥 雞肉 蔬菜 盅 20230227jqf0bhy4,5
舒肥 雞肉 蔬菜 盅 20230311j5gg8ox7,5
舒肥 雞肉 蔬菜 盅 20230318heuet7xz,5
舒肥 雞肉 蔬菜 盅 20230326jqf0povg,5
舒肥 雞肉 蔬菜 盅 20230303e7gnvibo,5
舒肥 雞肉 蔬菜 盅 20230310i3layr7m,5
舒肥 雞肉 蔬菜 盅 20230427v2xwqlsx,5
舒肥 雞肉 蔬菜 盅 20230310b9vyvlhp,5
舒肥 雞肉 蔬菜 盅 20230314p5xo4s6t,5
舒肥 雞肉 蔬菜 盅 20230215i0trnxrk,5
舒肥 雞肉 蔬菜 盅 20230301r5crgygo,5
舒肥 雞肉 蔬菜 盅 20230415f1sqaawe,5
舒肥 雞肉 蔬菜 盅 20230429u6hh9w5h,5
舒肥 雞肉 蔬菜 盅 20230321p93j0uw1,5
舒肥 雞肉 蔬菜 盅 20230404f7qtbeac,5
舒肥 雞肉 蔬菜 盅 20230429r4ara2p6,5
舒肥 雞肉 蔬菜 盅 20230422x6fj96hi,5
舒肥 雞肉 蔬菜 盅 20230102m2uupwxu,5
舒肥 雞肉 蔬菜 盅 20230123v0wk3ngp,5
舒肥 雞肉 蔬菜 盅 20230122e0qc8vr1,5
舒肥 雞肉 蔬菜 盅 20230115a4gu710l,5
舒肥 雞肉 蔬菜 盅 20230119e0qcfk1a,5
舒肥 雞肉 蔬菜 盅 20230111lgmubgtn,5
舒肥 雞肉 蔬菜 盅 20230108i0trg90j,5
舒肥 雞肉 蔬菜 盅 20230109e0qcca3h,5
舒肥 雞肉 蔬菜 盅 20230316o4vygsyk,5
舒肥 雞肉 蔬菜 盅 20230318l3qxt1gl,5
舒肥 雞肉 蔬菜 盅 20230311a1gaqtjy,5
舒肥 雞肉 蔬菜 盅 20230326i0trz07t,5
