item_name,item
鮮之味 火鍋 芋頭,260
石頭 火鍋 王,70
火鍋 肉片 豬 五花 120g,5
美牛 小 排燒 肉片,540
益之豬 五花 扣肉,100
雅方 火鍋 芋頭,9695
脆皮 豬 五花 薄切 肉片,5
豬市 吉 梅花 火鍋 肉片,580
豬 培根 火鍋 肉片,460
本地 黑豬 五花 火鍋 肉片,200
義美海陸 火鍋 餃 組合包,10
雅方 火鍋 小豆 皮,11785
豚 五花,35
思牧豬 五花 烤肉 片,185
活菌 台灣豬 五花 火鍋,1800
飛天豬 梅花 火鍋 肉片 200g,5
立大豬 五花 火鍋 肉片 300g,1460
台灣 活菌豬 梅花 火鍋 肉片,2665
雅方 火鍋 小豆 皮 200g,270
益之豬 五花 火鍋 肉片,40
台灣豬 梅花 火鍋 肉片 180g,1065
雅方 火鍋 牛肉 片 180g,480
雅方 火鍋 羊肉片 180g,995
超特選 澳牛 火鍋 肉片,60
豬火鍋 肉片,75
手作 豬肉 火鍋 丸,5
義美海陸 火鍋 組合包,6045
發票 蝦 皮代開 台灣現 貨橋 頭德莊 魔芋 爽 麻辣 火鍋 火鍋底,275
冬選雅方 火鍋 凍 豆腐 300g,60
泰安 羊肉 火鍋 肉,725
美國特 優牛 五花 火鍋片,120
泰式 豬 肉片 河粉鍋,160
四大 火鍋 餃,16295
華永火 鍋豬 肉片,30
西北 火鍋 餃魚 餃,215
梅花 火鍋 肉片,7460
台灣豬 五花 附皮,240
台灣 帶 皮 五花 豬肉,9935
雅方 手工 火鍋 凍,59185
代銷 韓式 泡菜 豬 五花,105
五花 扣肉,115
澳洲 羊肉 火鍋 肉片 公斤,680
美國 牛小排 火鍋,85
雅方豬 肉片,1630
日式 梅花 豬燒 肉片,170
老 四川 麻辣 綜合 火鍋 餃 337g,445
超特選 羊肉 火鍋 肉片,65
台灣 五花 火鍋 肉片,65
TAIAN 泰安 牛肉 火鍋 肉片 180g,70
美淇豬 五花 燒烤 片,200
台糖 豬炒 肉片,2500
五花 烤肉 火鍋 肉,60
豬 梅花 炒 肉片,52815
千葉 火鍋 四川 麻辣 丸 110g,365
冬選義美 火鍋 餃 四合 一組合包 337g,55
活菌 台灣豬 梅花 火鍋,2030
CQL 豬 五花 扣肉,1305
信功 梅花 火鍋 肉片,95
沙朗 火鍋 肉片,5
皮蛋 肉片 粥,110
澳洲 牛肉 火鍋 肉片,40
EBARA 燒肉 火鍋 湯底 大蒜 鹽味 200gDonki 日本,5
牛肉 火鍋 肉片,120
龍鳳 四大 天王 中式 火鍋 餃,35
龍鳳 天王 火鍋 餃,40
冷藏 肉豬 五花 炒 肉片 Mini 包裝雅 kg,290
龍鳳 四大 天王 台式 火鍋 組合 335g,120
桐德 黑豬 肉 五花 火鍋片,100
雅方 火鍋 專用 大,4405
豬 五花 燒 肉片,30
橋頭 火鍋 底料 小包 裝 360g 一人份 宿舍 單人小塊 麻辣 調料 包重慶,130
蓮貞豚 五花 火鍋 肉片,20
能量 豬 五花 烤肉 片,15
台灣豬 霜降 雪花 炒 肉片,80
梅花 炒 肉片,170
健康 豬 五花 火鍋 肉片,50
台灣 活菌豬 五花 炒 肉片,70
雅方 火鍋 小豆 皮 200g 盒 200g 盒,2475
老 四川 雙喜 麻辣 綜合 火鍋 餃 171g 包,385
雅方 火鍋 芋頭 180g,280
五花 牛肉 鍋,5
台灣豬 梅花 炒 肉片,330
台灣豬 五花 烤肉 片,4165
宗家府 火鍋 專用 嫩,30
丹麥 皇冠 豬 梅花 火鍋 肉片 500g5 盒,685
龍鳳 日式 火鍋 餃,10
海霸王 綜合 火鍋 餃,250
龍鳳 火鍋 綜合 絞 中式,35
五花 臘肉,65
王品 三 大名 店冷凍 火鍋,30
益之豬 梅花 火鍋 肉片,55
義美海陸 火鍋 組合 餃,165
美淇豬 五花 火鍋片,1430
洄瀾 五花 火鍋 肉片 200g 盒,5
豬 五花 炒 肉片 台灣,450
豬 梅花 火鍋 肉片,519585
豬 五花 火鍋 肉片,414145
老 四川 麻辣 火鍋,4235
225g 豬 五花 火鍋片 80,40
珍珍 四大 火鍋 主餃,10
雅方 火鍋 牛肉 片,7860
台灣 香草 豬 五花 火,80
豬腿 火鍋 肉片,20
龍鳳 四大 天王 火鍋 餃,90
澳洲 羊肉 火鍋 肉片 卷 公斤,365
丹麥豬 梅花 火鍋 肉片 180g 盒,1200
牛 五花 火鍋 肉片 500g10 盒喬 大海 鮮屋,10
楓康 特選 澳牛 火鍋 肉片,980
萊 D 裕 賀牛 五花 火鍋 肉片 2 盒,20
楓康 特選豬 肉 火鍋 肉片,2285
e 冷藏 肉豬 五花 炒 肉片 和 610480,5
台灣豬 梅花 火鍋 肉片,1255
真空 包裝 麻辣 火鍋 配方 麻辣 火鍋 麻辣 湯頭 麻辣 鍋 素食 川,20
大成 食品 桐德 黑蜜豬 五花 火鍋 肉片 200g 頂級 鍋物 黑豬,30
火鍋 豆皮,250
台灣豬 附皮 五花 扣肉,65
龍鳳 四大 台式 火鍋 組合 335g,15
活菌豬 五花 烤肉 片,155
單豬 五花,10
豬 五花 燒 烤肉 片,490
台灣豬 五花 扣肉,255
西北 火鍋 餃 綜合包,560
義美海陸 火鍋 組合 334g,245
綜合 火鍋 餃,915
橋頭 火鍋 底料 500g 手工 家用 重慶 麻辣 燙 香鍋 調料魚 調料,105
豬里 肌 炒 肉片,50775
台灣豬 梅花 厚火鍋 肉片,145
鮮選 台灣 冷凍豬 五花 炒 肉片 600,10
超特選 豬肉 火鍋 肉片,45
五花 火鍋 肉,5
橋頭 正規 進口 橋頭 火鍋 底料 重慶 老火 鍋 底料 500g 麻辣 火鍋,105
黑豬 霜降 燒 肉片,285
五花 火鍋 肉片 巧活,265
豬 五花 扣肉 帶皮,1805
雙喜 麻辣 綜合 火鍋 餃,1065
沙茶 豬 五花 火鍋 20221215j1pbf76c,5
胡椒 雞 肉片 湯鍋,5
台糖 經典 火鍋 餃,3915
龍鳳 台式 火鍋 餃 335g,5
五花 火鍋 肉片 大安 農,5
洄瀾 五花 火鍋 肉片,20
台灣豬 五花 厚火鍋 肉片,25
台灣豬 五花 火鍋 肉片,5225
美牛 梅花 火鍋 肉,7650
豬 五花 火鍋片 584367,40
紐西蘭 羊肉 火鍋 肉片,25
台灣 現貨 正宗 麻辣 橋頭 火鍋 底料 家用 四川 麻辣 燙 麻辣 火鍋,5
泰安 五花 火鍋 肉,455
牛 五花 火鍋 肉片,50
泰安 牛肉 火鍋 肉,650
台灣 豬里 肌 炒 肉片,510
香草 豬 五花 扣肉,10
美牛 五花 火鍋片,545
龍鳳 中日 式 火鍋 餃 350g,10
大安 飛天豬 梅花 火鍋 肉片,5
超冷 凍豬 五花 火鍋,30
美國 牛肉 火鍋 肉片,5
台糖 4 合 1 火鍋 餃珍 饌,5
四川 麻辣 火鍋,5
重慶 特產橋頭 火鍋 底料 400g 四川 正宗 麻辣 燙 調料 麻辣 家用 火鍋,10
豬 五花 火鍋片,42690
美牛 五花 火鍋,1290
豬 五花 烤肉 片,30
扁 鱈 牛 五花 雙拼,20
海霸王 綜合 火鍋 餃 450g,10
飛天豬 梅花 火鍋 肉片,15
i 豬 五花 附皮 扣肉,965
柳丁 愛橋頭 老壇 泡 酸菜 208gA690 橋頭 火鍋 底料 中華,5
韓式 辣味 炒豬 五花,1860
豚 五 花白 肉片,520
火鍋 底料 重慶 四川 特產 正宗 橋頭 火鍋 底料 400g 麻辣 火鍋 200g,10
橋頭 麻辣 火鍋 底料 400g 包 400g 包,60
台糖 豬 五花 扣肉,675
活菌豬 附皮 五花 扣肉,20
美國 梅花 炒 肉片,310
美國 牛 五花 烤肉 片,70
橋頭 酸菜 魚調 料酸爽 300g 橋頭 火鍋 底料 魚調料 現貨,5
樸豬 五花,5
冷凍 梅花 火鍋 肉片,15
霜降 牛 五花,5
飛天豬 五花 火鍋 肉片,5
千葉 火鍋 四川 麻辣 丸 790338,10
飛天豬 五花 火鍋 肉片 200g,10
雅勝 五花 帶 皮肉,20
台灣元氣 梅花 豬火鍋 肉片 250g10,25
桐德 黑豬 肉 五花 塊,5
關東壽 喜燒 牛 五花,5
義美海陸 火鍋 組合,5
特選牛 炒 肉片 固,5
冷凍 五花 火鍋 肉片,5
台糖 4 合 1 火鍋 餃經典,5
豬 五花 火鍋片,2125
蒲燒 鯛 牛 五花,5
凝脂 霜降 牛肉 火鍋 肉片,5
豬 梅花 肉片 壽喜燒,80
桐德 黑豬 肉 五花 炒 肉片,5
豬 五花 串,5
柳丁 愛橋頭 老壇 泡 酸菜 400gA737 橋頭 火鍋 底料 中華,20
千葉 火鍋 芋頭 貢丸,5
美國 牛 五花 火鍋,65
鹽 鯖豬 五花,5
豬里 肌 炒 肉片 180g,5
香草 豬 五花 火鍋片 150g,10
台灣豬 五花 烤肉 片,230
益之豬 里 肌火鍋 肉片,15
黃 金 霜降 松阪豬 肉片 250g,5
豬 五花,5
台灣 豬豬 無皮 五花 扣肉,15
發票 蝦 皮代開 台灣現 貨橋 頭德莊 麻辣 火鍋 火鍋 底料 四川,5
台糖 4 合 1 火鍋 餃珍 饌 250347,5
義美團員 火鍋 組合包 326g,5
情熱 價格 泡菜 火鍋 湯底 750gDonki 日本 唐吉訶德,5
羊肉 火鍋 肉,10
香草 豬 五花 炒片 150g,5
豬肉 火鍋,5
