item_name,item
楓康 韭菜 豬肉 水餃 700g,660
瓜仔雞 手工 水餃,3125
手工 蝦 餃,5
豬肉 五花肉 片台灣,1765
東門 三色 高麗菜 豬肉 水餃,155
VV 手工 豬肉 水餃 韭菜 720g,1305
田裡 甜 高麗菜 雞肉 手工 水餃,270
龍鳳 高麗菜 豬肉 水餃,405
東門 興記 手工 豬肉 水餃,105
北斗 韭菜 豬肉 水餃,5
灣仔 碼頭 高麗菜 豬肉 水餃 x40 粒 741084,20
義美 手工 水餃 豬肉 高麗菜,15
湯瑪仕肉 舖 手工 高麗菜 黑豬 肉 水餃 無 添加,15
蔣 老爹 手工 水餃 霸王 蝦 餃 520g10 包,15
里 港 文富 塔香 豬肉 水餃,10
豬肉 高麗菜 水餃,19635
鮮蝦 豬肉 水餃,175
麻 膳堂 韭黃豬 肉 水餃,550
水點心 原味 香蔥 鮮肉 水餃 30 入,30
老 四川 麻辣 高麗菜 豬肉 水餃,185
川香 麻辣 豬肉 水餃,1245
東門 興記 韭菜 豬肉 手工 水餃 650g,175
源冠 高麗菜 章魚 水餃,95
龍鳳 高麗菜 豬肉 水餃 220g,2480
簡家水 餃綠 韭菜 鮮肉 水餃 650g 包 650g10g 包,55
及第 冷凍瓜 仔雞肉 水餃,10
蔥 阿伯 手工 水餃 玉米 豬肉 880g 包,175
泰式 打 拋雞肉 水餃,10
里港 豬肉 韭菜 水餃,10
蔥 阿伯 東北 手工 水餃,5
豬肉 韭黃 手工 水餃,150
100 粒東港 水餃,35
豬肉 熟水 餃,10590
龍鳳水 餃 韭菜 豬肉,120
荸薺 四季豆 豬肉 水餃,15
熟客 家 鹹 豬肉,8720
義美水 餃高麗菜 豬肉,335
灣仔碼 頭鮮 蝦 水餃,1500
韭菜 豬肉 水餃 750g,25
松 餃子 香蔥 豬肉 水餃,390
桐德 黑豚 肉 水餃,10
灣仔 碼頭 高麗菜 豬肉,4140
義美 手工 水餃 豬肉 高麗菜 810g,970
東門 興記 韭菜 豬肉 水餃,35
高麗菜 鮮肉 水餃,175
及第 冷凍 豬肉 高麗菜 手工 捏 花水 餃,475
義美 手工 水餃 韭菜,10
豬肉 韭菜 水餃,11410
舒康 雞 玉米 雞肉 水餃,60
瓜仔雞肉 水餃,3685
盒裝 手工 豬肉 水餃,930
鮮蝦 豬肉 米線,15
能量 豬 玉米 豬肉 手工 水餃,25
義美 韭菜 水餃 65 粒,5
麻辣 燙 豬肉,185
豬肉 米 堡,10
團東門 興記 高麗菜 豬肉 水餃,1010
豬肉 吐司,5
照燒 豬肉 炒 烏龍,12380
豬肉 高麗菜 手工 水餃,145
灣仔 碼頭 手工 水餃 韭菜 豬肉,255
好媽 媽家 料理 高麗菜 豬肉 水餃,15
大拇指 手工 韭菜 水餃,20
達人 上菜 豬肉 玉米 手工 水餃 770g 包 770g,150
手工 水餃,155
禾家香 手工 水餃 鮮蔬,35
楓康 青蔥 豬肉 水餃 575g,575
打 拋豬 水餃,4570
韭菜 水餃,610
50 粒 奇美 水餃,795
冰冰 好 料理 霸王 餃 韭菜 豬肉,435
台糖 韭菜 豬肉 水餃,120
辣子 雞雞肉 水餃 353g,45
台灣 霜降 豬肉,90
義美 手工 水餃 高麗 810g,295
手工 水餃 高麗菜 豬肉,10
佳味 上 選豬 肉 水餃 1400g,35
水餃,395
義美 家常 豬肉 韭菜 水,2255
玉米 水餃 台豬,70
灣仔 碼頭 高麗菜 豬肉 水餃 940G 盒愛買 冷凍,10
義美 手工 玉米 豬肉 餃,695
真好豬 玉米 黑豬 肉 水餃,20
辣 炒 豬肉,190
米漢堡 黑胡椒 豬肉,775
義美瓜 仔雞肉 水餃 432952,5
綠 韭菜 鮮肉 水餃,175
朱記 玉米 鮮肉 水餃,5
義美 手工 水餃 豬肉 韭菜 810g,10
義美 手工 水餃 豬肉 高麗菜 810g,20
義美經典 豬肉 韭菜 水餃,145
蔥 阿伯 東北 手工 水餃 高麗菜 豬肉 900g796971,10
蔥 阿伯 手工 水餃 玉米 豬肉 210381,5
義美 手工 豬肉 高麗菜 水餃,10
灣仔 碼頭 辣子 雞雞肉 水餃,115
甘單 水餃 高麗菜 鮮蝦 水餃,10
打 拋豬 肉 水餃,30
蔬菜 水餃 10 顆份,45
照燒 豬肉 米漢堡,6415
真好豬 韭菜 黑豬 肉 水餃,30
冰冰 好 料理 韭菜 豬肉 熟水 餃 935g,525
VV 冷凍 豬肉 水餃 高麗菜 850g,4970
義美經典 豬肉 韭菜 水餃 352g,315
蔥 阿伯 田園 蔬食 水餃,600
鮮蝦 水餃,185
義美 手工 水餃 韭菜 810g,130
韭菜 豬肉 水餃,1520
冷凍 泡菜 水餃,20
3 時蔬 豬肉 烏龍 中,305
義美 手工 水餃 玉米 豬肉 高麗菜 816970,10
蔥 阿伯 東北 手工 水餃 韭菜 豬肉 720g720g 包,760
田裡 甜 手工 高麗菜 豬肉 水餃,940
洽雞肉 水餃 辣椒,10
家福 冷凍 高麗菜 水餃,13530
玉米 豬肉 水餃,435
巧活 能量 豬鮮 蝦 豬肉 手工 水餃,5
蔥 阿伯 高麗菜 豬肉 餃,1185
團購 蔥 阿伯 優選 招牌 鮮蔥 豬肉 水餃 720g 約 30 粒包,10
曾 餃子 韭菜 水餃,25
龍鳳熟 豬肉 水餃 1700g,20
能量 豬 三星 蔥 豬肉 手工 水 餃巧活,170
灣仔 碼頭 手工 水餃 玉米 蔬菜 豬肉 40 入,355
超青蔥 豬肉 水餃,75
王品 牛肉 水餃,2350
灣仔碼 頭川香 麻辣 豬肉 水餃 x40 粒 940g,590
VV 冷凍 豬肉 水餃 韭菜 850g,3720
蔣 老爹 手工 水餃 霸王 蝦 餃 110610,5
洽雞肉 水餃 泡菜,10
巧活 能量 豬 三星 蔥 豬肉 水餃,15
蔥 阿伯 餃實 在 手工 水餃 青蔥 豬肉 720 包愛買 冷凍,10
韭黃鮮 蝦 水餃,175
玉米 豬肉 手工 水餃,33220
蔥 阿伯 東北 手工 水餃 高麗菜 豬肉 720g720g 包,1135
麻 膳堂 麻辣 豬肉 水餃,325
義美 手工 水餃 豬肉 韭菜,10
義美 手工 水餃 高麗菜,5
義美 手工 水餃 豬肉,115
果貿 吳媽家 韭菜 鮮肉 水餃 600g 盒 600g 盒,80
御園 坊 香菜 鮮肉 水餃,50
義美 手工 水餃 豬肉 韭菜 810g 包 810g 包,545
達人 上菜 豬肉 高麗菜 手工 水餃 770g,395
奇美 70 粒豬 肉 水餃,5
VV 手工 豬肉 水餃 高麗菜 720g,1950
卜蜂 黑胡椒 豬肉 燴,1475
義美經典 豬肉 高麗菜 水餃,235
辣味 水餃 10 顆份,30
冷凍 豬肉 水餃,1880
田裡 甜豬 肉 韭菜 手工 水餃,585
青 花椒 鱈魚 水餃,3345
台糖 韭菜 水餃,5420
十三姨 豬肉 水餃,10
霜降 豬肉,380
泡椒 豬肉 水餃,60
鮮蝦 豬肉 手工 水餃 能量 豬,15
豬肉 泡菜 鍋,280
高麗菜 豬肉 水餃 8 顆,15
義美 手工 水餃 豬肉,10
龍鳳 冷凍 高麗豬 肉 水餃,130
冷凍 高麗菜 水餃,175
水 餃嫂 豬肉 水餃,85
簡家水 餃白 韭黃鮮肉 水餃 600g 包 600g10g 包,70
冷凍 韭菜 水餃,75
蔥 阿伯 東北 手工 水餃 高麗菜 豬肉 900g900g 包,330
水 餃嫂 豬肉 手工 餃子 53,5
香草 豬松阪 豬肉,45
123 水餃 高麗菜 豬肉 水餃,5
東門 興記 高麗菜 豬肉 手工 水餃 650g,355
王品 嚴選蔥燒 牛肉 水餃 560g,250
大拇指 韭菜 水餃 冷凍 886845,5
義美 手工 水餃 全素 810g,255
高麗菜 豬肉 水餃 20221207lqnftnp4,5
龍鳳鮮 蝦 豬肉,340
蔥 阿伯 餃實 在 手工 水餃 高麗菜 豬肉 720g,1160
台灣 豬肉 水餃,6745
香草 豬 霜降 豬肉,50
及第 冷凍 豬肉 高麗菜 手工 捏 花水 餃 800g,1050
蔥 阿伯 餃實 在 手工 水餃 青蔥 豬肉 720g,995
台糖 韭菜 豬肉 水餃 45 粒,10
東門 興記 韭菜 豬肉 蝦仁 手工 水餃 550g,5
虱目 魚豬 肉 手工 水餃,185
水餃 台豬,280
灣仔 碼頭 手工 水餃 高麗菜 豬肉,410
123 水餃 韭菜 豬肉 水餃,10
義美 手工 水餃 豬肉 高麗菜,525
三星 蔥 豬肉 手工 水餃,155
冷凍 蒼蠅 頭豬 肉 水餃,160
水皎嫂 手工 餃子 韭菜 豬肉 810g 包 810g 包,180
好姨 玉米 手工 水餃,905
韓式 辣味 水餃,20
白韭黃 鮮肉 水餃,85
蔥 阿伯 手工 水餃 高麗菜 豬肉 880,25
舒康 雞 玉米 雞肉 手工 水餃 手工 雞肉 水餃,15
老 四川 韭菜 豬肉 水餃 500g,5
阿玉水 餃 韭菜 豬肉 水餃,170
灣仔 碼頭 韭菜 豬肉 水餃 x40 粒 940g,620
M 老 四川 韭菜 豬肉 水餃 500g 包,40
品元堂 藍 鑽 蝦 水餃,135
蔥 阿伯 東北 手工 水餃 韭菜 豬肉 900g900g 包,300
蔥 阿伯 手工 水餃 高麗菜 豬肉 129015,5
水點 心椒 麻香蔥 鮮肉 水餃 30 入,5
高麗菜 黑豬 肉 水餃,10
奇美 熟鮮肉 水餃,5
F1 紅燒 豬肉 中,5
老媽家 冷凍 手工 高麗菜 豬肉 水餃 500g,10
水 餃嫂 韭菜 水餃,75
楓康 高麗豬 肉 水餃 575g,805
東門 韭菜 豬肉 水餃,20
東北 手工 水餃 玉米 豬,25
奇美 豬肉 水餃 100 粒,15
老 四川 麻辣 豬肉 水餃 高麗菜 韭菜 500g 任選 5 包,65
水餃 嫂水 餃豬 肉 53 入,10
義美瓜 仔雞肉 水餃 765g,120
義美 瓜子 雞肉 水餃 972g,5
團購 老 四川 麻辣 豬肉 高麗菜 水餃,5
奇美 鮮肉 水餃 75 粒,10
灣仔 碼頭 辣子 雞雞肉 水餃 3525g15 入,190
禎祥熟 水餃 韭菜,6255
台灣豬 韭菜 水餃,25
奇巧 手工 水餃 高麗菜,10
阿在伯 手工 水餃,20
手工 水餃 韭菜 豬肉,20
水餃,40
泡菜 豬肉 米漢堡,5
義美 手工 豬肉 高麗菜 水餃 810g,5
義美 手工 豬肉 餃,4430
及第 冷凍 豬肉 韭菜 手工 捏 花水 餃 800g 包,10
蔥 阿伯 韭菜 豬肉 水餃,640
蔥 阿伯 雄霸 水餃 高麗豬 韭菜 豬共 200 顆送 寶寶水 餃 100,10
蔥 阿伯 經典 手工 水餃 高麗菜 豬肉 2700g2700g 包,1400
果貿 吳媽家 全站 水餃 口味 大 集合 一次 購足鮮 蝦 水餃 干貝水,450
豬肉 熱狗 汽水,255765
老媽家 冷凍 手工 泡椒 高麗菜 豬肉 水餃 50,5
加熱出 貨御料 小館 高麗菜 豬肉 水餃,5
王品 嚴選 剝皮 辣椒 豬肉 水餃 560g,250
荸薺鮮 蝦 黑豬 肉 水餃,15
豬肉 泡菜 鍋單,25
義美 手工 豬肉 高,12565
巧活 能量 豬 玉米 豬肉 手工 水餃,10
北斗 手工 水餃 韭菜,10
義美 手工 水餃 玉米 774g,110
北斗 農高麗菜 豬肉 水餃 750g,35
泰凱 食堂 泰式 打 拋豬 肉 水餃,10
翔鳳 200 粒熟 水餃,10
水餃 皮 300g,145
灣仔 碼頭 韭菜 豬肉 水餃 x40 粒 741738,10
團高麗菜 豬肉 水餃,10
豬肉 蛤蜊 大醬鍋,95
義美豬 肉 韭菜 水餃,10
文富 韭菜 水餃,10
古早 味 蒜 椒 鹹 豬肉,10
義美 高麗菜 水餃,10
2 能量 豬 三星 蔥 豬肉 手工 水餃,130
N010107086 東門 市場 三色 海鮮水 餃店 韭菜 豬肉 水餃,15
韭菜 水餃 香草 豬,5
豬肉 水餃,12190
黃 金雞 腿肉 水餃 任選,5
東門 高麗菜 豬肉 水餃,25
灣仔 碼頭 韭菜 豬肉 水餃 40 顆包,50
東北 手工 水餃 高麗菜,40
大拇指 手工 捏花 豬肉 高麗菜 水餃 810g810g,5
義美 手工 水餃 韭菜,10
好媽 媽家 料理 韭菜 豬肉 水餃,20
真好 豬高麗菜 黑豬 肉 水餃,10
水餃 嫂水 餃 韭菜,10
手工 豬肉 水餃,20
老 四川 韭菜 麻辣 水餃,5
朱記 高麗菜 豬肉 水餃,40
蔥 阿伯 高麗菜 豬肉,2010
義美 手工 水餃 韭菜 500g,10
紅糟 豬肉 赤肉,50
阿在伯 手工 水餃 豬肉,10
123 水 餃鮮 蝦 水餃,5
松板 豬肉,10
手工 鹹 豬肉,10
朱記 韭菜 豬肉 水餃,30
代收 代付 灣仔 碼頭 韭菜 豬肉 水餃 940G 盒愛買 冷凍,5
龍鳳 韭菜 水餃,5
里 港 文富 塔香 豬肉 水餃,10
王品 嚴選 剝皮 辣椒 豬肉 水餃,510
東北 手工 水 餃久菜 豬肉 960g,5
奇美 豬肉 水餃 90 入,5
美安獨家 蔥 阿伯 雄霸 水餃 任選,10
五彩 豬肉 手工 水餃,125
義美 家常 豬肉 韭菜 水餃,5
蔥 阿伯 雄霸 水餃 系列 任選,30
舒康雞 高麗菜 雞肉 手工 水餃 手工 雞肉 水餃,10
N012905715 洽富氣 冷雞 剝皮 辣椒 雞肉 水餃 560g,5
N012641839 舒康雞 高麗菜 雞肉 手工 水餃 3 包入,5
餡多料實 手工 水餃,15
超活 菌豬 韭菜 水餃,55
灣仔 碼頭 手工 水餃 韭菜 豬肉 940g40 入,540
義美 手工 水餃 豬肉 韭菜 810g 愛買 冷凍,15
東北 手工 水餃 韭菜 豬,20
佳味 上 選豬 肉 水餃 1400G,5
牛肉 韭菜 水餃,25
水餃 嫂水 餃豬 肉,10
泡菜 黑豬 肉 水餃,5
任選巧 之味 招牌 水餃 25 粒,35
龍鳳豬 肉 水餃 85 入,10
北斗 香菜 豬肉 水餃,5
椒 麻 五花 豬肉,35
N010107091 東門 市場 三色 海鮮水 餃店 野菜 豬肉 水餃,5
王品 嚴選蔥燒 牛肉 水餃,315
東北 手工 水餃 牛肉,20
手工 青蔥 豬肉 水餃,5
大拇指 手工 捏花 豬肉 高麗菜 水餃 810g426246,15
大拇指 手工 捏花 豬肉 韭菜 水餃,5
巧之味 韭菜 水餃,15
蔣 老爹 手工 水餃 吉安 韭菜 水餃 520g10 包,25
禾家香 手工 水餃 任選,60
奇美 素食 水餃,10
家樂福 豬肉 手工 水餃,1260
超 剝皮 辣椒 豬肉 水餃,95
及第 豬肉 水餃,5
灣仔 碼頭 玉米 蔬菜 豬肉 水餃 40 粒,5
蔥 阿伯 手工 水餃 招牌 鮮蔥 豬肉,10
蔥 阿伯 手工 水餃 招牌 鮮蔥 豬肉 208681,5
佳味 冷凍 手工 鮮肉 水餃 1000g,20
十三姨 韭菜 水餃,5
手工 水餃 玉米 豬肉,10
豬肉 韭黃 捏 花水 餃,30
龍鳳 韭菜 水餃 1092g,15
團購 蔥 阿伯 優選 韭菜 豬肉 水餃 880g 約 40 粒包,5
蔥 阿伯 東北 手工 水餃 韭菜 豬肉,5
超高 麗菜 豬肉 水餃,90
N012641830 舒康 雞 玉米 雞肉 手工 水餃,10
灣仔 碼頭 高麗菜 豬肉 水餃,5
義美瓜 仔雞肉 手工 水餃 756g,10
老 四川 麻辣 韭菜 水餃,10
千張 雞肉 水餃,5
老 四川 高麗菜 麻辣 水餃,5
里 港洋蔥 水餃,5
王品 嚴選蔥燒 牛肉 水餃 560g,80
水 餃嫂 豬肉 水餃 60 粒,20
冷凍 高麗菜 水餃 20230401y0fxij56,5
奇美 和 風熟 水餃,20
團王品 蔥燒 牛肉 水餃 56,110
龍鳳 韭菜 水餃 85 入,5
9789577103338 水餃,10
鹿港 水餃,25
美之園 手工 高麗菜 水餃 720G,5
玉米 水餃 10 顆份,15
台糖 手工 水餃 豬肉 玉米 蔬菜,5
活菌 豬松阪 豬肉,90
老 四川 麻辣 高麗菜 豬肉 水餃 887052,10
禎 祥 豬肉 水餃,15
呂師父 嚴選豬 肉 水餃 720g,5
大拇指 手工 捏花 豬肉 高麗菜 水餃,5
義美 韭菜 水餃 1050g,5
灣仔碼 頭川香 麻辣 豬肉 水餃 940G 愛買 冷凍,5
能量 豬 三星 蔥 豬肉 手工 水餃,5
小葉 韭菜 水餃,10
鮮肉 水餃,10
泰式 打 拋豬 水餃,10
Simple 韭菜 水餃,490
玉米 高麗菜 豬肉 水餃,10
禎 祥 豬肉 高麗菜 熟水 餃,10
IMEI 義美 手工 豬肉 高麗菜 水餃 1440g 水餃,20
里港 高麗菜 豬肉 水餃,5
果貿 吳媽家 韭菜 鮮蝦 水餃 每盒 24 顆 手工 水餃 豬肉 水餃,5
洽富 雞肉 水餃 剝皮 辣椒,5
灣仔碼 頭川香 麻辣 豬肉 水餃 x40 粒 603180,5
韭黃豬 肉 水餃,10
翔鳳 呂師傅 手工 豬肉 水餃 40 粒,20
BB 原味 水餃 沾 醬 145ml,5
老 四川 麻辣 豬肉 水餃 任選,10
N013016736 阿玉水 餃 韭菜 豬肉 水餃 10 顆盒,5
義美 手工 水餃 玉米 豬肉,15
龍鳳 韭菜 水餃 85 入,10
N010107092 東門 市場 三色 海鮮水 餃店 菜 肉 水餃 20,5
台糖 手工 水餃 豬肉 高麗菜 440g,10
冷凍 玉米 水餃,5
水 餃嫂 手工 豬肉 水餃 54 入,20
果貿 吳媽家 高麗菜 鮮肉 水餃 每盒 24 顆 手工 水餃 豬肉,5
里 港 文富 豬肉 韭菜 水餃,15
及第 冷凍 豬肉 水餃 950g,5
冰冰 好 料理 韭菜 豬肉 熟水 餃 55 粒,5
A 御料 小館 招牌 水餃,15
水皎嫂 手工 高麗菜 水餃,5
灣仔 碼頭 高麗菜 豬肉 水餃 40 顆 940,5
義美 手工 水餃 玉米 豬肉 高麗菜 774g,5
冷凍 活菌豬 韭菜 水餃,10
鮮蝦 玉米 黑豬 肉 水餃,15
龍鳳豬 肉 水餃 1092g,5
王品 嚴選 剝皮 辣椒 豬肉 水餃 212485,10
霜降 豬肉 單包,45
王品 嚴選 剝皮 辣椒 豬肉 水餃 560g,15
蔥 青蔥 豬肉 水餃,5
冷凍 小白菜 水餃,10
東北 手工 牛肉 水餃 40 粒,5
義美 手工 水餃 玉米 豬肉 高麗菜 774G 愛買 冷凍,10
東門 白菜 韭黃豬 肉 水餃,20
高麗菜 豬肉 水餃 北斗 農會,5
阿在伯 韭菜 豬肉 水餃,5
團統 一生 機韭黃 蝦 水餃,35
義美 手工 瓜仔雞肉 水餃 756g,10
水餃 餐盒 8 粒裝,1105
龍鳳 85 入 高麗菜 豬肉 水餃 家庭,5
呂師 傅極品 手工 水餃 韭菜,5
永豐餘 生技 GreenSafe 花椒 番茄 牛肉 水餃,5
N010107088 東門 市場 三色 海鮮水 餃店 高麗菜 豬肉 水餃,10
蔥 阿伯 手工 捏花 高麗菜 水餃 720g,25
蔥 阿伯 經典 手工 水餃 約 150 粒冷凍 2700g 克 x,5
禾家 香水 餃 韭菜 豬肉,25
鮮蝦 韭菜 黑豬 肉 水餃,10
小葉 韭菜 水餃 耕畝 田,5
蔥燒 豬肉 米漢堡,4500
義美 手工 豬肉 水餃 810g,10
統一 及第 豬肉 水餃 950g,35
鮮蝦 豬肉 手工 水餃 能量 豬巧,5
推龍鳳 韭菜 水餃,30
王品 集團 王品 嚴選 剝皮 辣椒 豬肉 水餃 20 入 560g 包,30
代收 代付 灣仔碼 頭川香 麻辣 豬肉 水餃 940G 愛買 冷凍,50
蔥 阿伯 手工 捏花 韭菜 水餃 720g,15
大成 桐德 黑豚 肉 水餃,5
香菜 豬肉 水餃 北斗 農會,5
東北 手工 豬肉 水餃 60 粒,5
甘單 水 餃田園 雞肉 水餃,5
巨廚 食品 鹹 豬肉,5
朱記 韭菜 豬肉 水餃 700g,5
翔鳳豬 肉 水餃 1400g,5
義美 手工 豬肉 韭菜 水餃 810g,5
韭菜 鮮肉 水餃,5
王品 集團 王品 嚴選 高麗菜 豬肉 水餃 20 入 560g 包,25
灣仔 碼頭 玉米 蔬菜 豬肉 水餃,5
水皎嫂 手工 韭菜 水餃,5
松阪 豬肉,5
新龍鳳 韭菜 水餃 85 入,5
高麗鮮 蝦 黑豬 肉 水餃,5
IMEI 義美經典 豬肉 高麗菜 水餃 352g 盒 16 顆,5
明宜 手工 水餃 韭菜 豬肉 1120g,5
他 王品 嚴選 高麗菜 豬肉 水餃,10
蔥 阿伯 東北 手工 水餃 高麗菜 豬肉,5
永豐餘生 技千張 雞肉 水餃 8 粒,5
Saha 雞肉 水餃 ChickenDumplingsHal,5
果貿 吳媽家 香菇 芋泥 鮮肉 水餃 每盒 24 顆 手工 水 餃芋 泥,5
一次 取灣 仔碼頭 手工 水餃 韭菜 豬肉 940g40 入,55
奇美 高麗菜 豬肉 水餃,5
灣仔 碼頭 韭菜 豬肉 水餃 40 粒,5
鮮蝦 高麗菜 黑豬 肉 水餃,5
蔥 阿伯 手工 水餃 黑木耳 鮮蔬 豬肉,5
X 雞 腿肉 水餃,5
義美 手工 水餃 豬肉 高麗菜 810g 包 505155,10
果貿 吳媽家 水餃 香菇 芋泥 鮮肉 水餃 1 盒 24 入同 筆訂 單限同,5
饌 味 手工 豬肉 水餃,5
黑橋牌 黑豬 肉 水餃,5
巧美純 手工 豬肉 水餃 45 粒,10
禎 祥 韭菜 水餃,5
蔥 阿伯 高麗菜 豬肉 一口 餃,5
義美 捏 花水 餃 玉米 豬肉 高麗菜,5
