item_name,item
義美紅豆 湯圓,2160
桂冠 花生 湯圓,56720
桂冠 湯圓 芝麻 10 入,20
桂冠 紫米 湯圓 芝麻 200g,15
西北 花生 湯圓,550
桂冠 鮮肉 湯圓,13415
桂冠 芝麻 包餡 小 湯圓,5
桂冠 鮮肉 湯圓 200g,3780
桂冠 湯圓 麻吉組 460g,235
吃 湯圓,155
桂冠 紫米 花生 湯圓,25
桂冠 十利 抹 茶 小 湯圓,10
義美鮮肉 湯圓,935
桂冠 芝麻 湯圓,10
桂冠 流沙 湯圓,12710
義美小 湯圓,3890
桂冠 芝麻 湯圓 200g,14465
花生 雙醬 湯圓,3490
桂冠 森永 牛奶糖 包餡 小 湯圓 200g 盒,940
桂冠 湯圓 麻吉組 芝麻 花生 460g,235
雙 桂冠 抹 茶 湯圓,5
桂冠 冷凍 小 湯圓,55320
紅團圓 堅果 湯圓,115
家傳 鮮肉 水晶 湯圓 780g,135
五福 湯圓,80
桂冠 森永 牛奶糖 包餡 小 湯圓 200g,525
紅豆 湯圓,255
桂冠 湯圓 麻吉組,4330
酥 炸 小 湯圓,10
湯圓 麻吉組,5830
桂冠 湯圓 麻吉組 460g183964,5
桂冠 湯圓 芝麻,10
桂冠 花生 包餡 小 湯圓,5
桂冠 芝麻 湯圓 冷凍 200g 克 x1 家樂福,10
M 桂冠 花生 湯圓 10 入盒,140
家福小 湯圓,5105
桂冠 芝麻 湯圓 200g983691,60
桂冠 芝麻 湯圓 冷凍 983691,40
開運 五行 湯圓,305
桂冠 牛奶糖 湯圓,9375
桂冠 紫 糯 芝麻 湯圓 200g,2050
桂冠 紫 糯 花生 湯圓 200g,1965
桂冠 紫 糯 花生 湯圓 200g983709,10
福源 芝麻 湯圓,2450
西北 芝麻 湯圓,670
家福 芝麻 湯圓,6840
田媽媽 湯圓,10
蘇圓仔 芝麻 湯圓,5
桂冠 鮮肉 湯圓 200g983700,30
桂冠 鮮肉 湯圓 200g,3755
鹽 湯圓,20
桂冠 花生 湯圓 200g,8805
M 桂冠 鮮肉 湯圓 10 入盒,45
桂冠 辻利 抹 茶 包餡 小 湯圓 冷凍 200g 家樂福,5
金南僑 傳統 湯圓,45
森永 牛奶糖 包餡 小 湯圓,1255
古早 味 鹹 湯圓,380
選 桂冠 流沙 湯圓,5
家傳 鮮肉 湯圓,2780
M 桂冠 芝麻 湯圓 10 入盒,170
福慧 小 湯圓,15
桂冠 湯圓 花生,1425
桂冠 森永 牛奶糖 包餡 小 湯圓 606336,15
桂冠 森永 牛奶糖 包餡 小 湯圓,365
桂冠 湯圓 花生 雙醬,190
蘇圓仔 花生 湯圓,5
桂冠 花生 包餡 小 湯圓 冷凍 200g 家樂福,5
桂冠 抹 茶 包餡 小 湯圓,15
桂冠 紫 糯 芝麻 湯圓 10 入,440
桂冠 紫 糯 芝麻 湯圓 200g983706,30
桂冠 湯圓 麻吉組 460g,360
草莓 煉乳 湯圓,1310
桂冠 湯圓 芝麻 10 入,2180
經典 湯圓 麻吉組,325
桂冠 紫米 芝麻 湯圓 200g,20
桂冠 牛奶糖 包餡 小 湯圓,180
桂冠 紫 糯 芝麻 湯圓,10
桂冠 抹 茶 風味 湯圓,5
流沙 湯圓,2485
詹媽媽 湯圓,15
義美鮮肉 湯圓 10 入,210
桂冠 紫米 湯圓 花生,5
桂冠 紫 糯 芝麻 湯圓 冷凍 200g 家樂福,5
紫 糯 花生 湯圓,17080
田裡 甜 鹹 湯圓 湯底,205
五彩 湯圓,25
湯圓,120
芝麻 湯圓,20610
湯圓 麻吉組 460g 盒 桂冠 官方 旗艦店,10
冬至 開運 湯圓 組團購,75
綜合 湯圓,135
綜合 元宵 湯圓,320
桂冠 雙醬 花生 湯圓,10
桂冠 湯圓 芝麻 200g,30
桂冠 芝麻 包餡 小 湯圓 冷凍 200g 家樂福,5
桂冠 紫 糯 花生 湯圓 冷凍 200g 家樂福,5
湯圓 有料,10
桂冠 花生 雙醬 湯圓 冷凍 200g 家樂福,5
桂冠 芝麻 湯圓 200,45
義美蜜豆 湯圓,15
田媽媽 鹹 湯圓,5
桂冠 鮮肉 湯圓 冷凍 983700,5
團 桂冠 湯圓 麻吉組,5
M 桂冠 冷凍 小 湯圓 300g 盒,40
家福 花生 湯圓,4505
好食 多 手工 芝麻 湯圓,5
加 一份 湯圓,5
傳統 湯圓,50
誠實 討海人 冬至 限定 桂冠 花生 湯圓 芝麻 湯圓鮮,5
桂冠 紫米 湯圓 芝麻,5
DW 鼎旺 購物 商城 預購 元宵 湯圓 湯圓 花生 湯圓鮮肉,10
500G 湯圓,5
義美 湯圓 迷你 湯圓,10
桂冠 鮮肉 湯圓 10 粒,10
五彩 Q 湯圓,5
紅豆 小 湯圓,5
左營 鮮肉 湯圓,20
炸 湯圓,5
