clusterName_0,clusterNum_0,clusterName_1,clusterNum_1,clusterName_2,clusterNum_2,clusterName_3,clusterNum_3,clusterName_4,clusterNum_4,clusterName_5,clusterNum_5,clusterName_6,clusterNum_6,clusterName_7,clusterNum_7,clusterName_8,clusterNum_8,clusterName_9,clusterNum_9
麥克雞塊,509140,豬肉,462545,美式,1010,冷凍,158360,桂冠,871380,湯圓,279760,火鍋,1111070,雞塊,459035,義美,125675,雞肉,30640
六塊,353260,熱狗,255765,臘腸,1010,紅龍,92245,魚餃,205080,桂冠,194680,肉片,1073735,四塊,278930,湯圓,36045,蔬菜,30260
蛋,184735,汽水,255765,雙層,1000,雞塊,74970,餃,178300,花生,95195,豬,1038875,C,264805,芝麻,31815,舒肥,30025
麻辣,184075,水餃,185725,大比薩,1000,3KG,68940,燕餃,93545,小,58720,梅花,598410,塊,94025,草莓,17505,盅,29680
鼎王,176150,手工,78230,20221211b6rtudnn,5,捲,28405,蝦,72430,冷凍,55445,五花,496625,上校,93895,甜心,15440,義美,580
十塊,155450,高麗菜,62605,20221226z0jwwjo4,5,牛肉,24720,花枝,68255,芝麻,50445,炒,105830,1,72880,香菇,14020,餃,580
酥,142320,韭菜,41745,20221218a8hu9vck,5,奇美,18710,小湯圓,54735,200g,36390,雅方,97430,卜蜂,37010,貢丸,14020,飯份,345
雞,133420,玉米,36405,20221229r7dbofx0,5,龍鳳,12435,蝦球,41090,鮮肉,23975,手工,59290,4,20510,炒,13915,泡菜,35
