clusterName_0,clusterNum_0,clusterName_1,clusterNum_1,clusterName_2,clusterNum_2,clusterName_3,clusterNum_3,clusterName_4,clusterNum_4,clusterName_5,clusterNum_5,clusterName_6,clusterNum_6,clusterName_7,clusterNum_7,clusterName_8,clusterNum_8,clusterName_9,clusterNum_9
先生,43205,口味,1464925,巧克力,1488455,夏威夷,20250,辣椒,51210,原味,3196520,配薯餅,2264520,珍珠,54675,日本,249570,洋芋片,2713755
薯片,35415,可樂果,201970,一配,228685,享餐,9420,包,16955,蛋撻,990965,玉米,1660555,堡,53575,全家,77925,品客,470210
辣醬味,10790,黍,127630,棒,228620,比薩獨,9345,鹽小卷,14910,k,962280,雞,1584765,海洋,43995,北,68145,口味,370050
巴拉,7370,紅燒,104755,捲,219870,烤,5260,波樂,13910,洋芋片,578865,捲,1397055,藜,29400,東鳩,42760,樂事,324880
紫薯,6420,玉米片,96745,酥,198305,腿,5215,要,4875,品客,378165,草莓,1393770,麥,27280,風味,31480,卡辣姆久,283855
多辣醬,4470,起司,95840,義美,155560,棒,5140,麵,3725,樂事,268645,薯條,1391270,大麥,24625,洋芋,29880,的,257530
小姐,4315,多力,94650,格力,141900,個,4715,地獄,3230,經典,221005,包,1343125,超級,20425,洋芋片,29705,包,256450
味,4075,真魷味,86775,小熊,120565,人,4715,包謝謝,3025,先,187675,起司,1330205,組合餐,17985,超薄,29295,海苔,256205
