item_name,item
巧克力 可可 碎片 星冰樂 20220912f7me8cv,5
巧克力 可可 碎片 星冰樂 20220913f0avtdu,5
巧克力 可可 碎片 星冰樂 20220918a8jrref,5
巧克力 可可 碎片 星冰樂 20220920k6tc04k,5
巧克力 可可 碎片 星冰樂 20220910h0ypza4,5
巧克力 可可 碎片 星冰樂 20220918n9ofher,5
巧克力 可可 碎片 星冰樂 20220924n4qpnsk,5
巧克力 可可 碎片 星冰樂 20220927h5wosyw,5
巧克力 可可 碎片 星冰樂 20220917q4py7g5,5
巧克力 可可 碎片 星冰樂 20220917u6yy7zc,5
巧克力 可可 碎片 星冰樂 20220924p4hviul,5
巧克力 可可 碎片 星冰樂 20220910g1mkdsk,5
生 巧克力 淡 可可,700
巧克力 可可 碎片 星冰樂 20220914f5az32j,5
巧克力 可可 碎片 星冰樂 20220915e0qcx77,5
巧克力 可可 碎片 星冰樂 20220915q2jg4up,5
巧克力 可可 碎片 星冰樂 20220918i3lagmo,5
巧克力 可可 碎片 星冰樂 20220920b9vyetg,5
巧克力 可可 碎片 星冰樂 20220921g1uki2i,5
巧克力 可可 碎片 星冰樂 20220923b5dswqf,5
巧克力 可可 碎片 星冰樂 20220925mcost5u,5
巧克力 可可 碎片 星冰樂,13870
巧克力 可可 碎片 星冰樂 20220902e3nyh02,5
巧克力 可可 碎片 星冰樂 20220901jz2ia28,5
巧克力 可可 碎片 星冰樂 20220907t5yb2io,5
巧克力 可可 碎片 星冰樂 20220930i3la39q,5
巧克力 可可 碎片 星冰樂 20220910b6juw54,5
巧克力 可可 碎片 星冰樂 20220916x1gikww,5
巧克力 可可 碎片 星冰樂 20220925b5oqcbd,5
巧克力 可可 碎片 星冰樂 20220905dce1kt4,5
巧克力 可可 碎片 星冰樂 20220911b6swfls,5
巧克力 可可 碎片 星冰樂 20220906i3lac7t,5
巧克力 可可 碎片 星冰樂 20220915i3yylch,5
巧克力 可可 碎片 星冰樂 20220903h3bxqxc,5
巧克力 可可 碎片 星冰樂 20220923s3driyf,5
巧克力 可可 碎片 星冰樂 20220918c9ga7tw,5
巧克力 可可 碎片 星冰樂 20220924o9hhq7r,5
巧克力 可可 碎片 星冰樂 20220928e9hujof,5
巧克力 可可 碎片 星冰樂 20220902e0jn4cr,5
巧克力 可可 碎片 星冰樂 20220909q4yt7t1,5
巧克力 可可 碎片 星冰樂 20220910b1skcly,5
巧克力 可可 碎片 星冰樂 20220916l3qx3ha,5
巧克力 可可 碎片 星冰樂 20220921e2bc2v0,5
巧克力 可可 碎片 星冰樂 20220918b1skr3o,5
巧克力 可可 碎片 星冰樂 20220923nwmrfsz,5
巧克力 可可 碎片 星冰樂 20220916b1fjmyg,5
巧克力 可可 碎片 星冰樂 20220928u3mwufc,5
巧克力 可可 碎片 星冰樂 20220930b4ufd9a,5
巧克力 可可 碎片 星冰樂 20220917u0hhfv8,5
巧克力 可可 碎片 星冰樂 20220920f1dgf3z,5
巧克力 可可 碎片 星冰樂 20220914f1dg62v,5
巧克力 可可 碎片 星冰樂 20220915r6jsnxn,5
巧克力 可可 碎片 星冰樂 20220923l7dd5v8,5
巧克力 可可 碎片 星冰樂 20220914q6heudr,5
巧克力 可可 碎片 星冰樂 20220914vgx0zfy,5
巧克力 可可 碎片 星冰樂 20220902b9zspvr,5
巧克力 可可 碎片 星冰樂 20220908r6js6p6,5
巧克力 可可 碎片 星冰樂 20220904b3dm1q8,5
巧克力 可可 碎片 星冰樂 20220908v9qxeat,5
巧克力 可可 碎片 星冰樂 20220902v2quqt2,5
巧克力 可可 碎片 星冰樂 20220923o6dxe3p,5
巧克力 可可 碎片 星冰樂 20220923t5yb1hh,5
巧克力 可可 碎片 星冰樂 20220908nj1nhut,5
巧克力 可可 碎片 星冰樂 20220910f4dlyxo,5
巧克力 可可 碎片 星冰樂 20220907dn0bbju,5
巧克力 可可 碎片 星冰樂 20220928c6wllpi,5
巧克力 可可 碎片 星冰樂 20220910n9of7up,5
巧克力 可可 碎片 星冰樂 20220916a3ihwjz,5
巧克力 可可 碎片 星冰樂 20220916p4hvj6u,5
巧克力 可可 碎片 星冰樂 20220919s3drdcv,5
巧克力 可可 碎片 星冰樂 20220901f2snj30,5
巧克力 可可 碎片 星冰樂 20220921c6wl8uu,5
巧克力 可可 碎片 V,246710
巧克力 可可 碎片 星冰樂 20220901k0efhjn,5
巧克力 可可 碎片 星冰樂 20220908p1tba1o,5
巧克力 可可 碎片 星冰樂 20220908b9zskkj,5
巧克力 可可 碎片 星冰樂 20221002j4igfid,5
巧克力 可可 碎片 星冰樂 20221014e4cw20w,5
巧克力 可可 碎片 星冰樂 20221028b5ffoix,5
巧克力 可可 碎片 星冰樂 20221007c4vba3b,5
巧克力 可可 碎片 星冰樂 20220922f6cxpil,5
濃 可可 捲 巧克力,8595
巧克力 可可 碎片 星冰樂 20220924n6alnox,5
巧克力 可可 碎片 星冰樂 20220909x7ej26d,5
巧克力 可可 碎片 星冰樂 20220916t0sw1ei,5
巧克力 可可 碎片 星冰樂 20220923f7dorec,5
巧克力 可可 碎片 星冰樂 20220928b2ftbhf,5
巧克力 可可 碎片 星冰樂 20220911l7ddkse,5
巧克力 可可 碎片 星冰樂 20220903b9zsadr,5
巧克力 可可 碎片 星冰樂 20220919t3ak7c0,5
巧克力 可可 碎片 星冰樂 20220929u3mwrsb,5
巧克力 可可 碎片 星冰樂 20220901f7pmw6q,5
巧克力 可可 碎片 星冰樂 20220911f4vs56d,5
巧克力 可可 碎片 星冰樂 20220927m2uuoet,5
巧克力 可可 碎片 星冰樂 20220920c5f9a9j,5
巧克力 可可 碎片 星冰樂 20220911f2ump9i,5
巧克力 可可 碎片 星冰樂 20221112v6rx88b,5
巧克力 可可 碎片 星冰樂 20220902hpbzq5n,5
巧克力 可可 碎片 星冰樂 20220920n5qtj1w,5
巧克力 可可 碎片 星冰樂 20220926r5crbka,5
巧克力 可可 碎片 星冰樂 20220905o4vdxy2,5
巧克力 可可 碎片 星冰樂 20220927s9mrxlx,5
巧克力 可可 碎片 星冰樂 20220915o9hp2na,5
巧克力 可可 碎片 星冰樂 20220910g2tea97,5
巧克力 可可 碎片 星冰樂 20220913fs7xvyr,5
巧克力 可可 碎片 星冰樂 20220914f4ztbat,5
巧克力 可可 碎片 星冰樂 20220901tl73e4c,5
巧克力 可可 碎片 星冰樂 20220914r6jskkr,5
巧克力 可可 碎片 星冰樂 20221117o4vdche,5
巧克力 可可 碎片 星冰樂 20220910e0jngaj,5
巧克力 可可 碎片 星冰樂 20220904b3dm9v0,5
巧克力 可可 碎片 星冰樂 20220904b5dsahj,5
巧克力 可可 碎片 星冰樂 20220912n8xv1km,5
巧克力 可可 碎片 星冰樂 20220925u3mwear,5
巧克力 可可 碎片 星冰樂 20220925i9lnkp3,5
巧克力 可可 碎片 星冰樂 20220902i8reo7p,5
巧克力 可可 碎片 星冰樂 20220901x2bd6u7,5
巧克力 可可 碎片 星冰樂 20220905m6qmzw5,5
巧克力 可可 碎片 星冰樂 20220911e9hu11y,5
巧克力 可可 碎片 星冰樂 20220919e7tep3g,5
巧克力 可可 碎片 星冰樂 20220904u8bcpif,5
巧克力 可可 碎片 星冰樂 20220917m4jrri3,5
巧克力 可可 碎片 星冰樂 20220918h7bjnxc,5
巧克力 可可 碎片 星冰樂 20220921b9uhul3,5
巧克力 可可 碎片 星冰樂 20220925b3dmj3d,5
巧克力 可可 碎片 星冰樂 20220910q4htvss,5
巧克力 可可 碎片 星冰樂 20220911rxmx8u8,5
巧克力 可可 碎片 星冰樂 20220915b5dsxy1,5
巧克力 可可 碎片 星冰樂 20221128e0qc4rg,5
巧克力 可可 碎片 星冰樂 20220903h0yp4g3,5
巧克力 可可 碎片 星冰樂 20220916rxmxxrq,5
巧克力 可可 碎片 星冰樂 20221105b2ids9p,5
巧克力 可可 碎片 星冰樂 20220911f7uae7u,5
巧克力 可可 碎片 星冰樂 20220921c4fqncj,5
巧克力 可可 碎片 星冰樂 20220921f9hlrar,5
巧克力 可可 碎片 星冰樂 20220926m4ua5pi,5
巧克力 可可 碎片 星冰樂 20221111y1ijsdb,5
巧克力 可可 碎片 星冰樂 20221002v9qxkws,5
巧克力 可可 碎片 星冰樂 20220910f4vsret,5
巧克力 可可 碎片 星冰樂 20220917m6wstmf,5
巧克力 可可 碎片 星冰樂 20221122n1f8c5y,5
巧克力 可可 碎片 星冰樂 20220902n4no3tk,5
巧克力 可可 碎片 星冰樂 20220904e2bcsam,5
巧克力 可可 碎片 星冰樂 20220905k2jmn5q,5
巧克力 可可 碎片 星冰樂 20220911e1vnzz5,5
巧克力 可可 碎片 星冰樂 20220919r5crctx,5
巧克力 可可 碎片 星冰樂 20220908c6wlkmx,5
巧克力 可可 碎片 星冰樂 20220921e1vnk0i,5
巧克力 可可 碎片 星冰樂 20220918md1lop0,5
巧克力 可可 碎片 星冰樂 20221126h7bj4zx,5
巧克力 可可 碎片 星冰樂 20221112bibcox6,5
巧克力 可可 碎片 星冰樂 20220908g1ukdz8,5
巧克力 可可 碎片 星冰樂 20220911j5ggu5h,5
巧克力 可可 碎片 星冰樂 20220913b5oqavv,5
巧克力 可可 碎片 星冰樂 20220916k0efvv5,5
巧克力 可可 碎片 星冰樂 20220922o9hh3ic,5
巧克力 可可 碎片 星冰樂 20220924vgx00ne,5
巧克力 可可 碎片 星冰樂 20220928i7oagy3,5
巧克力 可可 碎片 星冰樂 20220919j8aszjp,5
巧克力 可可 碎片 星冰樂 20220911b4bb31c,5
巧克力 可可 碎片 星冰樂 20220911c6rtxee,5
巧克力 可可 碎片 星冰樂 20220917b7kh0tp,5
巧克力 可可 碎片 星冰樂 20220915u6yy1a1,5
巧克力 可可 碎片 星冰樂 20220917hpbzlbd,5
巧克力 可可 碎片 星冰樂 20220920x6vaxgj,5
巧克力 可可 碎片 星冰樂 20220903a7ge7xw,5
巧克力 可可 碎片 星冰樂 20221104t3ak5v2,5
巧克力 可可 碎片 星冰樂 20220916f5azvwt,5
巧克力 可可 碎片 星冰樂 20220920e7gnn32,5
巧克力 可可 碎片 星冰樂 20221119heuednv,5
巧克力 可可 碎片 星冰樂 20220909k2jmoa6,5
巧克力 可可 碎片 星冰樂 20220916q6heeit,5
巧克力 可可 碎片 星冰樂 20220916rxmxq8o,5
巧克力 可可 碎片 星冰樂 20220919f9hlwbc,5
巧克力 可可 碎片 星冰樂 20220925e4jp9al,5
巧克力 可可 碎片 星冰樂 20220914f7doygh,5
巧克力 可可 碎片 星冰樂 20220926vfkd5yt,5
巧克力 可可 碎片 星冰樂 20220929e0qcuzd,5
巧克力 可可 碎片 星冰樂 20220908f9hlnk6,5
巧克力 可可 碎片 星冰樂 20220913edcnpt1,5
巧克力 可可 碎片 星冰樂 20220902b7fpph9,5
巧克力 可可 碎片 星冰樂 20221103m2uurf0,5
巧克力 可可 碎片 星冰樂 20221120q2jijwe,5
巧克力 可可 碎片 星冰樂 20220901p4hvun1,5
巧克力 可可 碎片 星冰樂 20220907b3dmh9i,5
巧克力 可可 碎片 星冰樂 20220924s0bqsl1,5
巧克力 可可 碎片 星冰樂 20220918gptqiiw,5
巧克力 可可 碎片 星冰樂 20220904b1wiblo,5
巧克力 可可 碎片 星冰樂 20220925e9hudwo,5
巧克力 可可 碎片 星冰樂 20220901b3dmxqc,5
巧克力 可可 碎片 星冰樂 20220926b5ffx86,5
巧克力 可可 碎片 星冰樂 20220902c9eiggd,5
巧克力 可可 碎片 星冰樂 20221001h5woz39,5
巧克力 可可 碎片 星冰樂 20221005q4ytmkv,5
巧克力 可可 碎片 星冰樂 20221006jqf0dvp,5
巧克力 可可 碎片 星冰樂 20220905b5dsqqb,5
巧克力 可可 碎片 星冰樂 20220915l7ti2x2,5
巧克力 可可 碎片 星冰樂 20220926o4vd5e6,5
巧克力 可可 碎片 星冰樂 20221007b6swbg0,5
巧克力 可可 碎片 星冰樂 20221008f7uaphk,5
巧克力 可可 碎片 星冰樂 20220901t5ybqx1,5
巧克力 可可 碎片 星冰樂 20220901e4cwmqj,5
巧克力 可可 碎片 星冰樂 20221114t3akaf5,5
巧克力 可可 碎片 星冰樂 20220927g7zeton,5
巧克力 可可 碎片 星冰樂 20220923i0tr0a2,5
巧克力 可可 碎片 星冰樂 20221110q7xvi80,5
巧克力 可可 碎片 星冰樂 20220907dn0bij0,5
巧克力 可可 碎片 星冰樂 20220924o1ioz3m,5
巧克力 可可 碎片 星冰樂 20221117n1f8ykv,5
巧克力 可可 碎片 星冰樂 20220928u8bcvod,5
巧克力 可可 碎片 星冰樂 20220928v4rn2om,5
巧克力 可可 碎片 星冰樂 20221106e0jnwjq,5
巧克力 可可 碎片 星冰樂 20221001e5it65x,5
巧克力 可可 碎片 星冰樂 20221003f1ifok6,5
巧克力 可可 碎片 星冰樂 20221021o9hhaj5,5
巧克力 可可 碎片 星冰樂 20221008r6jse34,5
巧克力 可可 碎片 星冰樂 20220917bwoaur2,5
巧克力 可可 碎片 星冰樂 20221022g1mkdkr,5
巧克力 可可 碎片 星冰樂 20220902c6wlcdm,5
巧克力 可可 碎片 星冰樂 20220902j6ixcy1,5
巧克力 可可 碎片 星冰樂 20221001r5cr7q0,5
巧克力 可可 碎片 星冰樂 20221022i9ln3mi,5
巧克力 可可 碎片 星冰樂 20221119i9lniab,5
巧克力 可可 碎片 星冰樂 20221015f2myotg,5
巧克力 可可 碎片 星冰樂 20221022lgmuit9,5
巧克力 可可 碎片 星冰樂 20221023gsal38v,5
巧克力 可可 碎片 星冰樂 20221025o4vdnrj,5
巧克力 可可 碎片 星冰樂 20221027c1aqfww,5
巧克力 可可 碎片 星冰樂 20221028f1dg4go,5
巧克力 可可 碎片 星冰樂 20221028s3drpf2,5
巧克力 可可 碎片 星冰樂 20221029mbv86jm,5
巧克力 可可 碎片 星冰樂 20221008t0wcezx,5
巧克力 可可 碎片 星冰樂 20221015m4uamle,5
巧克力 可可 碎片 星冰樂 20221008p4hv9il,5
巧克力 可可 碎片 星冰樂 20221008r7elu2w,5
巧克力 可可 碎片 星冰樂 20221010gptqdyy,5
巧克力 可可 碎片 星冰樂 20221103v4jalf0,5
巧克力 可可 碎片 星冰樂 20220923swhmfqo,5
巧克力 可可 碎片 星冰樂 20220924x2bd5el,5
巧克力 可可 碎片 星冰樂 20221008f2anu3d,5
巧克力 可可 碎片 星冰樂 20221110u6gccxx,5
巧克力 可可 碎片 星冰樂 20221113zdkvan0,5
巧克力 可可 碎片 星冰樂 20221105h3bx98o,5
巧克力 可可 碎片 星冰樂 20221117h0yprif,5
巧克力 可可 碎片 星冰樂 20220926v7tfnmt,5
巧克力 可可 碎片 星冰樂 20220912r1du3kj,5
巧克力 可可 碎片 星冰樂 20220914q2jg6zi,5
巧克力 可可 碎片 星冰樂 20220914swhmh7h,5
巧克力 可可 碎片 星冰樂 20221117r5cr9dc,5
巧克力 可可 碎片 星冰樂 20221104p6ff1u4,5
巧克力 可可 碎片 星冰樂 20221107e5itys8,5
巧克力 可可 碎片 星冰樂 20221003q4htuo6,5
巧克力 可可 碎片 星冰樂 20221004g8vbiaj,5
巧克力 可可 碎片 星冰樂 20221115l7tinyi,5
巧克力 可可 碎片 星冰樂 20220915g1mkway,5
巧克力 可可 碎片 星冰樂 20221122e3nyjip,5
巧克力 可可 碎片 星冰樂 20221121n8fiuc9,5
巧克力 可可 碎片 星冰樂 20221101r0nc9og,5
巧克力 可可 碎片 星冰樂 20220905f1sqn2j,5
巧克力 可可 碎片 星冰樂 20220907m8tgzmd,5
巧克力 可可 碎片 星冰樂 20221007j6ixbcu,5
巧克力 可可 碎片 星冰樂 20221010edcn0yr,5
巧克力 可可 碎片 星冰樂 20221106y1al1sg,5
巧克力 可可 碎片 星冰樂 20221003b5dsfnl,5
巧克力 可可 碎片 星冰樂 20221007b7kh0ux,5
巧克力 可可 碎片 星冰樂 20221023v6rxj26,5
巧克力 可可 碎片 星冰樂 20221025l6vimnk,5
巧克力 可可 碎片 星冰樂 20221128f1sq8js,5
巧克力 可可 碎片 星冰樂 20221112f7uaz29,5
巧克力 可可 碎片 星冰樂 20221114x3deed5,5
巧克力 可可 碎片 星冰樂 20221013b5ds0mr,5
巧克力 可可 碎片 星冰樂 20221120p93jl7o,5
巧克力 可可 碎片 星冰樂 20221106l9trx8v,5
巧克力 可可 碎片 星冰樂 20221110gptq0hw,5
巧克力 可可 碎片 星冰樂 20221007m4uair0,5
巧克力 可可 碎片 星冰樂 20221008f6cxeqb,5
濃 可可 捲 巧克力,565
巧克力 可可 碎片 星冰樂 20221112r2nslx1,5
巧克力 可可 碎片 星冰樂 20221113y1byfea,5
巧克力 可可 碎片 星冰樂 20220922nwmrn9z,5
巧克力 可可 碎片 星冰樂 20221011vfkdvzv,5
巧克力 可可 碎片 星冰樂 20221025f1sq558,5
巧克力 可可 碎片 星冰樂 20220912i1ks7wk,5
巧克力 可可 碎片 星冰樂 20220918k0we9cy,5
巧克力 可可 碎片 星冰樂 20221104e0qczse,5
巧克力 可可 碎片 星冰樂 20221104i0trdoo,5
巧克力 可可 碎片 星冰樂 20221115vfkd9h1,5
巧克力 可可 碎片 星冰樂 20221120fvrpw4t,5
巧克力 可可 碎片 星冰樂 20221108b9zs4xs,5
巧克力 可可 碎片 星冰樂 20221117t5yb9uf,5
巧克力 可可 碎片 星冰樂 20221109e9huzcl,5
巧克力 可可 碎片 星冰樂 20221128y1byh5d,5
巧克力 可可 碎片 星冰樂 20221115gsal5kp,5
巧克力 可可 碎片 星冰樂 20221101y3ufh41,5
巧克力 可可 碎片 星冰樂 20221107c5wagy4,5
巧克力 可可 碎片 星冰樂 20221109h7bjwpk,5
巧克力 可可 碎片 星冰樂 20221115g2te33l,5
巧克力 可可 碎片 星冰樂 20221106x8ps6cj,5
巧克力 可可 碎片 星冰樂 20221125r5crmor,5
巧克力 可可 碎片 星冰樂 20221110u6hh2r8,5
巧克力 可可 碎片 星冰樂 20221116i1ksm9t,5
巧克力 可可 碎片 星冰樂 20221110l157rpp,5
巧克力 可可 碎片 星冰樂 20220910j6ix1mw,5
巧克力 可可 碎片 星冰樂 20220910s4pscw4,5
巧克力 可可 碎片 星冰樂 20221116f5azb6e,5
巧克力 可可 碎片 星冰樂 20221104f7uau9b,5
巧克力 可可 碎片 星冰樂 20221104f1dgh8l,5
巧克力 可可 碎片 星冰樂 20221113e6vf0q3,5
巧克力 可可 碎片 星冰樂 20221104v0wkvpy,5
可可 醇 黑 巧克力,15
巧克力 可可 碎片 星冰樂 20221129f0avpa9,5
巧克力 可可 碎片 星冰樂 20221130f5azuau,5
巧克力 可可 碎片 星冰樂 20221127f5azmtz,5
巧克力 可可 碎片 星冰樂 20221109n3rt76j,5
巧克力 可可 碎片 星冰樂 20221128v7tfcr8,5
巧克力 可可 碎片 星冰樂 20221105c5f9ygj,5
巧克力 可可 碎片 星冰樂 20221101u8bcygs,5
巧克力 可可 碎片 星冰樂 20221115m2uukcq,5
巧克力 可可 碎片 星冰樂 20221121r5crg4z,5
巧克力 可可 碎片 星冰樂 20220911p9lunz1,5
巧克力 可可 碎片 星冰樂 20221110x2bdmzh,5
巧克力 可可 碎片 星冰樂 20221102q4ytn4z,5
巧克力 可可 碎片 星冰樂 20221111c1aqxye,5
巧克力 可可 碎片 星冰樂 20221121koounp6,5
巧克力 可可 碎片 星冰樂 20221102b5oq0jb,5
巧克力 可可 碎片 星冰樂 20221103mbv81ks,5
巧克力 可可 碎片 星冰樂 20221101wfpvri1,5
巧克力 可可 碎片 星冰樂 20220908bwoankv,5
巧克力 可可 碎片 星冰樂 20221109t9miw0g,5
巧克力 可可 碎片 星冰樂 20221111j6pht47,5
巧克力 可可 碎片 星冰樂 20221119r2nsd5w,5
巧克力 可可 碎片 星冰樂 20221116l157vnr,5
巧克力 可可 碎片 星冰樂 20221114q2jg3gs,5
巧克力 可可 碎片 星冰樂 20220908c5wac0r,5
巧克力 可可 碎片 星冰樂 20221125p3riecb,5
巧克力 可可 碎片 星冰樂 20221103j5gg9c7,5
巧克力 可可 碎片 星冰樂 20220920b1sk959,5
巧克力 可可 碎片 星冰樂 20221112b8kidfd,5
巧克力 可可 碎片 星冰樂 20221111hm135hc,5
巧克力 可可 碎片 星冰樂 20220901n1f8dtu,5
巧克力 可可 碎片 星冰樂 20221125l157qy9,5
巧克力 可可 碎片 星冰樂 20220901x6vaz1v,5
巧克力 可可 碎片 星冰樂 20221107c5wacyu,5
巧克力 可可 碎片 星冰樂 20221119e0qczh8,5
巧克力 可可 碎片 星冰樂 20221122g1uketw,5
巧克力 可可 碎片 星冰樂 20220908f5wjmx2,5
巧克力 可可 碎片 星冰樂 20221104k0weanu,5
巧克力 可可 碎片 星冰樂 20220916l3qx300,5
巧克力 可可 碎片 星冰樂 20220916c6wlc5k,5
巧克力 可可 碎片 星冰樂 20220916u7fqugx,5
巧克力 可可 碎片 星冰樂 20221105e0jn3h5,5
巧克力 可可 碎片 星冰樂 20221121r5birem,5
巧克力 可可 碎片 星冰樂 20221125f7qtetz,5
巧克力 可可 碎片 星冰樂 20221110b5oqwjj,5
巧克力 可可 碎片 星冰樂 20221106u6hhcn6,5
巧克力 可可 碎片 星冰樂 20221117v6joae3,5
巧克力 可可 碎片 星冰樂 20221030j3rnvl8,5
巧克力 可可 碎片 星冰樂 20221109hpbzrym,5
巧克力 可可 碎片 星冰樂 20220902j3rnrus,5
巧克力 可可 碎片 星冰樂 20220904y3ufa9n,5
巧克力 可可 碎片 星冰樂 20221115y3ufi5k,5
巧克力 可可 碎片 星冰樂 20220925p3riibi,5
巧克力 可可 碎片 星冰樂 20221104b8ki1p5,5
巧克力 可可 碎片 星冰樂 20221111n8fifg3,5
巧克力 可可 碎片 星冰樂 20220907jz2ir6m,5
巧克力 可可 碎片 星冰樂 20221021b9gv89k,5
巧克力 可可 碎片 星冰樂 20221004c1aq5ke,5
巧克力 可可 碎片 星冰樂 20221112u0hhc3i,5
巧克力 可可 碎片 星冰樂 20221118b5ffpwt,5
巧克力 可可 碎片 星冰樂 20221102s5xzfuz,5
巧克力 可可 碎片 星冰樂 20221115x5tf7f4,5
巧克力 可可 碎片 星冰樂 20221117f7mer1w,5
巧克力 可可 碎片 星冰樂 20221103vfkdpv6,5
巧克力 可可 碎片 星冰樂 20221112k6mr98o,5
巧克力 可可 碎片 星冰樂 20220917bibcs0g,5
巧克力 可可 碎片 星冰樂 20221106u6sykba,5
巧克力 可可 碎片 星冰樂 20221120b1wit4n,5
巧克力 可可 碎片 星冰樂 20221111e3nyztb,5
巧克力 可可 碎片 星冰樂 20221105q6he2an,5
巧克力 可可 碎片 星冰樂 20221112o9hpm72,5
巧克力 可可 碎片 星冰樂 20221122e0jn45n,5
巧克力 可可 碎片 星冰樂 20221101k6mrhwe,5
巧克力 可可 碎片 星冰樂 20221113c9eid0e,5
巧克力 可可 碎片 星冰樂 20220928u6gchoi,5
巧克力 可可 碎片 星冰樂 20221126e5bdde9,5
巧克力 可可 碎片 星冰樂 20220911bwoapg1,5
巧克力 可可 碎片 星冰樂 20221102x2em4wu,5
巧克力 可可 碎片 星冰樂 20221106v6rx5aw,5
巧克力 可可 碎片 星冰樂 20221026h0ypbne,5
巧克力 可可 碎片 星冰樂 20221001bibcs3t,5
巧克力 可可 碎片 星冰樂 20221007b1dognb,5
巧克力 可可 碎片 星冰樂 20221022x5tf2m0,5
巧克力 可可 碎片 星冰樂 20220906b5ffx2y,5
巧克力 可可 碎片 星冰樂 20220915n6alou8,5
巧克力 可可 碎片 星冰樂 20220919l1mznnf,5
巧克力 可可 碎片 星冰樂 20221102k2jm2lc,5
巧克力 可可 碎片 星冰樂 20221030r2nsv8q,5
巧克力 可可 碎片 星冰樂 20221103x5tftny,5
巧克力 可可 碎片 星冰樂 20221110l1mz0ui,5
巧克力 可可 碎片 星冰樂 20221120c6rt57o,5
巧克力 可可 碎片 星冰樂 20221124swhmuxo,5
巧克力 可可 碎片 星冰樂 20221118l9trv5n,5
巧克力 可可 碎片 星冰樂 20221129r7qpq3m,5
巧克力 可可 碎片 星冰樂 20221029b5oqaor,5
巧克力 可可 碎片 星冰樂 20221005q4pyujb,5
巧克力 可可 碎片 星冰樂 20221110e7te3lp,5
巧克力 可可 碎片 星冰樂 20221122f7me3mo,5
巧克力 可可 碎片 星冰樂 20221119h3bx88j,5
巧克力 可可 碎片 星冰樂 20221127o4vdn9j,5
巧克力 可可 碎片 星冰樂 20221125x8pss0b,5
巧克力 可可 碎片 星冰樂 20221107e1vnb1z,5
巧克力 可可 碎片 星冰樂 20221120g6mrj2d,5
巧克力 可可 碎片 星冰樂 20221122u6hhpvo,5
巧克力 可可 碎片 星冰樂 20221111h5fk8ys,5
巧克力 可可 碎片 星冰樂 20221108m1zuyf7,5
巧克力 可可 碎片 星冰樂 20221121e5itj98,5
巧克力 可可 碎片 星冰樂 20221108c5wa3r6,5
巧克力 可可 碎片 星冰樂 20221012b4ufcqv,5
巧克力 可可 碎片 星冰樂 20221024f9ygxv9,5
巧克力 可可 碎片 星冰樂 20221015f7mepf0,5
巧克力 可可 碎片 星冰樂 20221017p9lu4w9,5
巧克力 可可 碎片 星冰樂 20221025e0qcxj0,5
巧克力 可可 碎片 星冰樂 20221106n1f8o1p,5
巧克力 可可 碎片 星冰樂 20221119n9of38x,5
巧克力 可可 碎片 星冰樂 20221114e1vnklp,5
巧克力 可可 碎片 星冰樂 20221027f5azeho,5
巧克力 可可 碎片 星冰樂 20221031s5wubn2,5
巧克力 可可 碎片 星冰樂 20221002g1uklgh,5
巧克力 可可 碎片 星冰樂 20221124r3gp3w9,5
巧克力 可可 碎片 星冰樂 20221116k9xwal3,5
巧克力 可可 碎片 星冰樂 20221109x2bdikh,5
巧克力 可可 碎片 星冰樂 20221108p1tb0iq,5
巧克力 可可 碎片 星冰樂 20221104fvrp1yx,5
巧克力 可可 碎片 星冰樂 20221104x6fjp9u,5
巧克力 可可 碎片 星冰樂 20221111b5ds2v7,5
巧克力 可可 碎片 星冰樂 20221111k9xwe0a,5
巧克力 可可 碎片 星冰樂 20221027h0yph4m,5
巧克力 可可 碎片 星冰樂 20221126b1fjxi0,5
巧克力 可可 碎片 星冰樂 20221010mbv8r92,5
巧克力 可可 碎片 星冰樂 20221102e6lmy67,5
巧克力 可可 碎片 星冰樂 20221017n3rt38s,5
巧克力 可可 碎片 星冰樂 20221021n3rtzhn,5
巧克力 可可 碎片 星冰樂 20221029edcnra7,5
巧克力 可可 碎片 星冰樂 20221029i0trmuu,5
巧克力 可可 碎片 星冰樂 20221118f2snb6a,5
巧克力 可可 碎片 星冰樂 20221013e5wqokn,5
巧克力 可可 碎片 星冰樂 20221016f5aze2w,5
巧克力 可可 碎片 星冰樂 20221018b7mg0wm,5
巧克力 可可 碎片 星冰樂 20221021bibcej3,5
巧克力 可可 碎片 星冰樂 20221101l9trgk1,5
巧克力 可可 碎片 星冰樂 20221007c4hjyoe,5
巧克力 可可 碎片 星冰樂 20221122j63fwz2,5
巧克力 可可 碎片 星冰樂 20221008f1sqgda,5
巧克力 可可 碎片 星冰樂 20221009u6gc570,5
巧克力 可可 碎片 星冰樂 20221013e0jnmjd,5
巧克力 可可 碎片 星冰樂 20221017s7urqv3,5
巧克力 可可 碎片 星冰樂 20221016pg97fu5,5
巧克力 可可 碎片 星冰樂 20221123u6gcplk,5
巧克力 可可 碎片 星冰樂 20221004a4gu5v8,5
巧克力 可可 碎片 星冰樂 20221013psfrxir,5
巧克力 可可 碎片 星冰樂 20221023j3rnud4,5
巧克力 可可 碎片 星冰樂 20221023nj1n90d,5
巧克力 可可 碎片 星冰樂 20221012h9riilk,5
巧克力 可可 碎片 星冰樂 20221012t2dmau4,5
巧克力 可可 碎片 星冰樂 20221013jz2i536,5
巧克力 可可 碎片 星冰樂 20221016g1ukbul,5
巧克力 可可 碎片 星冰樂 20221028v9qx379,5
巧克力 可可 碎片 星冰樂 20221026f6cx3oa,5
巧克力 可可 碎片 星冰樂 20221005b9zsg9u,5
巧克力 可可 碎片 星冰樂 20221119f4vs6o9,5
巧克力 可可 碎片 星冰樂 20220908n5qtajg,5
巧克力 可可 碎片 星冰樂 20220916swhmwik,5
巧克力 可可 碎片 星冰樂 20221027e8meu68,5
巧克力 可可 碎片 星冰樂 20221024i3yy5cl,5
巧克力 可可 碎片 星冰樂 20221026i2eop2r,5
巧克力 可可 碎片 星冰樂 20221015pg9736h,5
巧克力 可可 碎片 星冰樂 20221005n1f895v,5
巧克力 可可 碎片 星冰樂 20221001b9uhymo,5
巧克力 可可 碎片 星冰樂 20221001n6algfe,5
巧克力 可可 碎片 星冰樂 20221110c2wytw3,5
巧克力 可可 碎片 星冰樂 20221111j3rn8gn,5
巧克力 可可 碎片 星冰樂 20221005f9ygw6t,5
巧克力 可可 碎片 星冰樂 20221029s7urngg,5
巧克力 可可 碎片 星冰樂 20221030f7ua2tx,5
巧克力 可可 碎片 星冰樂 20221030x2em3v3,5
巧克力 可可 碎片 星冰樂 20221008e9asem9,5
巧克力 可可 碎片 星冰樂 20221126s3tso11,5
巧克力 可可 碎片 星冰樂 20221129b3dmk01,5
巧克力 可可 碎片 星冰樂 20221109q3lg7j0,5
巧克力 可可 碎片 星冰樂 20221104f9hl10y,5
巧克力 可可 碎片 星冰樂 20221129v4ja034,5
巧克力 可可 碎片 星冰樂 20221115f8vaq25,5
巧克力 可可 碎片 星冰樂 20221120a9mehf4,5
巧克力 可可 碎片 星冰樂 20221102m2uuksb,5
巧克力 可可 碎片 星冰樂 20220908e2la4a5,5
巧克力 可可 碎片 星冰樂 20221105x8psryw,5
巧克力 可可 碎片 星冰樂 20221120x2bd7md,5
巧克力 可可 碎片 星冰樂 20221108e9hu8es,5
巧克力 可可 碎片 星冰樂 20221008f2anoqe,5
巧克力 可可 碎片 星冰樂 20221117e0qcarf,5
巧克力 可可 碎片 星冰樂 20221023vfkdt0d,5
巧克力 可可 碎片 星冰樂 20221118e0jnfqd,5
巧克力 可可 碎片 星冰樂 20221028i9ln9o6,5
巧克力 可可 碎片 星冰樂 20221016bwoapku,5
巧克力 可可 碎片 星冰樂 20221028g8vbl1w,5
巧克力 可可 碎片 星冰樂 20230413t5yblcf,5
巧克力 可可 碎片 星冰樂 20221002f5wjvss,5
巧克力 可可 碎片 星冰樂 20221003s7urlth,5
巧克力 可可 碎片 星冰樂 20230413b9zs53s,5
巧克力 可可 碎片 星冰樂 20230413x6fjv1p,5
巧克力 可可 碎片 星冰樂 20220806b5ff37v,5
巧克力 可可 碎片 星冰樂 20221123o4vy6zf,5
巧克力 可可 碎片 星冰樂 20230413n3rt3jn,5
巧克力 可可 碎片 星冰樂 20221010x1gi2h7,5
巧克力 可可 碎片 星冰樂 20221024x8tcnj1,5
巧克力 可可 碎片 星冰樂 20221028psfret8,5
巧克力 可可 碎片 星冰樂 20220802j0kzrhb,5
巧克力 可可 碎片 星冰樂 20230413h7bj598,5
巧克力 可可 碎片 星冰樂 20230413c6rteuz,5
巧克力 可可 碎片 星冰樂 20220809g1ukmpb,5
巧克力 可可 碎片 星冰樂 20220828x6fjuld,5
巧克力 可可 碎片 星冰樂 20220831o1iojiu,5
巧克力 可可 碎片 星冰樂 20221110i9lnmnt,5
星巴克 加購價 89 折大杯 巧克力 可可 碎片 星冰樂,35
巧克力 可可 碎片 星冰樂 20220814x6fjhkk,5
星巴克 特大 杯 巧克力 可可 碎片 星冰樂,5
巧克力 可可 碎片 星冰樂 20221122r5cr3g2,5
巧克力 可可 碎片 星冰樂 20220816e7gnt58,5
巧克力 可可 碎片 星冰樂 20220823u8bcqaq,5
巧克力 可可 碎片 星冰樂 20220825i1ks1tm,5
巧克力 可可 碎片 星冰樂 20220807p4hvu5n,5
巧克力 可可 碎片 星冰樂 20220831f0avb8v,5
巧克力 可可 碎片 星冰樂 20220815l7tiqki,5
巧克力 可可 碎片 星冰樂 20220802f0qb99h,5
巧克力 可可 碎片 星冰樂 20220804e6vfn0l,5
巧克力 可可 碎片 星冰樂 20220809f2anhly,5
巧克力 可可 碎片 星冰樂 20220812k6tc665,5
巧克力 可可 碎片 星冰樂 20220814e0jn21o,5
巧克力 可可 碎片 星冰樂 20220815o9hhvb2,5
巧克力 可可 碎片 星冰樂 20220814r7elb9o,5
巧克力 可可 碎片 星冰樂 20220813b1sksk7,5
巧克力 可可 碎片 星冰樂 20220814l9trfyt,5
巧克力 可可 碎片 星冰樂 20220816v7tfusj,5
巧克力 可可 碎片 星冰樂 20220803i3lak5j,5
巧克力 可可 碎片 星冰樂 20220804k9xw11g,5
巧克力 可可 碎片 星冰樂 20220807y4pp9wy,5
巧克力 可可 碎片 星冰樂 20220810g1mkhxp,5
巧克力 可可 碎片 星冰樂 20220811i8reyzl,5
巧克力 可可 碎片 星冰樂 20220827e0jn6l7,5
巧克力 可可 碎片 星冰樂 20220828r2nsnws,5
巧克力 可可 碎片 星冰樂 20220829q6he57h,5
巧克力 可可 碎片 星冰樂 20220815f7qt3zj,5
巧克力 可可 碎片 星冰樂 20220826b4uf56b,5
巧克力 可可 碎片 星冰樂 20220824u0hh0s4,5
巧克力 可可 碎片 星冰樂 20220804abf051m,5
巧克力 可可 碎片 星冰樂 20220804o9hhh8d,5
巧克力 可可 碎片 星冰樂 20220807q6hecvu,5
巧克力 可可 碎片 星冰樂 20220807x7gxrsj,5
巧克力 可可 碎片 星冰樂 20220809n9ofhy9,5
巧克力 可可 碎片 星冰樂 20220815nwmr5ac,5
巧克力 可可 碎片 星冰樂 20220823u7fqwk3,5
巧克力 可可 碎片 星冰樂 20220831g8vb9ex,5
巧克力 可可 碎片 星冰樂 20220811g6mz7ci,5
巧克力 可可 碎片 星冰樂 20220803i0az45z,5
巧克力 可可 碎片 星冰樂 20220801b5ff3d1,5
巧克力 可可 碎片 星冰樂 20220801x8psdn7,5
巧克力 可可 碎片 星冰樂 20220806f4dlh0q,5
巧克力 可可 碎片 星冰樂 20220816c8wpo3t,5
巧克力 可可 碎片 星冰樂 20220816g7mrl2v,5
巧克力 可可 碎片 星冰樂 20220817n8cu6kf,5
巧克力 可可 碎片 星冰樂 20220813t0sw0ue,5
巧克力 可可 碎片 星冰樂 20220802a4pf6ex,5
巧克力 可可 碎片 星冰樂 20220804e2bcncy,5
巧克力 可可 碎片 星冰樂 20220806k2jmc4j,5
巧克力 可可 碎片 星冰樂 20220814heueiui,5
巧克力 可可 碎片 星冰樂 20220814y1byqjt,5
巧克力 可可 碎片 星冰樂 20220815f6vvrjs,5
巧克力 可可 碎片 星冰樂 20220815v6rxc4k,5
巧克力 可可 碎片 星冰樂 20221002fvrptgc,5
巧克力 可可 碎片 星冰樂 20221004e0qcujp,5
巧克力 可可 碎片 星冰樂 20221009e5itvek,5
巧克力 可可 碎片 星冰樂 20221009m3vpk9s,5
巧克力 可可 碎片 星冰樂 20221012n8filra,5
巧克力 可可 碎片 星冰樂 20221013g8vb5jo,5
巧克力 可可 碎片 星冰樂 20221016x7gxij1,5
巧克力 可可 碎片 星冰樂 20221020h7bjjzp,5
巧克力 可可 碎片 星冰樂 20220824n9of9gc,5
巧克力 可可 碎片 星冰樂 20221019e4p8pkd,5
巧克力 可可 碎片 星冰樂 20220811u6yy6jr,5
巧克力 可可 碎片 星冰樂 20220816swhm75u,5
巧克力 可可 碎片 星冰樂 20220818g8vb7ci,5
巧克力 可可 碎片 星冰樂 20220821y3ufm06,5
巧克力 可可 碎片 星冰樂 20221020f8vavy7,5
巧克力 可可 碎片 星冰樂 20230413l6t4x0o,5
巧克力 可可 碎片 星冰樂 20220812b9zs03o,5
巧克力 可可 碎片 星冰樂 20220812e5bdqx9,5
巧克力 可可 碎片 星冰樂 20220813e1vnlz8,5
巧克力 可可 碎片 星冰樂 20220813n9oful8,5
巧克力 可可 碎片 星冰樂 20220818b5oqsky,5
巧克力 可可 碎片 星冰樂 20220821q4yr3e5,5
巧克力 可可 碎片 星冰樂 20220823vfkdlby,5
巧克力 可可 碎片 星冰樂 20220830bibc5d7,5
巧克力 可可 碎片 星冰樂 20220812vfkds38,5
巧克力 可可 碎片 星冰樂 20220819j0kznk1,5
巧克力 可可 碎片 星冰樂 20220822j63fobj,5
巧克力 可可 碎片 星冰樂 20220827t4ciguk,5
巧克力 可可 碎片 星冰樂 20220806q6he43g,5
巧克力 可可 碎片 星冰樂 20220831p6ffhve,5
巧克力 可可 碎片 星冰樂 20220803e4jpblj,5
巧克力 可可 碎片 星冰樂 20220811r5crfy4,5
巧克力 可可 碎片 星冰樂 20220812y1ijapf,5
巧克力 可可 碎片 星冰樂 20220814u6yykxk,5
巧克力 可可 碎片 星冰樂 20220827e5bd73f,5
巧克力 可可 碎片 星冰樂 20220827x2bd92c,5
巧克力 可可 碎片 星冰樂 20220830b5dsof5,5
巧克力 可可 碎片 星冰樂 20220817n1f8cng,5
巧克力 可可 碎片 星冰樂 20220829md1lwmn,5
巧克力 可可 碎片 星冰樂 20220803c8wp1q1,5
巧克力 可可 碎片 星冰樂 20220806r5bi300,5
巧克力 可可 碎片 星冰樂 20220805v0wkq6u,5
巧克力 可可 碎片 星冰樂 20220806j6ixclg,5
巧克力 可可 碎片 星冰樂 20220820nj1nh8v,5
巧克力 可可 碎片 星冰樂 20220827k6tchyx,5
巧克力 可可 碎片 星冰樂 20220822c4vbozm,5
巧克力 可可 碎片 星冰樂 20220801f7men7m,5
巧克力 可可 碎片 星冰樂 20220815c1aq4z7,5
巧克力 可可 碎片 星冰樂 20220822b8ki2nh,5
巧克力 可可 碎片 星冰樂 20220817m2uuuhd,5
巧克力 可可 碎片 星冰樂 20220811f7ualbz,5
巧克力 可可 碎片 星冰樂 20220823f0av17r,5
巧克力 可可 碎片 星冰樂 20220825o4vdbwt,5
巧克力 可可 碎片 星冰樂 20220825v6jov2q,5
巧克力 可可 碎片 星冰樂 20220826o9hhdta,5
巧克力 可可 碎片 星冰樂 20220804e9astue,5
巧克力 可可 碎片 星冰樂 20220824e4cwrm3,5
巧克力 可可 碎片 星冰樂 20220830a4gu3f5,5
巧克力 可可 碎片 星冰樂 20220811u8bcfpv,5
巧克力 可可 碎片 星冰樂 20220813b5dsluz,5
巧克力 可可 碎片 星冰樂 20220803r5crild,5
巧克力 可可 碎片 星冰樂 20220817i2eoiy3,5
巧克力 可可 碎片 星冰樂 20220825j3rnwyc,5
巧克力 可可 碎片 星冰樂 20220807e9hucbu,5
巧克力 可可 碎片 星冰樂 20220808j0kze4i,5
巧克力 可可 碎片 星冰樂 20220810t0sw0ju,5
巧克力 可可 碎片 星冰樂 20220811q6heyc8,5
巧克力 可可 碎片 星冰樂 20220818u6yymnr,5
巧克力 可可 碎片 星冰樂 20220819c7vrecb,5
巧克力 可可 碎片 星冰樂 20220810h1hibp5,5
巧克力 可可 碎片 星冰樂 20220820v9qxo4w,5
巧克力 可可 碎片 星冰樂 20220804t3akedd,5
巧克力 可可 碎片 星冰樂 20220805b9gvz66,5
巧克力 可可 碎片 星冰樂 20220802r5crpyd,5
巧克力 可可 碎片 星冰樂 20220804k6mr8dy,5
巧克力 可可 碎片 星冰樂 20220805heuedpu,5
巧克力 可可 碎片 星冰樂 20220805md1lbxv,5
巧克力 可可 碎片 星冰樂 20220807b3dm9wt,5
巧克力 可可 碎片 星冰樂 20220808f5azcks,5
巧克力 可可 碎片 星冰樂 20220812q4ytwsf,5
巧克力 可可 碎片 星冰樂 20220819j8asq27,5
巧克力 可可 碎片 星冰樂 20220821u7axrcb,5
巧克力 可可 碎片 星冰樂 20220822b7qqu98,5
巧克力 可可 碎片 星冰樂 20220804i0trdrv,5
巧克力 可可 碎片 星冰樂 20220810a9metv7,5
巧克力 可可 碎片 星冰樂 20220813b6ui34l,5
巧克力 可可 碎片 星冰樂 20220813g2texg8,5
巧克力 可可 碎片 星冰樂 20220812p3ri3ed,5
巧克力 可可 碎片 星冰樂 20220811n4resfd,5
巧克力 可可 碎片 星冰樂 20220816v4jauiq,5
巧克力 可可 碎片 星冰樂 20220817jz2i62v,5
巧克力 可可 碎片 星冰樂 20230413i8pj61l,5
巧克力 可可 碎片 星冰樂 20220816n1f8krm,5
巧克力 可可 碎片 星冰樂 20220823f0avebe,5
巧克力 可可 碎片 星冰樂 20220830e5itfbj,5
巧克力 可可 碎片 星冰樂 20220802k2jm6yj,5
巧克力 可可 碎片 星冰樂 20220812t0swgz5,5
巧克力 可可 碎片 星冰樂 20220804o0bgy5j,5
巧克力 可可 碎片 星冰樂 20220809x8pspp2,5
巧克力 可可 碎片 星冰樂 20220813fvrp06b,5
巧克力 可可 碎片 星冰樂 20220816u7axjxy,5
巧克力 可可 碎片 星冰樂 20220818u0hhlbb,5
巧克力 可可 碎片 星冰樂 20220804b9vy1gl,5
巧克力 可可 碎片 星冰樂 20220805c8wpr9q,5
巧克力 可可 碎片 星冰樂 20220824f2ann22,5
巧克力 可可 碎片 星冰樂 20220814p6fftiy,5
巧克力 可可 碎片 星冰樂 20220810b3dm13j,5
巧克力 可可 碎片 星冰樂 20220830jqf0gu8,5
巧克力 可可 碎片 星冰樂 20220818g6mrkuc,5
巧克力 可可 碎片 星冰樂 20220804j0kz8q2,5
巧克力 可可 碎片 星冰樂 20220805e4jpvwu,5
巧克力 可可 碎片 星冰樂 20220805i0az3au,5
巧克力 可可 碎片 星冰樂 20220806q3ud1d0,5
巧克力 可可 碎片 星冰樂 20220813j6ixpsd,5
巧克力 可可 碎片 星冰樂 20220814g7mr8ir,5
巧克力 可可 碎片 星冰樂 20220816u6syt86,5
巧克力 可可 碎片 星冰樂 20220809c5f9p5r,5
巧克力 可可 碎片 星冰樂 20220821e4cwr9i,5
巧克力 可可 碎片 星冰樂 20220821q7xvbcd,5
巧克力 可可 碎片 星冰樂 20220821u6hhsjw,5
巧克力 可可 碎片 星冰樂 20220828b1skwp0,5
巧克力 可可 碎片 星冰樂 20220808r5oz4vy,5
巧克力 可可 碎片 星冰樂 20220808s7urj8i,5
巧克力 可可 碎片 星冰樂 20220815n3rtr3q,5
巧克力 可可 碎片 星冰樂 20220813e1vnv5o,5
巧克力 可可 碎片 星冰樂 20220804f4dlyfy,5
巧克力 可可 碎片 星冰樂 20220813t5ybv6c,5
巧克力 可可 碎片 星冰樂 20220818l1mz0rz,5
巧克力 可可 碎片 星冰樂 20220809dn0btrb,5
巧克力 可可 碎片 星冰樂 20220819xt7mhyf,5
巧克力 可可 碎片 星冰樂 20220819md1l18b,5
巧克力 可可 碎片 星冰樂 20220813q9wtkut,5
巧克力 可可 碎片 星冰樂 20220829s8cllhk,5
巧克力 可可 碎片 星冰樂 20220812b7ueg2w,5
巧克力 可可 碎片 星冰樂 20220806l3qx8jt,5
巧克力 可可 碎片 星冰樂 20220802u4ep06w,5
巧克力 可可 碎片 星冰樂 20220826md1lvjh,5
巧克力 可可 碎片 星冰樂 20220825n9offn6,5
巧克力 可可 碎片 星冰樂 20220821e0jnlx5,5
巧克力 可可 碎片 星冰樂 20220825n8fikel,5
巧克力 可可 碎片 星冰樂 20220814f0lab39,5
巧克力 可可 碎片 星冰樂 20220818i3la7uf,5
巧克力 可可 碎片 星冰樂 20220822c9gafch,5
巧克力 可可 碎片 星冰樂 20221014e0qcqhp,5
巧克力 可可 碎片 星冰樂 20220806u4ep8qw,5
巧克力 可可 碎片 星冰樂 20220827f4dln2n,5
巧克力 可可 碎片 星冰樂 20220810b2fge0o,5
巧克力 可可 碎片 星冰樂 20220812o9hpj6q,5
巧克力 可可 碎片 星冰樂 20220819n4qpywg,5
巧克力 可可 碎片 星冰樂 20220828u6gcjfi,5
巧克力 可可 碎片 星冰樂 20220830p3ri5er,5
巧克力 可可 碎片 星冰樂 20220804m6qmx0y,5
巧克力 可可 碎片 星冰樂 20220807e9hu1cf,5
巧克力 可可 碎片 星冰樂 20220807y4nop5b,5
巧克力 可可 碎片 星冰樂 20220809e2yti0p,5
巧克力 可可 碎片 星冰樂 20220809h0ypgig,5
巧克力 可可 碎片 星冰樂 20220809y3ufk79,5
巧克力 可可 碎片 星冰樂 20220819c9gagpd,5
巧克力 可可 碎片 星冰樂 20220819n4no7q3,5
巧克力 可可 碎片 星冰樂 20220821r2nsgn6,5
巧克力 可可 碎片 星冰樂 20221001f7uacj3,5
巧克力 可可 碎片 星冰樂 20221009y3uf0vy,5
巧克力 可可 碎片 星冰樂 20221011hpbzp14,5
巧克力 可可 碎片 星冰樂 20221022n1f80us,5
巧克力 可可 碎片 星冰樂 20221023e9hu3xi,5
巧克力 可可 碎片 星冰樂 20221001v9qx40y,5
巧克力 可可 碎片 星冰樂 20221026fvrpcvk,5
巧克力 可可 碎片 星冰樂 20221029y3ufn3e,5
巧克力 可可 碎片 星冰樂 20221030g2te25z,5
巧克力 可可 碎片 星冰樂 20220817i3la262,5
巧克力 可可 碎片 星冰樂 20221026edcnpnv,5
巧克力 可可 碎片 星冰樂 20220817l9tr6w8,5
巧克力 可可 碎片 星冰樂 20220826f5azuck,5
巧克力 可可 碎片 星冰樂 20221001y3uf1ke,5
巧克力 可可 碎片 星冰樂 20220804e2bc5rq,5
巧克力 可可 碎片 星冰樂 20220804u7fq0en,5
巧克力 可可 碎片 星冰樂 20220820md1liu4,5
巧克力 可可 碎片 星冰樂 20220827k67oczc,5
巧克力 可可 碎片 星冰樂 20220804t0swfgc,5
巧克力 可可 碎片 星冰樂 20220804h1hiyj3,5
巧克力 可可 碎片 星冰樂 20220804t3akw5m,5
巧克力 可可 碎片 星冰樂 20220811b4ufe76,5
巧克力 可可 碎片 星冰樂 20220812f3novjf,5
巧克力 可可 碎片 星冰樂 20220816j3esmh8,5
巧克力 可可 碎片 星冰樂 20220826x2bd3iq,5
巧克力 可可 碎片 星冰樂 20220831n3rt9ab,5
巧克力 可可 碎片 星冰樂 20220805dn0btke,5
巧克力 可可 碎片 星冰樂 20220805f6cxd9v,5
巧克力 可可 碎片 星冰樂 20220806f5wj1rt,5
巧克力 可可 碎片 星冰樂 20220804p4av95q,5
巧克力 可可 碎片 星冰樂 20221005c5f98sv,5
巧克力 可可 碎片 星冰樂 20221007x5aoqgm,5
巧克力 可可 碎片 星冰樂 20221008b1fjo8f,5
巧克力 可可 碎片 星冰樂 20221014p1tbgo8,5
巧克力 可可 碎片 星冰樂 20221024q6henqk,5
巧克力 可可 碎片 星冰樂 20220804c5f9exr,5
巧克力 可可 碎片 星冰樂 20220829md1l0c3,5
巧克力 可可 碎片 星冰樂 20220831b5dsifl,5
巧克力 可可 碎片 星冰樂 20220808j5ggdf8,5
巧克力 可可 碎片 星冰樂 20220811r5cr3hg,5
巧克力 可可 碎片 星冰樂 20220813v6rxrv9,5
巧克力 可可 碎片 星冰樂 20220804b5oqqss,5
巧克力 可可 碎片 星冰樂 20220802f6vvu7v,5
巧克力 可可 碎片 星冰樂 20220804xt7mgtt,5
巧克力 可可 碎片 星冰樂 20220813heueh1t,5
巧克力 可可 碎片 星冰樂 20220810v6rxf0r,5
巧克力 可可 碎片 星冰樂 20220806f9ygkxx,5
巧克力 可可 碎片 星冰樂 20221014c1aq1lq,5
巧克力 可可 碎片 星冰樂 20220802k6mreg3,5
巧克力 可可 碎片 星冰樂 20220814e0qcwj3,5
巧克力 可可 碎片 星冰樂 20220808g8psd3g,5
巧克力 可可 碎片 星冰樂 20220809c6rt6eg,5
巧克力 可可 碎片 星冰樂 20221006g1uk2s5,5
巧克力 可可 碎片 星冰樂 20220811m2uuyga,5
巧克力 可可 碎片 星冰樂 20221007q9wt7yc,5
巧克力 可可 碎片 星冰樂 20220824b3dms0n,5
巧克力 可可 碎片 星冰樂 20221006e0jnppw,5
巧克力 可可 碎片 星冰樂 20220828n4no3ew,5
巧克力 可可 碎片 星冰樂 20221005b9zshsd,5
巧克力 可可 碎片 星冰樂 20221015b1fjnia,5
巧克力 可可 碎片 星冰樂 20221020t3ak3gj,5
巧克力 可可 碎片 星冰樂 20221006f9yg4q3,5
巧克力 可可 碎片 星冰樂 20220826p6fftid,5
巧克力 可可 碎片 星冰樂 20220806l6t47l4,5
巧克力 可可 碎片 星冰樂 20221017a1ga358,5
巧克力 可可 碎片 星冰樂 20221023n4qpsrt,5
巧克力 可可 碎片 星冰樂 20221006f3no1z4,5
巧克力 可可 碎片 星冰樂 20220818g1uks9d,5
巧克力 可可 碎片 星冰樂 20220827e0qcvk6,5
巧克力 可可 碎片 星冰樂 20220826x3aphkr,5
巧克力 可可 碎片 星冰樂 20220823u8bcrfn,5
巧克力 可可 碎片 星冰樂 20220828i0trfeg,5
巧克力 可可 碎片 星冰樂 20220829j3esq9j,5
巧克力 可可 碎片 星冰樂 20220813e0jnp0y,5
巧克力 可可 碎片 星冰樂 20220828g6mreu0,5
巧克力 可可 碎片 星冰樂 20220816c9gaihp,5
巧克力 可可 碎片 星冰樂 20221022y3uf1pq,5
巧克力 可可 碎片 星冰樂 20221021b9zsq6u,5
星巴克 特大 杯 巧克力 可可 碎片 星冰樂,15
巧克力 可可 碎片 星冰樂 20220820b1wi6tl,5
巧克力 可可 碎片 星冰樂 20220806q7yv4jj,5
巧克力 可可 碎片 星冰樂 20220815s7urt03,5
巧克力 可可 碎片 星冰樂 20220809r5crhme,5
巧克力 可可 碎片 星冰樂 20220804f7qtoez,5
巧克力 可可 碎片 星冰樂 20220826b9zsby9,5
巧克力 可可 碎片 星冰樂 20220804h0yp2cv,5
巧克力 可可 碎片 星冰樂 20221023n9of7k6,5
巧克力 可可 碎片 星冰樂 20221009l3qxhky,5
巧克力 可可 碎片 星冰樂 20220807l3qxfkk,5
巧克力 可可 碎片 星冰樂 20220808nj1nhiw,5
巧克力 可可 碎片 星冰樂 20220804b4uf73m,5
巧克力 可可 碎片 星冰樂 20220805xt7muya,5
巧克力 可可 碎片 星冰樂 20220806o4vylk4,5
巧克力 可可 碎片 星冰樂 20220811n8fi915,5
巧克力 可可 碎片 星冰樂 20220825r2nsqcu,5
巧克力 可可 碎片 星冰樂 20221014a1gatuv,5
巧克力 可可 碎片 星冰樂 20221006i3yyyqg,5
巧克力 可可 碎片 星冰樂 20221002y3uf6xe,5
巧克力 可可 碎片 星冰樂 20221016o9hh236,5
巧克力 可可 碎片 星冰樂 20221026v7tf9pi,5
巧克力 可可 碎片 星冰樂 20220818n1nm6md,5
巧克力 可可 碎片 星冰樂 20220822x1fnoor,5
巧克力 可可 碎片 星冰樂 20220806e0qco1n,5
巧克力 可可 碎片 星冰樂 20220821dn0bhor,5
巧克力 可可 碎片 星冰樂 20220805o4vdujv,5
巧克力 可可 碎片 星冰樂 20220811f5wjdzu,5
巧克力 可可 碎片 星冰樂 20221008b6swc5w,5
巧克力 可可 碎片 星冰樂 20221009q2ji512,5
巧克力 可可 碎片 星冰樂 20221010h7bjhe1,5
巧克力 可可 碎片 星冰樂 20221013f6vvchm,5
巧克力 可可 碎片 星冰樂 20221016p4hvv3g,5
巧克力 可可 碎片 星冰樂 20221022p93jycf,5
巧克力 可可 碎片 星冰樂 20221018q7yvhi2,5
巧克力 可可 碎片 星冰樂 20221016n4rer8n,5
巧克力 可可 碎片 星冰樂 20221017f9ygo1r,5
巧克力 可可 碎片 星冰樂 20221002k6tcr5s,5
巧克力 可可 碎片 星冰樂 20220802f6vvg7x,5
巧克力 可可 碎片 星冰樂 20221001f1eyb1r,5
巧克力 可可 碎片 星冰樂 20221007q6he3s8,5
巧克力 可可 碎片 星冰樂 20221016b5oq6vc,5
巧克力 可可 碎片 星冰樂 20221010s3tsea7,5
巧克力 可可 碎片 星冰樂 20221024k1vp88r,5
巧克力 可可 碎片 星冰樂 20221014r0nc5e0,5
巧克力 可可 碎片 星冰樂 20220828m6wszhz,5
巧克力 可可 碎片 星冰樂 20221030tl73s7r,5
巧克力 可可 碎片 星冰樂 20220822q5qxpnd,5
巧克力 可可 碎片 星冰樂 20220824i3la7wq,5
巧克力 可可 碎片 星冰樂 20220804j3eswzc,5
巧克力 可可 碎片 星冰樂 20220805p4av7zl,5
巧克力 可可 碎片 星冰樂 20220807j0kzwoz,5
巧克力 可可 碎片 星冰樂 20220829b5fff1q,5
巧克力 可可 碎片 星冰樂 20220826q1hdir6,5
巧克力 可可 碎片 星冰樂 20220803xt7mjl0,5
巧克力 可可 碎片 星冰樂 20221008h3bxiio,5
巧克力 可可 碎片 星冰樂 20220819v6jozdf,5
巧克力 可可 碎片 星冰樂 20220812b5ffj4v,5
巧克力 可可 碎片 星冰樂 20220826e0qcn7m,5
巧克力 可可 碎片 星冰樂 20220822u6hhgwi,5
巧克力 可可 碎片 星冰樂 20221027b9zswro,5
巧克力 可可 碎片 星冰樂 20221016f3noncf,5
巧克力 可可 碎片 星冰樂 20221001k6mr2yp,5
巧克力 可可 碎片 星冰樂 20221002g2teys3,5
巧克力 可可 碎片 星冰樂 20221012p1tbysj,5
巧克力 可可 碎片 星冰樂 20221015b9gvjxu,5
巧克力 可可 碎片 星冰樂 20221031k2jmbm7,5
巧克力 可可 碎片 星冰樂 20221031m2uudd3,5
巧克力 可可 碎片 星冰樂 20221010j5ggjlo,5
巧克力 可可 碎片 星冰樂 20220810dce1h4k,5
巧克力 可可 碎片 星冰樂 20221005l3qxi91,5
巧克力 可可 碎片 星冰樂 20221008c9gailf,5
巧克力 可可 碎片 星冰樂 20221003l7ddh23,5
巧克力 可可 碎片 星冰樂 20221004y3uf5r6,5
巧克力 可可 碎片 星冰樂 20221009xt7mubn,5
巧克力 可可 碎片 星冰樂 20221013e6vfwvw,5
巧克力 可可 碎片 星冰樂 20221015y4254bs,5
巧克力 可可 碎片 星冰樂 20221013r5crm7i,5
巧克力 可可 碎片 星冰樂 20220813i3yyr0f,5
巧克力 可可 碎片 星冰樂 20220801r6jsjr5,5
巧克力 可可 碎片 星冰樂 20220829k6mrm3s,5
巧克力 可可 碎片 星冰樂 20220812n1f8s35,5
巧克力 可可 碎片 星冰樂 20220807e2yt4w6,5
巧克力 可可 碎片 星冰樂 20220802p4hvylq,5
巧克力 可可 碎片 星冰樂 20220802r7qpqto,5
巧克力 可可 碎片 星冰樂 20220817i8reyzl,5
巧克力 可可 碎片 星冰樂 20220807y4ppovi,5
巧克力 可可 碎片 星冰樂 20220814j5gg2hs,5
巧克力 可可 碎片 星冰樂 20220816shl6n8d,5
巧克力 可可 碎片 星冰樂 20220819s4psw8r,5
巧克力 可可 碎片 星冰樂 20220803u6hhme8,5
巧克力 可可 碎片 星冰樂 20220804nj1nrfm,5
巧克力 可可 碎片 星冰樂 20220804x7gxj2k,5
巧克力 可可 碎片 星冰樂 20220805a7ge742,5
巧克力 可可 碎片 星冰樂 20220804k9xwdft,5
巧克力 可可 碎片 星冰樂 20220812f6cx0u5,5
巧克力 可可 碎片 星冰樂 20221024s6epzbw,5
巧克力 可可 碎片 星冰樂 20221009m4jrf5t,5
巧克力 可可 碎片 星冰樂 20220821x1gihwz,5
巧克力 可可 碎片 星冰樂 20221023a7gebkk,5
巧克力 可可 碎片 星冰樂 20221021q2yjrve,5
巧克力 可可 碎片 星冰樂 20221029heuecmu,5
巧克力 可可 碎片 星冰樂 20221002b9vyeq4,5
巧克力 可可 碎片 星冰樂 20221020k67ohsb,5
巧克力 可可 碎片 星冰樂 20220814x2bd4sc,5
巧克力 可可 碎片 星冰樂 20220817x5tfvqb,5
巧克力 可可 碎片 星冰樂 20220822fs7xjcw,5
巧克力 可可 碎片 星冰樂 20220830nj1ngf9,5
巧克力 可可 碎片 星冰樂 20220809f7uagji,5
巧克力 可可 碎片 星冰樂 20221006n4lxlh0,5
巧克力 可可 碎片 星冰樂 20221015n8cuktk,5
巧克力 可可 碎片 星冰樂 20221002j63fgq3,5
巧克力 可可 碎片 星冰樂 20221030u6sy1om,5
巧克力 可可 碎片 星冰樂 20221001c9gac9x,5
巧克力 可可 碎片 星冰樂 20221016f4ztilc,5
巧克力 可可 碎片 星冰樂 20221023j0kzv0u,5
巧克力 可可 碎片 星冰樂 20221016t5ybj99,5
巧克力 可可 碎片 星冰樂 20221024n3rt4fq,5
巧克力 可可 碎片 星冰樂 20221024x2bdog7,5
巧克力 可可 碎片 星冰樂 20221009y3uf8re,5
巧克力 可可 碎片 星冰樂 20221009b9zsjwv,5
巧克力 可可 碎片 星冰樂 20220811q9wtcti,5
巧克力 可可 碎片 星冰樂 20220815fvrpis1,5
巧克力 可可 碎片 星冰樂 20220821a3ihd82,5
巧克力 可可 碎片 星冰樂 20220820r2ns6pt,5
巧克力 可可 碎片 星冰樂 20220801f9hlyxh,5
巧克力 可可 碎片 星冰樂 20220813b2fvnog,5
巧克力 可可 碎片 星冰樂 20220827i5hu8da,5
巧克力 可可 碎片 星冰樂 20220822a4pfp92,5
巧克力 可可 碎片 星冰樂 20220812q7by7i8,5
巧克力 可可 碎片 星冰樂 20220812o4vdi2d,5
巧克力 可可 碎片 星冰樂 20220813zdkv5ey,5
巧克力 可可 碎片 星冰樂 20221029a3ihzax,5
巧克力 可可 碎片 星冰樂 20221016f2sn7gj,5
巧克力 可可 碎片 星冰樂 20221020gptqhby,5
巧克力 可可 碎片 星冰樂 20221020f7mem5g,5
巧克力 可可 碎片 星冰樂 20221021r6js9q2,5
巧克力 可可 碎片 星冰樂 20221022h3bx6oc,5
巧克力 可可 碎片 星冰樂 20221027q6hejx4,5
巧克力 可可 碎片 星冰樂 20221014s7urtno,5
巧克力 可可 碎片 星冰樂 20221021x2emgee,5
巧克力 可可 碎片 星冰樂 20221001e0jnede,5
巧克力 可可 碎片 星冰樂 20221002a7gergx,5
巧克力 可可 碎片 星冰樂 20221002g1uk24v,5
巧克力 可可 碎片 星冰樂 20221003m6qmq9l,5
巧克力 可可 碎片 星冰樂 20221003s9tgczt,5
巧克力 可可 碎片 星冰樂 20221006r7du96b,5
巧克力 可可 碎片 星冰樂 20221008q2ji2k2,5
巧克力 可可 碎片 星冰樂 20221008u6gclvc,5
巧克力 可可 碎片 星冰樂 20221009tl738v2,5
巧克力 可可 碎片 星冰樂 20221011e0qc6vz,5
巧克力 可可 碎片 星冰樂 20221013u0hhjzs,5
巧克力 可可 碎片 星冰樂 20221015l3qxela,5
巧克力 可可 碎片 星冰樂 20221019g1mkdq0,5
巧克力 可可 碎片 星冰樂 20221013e0qc9i8,5
巧克力 可可 碎片 星冰樂 20221023f5azzse,5
巧克力 可可 碎片 星冰樂 20221016b1sk6h5,5
巧克力 可可 碎片 星冰樂 20221030f9hl3bx,5
巧克力 可可 碎片 星冰樂 20220816gsaluvw,5
巧克力 可可 碎片 星冰樂 20220820t1kcbhl,5
巧克力 可可 碎片 星冰樂 20221009bwoaww2,5
巧克力 可可 碎片 星冰樂 20221009vfkdhpc,5
巧克力 可可 碎片 星冰樂 20221016b7qqf92,5
