item_name,item
樂家 迷你 巧克力 杏仁 糖 隨手 包 37g,15
LottePepero 杏仁 巧克力 棒 32g,585
樂天 杏仁 巧克力,18840
MM 片裝 杏仁 巧克力,1395
0672058971 士力架 杏仁 巧克力,25
明治 ALMOND 杏仁 巧克力,1525
PEPERO 杏仁 巧克力 棒 32g,1895
12 格力 高 巧克力 棒 462g 杏仁,360
甘 百世 巧克力 粉 杏仁 豆 165g 包,400
好時 金磚 杏仁 黑 巧克力,14090
LOTTEAlmond 脆心 杏仁 巧克力 球,285
樂家 巧克力 杏仁,145
好時 金磚 夾餡 巧克力 28g 杏仁 黑巧,135
甘 百世 巧克力 袋裝 70g 巧粉 杏仁 豆,1140
低熱量 alpro 椰奶 黑 巧克力 杏仁 奶 榛果 奶零糖,25
蒙恩 人氣餅 乾 巧克力 杏仁 超高 口碑,105
韓國 LOTTE 樂天 杏仁 巧克力 70g46g,5
杏仁 巧克力 136KG,6280
士力架 杏仁 巧克力 499g,535
LOTTEAlmond 烘焙 杏仁 巧克力 球,260
樂家 巧克力 杏仁 糖 焦糖 海鹽 口味 140g140g 盒,25
meiji 明治 ALMOND 杏仁 巧克力 88gDonki 日,20
義美 QQ 巧克球 巧克力 球 50g 盒 杏仁 葡萄,120
明治 CACAO72 杏仁 黑 巧克力 盒裝,195
家福 杏仁 巧克力 奶酥,785
士力架 巧克力 49g 杏仁,20
歐維氏 杏仁 巧克力,650
領卷 折 50 韓國樂天 杏仁 巧克力 70g928 福利社,10
滋露 巧克力 杏仁 果,835
S 樂天 PEPERO 杏仁 巧克力 棒,5675
Godiva 香烤 杏仁 黑 巧克力 8 條入 90g,195
SOYJOY 大豆 營養 棒 杏仁 巧克力 風味 1 盒 12 入,290
菲利 緹 榛 金 杏仁 巧克力,10
MMs 精選片裝 糖衣 巧克力 45g 杏仁,345
椰棗 杏仁 果黑 巧克力,310
Ruta 露特紅寶石 杏仁 果 碎片 巧克力,15
義美 杏仁 巧克力 球 47g,3410
LOTTEPEPERO 杏仁 巧克力 棒 分享 盒愛買,40
Pocky 百奇 杏仁 粒粒 巧克力 棒 423g,60
無 加糖 巧克力 杏仁 飲,90
覆盆 莓 杏仁 夾心 黑 巧克力 20221104l3qxnz,5
小 雨果 髒 髒 豆 焦糖 杏仁 果 巧克力,5
義美千層 派 系列 杏仁 葡萄 蜂蜜 白巧克力 黑 巧克力,5
大豆 營養 棒 杏仁 巧克力 風味,640
LOTTE 樂天 PEPERO 杏仁 巧克力 棒,110
Pepero 杏仁 巧克力,30
杏仁 巧克力 136KG,310
杏仁 72 黑 巧克力 益原,350
有樂 迷你 黑雷神 榛果 杏仁 巧克力 風味餅,115
HarvestBox 杏仁 巧克力 豆 40g 覆盆 莓 黑,25
義美 杏仁 巧克力 球盒,20
LOTTEPEPERO 杏仁 巧克力 棒 32g777657,5
Pepero 杏仁 巧克力 棒 32g,5
固力果 杏仁 巧克力,15
瑞士 三角 脆 杏仁 巧克力 100G100g 盒,770
士力架 杏仁 巧克力 499,20
士力架 杏仁 巧克力,4375
覆盆 莓 杏仁 夾心 黑 巧克力,30
明治 杏仁 巧克力,2455
ALMONDBREEZE 無 加糖 巧克力 風味 杏仁 飲 946,5
LOTTEPepero 杏仁 巧克力 棒 LINE 卡通人物,110
樂家 迷你 巧克力 杏仁 糖 隨手 包,65
迷你 巧克力 杏仁 糖,20
MMs 精選片裝 杏仁 糖衣 巧克力 45g,525
世界 GOLOTTE 樂天 Pepero 花生 巧克力 棒 杏仁,80
明治 杏仁 巧克力 88g,65
明治 CACAO72 杏仁 黑 巧克力 81g,90
凱薩 巧克力 40g 杏仁 醇 黑,80
日本 杏仁 巧克力 175g,25
義美 杏仁 巧克球 三角 包 牛奶 巧克力 杏仁 果 128g,175
巧克力 杏仁 糖 793G,115
片裝 杏仁 糖衣 巧克力,10255
瑞士 三角 巧克力 鹹 杏仁 口味 100g 愛買,20
義美 盒裝 杏仁 巧克力 球 65g,10
韓國 三光 杏仁 板狀 巧克力 80g,65
大豆 營養 棒 杏仁 巧克力,25
義美 巧克力 球 50g 杏仁,1590
好時 金磚 杏仁 夾餡 黑 巧克力 28g 個,90
明治 CACAO72 杏仁 黑 巧克力 81G 愛買,35
生 巧克力 榛果 杏仁,45
韓國樂天 杏仁 巧克力 46g 韓購網,10
巧克力 雲莊 白巧克力 杏仁 豆 100 公克,30
有樂 黑雷神 杏仁 巧克力 餅乾 20g,60
滋露 杏仁 巧克力,5
巧克力 磚 杏仁 120 公克,150
S 轉義美 杏仁 巧克力 球,4250
黑雷神 杏仁 巧克力,1895
天使 好棒 杏仁 捲 心 酥 80g 黑 巧克力,5
代收 代付 格力 高 杏仁 巧克力 棒 45g,10
Ruta 露特 黑 醋栗 杏仁 果 巧克力,5
瑞士 三角 脆 杏仁 巧克力 100g 大潤發,5
HarvestBox 杏仁 巧克力 豆 40g 咖啡 黑巧,35
Pocky 杏仁 巧克力 棒,5
滋露 巧克力 口味 杏仁 豆,5
樂家 巧克力 杏仁 糖 113g 焦糖 海鹽 口味,25
好時 金磚 杏仁 夾餡 黑 巧克力 28g 限,55
SSoyjoy 杏仁 巧克力 營養 棒,9150
LOTTEPEPERO 杏仁 巧克力 棒 32g,125
韓國 三光 杏仁 板狀 巧克力 片 有效期限 20230518,15
里仁 杏仁 巧克力 90g,50
4713139015789 星巴克 覆盆 莓 杏仁 夾心 黑 巧克力,110
CARAMELROCA 樂家 巧克力 杏仁 糖原 味 焦糖 海鹽,30
meiji 明治 杏仁 巧克力 42g,15
S 轉韓國 Sweetory 杏仁 巧克力 球,2595
皇族 輕 鬆 甜 低 熱 量 無 負 擔 無 糖 手工 餅乾 杏仁 巧克力 12,15
無國界 零食 屋 日本 必買 杏仁 白巧克力 杏仁 巧克力 白巧克,5
甘 百世 巧克力 盒裝 30gALMOND 杏仁 豆,625
0672164198 滋露 巧克力 口味 杏仁 果,10
好時 金磚 杏仁 夾餡 黑 巧克力 三入 組愛買,5
Conas 百香果 文 山包 種茶 杏仁 巧克力 80g 盒 I,20
明治 杏仁 巧克力 88g 愛買,30
士力架 杏仁 果 巧克力,5
樂家 巧克力 杏仁 糖 113g 原味,35
分批 取甘 百世 ALMOND 巧克力 粉 杏仁 豆 165g,10
馬 諾尼 杏仁 味 巧克力 餅乾 150g,10
72 黑 巧克力 甘納 許脆 杏仁 冰淇淋 375g 杯,35
4711863241870 自然 時記 杏仁 72 黑 巧克力,20
愛不 囉 嗦 杏仁 巧克力 甜甜 圈 7 入盒,80
森鼠牌 優格 葡萄乾 起司 白巧克力 杏仁 果 巧克力 球,145
8015997002458Marini 馬 諾尼 杏仁 味 巧克力,5
榛金 杏仁 巧克力,10
6101011246 義美 盒裝 杏仁 巧克力 球,25
杏仁 脆餅 巧克力 三重奏,100
有機 黑 巧克力 55 杏仁 海鹽 100g 馥聚,25
glico 格力 高 杏仁 巧克力 棒 212gDonki 日本 唐,15
明治 CACAO72 杏仁 黑 巧克力 81g,235
義美 杏仁 巧克力 球黑 可,40
椰棗 杏仁 什錦 巧克力,470
樂家 巧克力 杏仁 糖 140g 原味,20
明治 巧克力 效果 CACAO72 杏仁 黑,25
現貨 日本 白 杏仁 巧克力 180g 東友 白巧克力 杏仁 豆 180,40
Bickfords 特濃黑 巧克力 杏仁 奶 500ml,10
瑪詩琳 特價 BarkTHINS 海鹽 杏仁 黑 巧克力 脆片,5
Dolfin 杏仁 黑 巧克力,45
LOTTE 樂天 杏仁 巧克力 棒 32g 家樂福,10
MUJI 無 印良品 紅寶石 巧克力 杏仁 果 40g,100
覆盆 莓 杏仁 夾心 黑 巧克力 20221104f2an47,5
韓國 三光 杏仁 板狀 巧克力 80g,70
樂家 巧克力 杏仁 糖 140g 焦糖 海鹽 口味,30
義美 巧克力 球 47g 杏仁,2385
明治 杏仁 巧克力 88g 盒裝,295
HarvestBox 杏仁 巧克力 豆 40g 原味 黑巧,50
黑雷神 杏仁 巧克力 風味餅 乾 20g,450
M 杏仁 巧克力 層層 酥 100g,5
現貨 韓國樂天 LOTTE 杏仁 巧克力 46g 杏仁 果巧克,25
杏仁 巧克力 風味,30
瑞士 三角 巧克力 脆 杏仁 口味 100g,5
樂家 ROCA 巧克力 杏仁 糖原 味 113g,10
12LOTTEPEPERO 巧克力 棒 32g 杏仁 白巧,1005
覆盆 莓 杏仁 夾心 黑 巧克力 20221211n1f8u5,5
LOTTEPEPERO 杏仁 巧克力 棒,5
HuntersDream 澳洲 巧克力 風味 杏仁 果 150g,5
DAIMMINI 杏仁 焦糖 夾心 巧克力 風味糖,30
甘 百世 巧克力 粉 杏仁 豆 80g,10
Lotte 樂天 杏仁 巧克力 46g 盒裝 蘇珊 小姐 韓國 杏仁,5
赫蒂 焦糖 杏仁 脆片 夾心 黑 巧克力 100g,5
法樂 公爵 巧克力 杏仁 米餅 18 入盒,10
團樂家 巧克力 焦糖 海鹽 杏仁 糖,310
佩格樂 香脆 杏仁 黑 巧克力 豆 90g,5
Trapa80 無 添加 糖 黑 巧克力 片 100g 杏仁,40
好 科克 蘭 杏仁 巧克力,230
韓國樂天 Lotte 杏仁 巧克力 46g70g92,10
costco 代購 海鹽 杏仁 加工 巧克力 脆 569g 包,5
甘 百世 巧克力 粉 杏仁 豆 30 克盒 裝台 灣 製,5
分批 取 明治 CACAO72 杏仁 夾餡 黑 巧克力 盒裝 81g,5
樂天 Lotte 杏仁 巧克力 46g 零食 圈 韓國 杏仁 果巧克,5
MLottePepero 杏仁 巧克力 棒 32g2 件,5
明治 杏仁 盒裝 巧克力 88G 兩入,40
巧克力 風味 杏仁 飲,5
Bickfords 黑 巧克力 杏仁 果 137 堅果 奶 植物 奶,5
樂家 ROCA 巧克力 杏仁 糖 140g 情人 節禮物,15
現貨 日本 杏仁 白巧克力 250g 杏仁 巧克力 導遊團,5
8809214400895 韓國 三光 杏仁 板狀 巧克力 80g,40
佳昌 減糖 黑 巧克力 杏仁 瓦片 170g,5
義美 巧克力 杏仁 球,15
樂家樂家 巧克力 杏仁 糖 140G,20
現貨 韓國 森鼠牌 黑 巧克力 高蛋白 杏仁 果 20g,5
金脆 烤 杏仁 片 巧克力,5
Conas 蘋果 東方 美人 茶 杏仁 巧克力 80g 盒 I,15
甘 百世 巧克力 粉 杏仁 豆 80g 盒,15
北 日本 杏仁 巧克力 風味 仙貝,15
義美 磚型 盒 杏仁 巧克力,20
樂家 ROCA 巧克力 杏仁 糖原 味 113g,5
甘 百世 巧克力 粉 杏仁 豆大潤發,5
松貝 通森 白色 杏仁 巧克力 185g497459103001,10
迷你 黑雷神 榛果 杏仁 巧克力 風味餅 乾 分享 包,150
巧克力 磚櫻花 味莓果 櫻桃 杏仁,20
榛果 杏仁 巧克力 風味,40
通森 杏仁 巧克力 185g,10
甘 百世 ALMOND 巧克力 粉 杏仁 豆 165g,85
小 雨果 巧克力 杏仁 餅乾 245g,5
costco 代購 科克 蘭含 餡 杏仁 巧克力 136kg,10
Foodpro 優群 巧克力 戀人 杏仁 果 白巧克力 150g,5
團購 價冬 戀 製 菓 旗 艦 款 杏仁 白巧克力 榛果 黑 巧克力 150,5
樂家 ROCA 巧克力 杏仁 糖 櫻花版 173g,10
美國樂家 ROCA 巧克力 杏仁 糖 櫻花版 173g 送禮禮,10
杏仁 板狀 巧克力,15
韓國 三光 杏仁 板狀 巧克力 80g,10
義磚形 杏仁 巧克力 球,10
即期 品 Belvas 杏仁 夾心 精品 巧克力 90g2023,5
Hersheys 好時 金磚 杏仁 夾餡 黑 巧克力 28g,10
明治 CACAO72 杏仁 夾餡 黑 巧克力 盒裝 81g,5
西班牙 Trapa80 無 添加 糖 杏仁 黑 巧克力 片 100g,5
現貨 優惠感 日本 YOUKA 巧克力 杏仁 杏仁 巧克力 杏仁,5
赫蒂 焦糖 杏仁 脆片 夾心 黑 巧克力,5
甘 百世 ALMOND 巧克力 粉 杏仁 豆,30
萊 D 樂家 巧克力 杏仁 糖 櫻花版,65
甘 百世 巧克力 粉 杏仁 豆 165g 包,5
HarvestBox 杏仁 巧克力 豆 45g 覆盆 莓 黑,5
北 日本 杏仁 巧克力 風味 仙貝,5
Lotte 樂天 PEPERO 杏仁 巧克力 棒 萬聖節 必 buy,5
大 黑松 小倆 口 巧克力 杏仁 瓦片 100g,5
LOTTEPEPERO 杏仁 巧克力 脆皮 雪糕 杏仁 巧克力,50
COLOMBIN 杏仁 巧克力 盒,5
嘗甜頭 附發票 BrownHaley 巧克力 杏仁 糖 2,10
Hersheys 綜合 巧克力 牛奶 巧克力 太妃 杏仁 杏仁 黑,5
72 紅茶 杏仁 豆黑 巧克力,5
義美 杏仁 巧克力 球 增量,5
北海道 杏仁 白巧克力 通森 杏仁 白巧克力 杏仁 巧克力,15
Lotte 樂天 PEPERO 杏仁 巧克力 棒 萬聖節 必拜,105
免運 現貨 快速 出貨 日本 YOUKA 巧克力 杏仁 杏仁 巧克,10
