item_name,item
橘平 屋岩 燒三切 海苔,1040
統記味付 海苔 日式 辣味 32G,720
橘平 屋味付 海苔 細片 12,105
大拇指 香酥 醬燒 海苔,15
玉米棒 鹽 海苔 風味 30 本,1720
橘平屋 岩燒 海苔 辣味 42gx3 包袋,310
橘平 屋味付 海苔 辣味,95
橘平 屋味付 海苔 輕巧,675
POYA 抱抱 米 香棒 33g 海苔,225
TM 海苔 中卷 70g,5
HappyPop 爆 玉米片 海苔 風味 52g,1395
裕芳 食品 頂級 嬰兒 海苔 肉 鬆,15
臺 灣 活力 米 香 捲 70g 鮮採 海苔,5
良 澔 金朝鮮 海苔 精選 原味 36g,2885
8858702408981 泰國 小 老板 厚片 海苔 32g,15
泰國 小 老板 厚片 海苔,18930
張君雅 五香 海苔 丸子 80,390
雋品 三切 岩燒 海苔 胡椒,30
團蠟 筆小新百濟 綜合 蔬菜 海苔 酥,60
泰國 小 老板 超大 海苔,2605
蒲島 三角 飯友 海苔 芝麻,5
0672071321 橘平 屋味付 海苔 細片,50
三切 岩燒 海苔 梅味,180
家福 原味 半切 海苔,18750
現貨泰國 小 老 闆 海苔 捲 小 老板 泰國海 苔原 味 辣味 魷,10
泰國 小 老板 厚片 海苔 辣香 36g,25
百濟 蠟筆 小 新 海苔 酥 50g 什錦海鮮,65
MM 象 烤 海苔 捲 酷辣 18g,15
CJBIBIGO 韓式 醬油 海苔 酥 5,30
家福 辣味 半切 海苔,11475
NKFood 韓國 芝麻 香 炒 海苔 酥 55g,130
紅藜 海苔 脆片 120g,75
北田 蒟 蒻 糙米 捲 180g 海苔,5
IB 嬰兒 米餅 海苔 30g,15
義美 海苔 煎餅 96g,3905
高岡屋 嚴選半切 味付 海苔,150
橘平 屋特 撰燒 海苔,300
RT 好 食光 岩燒 海苔 餅 85g,105
橘平屋 36 束 海苔 經濟,2315
鍵庄 一番 摘 芝麻 海苔 香 鬆 50g,15
8858702410823 小 老板 海苔 棒棒 捲 原味 27g 盒,20
十 榖 米 同心 餅 35g 陽光 海苔,445
橘平屋 岩燒 海苔 三切,50
岩燒 海苔 禮盒 30 入,140
橘平屋 新 摘半切 海苔 辣味,120
韓宇 在 來 泡菜 海苔 45g12 入,20
雋品 三切 岩燒 海苔 卵 黃,55
三角 飯餐 包 海苔 芝麻,5
苔 嗑 厚切 海苔 椒 鹽 風味 30g,710
海苔 杏仁 夾心 原味,5
小 老板 海苔 捲 原味 9g3 入裝,2655
SH 海豹 君 辣味 海苔,120
統 一生 機星 米果 50g 蒜 香 海苔,110
大拇指 岩燒 海苔 10 枚 包 45g 包,815
HAGOROMO 山葵 風味 海苔 絲 8G,35
自然 原素 韓式 海苔 酥 30G,5
團橘 平屋 味付 海苔,30
廣川 傳統 海苔 綠源 寶,5
鶴壽庭 素果 海苔 杏仁酥 40g,35
橘平 屋燒 海苔 片 208g,245
NKFOOD 韓國 芝麻 香 炒 海苔 酥 55,60
玉米棒 海苔 鹽風味 180G,10
小 老板 超大 海苔 超值 包 原味 54g,130
鴻津 海苔 玉米棒 7 公克 x30 支,25
珍弘 海苔 小煎餅 100g,150
家福 麻油 朝鮮 海苔,12465
王家 府 海苔 麻油 風味,2455
韓國 三切 岩燒 海苔 36g33202,35
韓國 原味 海苔 酥 50g 橘平,1365
極餐 野 海苔 辣味 32 公克,50
TAOKAENOI 小 老板 海苔 棒棒 捲 原味,85
鶴壽庭 素果 海苔 南瓜 酥 40g,10
小 老板 海苔 棒棒 捲 原味,1450
宗家府 韓國 海苔 10 入包,5
家福 無 調味 半切 海苔,3385
韓國怪 獸 海苔 麻辣 風味 3 入袋,5
日式 醬香 原味 海苔,10
苔 嗑 厚切 香酥 海苔 任選,15
小 老板 海苔 棒棒 捲 原味 322566,25
ibobomi 綜合 蔬菜 海苔 酥 25g,20
韓式 海苔 梅子 風味,1530
高仰 三有 機燒 海苔 全型 8 枚,10
韓辛 蜜汁 辣雞 海苔 60g,15
高仰 三有 機岩燒 海苔,85
玉民黃金 蕎麥 夾心 海苔 燒,5
統 一生 機星 米果 蒜 香 海苔,15
S 小 老板 海苔 棒棒 捲 辣 香味 27g,2935
8858702408974 泰國 小 老板 厚片 海苔 32g,35
小老 闆 厚片 海苔 山葵 32,75
岩燒 三切 海苔 40g,5
張君雅 五香 海苔 丸子,5
小 老板 厚片 海苔 辣 香味 32g6 入,20
泰小 老板 原味 厚片 海苔,10
海苔 粉 青海苔 粉無調 味 分裝,25
ibobomi 無 調味 海苔 片 10 入,85
泰小 老板 辣 香味 厚片 海苔,10
小 老板 海苔 捲 辣味 9g3 入裝,575
日本 永井味付 海苔 片 日本 零食 海苔 日本 原裝 進口 現貨 蝦,5
小 老板 厚片 海苔 組原 60,45
韓味 不二 兒童 海苔 酥 40g,30
三幸 兵衛 海苔 米果 80g,110
小老 闆 厚片 海苔 香辣 32g,715
S 統 一生 機星 米果 蒜 香 海苔,2700
橘平屋 韓式 有機 海苔 52G6 入,10
韓味 不二 海苔 酥 蔬菜,40
加藤 產業 海苔 粉 16g,80
橘平 韓味 海苔 量 販包,1730
一植肉 植物 海苔 香 鬆 300G,20
雪燒 海苔 經濟包 420g420g 包,990
韓味 不二 泡菜 海苔 酥,125
橘平 本事 岩燒 海苔 量販,10
瑤金 海苔 鹽風味 玉米棒 180g,55
橘平屋 新 摘半切 海苔 辣味 26g26g 包,265
池上 米餅 海苔 口味,1160
五 穀 堅果 海苔 脆片 32g,10
團蠟 筆小新百濟 什錦海鮮 海苔 酥,15
岩燒 海苔 韓式 12 入,5
DAIKO 海苔 天婦羅餅 唐辛子 風味,85
農會牌 純肉 酥 海苔 芝麻,5
韓味 不二 BBQ 海苔 酥,150
MKUBUKI 海苔 玉米棒 42g,65
橘平屋 韓味 海苔 禮盒,3595
大韓 韓式 海苔 禮盒,5
小 老板 海苔 棒棒 捲 辣 香味 322590,10
韓味 海苔 禮盒 42g15 包,55
韓尚宮 海苔 酥 原味 40g,115
Lays 岩燒 海苔 夾鏈 包 22,100
團上豐 海苔 脆片 黑米 燒,40
自然 原素 岩燒 海苔 細片,25
廣達香 素食 香 鬆 海苔 芝麻 150g,260
4717011069112 恩品 禮茶 海苔,5
良 澔 韓式 海苔 梅子 口味,10
韓味 海苔 量 販包 4212 包,10
上豐 台式 烤 海苔 胡椒 35,1930
MM 象 泰式 原味 烤 海苔 捲 18g,25
韓味 不二 海苔 酥 明太魚 卵 35g 包,5
小老 闆 厚片 海苔 山葵 32g,80
韓味 不二 海苔 酥 蔬菜 45g,105
泰國 小 老板 厚片 海苔 辣 香味 853941,10
安田 食品 佃煮燒 海苔 醬 85g,25
喜樂口 海苔 壽司 捲 9g,20
三味 屋 韓式 海苔 辣味 32g,5
良 澔 嚴選 海苔 辣味 312g,945
Lays 九州 岩燒 海苔 59g,400
九福 海苔 燒子 200g,210
裕芳 食品 海苔 特 製 肉脯 鬆,5
橘平屋 岩燒 海苔 卡通,45
海苔 抓餅 140gx5 入 全鴻,270
海苔 酥 原味 45 公克,55
海苔 杏仁 脆片 120g,65
有 田 製 果 海苔 卷 50g 包 X12 包箱,10
小 老板 厚片 海苔 辣 香味 32g,45
現貨 青海苔 粉 60g 台 灣 製 適 用 於 章 魚 燒 大阪 燒 海苔,25
岩燒 海苔 辣味 42g3 包,15
喜樂口 日式 厚切 海苔,635
自然 素材 小煎餅 110g 海苔,275
日本 海水 熊本 海苔,70
詹粉 鹽 海苔 素 香 鬆 200g 袋 全素,15
小 老板 海苔 棒棒 捲 原味 27g,40
Calbee 洋芋片 海苔 鹽風味,225
6 湖池 屋薯條 12g4 連 海苔 鹽,355
三角 黃 金軟 穀 物 海苔 起司,1300
BONCHI 海苔 揚 米果 5 袋入,25
小老 闆 海苔 棒棒 捲 9 入 多款 任選,50
MM 象 泰式 烤 海苔 捲 原味 18g,10
高仰 三禾果 杏仁 海苔,5
義美純豬 肉 鬆 海苔 芝麻 175g,505
寺岡家 醬 油蛋 拌 飯 專用 海苔 口味 1,5
譽方媽 媽雞 肉 鬆 海苔 芝麻 200g,60
安心 豚 海苔 芝麻 肉 酥 200 克罐,20
稑 禎 泰 國 天 婦 羅 海苔 香 辣味 35g 全素,15
愛苔 玩厚切 海苔 30g33662,20
韓國 激安 殿堂 海苔 韓國 12 袋 入海 苔竹 鹽 海苔 激安 殿堂 竹鹽,5
朝鮮 海苔 麻油 清香,945
苔 嗑 脆 海苔 36g 胡椒 鹽風味,325
池農 海苔 堅果 夾心,10
能量 豬酥 饌 海苔 肉 鬆 160G,5
小 老板 厚片 海苔 山葵 味 32G6 入,15
丸友 荒磯 海苔 醬 180G,15
MM 象 辣味 烤 海苔 6g10 入包,10
鍵庄 海苔 蕎麥 麵 250g,5
N010433127 里仁 網購 海苔 素 鬆,5
泰國 小 老板 海苔 棒棒 捲,35
TAIKAE 苔 嗑 厚切 海苔 川麻風味 45g 辦,5
Taiwan 風情 海苔 南瓜,15
海苔 堅果 紫米 芝麻,10
20 元樂事 岩燒 海苔,10
味島 香菇 海苔 瓶 190g,15
日本 丸 嘉 海苔 天婦 羅 140g,90
傳統 零食 海苔 小煎餅 68g,5
韓味 不二 兒童 海苔 酥 40g 包,10
厚燒 海苔 經濟包 170g 愛買,10
DAIKO 海苔 天婦羅餅 薄 鹽 風味,15
MARUES 鹽味 海苔 天婦 羅,170
黑橋牌 海苔 肉 酥 225g 大包,10
ibobomi 無 調味 海苔 片 15g,20
南瓜 海苔 夾心 脆片 優質 海苔 搭配 滿滿 健康 堅果 低溫 烘焙 非 油炸 不,5
黃 粒紅 海苔 米果 素 270g,10
統 一生 機蒜香 海苔 星 米果 50g,10
龜田 米果 51g 海苔,10
團玄米 紅藜 海苔 脆片 32,60
北田 蒟 蒻 糙米 捲 海苔 160g 包 242559,10
M 小農片 烤 海苔 椒 鹽 口味 30g,290
纖女 燕麥 海鹽 海苔,115
茂隆 純素 米 香 原味 海苔,25
有賀 韓式 竹 鹽 海苔 禮盒 150g,95
海苔 芝麻 風味 飯友,150
海苔 純肉 酥 180g 農會牌,15
SPX 苔 嗑 厚切 海苔 椒 鹽 口味,405
小蝦 寶 海苔 夾心燒 蕎麥,25
S 小 老板 海苔 棒棒 捲 辣香,40
高岡屋 香脆 海苔 控 45g,5
現貨三切 岩燒 海苔 36g33202,20
8809693950157ibobomi 海苔 酥 綜合 蔬菜,25
AA 頂級 金裝 海苔,50
巧虎 海苔 酥 蔬菜 40g,5
嘎嘎 叫 海苔 麥香 雞塊 27,5
味島 海苔 椎茸 190g,10
Calbee 海苔 鹽 薯片 60g,20
桂格 芝麻 海苔 肉 鬆 200g,5
N012922368 台塑 餐飲 全素 海苔,5
Lays 樂事 九洲 岩燒 海苔,30
統 一生 機星 米果 海苔,65
橘平屋 36 束 海苔 經濟包,5
小蝦 寶 海苔 夾心燒 堅果,30
松貝 天字 海苔 天婦羅餅 140g4571397152017,5
野菜 園 海苔 大紫米 芝麻,15
浦島 海苔 拌 飯料 50g,5
文選 香菇 海苔 醬 158g,5
北田 蒟 蒻 糙米 捲 海苔 160g,10
九福 海苔 小元 煎 114g 包,15
8858702410823 小 老板 海苔 棒棒 捲,10
雋品 三切 岩燒 海苔 無調,35
橘平 屋味付 海苔 細片 65g,5
橘平 屋味付 海苔 輕巧包,40
4711863241962 自然 時記 藜 麥 海苔 脆片,20
SPX 苔 嗑 香酥 海苔 唐辛子 口味,85
角落 小夥伴 海苔 糙米 捲 140g,230
桃屋 海苔 醬大 180g,15
現貨良 澔 片 烤 海苔 椒 鹽 酥 爆唐 辛子 蒜 香 36g 海,30
鈴木榮 光堂 天 婦羅餅 海苔 味,185
小 浣熊 烤 海苔 經典 辣味 50G,15
愛彬思 烘烤 寶寶 海苔,20
桃屋 江戶 拌 飯 海苔 醬 145g,45
橘平屋 香菇 海苔 醬 150g 瓶 632665,15
小 老板 海苔 棒棒 捲 辣 香味,15
良 澔 片 烤 海苔 椒 鹽 口味 36g 家樂福,10
大拇指 胡椒 鹽 烤 海苔 30g 大潤發,15
小 老板 厚片 海苔 辣味,5
山榮 桃屋 泡菜 風味 海苔 天,85
天命 海苔 酥 蝦子 鯷 魚 45,5
即席 料亭味 噌 湯櫻花 蝦 海苔 風味,20
現貨 特價 韓味 不二 嚴選 海苔 酥 冬季 嚴選 海苔 單包 80,10
統極 餐野 海苔 梅子,5
團五 穀 堅果 海苔 脆片 32,75
泰國 小 浣熊 現貨 小 浣熊 天婦 羅 海苔 泰國 海苔 醬燒 原味,5
小 老板 海苔 棒棒 捲 原味 322566,15
現貨太珍 香碳 烤 椒 鹽 風味海 苔原 味 海苔,115
禾沛 蕎麥 紫米 海苔 脆片,45
稑 禎 泰 國 天 婦 羅 海苔 泰式 酸 辣味 35g 全素,15
天母 SOGO 橄欖油 海苔,5
安永 蕎麥 紫米 海苔 夾心,5
丸友 荒磯 特選 海苔 醬 18,10
MARUESU 海苔 天 大王 芥末 味,100
台灣橘 平屋 海苔 醬 150g 原味,5
N012092889 里仁網 購燒 海苔,15
下營 農會 海苔 鵝 肉 鬆 250g,15
加藤 海苔 粉 16gDonki 日本 唐吉訶德,20
朝鮮 海苔 湖鹽 風味 40g,10
巧益川 蜀 椒 麻烤 海苔 32g,5
丸友 荒磯 海苔 醬 180g,55
自然 原素 韓式 海苔 酥 30g,20
橘平屋 岩燒 海苔 卡通 3P,30
4580583323001 日本 SHINACASA 梅子 海苔,5
泰國 MM 象 泰式 烤 海苔 捲 蝦 皮直 送,35
北海道 海苔 昆布 燕麥 飲 320g,5
五香 海苔 丸子 80g,15
現貨 刷卡 韓國 廣川 KAKAOFRIENDS 海苔 酥,5
小 老板 海苔 棒棒 捲 原味 36g,5
現貨小老 闆 海苔 12 入袋 原味 辣味,5
食飲 139 元 堅果 海苔 買 1 送 17346,5
橘平屋 海苔 醬 昆布 145g,5
MM 象 烤 海苔 魷魚 包 60g,5
巧益 海苔 洋蔥圈 72G 愛買,5
雋品 HiBs 香檸 海苔,765
DAIKO 海苔 天婦羅餅 瀨戶 檸檬風味,15
海苔 脆雞 不要 翅膀,5
佳農 牛蒡 脆餅 海苔,5
橘平屋 新 摘半切 海苔 辣味 26g,5
小老 闆 海苔 棒棒 捲 原味 27g,10
SPX 水 水果 饌 海苔 米 穀 酥 輕巧包 25g,20
海苔 芥末 風味 米果 32g,35
不倒翁 海苔 冬粉 捲 400g,30
魔之味 海苔 脆片 超 酥脆,30
2023 年 1 月 東森員購 爆 薏仁 海苔 脆脆,5
韓國 廣川 KAKAOFRIENDS 海苔 酥 40g 懂 吃 飯,15
MM 象 泰式 烤 海苔 捲 3gX6 入 辣味,5
自然 原素 韓式 海苔 酥 30G,15
海苔 燒 米果 碗豆 132g,20
維力 五香 海苔 丸子,5
HAITAI 海苔 加鈣餅 222g,10
三切 岩燒 海苔 香檸,5
韓國 麻油 風味 海苔 42g,20
小 老板 海苔 棒棒 捲 原味 3g9 支盒,5
桃屋 甘口 海苔 佃 煮 罐 145g,5
KABUKI 玉米棒 42g 海苔,40
楊家 香肉 鬆 YANGJIASHIANG 海苔 脆片 肉 捲 6,5
迎裕 海苔 素 食肉 鬆 250g,10
珍 呑 家 清脆 海苔 天婦羅餅 鹽 風味,50
泰國 小 老板 厚片 海苔 32g 原味,5
韓國 HUMANWELL 海苔 脆片 30g,5
能量 豬酥 饌 海苔 肉 鬆 160G,5
橘平屋 岩燒 海苔 辣味 42gX3 包愛買,5
大拇指 原味 海苔 酥 60g 包,10
弘志 鹽燒 海苔 花生,15
4712947681612 青鳥 旅行 海苔,10
健康 日誌 脆餅 海苔 洋,5
海苔 堅果 杏仁 芝麻,15
珍 呑 家 清脆 海苔 天婦羅餅 芥末 風味,30
韓味 不二 韓式 大川 海苔,5
台畜 人氣 海苔 肉 鬆 1 包 500g,5
2023 年 2 月 東森員購 爆 薏仁 海苔 脆脆,5
代收 代付 SpicySnacks 辣苔妹 海苔 鬆 餅 2,20
浦島 海苔 芥末 味拌 飯,175
三味 屋 韓式 岩燒 海苔 12gX4 包,5
橘平屋 韓式 海苔 42g3,30
巧益 海苔 燒 米果 204g,5
橘平 新 摘 海苔 辣味 26g,5
韓味 不二 海苔 酥 蔬菜 45g,5
正哲礦 鹽 三 寶 海苔 蘇打 330g,5
片山 特選 海苔 20 片,5
苔 嗑 厚切 海苔 川麻 口味 45g,5
4710562221589 辣苔妹 海苔 鬆 餅 200g 包,5
橘平 屋橘 太郎 海苔 3 入,15
北田 玉米棒 海苔 味 105g,5
樂連連 經濟包 海苔 壽司 102g,10
良 澔 金朝鮮 海苔 辣味 36g,5
連城記 海苔 地瓜 酥 140g,10
自然 原素 岩燒 海苔 細片,65
45 元橘 平屋 海苔 3 入,5
統記 85 極餐 野 海苔 辣味,5
木村 AA 頂級 金裝 海苔,10
橘平屋 新 摘 海苔 辣味 26g 家樂福,5
泰國 小 老板 厚片 海苔 辣 香味 32g,20
橘平屋 岩燒 海苔 禮盒,5
HAEDALEM 廣 川味 海苔 酥 橄欖風味,5
浦島 海苔 雞蛋味 拌 飯 調味,15
FUBO 薄脆 薯餅 306g 海苔,40
極餐 野 海苔 梅子 味 32g,5
orionjako 照燒 風味 海苔 12 入,10
橘平 屋特 撰燒 海苔 208g8 枚,10
義美 煎餅 96g 海苔,45
高仰 三 海苔 酥 45g 全素,5
韓味 不二 兒童 海苔 酥,5
小 老板 超大 海苔 超值 包 辣味 54g,5
佐賀 風味 胡椒 餅 190g 海苔,35
大拇指 岩燒 三切 海苔 辣味,5
高岡屋 特選半切 味付 海苔,5
韓味 不二 兒童 海苔 酥 40g,5
大拇指 岩燒 海苔 10 枚 包大潤發,5
味付 海苔 碎片 75g,20
韓式 半切 海苔 柴語錄,100
莊家 海苔 煎餅 35g,15
小 老板 海苔 棒棒 捲 原味 3g9 支盒,300
S 湖池 屋料 都 亭 海苔 麴 口味 60,5
有田 海苔 小卷 便利 包,10
HAEDALEM 廣 川味 海苔 酥 橄欖風味 35g,20
農會牌 CAS 海苔 純肉 酥 180g 罐,10
S 橘平屋 韓式 海苔 42g3,155
烘烤 寶寶 海苔 10 包入 ALVINS 愛彬思 烘烤 寶寶 海苔,5
良 澔 日式 無 調味 海苔 25g 家樂福,5
S 小 老板 海苔 棒棒 捲 原味 27g,1115
良 澔 韓式 海苔 梅子 口味 30g,5
橘平屋 韓式 有機 海苔 橘平,20
橘平屋 半切燒 海苔 782814,5
HAEDALEM 廣 川味 海苔 酥 橄欖風味 35g,25
橘平屋 韓式 海苔 42gx3 入,345
橘平 屋岩 燒三切 海苔 40,5
大拇指 原味 海苔 酥 60g 包 428739,5
MM 象 泰式 烤 海苔 捲 酷辣 18g,5
0672085740 泰國 小 老板 辣 香味 厚片 海苔,15
木村 海苔 鹽風味 仙貝,80
橘平屋 特選燒 海苔 30 箱,15
橘平屋 海苔 醬 昆布 145g 愛買,10
米 之口 原味 海苔 卷米 x83D350g,10
IB 無 調味 海苔 片 15g,5
海苔 大 集合 平安 普渡 箱,10
橘平屋 海苔 醬 昆布 145g,75
小 老板 海苔 捲 辣味 12 入 3g,5
大禾 燒 海苔 細片 50g,5
泰國 mm 象 大片 爽脆 烤 海苔,10
柴語錄 財寶包 海苔 禮盒,135
橘平屋 韓味 海苔 42gx3 包家樂福,5
立峰素 香菇 海苔 肉 鬆 300g,5
任 自然 原素 韓式 海苔 酥 30g,5
橘平屋 韓式 海苔 42g,45
三味 屋岩燒 海苔 現貨,5
風雅 沙拉 用 酢 海苔 風味,5
DIY 三角 飯團 海苔,5
清珍 牛蒡 脆片 75G 海苔,80
杏仁 芝麻 海苔 堅果,5
20P 韓式 薄 鹽 岩燒 海苔,5
橘平 屋味付 海苔 細片,5
ibobomi 嬰兒 米餅 海苔 味 30g,15
橘平屋 韓式 有機 海苔 禮盒 52G2,5
泰國 小 老板 厚片 海苔 辣 香味 853941,5
有 田 製 果 雪屋 米果 海苔 口味 190g,5
農會牌 海苔 純肉 180g,5
苔 嗑 厚切 海苔 椒 鹽 口味 45g,5
小老 闆 海苔 棒棒 捲 原味,5
黃 金 口福 番薯 纖 108g 海苔,5
小蝦 寶紫米 海苔 夾心燒,5
味島 香菇 海苔 醬 190g12,5
Maruka 炸 海苔 芥末 風味 買 1 送 114Q,5
優龍 12 入岩燒 海苔,5
高岡屋 加鐵 辣味 海苔,5
台陽 鹽燒 海苔 花生 180G,5
小 老板 超大 海苔 辣味,5
義美 海苔 煎餅 115g,5
香菇 鮮雞 海苔 芽 68g,5
橘平屋 韓式 海苔 42gx3 入,5
高仰 三有 機岩燒 海苔 威加,5
