item_name,item
現貨 秒 發好 滋好 滋厚切 海苔 厚片 海苔 椒 鹽 海苔,20
嚴選 日式 海苔 味付 海苔 芥末 原味 辣味 懂 吃 韓國 海苔 零,55
現貨 99 免運 朕 想 咬一口 椒 鹽 海苔 醬燒 海苔 椒 麻 海苔,40
御 和 屋 青海苔 粉 100g250g 拌 飯 海苔 海苔 粉,5
韓國 經典 原味 海苔 4g 天日 鹽 海苔 37g 美日 多多 海苔,15
正宗 泰國 烤 海苔 超 大片 泰國 烤 海苔 紅太陽 烤 海苔,60
三味 屋 全形 燒 海苔 50 枚 壽司 海苔 特選飯 捲 海苔 片,65
良 澔 酥 爆 海苔 椒 鹽片 烤 海苔 蒜味 烤 魷魚 懂 吃 海苔 酥,3430
微笑 零食 舖 小 老 闆 海苔 捲 海苔 卷 小 老板 小老 闆 海苔 捲 海,285
泰國 小 浣熊 小 浣熊 海苔 捲 8 入 原味 辣味 海苔 海苔 泰,215
厚切 海苔 朕 想 咬一口 厚片 海苔 椒 鹽 海苔 醬燒 海苔 團購 美食,230
舞味本 舖 丸 嘉 海苔 天婦 羅 芥末 海苔 天婦 羅 海苔 餅乾 海苔,580
良 澔 片 烤 海苔 酥 爆 海苔 無 調味 海苔 烤 魷魚 零食 圈 日式,270
韓國 韓味 不二 兒童 海苔 酥 拌 飯 海苔 酥 海樂多 蔬菜 海苔 酥,315
獅賣 特實體 店面 泰國 小 老 闆 海苔 小老 闆 海苔 捲 棒 捲 海苔,65
泰國 小 老 闆 海苔 單支 小 老 闆 海苔 捲 棒 捲 海苔 棒 狀海 苔原,35
饗食 在 海苔 絲元 本山 巧絲燒 海苔 元 本山 海苔 聯華 海苔 細,15
韓國 LUSOL 烘烤 海苔 幼兒 海苔 片狀 海苔 低鈉 少鹽,5
泰國 小 老 闆 海苔 整包 十二支 裝小老 闆 海苔 捲 棒 捲 海苔 棒狀,5
韓國 海苔 芝麻 鬆 海苔 粉 手工 炒 芝麻 海苔 酥 偷飯 賊 下 飯,35
森吉小 舖 泰國 小 老 闆 海苔 捲 棒棒 捲 海苔 厚片 海苔 超 大海,85
朕 想 咬一口 厚切 海苔 買 一送 一 厚片 海苔 椒 鹽 海苔 醬 燒海,50
橘平屋 韓國 原味 海苔 酥 50g 拌 飯 海苔 鬆 韓 國 進 口,15
爆買 日本 桃屋 柚子 胡椒 海苔 醬 唐辛子 海苔 醬 佃 煮 海苔 醬,10
免運現 貨太珍 香小農片 烤 海苔 小農 原味 海苔 太珍香 海苔,10
日本 浦島 海苔 碎片 海苔 味付 海苔 日本 海苔 進口 零食,30
韓國 LUSOL 寶寶 海苔 幼兒 烘烤 海苔 芝麻 海苔 起司 海苔,35
韓國 海苔 海苔 酥 一站 買齊 名品 廣川 便當 海苔 蝦子 牌莞島 海苔 海苔,5
大量 現貨 韓味 不二 鹽 烤 海苔 海苔 韓國 海苔 韓式 海苔,20
免運現 貨太珍 香小農片 烤 海苔 小農 原味 海苔 太珍香 海苔 椒,55
爆買 日本 桃屋 海苔 醬甘口 海苔 醬 玻璃罐 裝 海苔 佃 煮,5
免運附 發票 泰國 小 老 闆 小 老板 海苔 海苔 捲 厚片 海苔,35
現貨 苔 嗑 愛苔 玩厚切 椒 鹽 海苔 香酥 醬燒 海苔 海苔 椒 鹽,20
韓國 零食 韓國 金版龍王 海苔 韓國 海苔 海苔 片 金色 海苔 便,5
韓國 海苔 單包 激安 殿堂 竹鹽 海苔 廣川 傳統 海苔 傳統 海苔,30
八味 養生 鋪 韓國 金版龍王 海苔 海苔 海苔 酥 金版龍 王龍,15
舞味本 舖 海苔 永井 8P 海苔 烤 海苔,130
寶屋燒 海苔 28g 純素 壽司 海苔 全形 海苔 10 片,10
世界 GO 現貨永井味付 海苔 片 海苔 日本 海苔 8 袋入 日,100
MM 象 海苔 酷辣 海苔,10
代收 代付 泰國 小 老板 厚 海苔 32g 包泰國 海苔 海苔,25
現貨 日本 瀨戶 內 檸檬 海苔 紀州梅 起士 海苔 芥末 海苔,10
日本 島乃香 海苔 醬 海苔 佃 煮 椎 茸 海苔 190g 樂愛購 S,10
小老 闆 海苔 捲 海苔 卷 小 老板 小老 闆 海苔 捲 海苔 小老 闆 脆,20
1 入 韓國 SAJO 思潮 海苔 酥 原味 70g 包 炒 海苔 海苔,5
現貨泰國 小 老 闆 海苔 捲 小 老板 海苔 捲,5
小 浣熊 烤 海苔 海苔 烤 海苔 小 浣熊 海 苔原 味醬燒 海苔 經典 辣,5
韓尚宮 海苔 韓新 蜜汁 辣雞 海苔 有名 莞島 海苔 廣川 李家 傳統 海苔,10
海苔 良 澔 酥 爆唐 辛子 味椒 鹽 海苔 酥 烤 海苔 零食 現貨,50
日本 海苔 醬 佃 煮 海苔 香菇 海苔 岩育 海苔 桃屋島 乃 香荒,20
芭樂百納堂 海苔 脆片 堅果 海苔 脆片 海苔 脆片穎禎 海苔 脆片,5
聯華良 澔 海苔 良皓 酥 爆 海苔 酥 爆 海苔 蒜 香唐 辛子片 烤海,5
現貨嘻 饈 仔 MM 象 泰式 烤 海苔 捲 大象 海苔 經典 原味 海苔,5
泰國 小 老 闆 海苔 辣魷魚 原味 海苔 辣味 海苔 12 入,70
韓國宗家府 海苔 傳統 海苔 橄欖油 海苔 4gx10 包 韓國原,45
電子 發票 韓國 海苔 韓尚宮 海苔 辣雞 海苔 有名 莞島海,10
CJbibigo 醬油 海苔 酥 50g 零食 海苔 海苔 酥,20
嘻 饈 仔 現貨 MM 象 泰式 烤 海苔 捲 大象 海苔 經典 原味 海苔 酷,30
免運附 發票 橘平屋 岩燒 海苔 韓式 海苔 海苔 細片 原味,25
太珍 香小農片 烤 海苔 小農 原味 海苔 現貨太珍 香 海苔 椒 鹽海,50
現貨附 發票良 澔 嚴選味付 海苔 片 烤 海苔 酥 爆 海苔 金朝 鮮海,25
韓味 不二 海苔 鹽 烤 海苔 韓國 海苔 海苔 免運 最新 效期 韓,20
現貨 烏龜 對切 海苔 對切 海苔 烏龜海 苔原 味 海苔 辣味 海苔,20
現貨 秒 發茉本 獨 家小 大人 海苔 酥脆 原味 海苔 片 烤 椒 鹽 海苔,10
番薯 先生 良 澔 嚴選味付 海苔 片 烤 海苔 酥 爆 海苔 金朝 鮮海,5
現貨 韓國 金媽媽 韓式 海苔 韓國 海苔 海苔 片 海苔 壽司 包,10
永井 海苔 味付 海苔 片 8 切 6 枚 81 袋入 增量 海苔 日本,5
限時 優惠 海苔 韓尚宮 海苔 廣川 海苔 有名 莞島 海苔 百濟韓,5
BEBEFOOD 寶寶福德 原味 海苔 無鹽 海苔 幼兒 海苔,5
最新 效期 韓尚宮 海苔 12 包入 韓式 海苔 韓國 海苔,15
現貨 韓國 碰碰 狐無調 味 海苔 兒童 海苔 小朋友 海苔 鯊,5
獅賣 特實體 店面 巧虎 海苔 酥 海苔 酥 兒童 海苔 酥 拌 飯料,5
韓味 不二 海苔 酥 80 公克 海苔 拌 飯 配飯 海苔 一袋 4 入,5
代收 代付 泰國 小 老 闆 厚 海苔 小 老板 海苔 捲 泰國 海苔 捲,5
橘平屋 海苔 3 入組 原味 岩燒 海苔 韓式 海苔 良品 小倉,40
台灣良 澔 片 烤 海苔 酥 爆 海苔 日式 無 調味 海苔 酥 炸蒜味,15
附發票 正宗 韓國 海苔 廣川 海苔 廣川 金版 海苔 味付 海苔 韓式,30
蝦 皮代開 發票良 澔 海苔 片 烤 海苔 酥 爆 海苔 椒 鹽 原味,20
韓國 天日 鹽 海苔 海苔 包飯 糰 海苔 片 4g12 包,5
韓國 天日 鹽 海苔 12 入袋 韓國 海苔 海苔 海苔 片包,5
富哥 100g 厚切 海苔 杏仁 脆片 海苔 脆片 海苔 海苔 厚片,30
現貨 秒 出 韓國 金媽媽 韓式 海苔 韓國 海苔 海苔 片 海苔,25
電子 發票 小 浣熊 海苔 捲 8 支 海苔 捲 烤 海苔,10
現貨 發票 Kabuki 泰國 海苔 捲 鮮蝦 海苔 捲 壽司 口味 海苔 捲,35
苔 嗑 椒 鹽 海苔 香酥 醬燒 海苔 海苔 愛苔灣 海苔 團購 必團海,15
番薯 先生 正宗 韓國 海苔 廣川 海苔 廣川 金版 海苔 味付 海苔,5
台灣 出貨 韓味 不二 鹽 烤 海苔 韓國 鹽 烤 海苔 海苔 5 公克,10
現貨有 發票 韓國 海苔 酥 食鮮然 炒 海苔 70g 海苔 鬆,25
零食 研究所 韓國 名品 海苔 酥 40g 炒 海苔 海苔 拌 飯,5
24H 海樂多 海苔 酥 增量 韓味 不二 海苔 拌 飯 飯 糰 炒 海苔,5
明彥 商行 韓國 海苔 壽司 海苔 皮 100 張 海苔 皮 韓國 海苔,5
橘平屋 原味 海苔 醬 昆布 海苔 醬純素 海苔 醬配 飯配 粥 粥 配,5
現貨免 運小老 闆 海苔 捲 泰國 小 老 闆 海苔 泰國 小 老板 海苔,20
24 小時 現貨 寄出 泰國 小 老 闆 海苔 捲 脆 海苔 海苔 捲 春節,10
韓國 海苔 激安 殿堂 竹鹽 海苔 12 入袋 韓國 海苔 海苔,35
現貨 喔 MM 象 泰式 烤 海苔 系列 海苔 片 海苔 經典 原味 香,5
舞味本 舖 海苔 酥 原味 海苔 酥 杏仁 核桃 海苔 酥,25
韓味 不二 鹽 烤 海苔 附電子 發票 韓國 海苔 韓國 傳統 海苔 海苔,15
現貨 E 發票 ibobomi 海苔 寶寶 海苔 無 調味 海苔 無,5
韓國 KC 碰碰 狐 海苔 鯊魚 寶寶無 調味 海苔 無鹽 海苔 P,5
舞味本 舖 海苔 佃 煮 海苔 醬 系列 丸友 海苔 醬丸友 荒磯 海苔 醬,5
免運 現貨 快速 出貨 日本 龜田 海苔 捲 仙貝 海苔 捲 海苔,5
現貨 韓國 天明 兒童 海苔 酥 40g 海苔 酥 韓國 海苔 酥 飯,5
現貨 聯華良 澔 海苔 良皓 酥 爆 海苔 酥 爆 海苔 蒜香 唐辛子,10
現貨 日本 瀨戶 內 檸檬 海苔 紀州梅 起士 海苔 芥末 海苔 魷,5
精臣 厚切 海苔 朕 想 咬一口 厚片 海苔 椒 鹽 海苔 醬燒 海苔,15
韓國 英義 海苔 酥 拌 飯 海苔 炒 海苔 韓國海 苔原 味 蝦 鯷 魚,5
100g 厚切 海苔 杏仁 脆片 海苔 脆片 海苔 海苔 厚片 厚切海,20
現貨 寄出 泰國 小 老 闆 海苔 捲 脆 海苔 海苔 捲 春,15
日本 浦島 海苔 碎片 海苔 味付 海苔 日本 海苔 進口 零食 阿福,5
良 澔 金朝鮮 海苔 無 調味 海苔 懂 吃 台灣 海苔 韓式 日式 零,5
現貨 韓國 海苔 廣川 海苔 百濟 海苔 龍王 海苔 金版 烤海,5
舞味本 舖 海苔 捲 壽司 海苔 泰國 海苔 玉米 捲,10
