item_name,item
辣椒 8,10
德助 剝皮 辣椒 220g,10
需要 辣椒 5 包,5
需要 辣椒 2 包,5
麻煩 三包 辣椒 謝,5
先一 剝皮 辣椒 390g,40
麻辣 道 剝皮 辣椒 450g,15
椒 麻 剝皮 辣椒 450g,10
要 辣椒 5 包,25
辣椒 4,15
辣椒 3,40
辣椒 2,15
飛馬 粗片紅 辣椒 25g,75
需要 辣椒 3 包,10
切 12 片要 辣椒 包,5
大廟 口 剝皮 辣椒 650g,10
麻煩 附 辣椒 3 包,5
良泉 剝皮 辣椒 400g,180
辣椒 2,35
十全 脆 剝皮 辣椒 450g,10
可以 給我 6 包 辣椒 包,5
辣椒 6,25
辣椒 1,10
剝皮 辣椒 大,5
剝皮 辣椒 特辣,5
辣椒 7,5
辣椒 2,25
辣椒 15,20
陶華碧老 干媽 香辣 脆油 辣椒 210g,25
辣椒 12 包 黑胡椒 6,5
辣椒 10,5
5 包 辣椒 5 包 胡椒,5
辣椒 5,30
胡椒 8 包 辣椒 8,5
要 辣椒 4 包,15
要 辣椒 3 包,5
要 辣椒 胡椒 包 各,5
辣椒 3,15
大榮 剝皮 辣椒 360g,5
辣椒 40,10
需要 辣椒 15 包,5
辣椒 8,5
你好 需要 辣椒 4 包,5
辣椒 1,10
我要 5 包 辣椒 5 包胡,5
辣椒 1,10
要 辣椒 8 包,5
切 10 片要 辣椒 包,5
辣椒,5
可以 給我 7 包 辣椒 包,5
多 附幾包 辣椒,5
品香 原味 剝皮 辣椒 450g,5
辣椒 5,5
請給 我 一包 辣椒,5
麻煩 附 6 包 辣椒 謝,5
每盒 4 包 辣椒,5
辣椒 x3,5
