item_name,item
元 本山 味付 對切 海苔 338g 包,6235
元 本山 朝鮮 海苔 禮盒 81G 愛買,25
元 本山 辣味 對切 海苔,6015
元 本山 海苔 細片 麻油,1100
元 本山 朝鮮 海苔 湖鹽 風味 40G,1320
元 本山 朝鮮 海苔 麻油 清香 45g3,1450
元 本山 辣味 對切 海苔 338g 家樂福,20
元 本山 辣味 對切 海苔 26 枚 包,100
元 本山 朝鮮 海苔 醬燒,1670
元 本山 朝鮮 海苔 麻油 40g,1905
元 本山 朝鮮 海苔 三切 40G,3270
元 本山 味付 海苔 4 枚 48 束包,80
元 本山 海苔 堅果 夾心 黑 穀 杏仁 風味,25
元 本山 山葵 哇 沙米 風味 對切 海苔 24 枚,350
元 本山 朝鮮 海苔 醬燒 風味 40G,990
元 本山 味付 對切 海苔 338g 家樂福,30
元 本山 對切 海苔 辣味 39g,5
元 本山 韓式 海苔 禮盒 675g,5
元 本山 味付 海苔 細片 85g 愛買,55
元 本山 海苔 鮮摘 綠罐 80 束 61G 罐,95
元 本山 朝鮮 海苔 45g3 包,40
元 本山 朝鮮 海苔 湖鹽,2635
元 本山 頂級 海苔 養生 涮 嘴 鮮脆 組中華電信,35
元 本山 海苔 輕便 48 束,6185
元 本山 朝鮮 海苔 湖鹽 風味 三切 40G 愛買,45
元 本山 朝鮮 海苔 三切 525978,10
元 本山 朝鮮 海苔 麻油 清香 30 枚,90
元 本山 朝鮮 海苔 麻油 風味 9 切 10 枚 2 包入,355
25 元元 本山 海苔,5
元 本山 味付 對切 海苔 338g 包 134992,10
元 本山 辣味 對切 海苔 26 枚,5
元 本山 海苔 細片 麻油 55g,10
元 本山 味付 對切 海苔 338g 包,20
元 本山 海苔 堅果 夾心 黑 穀 杏仁 風味 40g,5
元 本山 朝鮮 海苔 3 切 30 枚,5
元 本山 頂級 海苔 橄欖油 赤穗 鹽 風味組,10
元 本山 朝鮮 海苔 湖鹽 風味 三切 369G 愛買,5
元 本山 海苔 輕便 包 48 束 4 枚 249652,5
元 本山 對切 原味 海苔 33,15
48 束元 本山 海苔,15
元 本山 味付 對切 海苔 134992,10
元 本山 三角 飯 糰 海苔 19,5
元 本山 朝鮮 海苔 3 入,5
元 本山 無 調味 對切 海苔,5
元 本山 芥末 對切 海苔,740
元 本山 朝鮮 海苔 醬燒 風味,10
元 本山 海苔 輕便 包 48 束 4 枚 368g,460
元 本山 無 調味 對切 海苔 30g26 枚 入,5
元 本山 朝鮮 對切 海苔,5
元 本山 朝鮮 對切 海苔 50g,5
元 本山 辣味 對切 海苔 20,10
元 本山 海苔 禮盒 90 束,45
元 本山 朝鮮 海苔 清香 麻油 45gx3 家樂福,5
元 本山 海苔 禮盒 90 束 69g,40
元 本山 鮮摘 海苔 禮盒 80 束愛買,5
元 本山 海苔 鮮摘 綠罐 80 束,5
元 本山 對切 海苔 辣味,10
元 本山 辣味 對切 海苔 135113,5
