item_name,item
SAJO 韓國 海苔 酥 70G,300
8809315502610NKFOOD 韓國 芝麻 香 炒 海苔 酥,15
橘品 原味 海苔,8235
TM 海苔 小 捲 80g,170
九福岩燒 海苔 餅 200g 袋,270
橘平屋 岩燒 海苔 辣味 3 入,25
韓味 兒童 海苔 酥,2520
加鐵 辣味 海苔,2090
雲朵 生活 美學 韓國 海苔 鬆 拌 飯 海苔 芝麻 鬆 韓 國 正宗 市場,20
正哲 厚味 海苔,85
雋品 三切 岩燒 海苔 戀梅 口味 梅子 海苔 隨身 包 12 包袋,10
橘平 屋燒 海苔,20930
KAKAOFRIENDS 海苔 酥 40g,350
大拇指 原味 海苔 酥,10
韓宇 泡菜 海苔,270
韓國照 燒味 海苔,100
嚴選 芥末 海苔,95
山聯味付 對切 海苔,250
台灣 生活 百貨御 和 屋御 海苔 巧絲 100g 無調 味巧絲 海苔,10
香脆 烤 海苔 捲 原味,130
韓國照 燒風味 海苔,350
世界 GO 大人 小孩 都 愛吃現 貨良 澔 片 烤 海苔 酥 爆 海苔 日,50
雋品 HiBs 三切 岩燒 海苔 香脆 烤 海苔 全素 原味 梅子 胡椒,5
池重 海苔 香餅,25
橘平屋 海苔 岩燒 原味 3 入,1975
山葵 風味 海苔 絲,65
韓國 麻油 海苔,2000
良 澔 玉米棒 海苔 味 105g,35
雋品 海苔 細片,20
小 老板 海苔 棒 捲 原 9P,290
吃貨 驛 站 現貨免 運附 發票 聯華 大禾 燒 海苔 細片 海苔,70
小 老板 海苔 辣 香味,1355
加藤 海苔 粉 16g,320
現貨免 運愛苔 玩 吃 了 必團 厚切 椒 鹽 海苔 香酥 醬燒 海苔 片厚,70
良 澔 片 烤 海苔 椒 鹽 口味 279370,10
全館 附發票 韓國 ibobomi 無 調味 海苔 片 無 調味 海苔 片,95
喜樂口 烤 海苔 捲 原味,15
上友 百濟 海苔,10
韓國 芝麻 香 炒 海苔 酥 55,240
阿峻 師岩 海苔,5
韓國 松山 廣川 海苔,2325
韓式 芥末 味 海苔,20
富麗 稻香 米 棒 海苔,25
8P 味付 海苔 片,405
萬泰 海苔 酥 150g,135
橘平屋 海苔 韓式 3 入,1440
橘平屋 韓味 海苔,1865
韓國 ibobomi 海苔 酥 綜合 蔬菜 25g 海苔 酥 韓國,10
橘平屋 新 摘 海苔 辣 26g,20
橘平屋 韓式 海苔,26680
百福團 購現 貨御 海苔 味付 海苔 鋁箔 袋裝 對切 24 枚 全素,20
橘平屋 海苔 醬 145g,15
推 MM 象 原味 海苔 捲,185
三切 岩燒 海苔 卵 黃,115
海苔 黑白 胡椒,1575
橘平屋 新 摘 對切 海苔,3495
Bonchi 海苔 球 125g,15
橘平屋 海苔 卡通 3 入,65
味付 造型 海苔 B,385
平袋 茶漬 海苔,50
張君雅 五香 海苔,6880
橘平屋 海苔 蛋 捲 60g 原味,335
笑蒡隊 頂級 牛蒡 芝麻 海苔 酥 紫米 海苔 酥 全素 咪咪 兔 小 舖 外,15
海苔 椒 鹽 蔥 油餅 半張,5
海苔 竹輪 96g,125
高岡屋 半切 海苔,6630
免運 現貨 Kabuki 泰國 海苔 捲 紫菜 捲 12 支 海苔 卷日,130
海苔 堅果 夾心,265
海苔 切片 250g,15
韓國 廣川 傳統 烤 海苔 減油 減鹽 海苔 12 入 48g 零食 圈,5
橘平屋 海苔 醬 150g,200
推 原味 小 老板 海苔,45
九福 海苔 燒子,5
MM 象 烤 海苔 魷魚,475
高岡 屋味付 4 切 海苔,55
KAKAOFRIENDS 海苔 酥 40,115
苔 嗑 厚切 海苔 椒 鹽 風味,615
蠟筆 小 新海 鮮 海苔 酥,5
巧益川 蜀 椒 麻烤 海苔,15
最新 效期 雋品 HiBs 三切 岩燒 海苔 香脆 烤 海苔 全素,475
橘平屋 岩燒 海苔 辣味,800
小 老板 海苔 棒 捲 辣 9P,70
山喜屋 詹粉 鹽 海苔 香 鬆 全 素,20
TM 海苔 中 捲 80g,200
四重 脆 海苔 哇沙米,3870
高岡屋 海苔 醬 150g,1820
新 九州 岩燒 海苔 派,2155
韓國 LUSOL 幼兒 烘烤 海苔 寶寶 海苔 名媛 婦幼,10
辣苔妹 海苔 鬆 餅 200g,150
番薯 先生 元 本山 對切 海苔 朝鮮 海苔 味付 原味 辣味 麻,25
電子 發票 現貨 韓尚宮 海苔 蜜汁 辣雞 有名 莞島 海苔 韓國廣,55
韓尚宮 海苔 酥原,1115
過年 特賣 最 便宜 韓國 海苔 京畿道 明太子 味付 韓式 照燒 海苔,5
山聯 辣味 海苔,11650
bibigo 傳統 海苔,10
元 本山 湖鹽 海苔,11260
泰國 小 老 闆 海苔 捲 3g12 支,25
王家 府 韓國 海苔,1030
泰國 小 浣熊 天婦 羅 海苔 醬燒 原味 經典 辣味 35g 海苔,335
優龍 韓系 海苔,1265
丸 海苔 天婦 羅 140g,70
一植肉 植物 海苔 香 鬆,5
世界 GO 韓國 ibobomi 無 調味 海苔 片 無 調味 海苔 片,45
團上豐 台式 烤 海苔,1045
橘平屋 海苔 蛋 捲 原味,135
獅賣 特實體 店面 小老 闆 厚切 海苔 海苔 小老 闆 海 苔原 味,50
橘平屋 有機 海苔,100
韓國 原味 海苔 酥 50g,40
味付 造型 海苔 A,235
橘平屋 海苔 岩燒 辣味 3 入,40
特選燒 海苔 208g,10
爆買 日本 永井 海苔 味付 海苔 片 8 切 6 枚 X8 袋入 最高 品,5
新 復 珍 海苔 鹹 米 香 零嘴 小物,5
SH 海豹 君 海苔,5405
蝦 皮代開 發票 海苔 控必 吃 吃 了 必團 厚切 椒 鹽 海苔 香酥 醬,10
韓國 廣川 烤 海苔,15
五鼓 海苔 脆片,45
海苔 風味 星子,7100
統 一生 機 海苔 蛋 捲 72g,35
N 雋品 岩燒 海苔,5
點加 價購 海苔,310
三島 海苔 香菇,10
高岡 屋加 鈣 海苔,520
IBOBOMI 無 調味 海苔 片,10
現貨 發票 日本 牛角 海苔 飯友 海苔 芝麻 風味飯 友海,10
蔬岩燒 海苔 海鹽洋,25
苔 嗑 香酥 海苔 片醬 燒風味 厚切 海苔 片椒 鹽 風味 45g,30
橘平 韓味 海苔,350
良 澔 海苔 片 烤 系列 酥 爆 系列 韓式 梅子 日式 無 調味 海苔 2,35
地瓜 酥 湖鹽 海苔,540
厚毅 藜 麥 海苔 餅 189g,45
12ibobomi 無 調味 海苔 片,50
日本 山憲 青海苔 粉 100g 章 魚燒 海苔 粉 大阪 燒 海苔 粉,10
日本 岩育 荒磯 海苔 醬 海苔 醬 青海苔 醬金 賞獎 180G,5
海德 寶 海苔 魚板,230
成京 原味 海苔,30
弘志 岩燒 海苔,15
SH 海豹 君 海苔 辣,90
韓國 原味 海苔 酥,200
朕 想 咬一口 厚切 海苔,25
齒妍堂 海苔 酥 50g 汪汪 隊 立大功 嬰幼兒 初食 海苔 酥 拌 飯,50
S 上豐 台式 烤 海苔,235
團 海苔 棒棒 捲 原味,25
和 興味付 細片 海苔,55
買 多 划算 發票 現貨厚 切椒 鹽 海苔 香酥 醬燒 海苔 片片 烤,75
金版 廣川 海苔 x 金版龍王 海苔 韓國 廣川 鹽味,230
湖池 屋 啵 利吉 海苔 麴 鹽,5
海苔 香 鬆 110g 悅豐,85
農會牌 海苔 純肉 酥,35
日本 浦島 海苔 三角 飯友 拌 飯 綜合 調味料 蝦仁 海苔 芝麻,205
海苔 薄燒 麻辣味,25
橘平屋 新 摘 海苔 半切 岩燒 三切 原味 辣味 海苔 海味 健康,10
良 澔 片 烤 海苔 蒜 香 口味 36g,2630
橘平屋 日式 海苔,875
海苔 天婦 羅 綜合海鮮,45
良 澔 片 烤 海苔 椒 鹽 口味 36g,250
景秀辛 海苔 辣味,1830
韓國 廣川 海苔 酥 50g,290
電子 發票 現貨泰國 小 浣熊 稑 禎 天 婦 羅 海苔 香辣 海苔 泰式,50
韓英 冬粉 海苔 卷,840
韓味 不二 鹽 烤 海苔,40605
泰國 Kabuki 海苔 玉米棒 42g 蘇珊 小姐 非常 棒 海苔 玉,10
漁翁島 海苔 脆燒,55
五榖 海苔 脆片,190
垂坤 海苔 鬆 餅 240g,15
現貨 刷卡 愛苔 玩 韓式 岩燒 海苔 梅子 口味 海苔 27 公克 包,55
世界 GO 韓國 英義 海苔 酥 泡菜 芝麻 原味 堅果 海苔 酥 炒,20
金朝鮮 海苔 辣味,830
推 MM 象酷 辣 海苔 捲,50
厚燒 海苔 經濟包,920
九福岩燒 海苔 餅 200g,5
開發票 玉民黃金 蕎麥 海苔 芝麻 杏仁 麻辣 蕎麥 海苔 海,50
元 本山 菊燒 海苔 10 枚 海苔 包壽司 一包 70 元 三包 200 元,10
丸 菓 海苔 天婦 羅 150G,5
現貨含 發票 聯華良 澔 良皓 酥 爆 海苔 酥 爆 海苔 蒜香 唐辛,135
旭成 海苔 菜脯 酥,50
元 本山 48 束 海苔,5
橘平屋 韓國 原味 海苔 酥,75
米 花糖 350g 包 海苔,5
橘平屋 新 摘半切 海苔,15
團 海苔 棒棒 捲 原味,575
不要 加 青椒 海苔,5
韓國 原味 海苔 酥 50g,15
池上 米餅 海苔,40
海苔 仙貝 190g,80
吃貨 驛 站 附發票 現貨上 禾燒 海苔 細片 海苔 細絲巧絲,20
味島 海苔 香 鬆 52g,205
電子 發票 現貨 苔 嗑 愛苔 玩厚切 椒 鹽 海苔 香酥 醬燒 海苔 海,190
海苔 巧絲 50g,10
推良 澔 金 辣味 海苔,175
高仰 三 海苔 酥 威加,165
韓國 名品 廣川 泡菜 芝麻 口味 炒 海苔 海苔 酥 40g,15
海苔 罐裝 肉 鬆 佳佳,330
韓式 泡菜 味 海苔,20
乙乙雜 貨店 橘平 屋味付 海苔 隨手 包 26 克 隨手 包 海苔,20
代收 代付 愛不 囉 嗦 牛萌王 杏仁 海苔 脆片 海苔 無添,5
飛天豬 海苔 芝麻 肉 鬆,5
海鹽 洋芋片 海苔,5
宗家府 傳統 海苔,315
大拇指 韓國 廣川 海苔,5
橘平 3 入 韓式 海苔,15
元 本山 橘燒 海苔,15
現貨供 應 日本 Anest 紙杯 造型 海苔 海苔 杯子 壽,5
14001333131 鴨間 稻 海苔 米 香 1,15
黑橋牌 海苔 肉 酥 170g,15
ibobomi 無 調味 海苔 片,95
46 驚 爆價 食小二附 發票 聯華 大禾 燒 海苔 細片 海苔,35
海苔 醬金蓋 170cc,35
澎湖 出貨媽宮 海苔 酥 海苔 酥 澎湖 伴手 禮媽宮,5
23 元 高岡屋 海苔,10
買 一送 一 KAKAOFRIENDS 海苔,15
S 買廣川 傳統 烤 海苔,1350
韓尚宮 海苔 酥 原味,40
垂坤 海苔 鬆 餅 275g,5
元 本山 海苔 輕便 包,15
太珍 香小農片 烤 海苔 小農 原味 海苔 現貨 蝦幣 10 倍 送,85
良 澔 金媽媽 韓式 海苔,10
舞味本 舖 海苔 大野 香脆 調味 海苔 120 枚 日本 原裝,5
韓味 海苔 酥 泡菜,2590
4972767004958 有 田 製 果 海苔 卷 50g,80
進發 海苔 素 肉 鬆 300g,15
現貨 附發票 韓國 英義 海苔 酥 泡菜 芝麻 原味 堅果 海苔 酥,10
嘉 南卡 啦 脆薯 海苔,25
池農 海苔 米 香 18 入,245
谷統 海苔 香 鬆 300g,15
韓味 不二 海苔 酥,30320
海苔 洋芋 捲 100g 包,20
現貨 發票 泰國 kabuki 海苔 捲 紫菜 捲 壽司 口味 海苔 烤,25
宗家府 橄欖油 海苔,210
香烤 風味 紫 海苔,15
高崗屋 海苔 醬 150g,15
舞味本 舖 海苔 佃 煮 海苔 醬 系列 瀨戶 青海苔 醬 日本 原裝道,5
農心 海苔 杯 麵 65g,15
韓國海農 迷你 海苔 20g10 入海 苔 包飯 韓式 海苔 效,5
岩育 荒磯 海苔 醬,5
世界 GO 現貨 韓國 正宗 廣川 海苔 廣川 金版 海苔 飯 糰 未付,60
發票 新鮮 到貨 MM 象 泰式 烤 海苔 海苔 捲 經典 原味,195
大拇指 胡椒 鹽 烤 海苔,5
台糖 海苔 芝麻 肉 酥,165
S 統 一生 機岩 海苔,505
海苔 天婦 羅 140g,5
橘岩燒 海苔 3 入辣,15
旭成 海苔 酥 270g,45
天素 海苔 素 香 鬆 600g,5
橘平屋 海苔 禮盒,545
金元 富 海苔 花生,10
纖薯 稻 日式 海苔,5
包壽司 用 海苔 片 100 張,15
廣川 海苔 酥 橄欖,1930
辣味 海苔 45g,10
代收 代付 苔 嗑 香酥 海苔 片醬 燒風味 厚切 海苔 片椒 鹽風,10
舞味本 舖 廣川金 海苔 韓國,70
展譽 海苔 小 麻花,20
丸友 荒磯 海苔 醬,160
統 一生 機海鹽 原味 岩燒 海苔 燒 海苔 洋芋片 超取 限 12,80
Calbee 海苔 鹽味,10
元氣厚切 海苔 梅子,10
出清 現貨 優惠感 日本 海苔 杯 海苔 壽司 杯壽司 杯 Ane,45
泰國 正宗 烤海 苔原 味 正宗 泰式 烤 海苔 大片 海苔,5
丸 嘉 海苔 天婦 羅 原味 芥末 現貨 日本 進口 海苔 天婦,10
現貨 電子 發票 韓國 原裝 進口 廣川 金版 海苔 廣川 鹽味 海苔 海,5
日本 浦島 海苔 三角 飯友 香 鬆 蝦 仁 蔬菜 鮪 魚 海苔 芝麻 鰹魚,5
海苔 粉類 請 給餐,5
橘 辣味 岩燒 海苔,5
萊 1D 軒記 海苔 肉 酥,10
波士 多丸友 荒磯 海苔 醬 180230g 丸友 海苔 醬 青海,5
4713837027435 統 一生 機 海苔,25
咖啦 脆薯 海苔 味,5
薌 豆豆 海苔 椒 鹽 黃 豆 墨西哥 辣椒 黃 豆蒜味 青仁 黑豆 海苔 椒 鹽,5
良 澔 嚴選 海苔 辣味,5
嘻 饈 仔現 貨丸友 荒磯 海苔 醬 日本 海苔 醬 180g 青海苔 醬,5
團肉 酥 堅果 海苔 燒,85
韓爸 田園 日記 小 芝麻 海苔 酥 酥 50g 韓國 海苔 酥兒 童拌 飯,20
橘平屋 韓式 海苔 3 入,5
味島 海苔 醬 190g,50
舞味本 舖 海苔 韓國 橄欖油 海苔 1 袋 12 小包 入超 商取貨 最 多 五,10
推黑橋 堅果 海苔 燒,60
下營 海苔 鵝 肉 鬆 250g 罐,50
雋品 飯 之友 海苔 酥,25
松貝有 田 海苔 捲 50g4972767004958aa4,15
現貨 發票 Kabuki 泰國 海苔 捲 壽司 口味 海苔 捲 紫菜 捲 1,30
盛 10 元 煎餅 海苔,5
免運 現貨 快速 出貨 日本 海苔 杯 海苔 壽司 杯壽司 杯 An,5
味島 海苔 香 鬆 60g,25
良 澔 烤 海苔 椒 鹽片 36g,5
現貨 電子 發票 太珍 香小農片 烤 海苔 小農 原味 海苔 椒 鹽海,35
海苔 酥 明太子 風味,100
御 海苔 巧絲御 和 屋 15,15
紅黎 海苔 脆片,25
14001453952 垂坤 海苔 肉 鬆,5
地 推廣川 傳統 海苔,55
高仰 三 海苔 酥 威加,5
最新 效期 每週 進貨雋品 HiBs 三切 岩燒 海苔 香脆 烤 海苔 全素,45
CHEONMYEONG 兒童 海苔 酥 4,15
地 推百劑 傳統 海苔,60
佳 里 牛蒡 脆片 海苔,5
團海樂 多 海苔 酥 泡菜,35
純鮮奶 脆餅 海苔,20
熱賣 中 日本 熊本 熊 海苔 有 明海產 好吃 海苔 日本海,5
橘平屋 原味 海苔 醬 150g,5
S 橘平屋 新 摘 海苔 辣味 2,10
高仰 三 海苔 酥 45g,5
現貨 海苔 脆片 原味 杏仁 五 穀 堅果 40g1 包 海苔 餅乾,10
橘平屋 海苔 醬 原味,10
味島 香 鬆 袋 裝 60g 海苔,155
菊燒 海苔 10 枚,5
橘平屋 6 束味付 海苔,5
北田 海苔 味 30 入,5
韓國 金媽媽 韓式 海苔 整袋 9 包 178 小 舖 韓國 海苔 海,5
4710562221589 辣苔妹 海苔 鬆,5
乙乙雜 貨店 橘平 屋橘 平屋 海苔 醬 昆布 海苔 醬 可以 當抹醬,15
海苔 素 香 鬆 200g 易開 罐,5
ibobomi 無 調味 海苔 片 15g 一盒 10 包入 韓國 海苔 寶,10
彰化 縣二林鎮 農會 蕎麥紅 薏仁 海苔 脆片 90g 零嘴 海苔 紅,10
橘平屋 辣味 海苔,5
海苔 夾心絲 130g,20
臺 灣現 貨網紅 即食 海苔 片 原味 海苔 烤 紫菜 壽司 兒 童女,5
韓國 LUSOL 夾心 海苔 20g 包 最新 效期 夾心 海苔,15
鬼頭 刀 魚 鬆 240g 海苔,5
雋品 三切 岩燒 海苔 戀梅 口味 梅子 海苔 隨身 包 IQT,5
韓國 麻辣 海苔,105
家福 三角 飯 糰 海苔,160
蠟筆 小 新 蔬菜 海苔 酥,5
元 本山 味付 海苔,310
加藤 細切 海苔 絲,35
韓國 12 袋 海苔,15
味島 香 鬆 海苔 香味,5
DIY 三角 海苔,1060
勞 海苔 風味 蠶豆,15
海鮮 風味 海苔 酥,40
泰國天 婦羅 海苔,15
海苔 夾心 三明治,15
橘平屋 海苔 48g,10
岩 海苔 3 入統 一生 機,45
團韓味 不二 海苔 酥,140
廚橘 平屋 海苔 醬,70
元 本山 海苔 禮盒,315
韓國 芥末 風味 海苔,115
推良 澔 無 調味 海苔,105
阿峻 師壽司 海苔,5
昆布 佃 煮 海苔 醬 190g,5
海苔 小卷 便利 包,40
海苔 芝麻 白飯,5
韓國味付 海苔 4GX12,55
巧益川 蜀 椒 麻烤 海苔,5
極餐 五切 海苔,15
張君雅 五香 海苔,10
香菇 鮮雞 海苔 芽,5
統一 海苔 肉 鬆 沙拉,4880
加價購 橄欖油 海苔,5
現貨速發 公主 派 對 現貨 韓國 金媽媽 韓式 海苔 韓國 海苔,5
韓國 嚴選味付 海苔,345
野菽家 海苔 藜 麥堅,20
電子 發票 現貨太珍 香小農片 烤海 苔原 味 海苔 椒 鹽 海苔 海,25
張君雅 海苔 丸子,55
三島 海苔 罐裝,5
百濟 什錦 海苔 酥,5
8809693950058ibobomi 無 調味 海苔 片 1,10
橘平 海苔 三明治,170
韓國 金版 廣川 海苔,40
海苔 仙貝 240g,30
橘平屋 海苔 醬 原味,15
金媽媽 韓式 海苔,10
有 機味付 半切 海苔,5
極餐 野 海苔 梅子,185
嚴選 辣味 海苔,100
永饌 照燒 雞 海苔 飯 糰,15
烏龜 脆片 海苔,385
元 本山 醬燒 海苔,610
東京 金味付 海苔 片,30
免運電子 發票 100g 海苔 脆肉 捲 新竹 利利號 海苔 肉紙,30
高岡 屋味付 海苔,745
代收 代付 韓國 韓味 不二 兒童 海苔 酥 拌 飯 海苔 酥 海樂多,5
木村 熊本 海苔,15
味島 香 鬆 海苔 香味,20
澎湖 海苔 小卷,5
韓國 芥末 味 海苔,10
橘平屋 海苔 醬 昆布,20
丸德廣島 牡蠣 海苔,5
橘平屋 海苔 贈 50 點,10
台畜 海苔 肉 鬆 1000g,5
義美 海苔 小卷,395
橘平屋 海苔 醬 昆布,530
蝦 皮免 運海 之脆 烤 海苔 15g 原味 辣味 零嘴 海苔,15
辣苔妹 海苔 鬆 餅 200g,5
吃貨 驛 站 現貨免 運附 發票 聯華 大禾 燒 海苔 細片 海苔,5
章 魚燒 不要 海苔 粉,5
蕎麥 紫米 海苔,10
奇多 12 元 海苔,5
章 魚燒 不要 撒 海苔,5
橘平屋 岩燒 海苔 3 入,5
韓國 熱銷 韓尚宮 海苔 酥,5
韓國 LUSOL 夾心 烘烤 海苔 寶寶 海苔 芝麻 烤 糙米,5
加價購 傳統 海苔,20
麻煩 不要 加 海苔,5
海苔 小 花生 酥 250g 新東陽 官方 直營旗 艦店 海苔 花生 酥,10
海苔 小 花生 酥 250g 需 預購 新 東陽 官方 直營旗 艦店 海苔,5
蝦 皮代開 發票 泰國天 婦羅 海苔 全素 原味 海苔 香 辣味 泰式,5
伊勢 海苔 佃 煮 110g,5
KAKAOFRIENDS 海苔 酥 40g,5
森吉小 舖 元 本山 對切 海苔 朝鮮 海苔 味付 原味 辣味 麻油,5
現貨 MM 象 泰式 烤 海苔 捲 泰式 烤 海苔 捲 經典 原味 酷辣 香味,5
喜樂口 泰國 SELECO 香脆 烤 海苔 捲 電子 發票 現貨 海苔,5
如意 海苔 素 香 鬆 270g,5
鈴木榮 光堂 海苔 仙,5
韓國 芝麻 香 炒 海苔 酥,5
良 澔 金朝鮮 海苔 辣味,5
云蓁 素食 小 舖 板 海苔 壽司 海苔 無 調味 100 張全素,5
台灣香 烤 海苔 RONGBIEN 芝麻 海苔 酥 兒童 餐桌上 配飯 小,5
森吉小 舖 韓國 ibobomi 無 調味 海苔 片 無 調味 海苔 片,10
橘平屋 海苔 輕巧包,5
農會牌 海苔 肉 鬆 180g,5
橘平屋 原味 海苔 醬 150G,5
