item_name,item
小厚 海鮮,4025
青海苔 粉 100g 包分 裝章 魚燒 大阪 燒燒 烤 飯,15
太冠 青海苔 粉 60g,105
良 澔 芥末 豆 180g,80
元 本山 辣味 對切 26 枚,40
植田 青海苔 粉 40g,25
山憲 青海苔 粉,30
蒜苔,125
烤 玉米 風味 米果 32g,5
植田海產 植田 青海苔 粉,75
小 老板 超級 大海 苔 超值 包 辣味 54g 包,365
青海苔 粉,225
脆筍 絲,180
佛卡夏海鮮 總匯,35
麻油 車有 機白 麻油 統購,105
洽洽 海鹽 風味 瓜子 160g 愛買,20
新東陽 蔓 越莓 雪花 餅 180g 包,10
佛蒙特 大 辣味,5
大拇指 青蔥 蘇打餅 140g,680
濃厚 老 薑 黑糖,20
TRYALL 蒜 了 啦 蛋白 薯片 45g 包蒜 香海鹽 3,25
酸中 傳奇 金門 高粱 酸 白菜,20
韓式 海螺 片,35
原味 雪貝 套餐 8oz,10
請 附辣辣包,5
脆 紫菜 辣味,2085
免運 現貨 快速 出貨 日本 日清 玉米片 早餐 玉米片 原味 玉,5
原味 雪貝 套餐 4oz,10
三色脆 薯片 海鹽 風味,20
正合味 大片 燒 75g 黑胡椒,125
池農 可樂果 麻辣,20
小 老板 超級 大海 苔 超值 包經 典味 54g 包,55
水苔柱 可加長 水苔 棒 加濕棒 椰纖棒 水苔 智利 水苔 植物 支,170
北海道 海棉 夾心,10
老 四川 酸辣粉 1065g,270
新生 辣 豆瓣 大 450g,640
扁豆 脆片 海鹽,5
Lays 樂事樂 事炙燒 干貝佐 明太子 醬 81 包,15
OishiTossPotatoCrisps 風味 脆片,5
辣包 10,5
買 一送 一鶴壽庭 鱈魚 黑芝麻 夾,5
辣包 2,30
小老 闆 大海 苔 厚片 原味 32g,25
韓國 寶海 水蜜桃 風味 燒酒 360ml,4585
要辣粉 5 包,5
新生 辣 豆瓣 大,10530
麥當勞 牛肉 吉事堡 可樂,2250
加點 麻油 風味飯 39,8560
新宜興 蘇澳 蕃茄 魚,1295
多力 多滋辣 雞 翅 48g,20
煙 燻 辣味 鳳爪,95
酸辣 海鮮 系列 20221219lzak6usz,5
辣味 螺肉 200G 包,205
香辣 烤半雞 可樂,5
正哲礦 鹽蘇 打餅 胡椒 蕎麥 純素 配方 380 克,145
辣包 8,5
SB 辣油 33ml,190
老 楊方塊 酥 144g 麥纖,70
大拇指 奶香 風味 饅頭 480g 包 188084,30
湖池 屋 The 海老風味 煎餅 33g,15
團鮮 魷脆 片 玫瑰 岩鹽,30
大拇指 奶香 風味 饅頭 480g 包 480g 包,775
辣包 多一些,5
老船長 紅燒 鰻 辣味 100g3 罐組 100g3 罐組,90
4710871005238 鴨間 稻 原味 米,15
SB 辣油 原味,70
詹醬 焦糖 香辣 爆米花 100g 包,5
青 花椒 香麻脆 雞 k,259945
同榮 辣味 燒鰻 易,3230
辣包 8,5
可樂 去 冰 兩包 胡椒,15
經脆 脆 CrispyChing 老油 條椒香 麻辣,25
海三鮮,5
三寶棒 狀 九州 辣豚 骨風味 拉 麵 1708g,60
大拇指 鱈魚 風味 黑芝麻 夾心絲 100g 大潤發,10
4711366210014 嘎 蹦 熊鮮 魷脆,5
辣粉 5,5
辣味 蛋 2,155
爆買 日本 日本 SB 辣油 唐辛子 辣油 四川 風 辣油 33,15
錦雯 代言 大 黑松 小倆 口限時 搶 購祥 賀禮 饌 牛 軋 糖 獨,85
要辣包 4 包,15
FUBO 蘇打餅 252g 青海苔 黑胡椒,70
蝦 皮代開 發票 韓國 LOTTE 樂天 Oing 海鮮味 脆條,5
海陸 雙響 綜合包,145
ORION 韓國 好麗友 鯨 魚王 脆餅 56g,120
辣味 峨螺,50
韓爸 米 片片 米餅 蘋果 口味,45
辣苔妹 卡蹦三鮮脆 麻辣 150g,40
4713282768082 紅 布朗 麻辣 堅,15
克里 奇 番茄 羅 勒 蘇 打餅 250g,25
DP22166 肉桂 蒂巴蕾 socks 守護水,55
一次 取老 楊方塊 酥 麥纖桶 500g,35
亞 麻仁 海鹽 蘇打餅 青蔥,10
2 塊 青 花椒 香麻脆 雞 k,3680
團雙色 地瓜 脆片,525
黑糖 沙琪瑪 360g 箱購 共 10 入新 東陽 官方 直營旗 艦店,5
御皇 原味 糙餅 3 片,10
嘉禾 黑胡椒 大蠶豆 400g 包,10
脆 紫菜 原味,4755
麥當勞 辣味 麥 脆 鷄 腿 即 享 券,135
沈家 花生 麻辣,570
always 泰式 酸辣 乾撈 麵 80g5 包,10
與 辣包,10
祥鈺水產 麻油 猴頭菇 400g 包 素食,30
台友 海味 鮮鐵板 沙嗲魚,15
恰恰 海鹽 瓜子 160g 包 焦糖 瓜子 160g 包 原味 瓜子 2,50
st 芝麻 蘇打餅 250g,10
辣粉 5,10
統一脆 麵 原味,115
小 老板 超級 大海 苔 超值 包經 典味 322611,5
300g 紫菜 蘇打,515
日清 早餐 玉米片,65
辣包 6,15
智利 水苔 七星 水苔 五星 水苔 中國水 苔 水草 蘭花 介質 苔球,65
Kuhne 冠利 辣味 酸黃瓜,5
祥鈺水產 燻 香 魷片 200g 包,50
元 本山 朝鮮 三切 麻油,135
可樂 去 冰 四包 胡椒,5
新市 農會 原味 毛,5
S112 橘平 屋味 付海,415
正哲礦 鹽 蘇打 香辣 百匯 口味 380g,10
分批 取 konomi 相撲 手脆 紫菜 辣味 32g,15
池 上海 苔 堅果 夾心,20
辣味 章魚 90G,15
辣不辣 鮪 魚 130g,315
大拇指 黑糖 風味 饅頭 480g 包 188595,30
EUREKA 爆米花 原味 海鹽,5
爆汁 方干辣,10
辣味 蛋 10,45
RT 麻辣 青豆 240g 包 240g 包,165
正哲 香辣 百匯 礦鹽 蘇打餅 380g 愛買,20
老姜 釣海鮮 雙拼 50g 海鮮餅 蕃茄 魚 原味 蚵,5
要辣包,220
老 四川 酸辣粉 1055G,5
泰式 碳 烤 麻辣 香魷片 24g,10
義美 酸辣 湯 300gA,30
自然 顏 紫菜 蘇打餅 大,7635
辣包 2,5
5 辣包,5
黃 金 脆皮 薯條,350
天惠 韓國 12 入海 苔菊,10
辣包 4,10
Colussi 義 大利 可露 希蘇 打餅 250g 橄欖油 迷迭香 味,25
狀元 辣油 香筍 340 公克,10
嘎 蹦 熊鮮 魷脆 片川 香椒麻,15
多維 他麥 脆餅 胡椒 海鹽 130G,10
達駿 霸味 小丸子,220
兩包 胡椒 鹽 一包 番,5
三幸 丸 大豆 旨鹽 仙貝,775
辣包 40,5
越 後 御手 薄 麻 糬 黃 豆粉 風味,95
老協珍 鴛鴦 佛 跳 牆,95
素飄香 麻辣 燙 麵 包,20
福松 幼脆 條瓜 390G,90
義 大利 CasaRinaldi 原味 蕃茄 糊 690g,5
超級 大海 苔 超值 包經,85
KoNoMi 相撲 手脆 紫菜 原味 32g 家樂福,5
當 咖哩 蟹 泰國 MIX 脆脆條,5
灰 BLW2858 辣,5
包子 三 兄弟 麻包,5
指雙雞 XL 原味,5
辣味 蛋 1,245
統 一生 機海鹽 洋芋片 50g 原味 香辣 大樹,30
御之味 蕃茄 棒棒 餅 256g,20
80127239 義 大利 Citres 酸黃瓜,5
橘平屋 3 入海 苔,10
三幸 丸 大豆 旨鹽 仙貝 117g,15
江崎 黑胡椒 培根 杏仁 風味 脆餅 42g,15
白 AAN1298 辣,5
纏綿 女性 收縮潤 滑凝膠 120G 保健食品 類醫材 藥品 5Charley 香氛 乾 洗手 凝膠 檸檬 30ml 保健食品 類醫材 藥品 104 塊 上校 雞塊 20230215y7pfcorf 生鮮 食品 類生鮮 肉品 54 塊 上校 雞塊 20230223z7pwae24 生鮮 食品 類生鮮 肉品 5 外送費 20230225m2sskekx 鮮食類 小菜 滷 味 5 外送費 20230225m8zn7wbi 鮮食類 小菜 滷 味 5 外送費 20230228p93z4m1g 鮮食類 小菜 滷 味 5 外送費 20230222d5bqu8wv 鮮食類 小菜 滷 味 5 廚房 大師 櫸 木柄 304 不 鏽 鋼 油 切 濾 網 濾 杓 麵 切 刷刷 鍋 日用 百貨類 餐廚 用品 10 立夢生 梅糖 85g 康是 美 飲料 類茶 飲 10 烘焙 廚房 瑞輝 食品 日式 鯛魚 燒粉 鯛 魚燒 預拌 粉 1 公斤 1kg 另有 烘焙 甜點類 蛋糕 15 日本 PGAriel4D 炭酸 洗衣 球 清爽 淨 白室 內 晾衣 日用 百貨類 衣物 清潔 85MORINO 石墨 烯 素色 緞條 浴巾 灰藍 70x135cm52 日用 百貨類 民生 紙品 5IH 深型 鍋 Days20cm 日用 百貨類 餐廚 用品 5 樹頂 100 蜜桃 綜合 果汁 200mlx6 愛買 飲料 類茶 飲 10304 不銹鋼 保溫杯 大容量 保溫壺 男戶 外 便 攜車載 水壺 學生 家用 熱水 日用 百貨類 餐廚 用品 5 橘之屋 304 加厚 防溢二層 提鍋 14CM 直徑 14cm 高 1 日用 百貨類 家庭 清潔 用品 10Markmarket 超 省力 電動 抽水 抽油泵 居家 車用 皆 日用 百貨類 汽機車 用品 類 5 蔓越莓 燕麥雜 糧豆 米 漿 植物 奶豆漿 14815 老 嚴家 台灣 現貨 硅膠 耳塞 防 噪音 隔音 降噪 神器 硅膠 耳塞 保健食品 類醫材 藥品 5 查米 現貨 日本 製 去 甘 皮 專 用 迷你 指甲剪 小型 指甲 剪切 保健食品 類醫材 藥品 5LocknLock 樂扣 樂扣 Tritan 彈蓋 優質 矽膠 運動水 日用 百貨類 餐廚 用品 5 華元 50g 甜卡力 點心 零食 類餅 乾 5 外送費 20230212b3aan5y1 鮮食類 小菜 滷 味 5 桂格 完膳 營養素 含白藜 蘆醇 配方 237ml24 入 2 箱共 保健食品 類 保健 養生 65499 元 用品 飲料 類茶 飲 5 舒潔 抽取 輕巧 包衛 生紙 日用 百貨類 民生 紙品 25Nabati 巧克力 風味 威化 餅 110g 點心 零食 類 巧克力 1435HOLA 伊藤快 接式 雙效 伸縮 刮水 地板刷 附 三段 伸縮 鋁柄 日用 百貨類 家庭 清潔 用品 5 橘寶濃縮 多功能 蔬果 碗盤 洗淨液 300ml 盒裝 3 瓶入 陳 月 卿 推薦 日用 百貨類 家庭 清潔 洗劑 5ADAM3D 廣角 鑽 石燈 3 色 ADCLCP160 日用 百貨類 汽機車 用品 類 5 代收 代付 MIUSTAR 五分 袖 YOURSELF 側 口袋 日用 百貨類 汽機車 用品 類 5 良品 開飯 高麗菜 素包 1 袋 4 顆 烘焙 甜點類 蛋糕 10 森白 海苔 山葵 味點心 零食 類餅 乾 35enac 依奈川 超值 5 件 組 現貨 日本 粉色 花花 超柔 軟長 絨 日用 百貨類 家庭 清潔 用品 5 咔 啦 雞 腿 堡絕 配餐 中辣 20230214z1mha 鮮食 類漢堡 5 咔 啦 雞 腿 堡絕 配餐 中辣 20230215a8udx 鮮食 類漢堡 5 外送費 20230209y6ds3b21 鮮食類 小菜 滷 味 5 外送費 20230209y8bb0gud 鮮食類 小菜 滷 味 5 外送費 20230210a2scqio3 鮮食類 小菜 滷 味 5 陳 家 糧 舍特 級 五香粉 Allspice 綜合 香料 基底 香料 民生 食材類 泡 麵 5 外送費 20230212y8qe5bpi 鮮食類 小菜 滷 味 5 外送費 20230207e099r7x6 鮮食類 小菜 滷 味 5 外送費 20230207xf6h017f 鮮食類 小菜 滷 味 5 富統 食品 火焰山 焙 燒里 肌 2 包組 1KG 約 40 片包 培根 烘焙 甜點類 蛋糕 5 東遠 釜山 綜合 魚板 560g 生鮮 食品 類生鮮 肉品 10 外送費 20230212zshke3lm 鮮食類 小菜 滷 味 5 外送費 20230213a1gyqlks 鮮食類 小菜 滷 味 5 外送費 20230213b1qlrjo0 鮮食類 小菜 滷 味 5Mayshop 座椅 收納箱 車載 儲物 箱車 用後備 箱 折疊收 日用 百貨類 汽機車 用品 類 15 一朵花 汽車 百貨 Nissan 日產 LIVINA 法蘭絨 避 烘焙 甜點類 蛋糕 5 森永多樂福 水果糖 新點心 零食 類 糖果 5 特大 杯 熱燕麥奶 那堤 20230226j8as4t69 咖啡 類現 做 咖啡 飲品 5 特大 杯 熱燕麥奶 那堤 20230227g1uks3kw 咖啡 類現 做 咖啡 飲品 5 附發票 聯府 LF3001LF3002LF3003 保健食品 類醫材 藥品 10F185 剪刀 廚房 剪刀 餐飲用 剪 剪刀 不 鏽 鋼 剪刀 日用 百貨類 餐廚 用品 15HT708 停車號 碼牌 手機 支架 旋轉 可 隱藏車 用導航 支架 停車 日用 百貨類 汽機車 用品 類 5SMAO 正版 卡通 授權 波力 05 兒童 安全帽 34 半罩 日用 百貨類 汽機車 用品 類 10 外送費 20230223f8xspdmh 鮮食類 小菜 滷 味 5 外送費 20230223g8yv9qur 鮮食類 小菜 滷 味 5 現貨送 防護網 X 型 機車 手機架 防滑 後 照鏡 四爪 日用 百貨類 汽機車 用品 類 10 請給 我 3 包 辣椒粉 冷凍 食品 類冷凍 蔬菜 51 件 802 件 120 元 飲料 類茶 飲 3415 法式 檸檬派 230217 烘焙 甜點類 蛋糕 9315MINI 披薩炸 雞獨 享餐 20230203t42e8 烘焙 甜點類 麵 包 520222023 年 SYM 三陽 機車 新迪爵 全新 迪爵機 日用 百貨類 汽機車 用品 類 20 多功能 兒童 機車 安全 帶升級 豪華版 六點式 機車 背帶 安全 背 日用 百貨類 汽機車 用品 類 85 老 油井 附發票 LIQUIMOLY 力魔 OILADDI 保健食品 類醫材 藥品 5 卷貝貝 生活 館 棉被 收納袋 小號 棉被 收納袋 睡袋 收納袋 被 日用 百貨類 嬰幼兒 用品 15 嚴選戶 外 涉水 防水 防滑 拉 鍊 束口長 筒 雨鞋 套 一雙 反光 條黑 日用 百貨類 汽機車 用品 類 5 克潮 靈櫥 櫃用 除 濕劑 去 霉味 400mlx4 入 x6 組 日用 百貨類 家庭 清潔 用品 5 全鮭 六滿福 附湯 或 飲品 20230219k9qvi 飲料 類茶 飲 5 車用 垃圾桶 車用 收納 汽車 垃圾桶 小型 垃圾桶 懸掛式 垃圾桶 日用 百貨類 家庭 清潔 用品 5 波蜜 冰釀 菊花 飲料 類茶 飲 5 黑豆 桑減 鹽 經典 養生組 225228 買 一組 送 一 組紅 飲料 類茶 飲 40 外送費 20230216v1kpneb6 鮮食類 小菜 滷 味 5 外送費 20230216w68a07kl 鮮食類 小菜 滷 味 5 外送費 20230216wbh04id1 鮮食類 小菜 滷 味 5 外送費 20230219e7qpplev 鮮食類 小菜 滷 味 5 外送費 20230220z7kl7wzp 鮮食類 小菜 滷 味 5 曼秀雷敦 SUNPLAY 防曬 噴霧 165ml 保健食品 類醫材 藥品 415 發票 現貨免 運青澤琪瑪 酥 法式 餅乾 巧克力 奶酥 花生 燒蝦 烘焙 甜點類 蛋糕 20 碎冰 用具 304 不 鏽 鋼 搗 碎 棒 壓 汁 棒 碎冰 器 搗蒜器 研磨 日用 百貨類 餐廚 用品 5 藥物 保存 日系 7 日 隨身 小藥盒 2 入 組藥品 收納盒 飾品 盒 保健食品 類醫材 藥品 25 外送費 20230214oabyv9j9 鮮食類 小菜 滷 味 5 永井 海苔 片 8P,15
4710562223026 辣苔妹,5
麻煩 附 5 包辣 粉謝,5
辣 三包,5
4710562223002 辣苔妹,15
M11 青海苔 黑胡椒 蘇打餅 252g,15
台灣 天貝天 貝益菌 脆餅 辣味 130g,5
立峰 香脆 筍,10
辣包 5,30
陶華碧老 干媽 香辣 脆 210g,25
黃 大目 香辣 脆筍 380g,5
辣苔妹 卡蹦三鮮脆 台式 鹽 酥 150g,80
M 礦鹽 蘇打餅 香辣 百匯 380g,10
酸辣 海鮮 系列 20230203lzak5y4j,5
白 AFH8985 辣,5
佛蒙特 咖哩 辣味 238g,5
韓國 IVENET 艾唯倪 穀 物 捲 50g 柑橘 風味 紫薯 風,5
不要 洋蔥 兩 包辣,5
辣包 3,15
江 麻油 辣乳,5
辣包 3,20
辣粉 3,10
礦鹽 蘇打 香椿 380g 包,5
HOYA 素媽媽 南瓜 堅果 素 肉 鬆 250gx1 包,5
海太 IVY 低糖 蘇打餅 270g,20
克里 奇義 大利 蘇打餅 500g 多 榖,35
您好 需要 二 包辣,5
辣 芒果 230g,10
多給 我 幾包 辣粉,5
永生 水草 苔蘚 馴鹿 苔 苔蘚克裝 多種 顏色 苔 蘚 水草,15
Stiratini 芝麻 蘇打餅 250g,5
原味 全堅果 100g,10
VanTaiwan 加拿大 代購 Takis 超級 辣脆 條辣,5
酸辣 海鮮 系列 20230121tzxsqhtu,5
辣包 x5,5
慧鴻三立 紫菜 蘇打餅 216g,5
韓國 連線 韓國 愛馬仕 魷魚 風味 辣條 50g,50
韓國 不倒翁 辣味 起司 拉 麵 單包,10
正哲礦 鹽蘇 打餅 胡椒 蕎麥 純素 配方 252 克,15
酸辣 雞 135,5
勁辣 唐辛子 85g,5850
辣包 7,5
饗 得 美 喀嚓 海鮮雙 拼脆 片 蒜 爆 胡椒 蝦 160g 桶,15
需要 辣包 4 包,5
小老 闆 大海 苔 厚片 辣味,10
池上 米 可樂果 麻辣,5
辣包 6,15
KITTIWAKE 吉諦 威元氣 狗 乾 糧 羊肉 口味 15Kg,50
我要 辣包,5
灰 BRU1907 辣,5
辣粉 4,25
要辣粉 10 包,5
三 幸 製 菓 全新 包裝 麻油 鹽味 仙貝海 老仙貝 沙拉 仙貝 日本,25
酸辣 海鮮 系列 20230403lzakujpd,5
辣粉 2,5
小 老板 原味 大海 苔,5
要辣粉 4 包,5
海神,5
可樂少 冰脆 雞 請給,5
甜辣 醬味榮,15
四重 脆海鹽,235
可樂 去 冰 一包 蕃茄,10
竹鹽 蕎麥蘇 打餅 海菜,5
中祥 自然 顏 紫菜 蘇打 120g,10
健康 本味 泰式 辣 芒果乾 200gTH17102431 辣,5
2 包 蕃茄 醬 可樂少,5
一點 另附 8 包辣包,5
豆沙 大包 5 入,5
小老 闆 大海 苔 厚片,5
現貨 電子 發票 海底 撈 麻辣 蝦 薯條 多件 優惠 滿額 折扣,10
辣粉 4,5
老船長 鱈魚 肝 120g 丹麥 第一 品牌 officer 油漬 煙 燻,75
9789864010998 用味 噌 小丸子 沖 泡,5
要 8 包辣辣粉,5
冠利 辣味 酸黃瓜 530g,5
Bobo 韓國 連線 好麗友 ORION 韓式 雞米花 脆餅 韓式,5
要 番茄 醬辣粉 3 包,5
辣粉 3,15
Nutrinini 脆妮妮 米 泡 芙 系列 42g 罐 原味 黑米,5
現貨 火爆 鯊魚 香辣 脆 麵 30 小包 盒 33809,5
要辣包 2 包,5
統 一生 機海鹽 洋芋片 香辣,10
要辣粉 8 包,10
5 包 胡椒粉 5 包辣,15
Masuya 米果 紫蘇梅 風味,85
藜 麥鮮 蔬粥 香椿 海帶 芽源,20
需要 辣粉 2 包,5
海老 綜合天 婦羅 20230413k8qkkpfj,5
巧米 多 甜不辣 脆片 墨西哥 紅椒 90g,10
相撲手 紫菜 原味,1740
VanTaiwan 加拿大 代購 CHEETOS 辣味 奇多,5
光泉 乳香 香甜 玉米 脆片,5
Bobo 韓國 連線 韓國 愛馬仕 魷魚 風味 辣條 50g,10
原味 蛋卷 60g 盒 607156,5
海底 撈 酸辣 牛肉 冬粉 番茄 牛肉 冬粉 酸辣 什錦 冬粉 台灣 泡,15
辣膠 2 包 蕃茄 醬 2 包,5
芋頭 脆片 麻辣 小,45
辣片 鄉 鄉 嘴 大辣片 手 撕豆皮 麻辣 片辣條,10
火腿 風味 三明治,10
Aji 芝麻 蘇打餅 300g,10
辣粉 1,5
Bento 泰式 碳 烤 麻辣 香魷片 6g 麻辣 橘 香辣 紅,40
韓國 12 袋 入海 苔,25
4713282767979 紅 布朗 麻辣 堅,5
麥君 黃 金辣 干條,5
全素 促銷 香菇 素脆 麵 20g 包 嘉南 脆 麵 有效 11206 素食,5
三海幸 辣味 噌 大豆 零嘴,10
雞肉 不要 辣 的 可樂,5
農心 甜辣 水梨 麵 129gx4 包 韓國代購 韓國直 送韓,15
辣粉 8,5
光州 韓式 泡菜 350g,5
預 D 韓式 海螺 片,10
紙 一包 黑胡椒,5
麻煩 附辣包,5
味榮元氣 麻辣 醬 250g,5
海水 黑 鯛,65
辣包 3,5
三包,10
爆買 日本 日本 SB 辣油 唐辛子 辣油 四川 風 辣油 33,15
海 滋味 生機 海鹽,120
辣味 麥 脆 鷄 腿 2 塊 套餐,15
小 老板 超級 大海 苔 超值 包 辣味 322619,10
N012600041 蘇老爺 經典 原味 花,5
泰式 麻辣 香魷片,1070
需要 辣粉 10 包還,5
konomi 相撲 手脆 紫菜 辣味,70
雙入 泡 芙 北海道 風味,60
麻煩給 我 多 幾包辣,5
韓國 12 袋 入海 苔,5
沙茶 香辣 雞 胗,20210
4710871005238 鴨間 稻 原味 米 香 120g,5
少爺 5 入海 苔 米果,5
NAUTICA,20
海山 白話梅,5
單點 韓式 泡菜 燒肉 三明治,5
橘平屋 岩燒 3 入 原味,5
香片 瓜,15
良 澔 辣味 豆丁 三角 包,10
三興 辣味 紅燒 鰻 48,5
紫米 芝麻 大海 苔片,5
麻香雞 胗,15
酸辣 海陸 系列,15
OOHA 柚子 海鹽,90
DRJelly 低卡 蒟 蒻 果凍 150g 水蜜桃 風味,10
小老 闆 超級 大海 苔 超值 包經 典味,5
一包 蕃茄 醬 可樂去,5
蕃茄 醬 6 包辣粉 4 包,5
塔香 三杯 雞,365
辣味 鹽燒 薏仁,5
6 包辣辣 包謝謝,5
4711366211172 嘎 蹦 熊鮮 魷脆,10
台友 鱈 魚紅片,5
konomi 相撲 手脆 紫菜 原味,215
蔬菜 風味 三明治,15
海洋 三藻 混合 香料,5
麥君 大溪 豆干 黃 金辣 干條,5
麻煩 附 6 包辣 粉謝,5
不要 辣包,5
味付 海蜇,5
電子 發票 現貨衛龍 台灣版 魔芋 爽 麻辣 素 毛肚 香辣 素 毛肚,5
蝦 皮代開 發票 旺 仔小 饅頭 經典 原味 奶蛋素 無 添加 色素 防腐 劑 甜,5
辣粉 8,10
新北小農 青花 苔,5
8809054409652Yopokki 甜 辣味 辣,5
嘎 蹦 熊鮮 魷脆 片黃金 鹹 蛋 250G 愛買,5
4710562223019 辣苔妹,5
辣粉 10,5
辣辣包 5 包,5
辣粉 1,5
