clusterName_0,clusterNum_0,clusterName_1,clusterNum_1,clusterName_2,clusterNum_2,clusterName_3,clusterNum_3,clusterName_4,clusterNum_4,clusterName_5,clusterNum_5,clusterName_6,clusterNum_6,clusterName_7,clusterNum_7,clusterName_8,clusterNum_8,clusterName_9,clusterNum_9
海苔,260040,雞,284260,海苔,23765,海苔,55360,苔原,33180,海苔,15340,本山,35625,海苔,183870,辣椒,850,海苔,131940
韓味,78255,青,263625,酥,8550,原味,21035,味,32715,烤,3485,海苔,35625,鹽,60305,剝皮,295,家福,46075
不二,71070,花椒,263625,烤,8085,烤,19695,海,15215,酥,2505,元,35605,烤,51085,良泉,180,半切,33710
烤,47850,香麻脆,263625,椒,4015,泰式,19335,厚片,11045,片,2480,朝鮮,13845,KS,43900,400g,180,小,31385
鹽,41925,k,263625,澔,3835,60g,16140,32g,10980,澔,2320,對切,13600,元,36430,包,155,老板,31305
酥,41360,香辣,20380,爆,3795,包,16085,橘平,9515,良,2180,包,6870,本山,36410,5,85,原味,29160
橘平屋,39350,胗,20225,良,3760,mm,14385,燒海,9460,爆,2100,束,6835,酥,18120,2,80,泰國,21755
韓式,28310,沙茶,20210,魷魚,3700,大象,14385,屋岩,9325,鹽,1965,48,6745,高岡屋,12205,3,75,厚片,20080
