item_name,item
請 提供 辣椒 包 2,25
請 提供 辣椒 包因,5
請 提供 辣椒 包謝謝,145
請 提供 辣椒 包 2 包,10
提供 辣椒 包,10
提供 餐紙 2 辣椒,5
請 多 提供 一些 辣椒,5
請 提供 辣椒 包謝,10
請 提供 辣椒 包 胡椒,5
請 提供 辣椒 包 6,5
請 提供 辣椒 包謝,10
請 提供 辣椒 包 10 包,45
旁 桌上 請 提供 辣椒,5
請 提供 辣椒 包 4 包,30
請 提供 3 包 辣椒 包,15
塊 請 提供 辣椒 包,5
請 提供 辣椒 包 2 謝,5
請 提供 辣椒 包和餐,60
請 提供 2 包 辣椒,5
請 提供 胡椒粉 辣椒,5
請 提供 辣椒 和 胡椒,5
請 提供 辣椒 包 x6,5
辣椒 包請 提供 謝,5
請 提供 辣椒 包 3 及,5
請 提供 辣椒 包 5 謝,5
請 提供 8 包 辣椒 包,15
請 提供 餐具 辣椒,10
請 提供 辣椒 包商,5
請 提供 餐紙 辣椒,5
請 提供 黑胡椒 辣椒,5
請 提供 辣椒 包餐,30
請 提供 辣椒 胡椒 包,5
請 提供 辣椒 包 跟 黑,5
請 提供 辣椒 包 6,10
請 提供 4 包 辣椒 包,20
請 提供 辣椒 包 6 包,25
請 提供 8 包 辣椒,5
請 提供 辣椒 包 4 包,10
請 提供 5 包 辣椒 包,20
請 提供 辣椒 包,880
請 提供 辣椒 包請,5
請 提供 辣椒 包 4,5
請 提供 胡椒 辣椒,10
請 提供 辣椒 包到,5
請 提供 辣椒 包 3 包,10
請 提供 辣椒 包 8 包,10
請 提供 辣椒 包和胡,5
請 提供 辣椒 包 2 支,5
請 提供 辣椒 包 5 包,25
再 請 提供 10 包 辣椒,10
請 提供 辣椒,10
請 提供 辣椒 到 包,5
請 提供 辣椒 包 x5,5
請 提供 辣椒 包 8 包,5
請 提供 辣椒 包 2,5
提供 辣椒 包請,5
請 提供 辣椒 包 跟 胡,5
請 提供 辣椒 包衛生,5
請 提供 辣椒 包黑,5
請 提供 胡椒 鹽及 辣椒,5
椒 洋蔥 請 提供 辣椒,5
請 提供 辣椒 包,5
請 提供 胡椒 辣椒,5
請 提供 6 包 辣椒 包,5
只 需 提供 辣椒 包,5
請 提供 辣椒 包 4 謝,5
請 提供 辣椒 包 5 包 跟,5
請 提供 辣椒 包 8,5
請 提供 辣椒 包跟番,5
請 提供 一些 辣椒 包,5
請 提供 辣椒 包 3 謝,5
請 提供 辣椒 包 1,5
煩請 提供 辣椒 包,5
請 提供 辣椒 包,5
請 提供 辣椒 包,10
請 提供 辣椒 包 4 謝,5
請 提供 510 包 辣椒,5
糊椒 辣椒 請 提供,5
提供 胡椒粉 辣椒,5
請 提供 辣椒 包謝,5
請 提供 2 份 辣椒 包,5
請 提供 辣椒 包請,10
請 提供 辣椒 包請,5
請 提供 胡椒 和 辣椒,5
請 協助 提供 4 包 辣椒,5
請 提供 辣椒 包二包,5
請 提供 4 人分 辣椒 包,5
請 提供 辣椒 包 x4,5
請 提供 3 包 辣椒 包,5
請 提供 胡椒 及 辣椒,5
請 提供 辣椒 包 4,5
請 提供 辣椒 包 x2 及,5
辣椒 包主動 提供,5
提供 辣椒 包 6,5
請 提供 5 包 辣椒 包,5
請 提供 3 辣椒 包謝,5
