item_name,item
蘭陽 有機 菠菜,140
筠水觀 有機 地瓜 葉,440
名間 雙享菇 有機 認證,810
L 有機 芭樂 青綠緣,60
有機 霜降 黑 蠔菇 150g,755
有機 高麗菜,17400
有機 洋甘菊 茶 580ml,65
有機 玉米 筍田園,35
有機 甜菜 根藻 安,25
有機 葉菜,1310
有機 綠竹筍,30
有機 莧菜,360
亞植 有機 芥蘭菜,135
佳雨 有機 青松 菜,160
家福 有機 甜菜 根切 塊,1415
有機 白菜 小白菜,5
有機 牛 番茄 蘭陽 kg,15
鮮採 有機 黑葉白,17180
有機 紅龍果,115
有機 珊瑚 菇 彰,6935
有機 蘋果 絲瓜 500g,520
有機 苦瓜 500g 袋 500g 袋,90
有機 小白菜,73150
有機 高冷 高麗菜 900g5900g5,1425
有機 紅杏菜,20
萬生 有機 蚵 白菜,795
有機 A 級杏 鮑菇 小,2400
有機 香菜 北農,1610
菇 的 家 有機 雙亨菇 150g,90
城南 有機 青江 菜,215
有機 青江 菜力,51470
有機 葉蘿 蔔,285
有機 白菜,2305
e 有機 黑葉 白菜 250g5 包 771750,50
有機 雪白 菇 好菇 道 100g,22175
有機 青蔥裕,2035
有機 青松 菜 鴻,2030
有機 牛蒡 鴻宇,1505
有機 雪白 菇 特價 35,20
有機 甘藍裕,1560
有機 薑 粉 100g 簡單,110
有機 胡蘿 蔔 J,110
有機 紫 糯玉米,5
南瓜 有機,930
有機 甜菜 心,95
有機 金滑菇 彰,11360
有機 糯米 椒 鴻,845
家樂福 有機 地瓜 葉,4800
e 有機 地瓜 葉袋,45
e 有機 青江 菜袋,40
有機 玉米 醬 180g 青葉,180
城南 有機 綠色 地瓜 葉,90
有機 白玉 苦瓜,625
有機 青蔥 150g,120
鮮採 有機 青江 菜,18225
S 有機 高麗 菜青 綠緣,340
有機 高冷 高麗菜 XXS,55
有機 高麗菜 大,2970
有機 中乾 香菇,375
千蕓 有機 青江 菜,40
有機 綠葉 鼠尾草,15
有機 金滑菇,125
萬生 有機 福山 萵苣,555
有機 綠 地瓜 葉青綠緣,510
有機 玉米 筍 300g 袋 300g 袋,1525
有機 高冷 高麗菜 拉拉山,360
有機 荷葉 小白菜,820
有機 綠 地瓜 葉,50
筠水觀 有機 小白菜,580
有機 黑葉 白菜 青綠緣,670
有機 地瓜 葉奶薯 菜,30
佳雨 有機 青江 菜,440
羽田 鮮切 有機 南瓜,340
有機 黃 秋葵 北,160
好菇 道 有機 雪白 菇 100g849447,125
時生 有機 油菜,50
佳雨 有機 羽衣 甘藍菜,140
碧蘿村 有機 珍珠 菜,50
有機 辣椒 100g,70
有機 高冷 高麗 S,445
茄子 有機,2290
有機 玉米 筍 100,15
有機 玉米 筍台 朔,550
有機 絹 豆腐,115
有機 茄子 日種,315
蘭陽 有機 木耳,10
有機 薑 黃 200g,80
有機 青江 菜 40,20
有機 青江 菜 250g,10
壽豐 有機 彩色 甜椒,5
有機 胡蘿 蔔,5515
有機 黑葉 白菜 250g 包,160
有機 莧菜力 青,1750
有機 活株 陶 立克 杏 鮑菇 230g5 盒 230g5,1220
有機 綜合菇 150g 青葉,200
有機 皇宮 菜,1970
有機 蔬菜,2585
台朔 有機 苦瓜,35
有機 甜蘿蔓,260
有機 甘栗 150g,20
有機 地瓜 葉,800
亞植 有機 優愛菜,70
有機 南瓜 小翰,195
玉美 有機 黑木耳 100g,10
台塑 嚴選 有機 綜合,20
碧蘿村 有機 地瓜 葉 250g,30
有機 綠 豆芽 J160g,55
筠水觀 有機 皇宮 菜,100
有機 鮮採 筊 白筍,10
有機 薑 黃 粉 130g 種瓜,490
永齡 農場 有機 青江 菜,550
有機 筊 白筍 鴻,295
魔菇 部落 有機 活株 鮮 香菇 150g,70
壽豐 有機 紅 鬚 玉米 筍,65
有機 活力 菜,55
有機 小白菜 250g 袋 250g 袋,2815
有機 甘藍小裕,695
有機 青江 菜 500G,55165
甜 芥菜 有機,180
有機 雪白 菇 集,40
永齡 農場 有機 小白菜,520
有機 羽衣 甘藍蘭陽,55
碧蘿村 有機 蚵 白菜,1565
鄉菇 香特上 有機 香菇 小,230
有機 荷葉 小白菜 蘭,155
有機 韭菜,565
有機 青江 菜 鴻,34065
壽豐 有機 薑,10
有機 木瓜 S,40
有機 黑木耳 蘭陽,10
菇菇 好 有機 雪白 菇,150
有機 青江 菜,15540
有機 羽衣 甘藍,2745
家樂福 有機 福山 萵苣,4765
冷凍 有機 玉米粒,1165
Babylea 有機 綜合 生菜,55
有機 青松 菜,1600
佳雨 有機 荷葉 白菜,155
筠水觀 有機 青江 菜,1000
有機 甘藷,5
青江 菜 有機,15955
皺葉 白菜 有機,6755
有機 珊瑚 菇,1230
有機 小白菜 J,20
代銷 有機 青江 菜,140
青綠緣 有機 小白菜,605
有機 高冷 高麗 M,255
碧蘿村 真空 有機 酸菜,190
碧蘿村 有機 龍 鬚 菜,215
有機 乾 香菇 小中菇 200g 上安,25
鮮切 有機 冬瓜 片 600g,210
有機 蚵 白菜,5750
BABYBIO 有機 甜薯 泥 130G,5
有機 甘粟,5
漢光 有機 青江 菜,1175
台塑 有機 黑木耳,45
有機 牛 番茄,4925
有機 完株 杏 鮑菇,39885
有機 銀耳彰菇,6045
青葉 有機 玉米粒 220g 青葉,950
有機 洋菇 200g,1140
有機 洋菇 中龍池,110
家樂福 有機 青江 菜,49510
有機 帶殼 玉米 筍藻 安,25
碧蘿村 有機 芥蘭菜,235
有機 雪白 菇專,725
S 有機 南瓜 青綠緣,30
有機 白莧 菜青 綠緣,215
綜合芽 菜 四合 一 120 有機,1140
有機 福山 萵苣 菜 250g 包,525
有機 黑木耳,77500
聖藏 買 S 有機 黑葉 白菜,25
有機 黑美人 菇 團購,150
有機 洋菇 素茵,23075
10 有機 芥蘭菜,210
有機 乾 香菇 大中菇 200g 上安,40
台朔 有機 韭菜,5
10 有機 黑葉 白菜,100
芝羽 有機 羽衣 甘藍,2355
有機 紫衣 白菜,25
有機 綠 蘆筍,110
有機 萵苣,880
有機 東京 白菜,355
千蕓 有機 青松 菜,20
佳雨 有機 奶油 白菜,335
10 有機 青松 菜,145
有機 去 殼 玉米 筍 100g,20
紅 鬚 玉米 筍 有機,5185
S 有機 牛 番茄 青綠緣,165
有機 筊 白筍 蘭陽 kg,10
菇菇 好 有機 雪白 菇 150g5 包 743757,160
有機 柳松菇,40
有機 蘋果 絲瓜,1535
有機 紅 鬚 玉米 筍,3170
有機 綜合菇 美綠華,130
有機 高麗 菜蘭陽 kg,295
青綠緣 有機 青江 菜,900
有機 葉用 蘿 蔔,25
有機 彩色 甜椒,70
e 有機 茄子 袋,5
佳雨 有機 甜菜 心,25
有機 青龍椒,420
好菇 道 有機 組合,138600
有機 南瓜籽 仁,4440
永齡 有機 黑葉白,20
有機 青松 菜力,9615
e 有機 玉米 筍袋,10
羽衣 甘藍 有機,3360
有機 糯米 椒 北,40
KS 有機 綜合 蔬菜,865
鮮採 有機 地瓜 葉,8840
家樂福 有機 黑美人 菇,13885
台朔 嚴選 有機 玉米,65
有機 高麗菜 芽,65
有機 青江 菜青 綠緣,1060
有機 木瓜,300
有機 水果 絲瓜 400g,180
10 有機 小白菜,320
麻園 有機 本土 冰烤 地瓜,305
綠竹筍 中筍 有機,30
漢光 有機 黑葉 白菜,2015
好菇 道 有機 雪白 菇 100g,24820
鴻 喜菇 180 有機,1220
壽豐 有機 黑木耳,25
有機 結球 白菜,2605
萬生 有機 雪白 菇,280
碧蘿村 有機 青江 菜,1565
良山 有機 荷葉 白菜,305
有機 黃 秋葵 鴻,2040
聖藏 買 有機 荷葉 白菜,930
本土 有機 黑豆 400g 免東豐,480
聖藏 買 S 有機 小白菜,80
有機 嫩豆腐,70
有機 芥蘭,25
佳雨 有機 小白菜,175
結球 萵苣 有機,285
有機 嫩 葉 菠菜,2860
好菇 道 有機 雪白 菇,125
有機 季節 時蔬,125
有機 玉米 筍碧蘿村 有 機農場,5
有機 甘薯 葉,10
有機 黑葉 白菜 250g,11950
有機 黑美人 菇 150g,3310
有機 好友 菇 好菇 道,3830
有機 雪白 菇,116465
有機 羽衣 甘藍青 綠緣,2285
芝羽 有機 小白菜,860
良山 有機 青江 菜,500
漢光 有機 小白菜,1870
10 有機 福山 萵苣,305
優果家 有機 紅 鬚 帶 殼 玉米 筍,840
有機 黑葉 白菜 小農,460
有機 小 芥,5
龍池 有機 洋菇 大,710
聖藏 買 S 有機 黑葉 白菜 青綠緣,175
碧蘿村 有機 韭菜,110
棉花田 有機 甜糯 玉米 分享 包,20
有機 金滑菇 250g,145
有機 蕃茄 醬 270g 可果 美,570
有機 福山 萵苣 J,15
甜玉米 有機,1115
M 有機 水果 玉米 青綠緣,50
壽豐鄉 有機 蔬菜,200
有機 乾 香菇 大菇 200g 上安,40
千蕓 有機 黑葉 白菜,110
魔菇 部落 有機 活株 黑木耳 150g,85
良山 有機 甜菜 心,70
聖藏 買 3SM 有機 高麗菜,535
蘭陽 有機 奶油 白菜,85
鄉菇 香特上 有機 香菇 大,300
有機 高麗菜 8001000G 包,385
碧蘿村 有機 皇宮 菜,135
有機 綠 寶 萵苣,10
時生 綜合 有機 蔬菜,50
有機 雙響菇 特價 35,10
有機 地瓜 葉力,1860
有機 金滑菇 素,1250
有機 細葉 地瓜 葉田園,30
有機 黑葉 白菜 250g,665
有機 南瓜 小,655
有機 甜菜 根,645
碧蘿村 有機 青江 菜 250g,20
有機 黑葉 白菜 力新,20
有機 地瓜 菜,10
時生 有機 青江 菜,155
綠萌子 有機 高山 高麗菜,35
筠水觀 有機 福山 萵苣,265
有機 高麗菜 8001000g 粒 800g1000g 粒,1175
千蕓 有機 荷葉 白菜,75
亞植 有機 黑葉 白菜,560
有機 小白菜 蘭陽,145
有機 地瓜 葉蘭陽,90
永齡 農場 有機 黑葉白,175
甜筍 有機,45
聖藏 買 S 有機 青江 菜,2775
e 有機 小白菜 250g5 包 770412,105
M 有機 南瓜 青綠緣,10
有機 花蓮山 苦瓜,275
碧蘿村 有機 結頭 菜,100
蘭陽 有機 小白菜,130
台塑 嚴選 有機 芝麻,10
聖藏 買 SS 有機 高麗菜,50
筠水觀 有機 甜菜 心,860
有機 四季豆 蘭陽,10
棉花田 有機 玉米 筍,10
有機 南瓜,1535
有機 瓠 瓜,85
有機 甘藍小,2605
有機 茄子 300g,325
BABYBIO 有機 南瓜 紅蘿 蔔 泥 1,20
063930945643 有 機思維 Filsingers 有機,5
家福 有機 紅 鬚 玉米 筍,2490
有機 結頭 菜,15
行健 有機 筊 白筍,5
有機 龍 鬚 菜,695
有機 韭菜花 藻安,90
有機 老 薑 粉,70
有機 油菜 蘭陽,15
有機 茄子,6400
時生 有機 黑葉 白菜,665
菇菇 好 有機 雪白 菇 150g5 包,15135
M 有機 白花 菜 美綠華,50
芝羽 有機 青江 菜,810
聖藏 買 S 有機 黑葉 白菜,1190
有機 茄子 美綠華,135
有機 高麗菜 900g 袋 900g 袋,15
有機 甘藍 高麗菜,270
蘭陽 有機 豌豆苗,40
亞植 有機 甜菜 心,10
有機 薑 粉 100g 青荷,65
陳 家 有機 金山 紫玉 地瓜,10
鮮採 有機 青松 菜,6460
有機 菠菜 250g 袋 250g 袋,1995
有機 萬 紫 白菜,70
有機 大阪 青松 菜,30
有機 綠 地瓜 葉藻 安,105
亞植 有機 青松 菜,685
有機 霜降 黑 蠔菇,9135
有機 高山 翠玉 白菜,6520
有機 玉米 筍,1435
有機 特選杏 鮑菇 600g5600g5,8455
2 有機 紅 鬚 玉米 筍雲林 古坑,5
M 有機 白蘿 蔔 青綠緣,320
享活 有機 黑木耳,3415
有機 高麗菜 小,8585
有機 菜豆 鴻宇,240
城南 有機 紫色 地瓜 葉,35
糯玉米 有機,3080
有機 甘栗 100g,15
有機 福山 萵苣,1095
有機 紅鳳菜,150
有機 秋葵,500
黃 玉米 有機,4085
漢光 有機 福山 萵苣,1860
有機 黃 秋葵 裕,6785
有機 小辣椒 青綠緣,40
有機 蔬果 葉菜類,20
有機 活株 陶 立克 杏 鮑菇 盒,55
有機 水連葉,5
城南 有機 紅鳳菜,65
有機 紫心 地瓜,105
有機 雪白 菇 好,407675
有機 黑葉 白菜 m,5
有機 奶油 白菜,27585
有機 地瓜 葉 500G,950
優境 有機 翠玉 白菜,300
蘭陽 有機 福山 萵苣,45
有機 洋菇 大龍池,140
有機 綠茶 75g,5
M 有機 南瓜 美綠華,10
有機 洋菇,2495
有機 老 薑,100
有機 轉櫻桃蘿 蔔,940
良山 有機 褔 山 萵苣,385
三 崧 美國 有機 西芹,565
有機 日本 娃娃 菜,15
碧蘿村 有機 水果 玉米 M,25
有機 猴頭菇 200g,165
半結球 萵苣 有機,1990
074305001321 統 一生 機 Bragg 有機 蘋果 醋 94,60
有機 香菜,4500
長 豆 有機,65
花 公主 有機 粒肥 600g,360
有機 黑 芥 藍菜,170
有機 高山 高麗菜,690
有機 青花 椰苗 美綠華,410
有機 A 菜,1515
壽豐 有機 水果 玉米,5
鮮採 有機 小白菜,26620
有機 青江 菜 m,25
有機 高冷 高麗菜 XS,30
有機 紅 鬚 玉米 筍雲林 古坑,90
有機 尖葉 芝麻 菜,60
漢光 有機 水果 玉米,10
有機 截切 甜菜 根台 朔,260
筠水觀 有機 韭菜,115
有機 在 來 白米 600g 免銀川,55
10 有機 青江 菜,480
碧蘿村 有機 甜玉米 Kg,5
有機 甜玉米,660
千蕓 有機 小白菜,35
有機 高山 福山 萵苣,1240
有機 地瓜 葉 250g 包 250g 包,440
有機 福山 萵苣蘭陽,35
2 有機 愛玉子 綠谷,20
台糖 有機 青椒,5
碧蘿村 有機 菠菜,760
有機 蔬菜 19,285
有機 油菜,265
S 有機 茄子 青綠緣,60
聖藏 買 3S 有機 青江 菜,660
有機 猴頭菇,1075
有機 高山 高麗菜 粒,65
棉花田 有機 牛 番茄,45
有機 羽衣 甘藍 200G,11020
有機 南瓜 小北,270
有機 水果 玉米,10
碧蘿村 有機 西洋 芹,750
有機 黑葉 小白菜,410
有機 雙響菇 綠園,25
新竹 有機 綠 豆芽 200G,15
青花菜 筍 有機,785
S 進口 有機 西洋 芹菜 青綠緣,20
甜蜜 有機 紫 蘆筍 特選,170
有機 甘藍鴻宇,1630
有機 甜菜 根 550g 包 367378,10
有機 蔬菜 35,60
有機 高山 高麗菜 L 田園,15
小白菜 有機,1040
有機 莧菜 250 克袋 250g 袋,440
城南 有機 黑葉 白菜,145
羽田 鮮切 有機 冬瓜,45
有機 白木耳,15
漢光 有機 青松 菜,180
有機 黑美人 菇,2880
有機 優愛菜,30
優境 有機 雙響菇 M,1400
M 有機 甜玉米 美綠華,20
筠水觀 有機 香菜,610
大員美 荷葉 白菜 有機,10
有機 甜菜 心亞植,140
有機 黃 秋葵 200g,750
有機 鹿角 萵苣,845
有機 小 芥菜,2605
有機 高冷 高麗 L,165
S 有機 高麗菜 美綠華,30
有機 黃 豆青 荷,265
有機 小白菜 250g 包 250g 包,1610
牧果 有機 米果 香蕉,5
聖藏 S 買 有機 黑葉 白菜,1145
有機 青江 菜 250g 包 250g 包,1745
有機 冷凍 綠花 椰 300g 免福業,725
有機 鮮切 高麗菜 P,665
有機 糯米 椒 青綠緣,30
萬生 有機 完株 杏 鮑菇 大,375
碧蘿村 有機 地瓜 葉,575
有機 黑葉 白菜 美綠華,225
有機 甜 豌豆 裕,25
Goulters 紐西蘭 有機 蘋果 醋 750ml,145
澳洲 有機 高湯 蔬菜,20
紅蘿 蔔 有機,9980
芋頭 有機,685
有機 菠菜 250g 包,725
有機 茼蒿,12950
有機 囍 瑞有 機甜 玉米粒 320g,80
蘭陽 有機 西洋 芹,5
有機 香蓮茶 45G,5
羽田 有機 牛 番茄,50
有機 芝麻 葉,75
有機 轉型 筊 白筍,500
九層 塔 有機,190
500 元 361 有機 核桃,20
有機 白蘿 蔔,650
有機 玉米粒 青葉,395
有機 黑木耳 150g,2190
4714379956160 米森 有機 蘋果,35
永齡 農場 有機 福山 萵,90
有機 小 芥菜 250g 包 250g 包,140
S 有機 高麗 菜田 園,65
有機 雙響菇專,290
大黃瓜 有機,25
有機 洋菇 大龍池,320
亞植 有機 牛奶 白菜,745
有機 南非 博士 綠蜜樹,40
蘭陽 有機 油菜,15
有機 青江 菜 J,45
有機 香菜 裕,4360
有機 羽衣 甘藍 120g,1675
有機 日 蔥,25
羽田 有機 甜菜 根,260
有機 地瓜 葉力 新,65
S 有機 青椒 美綠華,240
有機 地瓜 葉 m,10
有機 黑木耳 飲 6,5
有機 玻璃 生菜 250g 包 250g 包,325
山 菠菜 有機,775
有機 包心 白菜 600g 粒 600g 粒,240
后里 有機 地瓜 后里區 農,5
碧蘿村 有機 包心 白菜 M,180
台糖 有機 皺葉 白菜,10
碧蘿村 有機 甜玉米 M,215
美國 有機 西洋 芹菜 500g5 棵 500g5 棵,15
青綠緣 有機 地瓜 葉,225
有機 嫩 薑,10
有機 老 薑 片 60g,15
有機 截切 南瓜 台朔,150
碧蘿村 有機 小白菜 250g,40
青綠緣 有機 菠菜,830
有機 青花 椰,10
M 有機 高麗菜 美綠華,475
辣椒 有機,90
有機 地瓜 葉壽豐,20
荷葉 白菜 有機,4175
碧蘿村 有機 牛蒡 M,15
紐西蘭 有機 蘋果 醋,190
南庄 有機 黑木耳 露 350ml,5
聖藏 買 S 有機 黑木耳,445
城南 有機 福山 萵苣,195
KS 有機 綜合 蔬菜,50
有機 香蘭葉,5
有機 綜合 生菜,25
厚生 市集 有機 柳松菇,5
有機 菱菠 菾 菜,135
有機 白米 2kg,105
有機 五福 菇,1010
有機 黑葉 白菜 J,20
有機 完株 金滑菇,10
蘭陽 有機 百合,15
有機 小白菜 35,50
筠水觀 有機 黑葉 白菜,280
芹菜 有機,1280
有機 小白菜 250g 包,170
有機 地瓜 葉 250g,25
有機 蘋果 絲瓜 J,135
壽豐 有機 小白菜,30
亞植 有機 福山 萵苣,320
有機 紅鳳葉,20
有機 洋菇 中龍池,150
羽田 有機 日本 短茄,40
A 菜 有機,3275
有機 優愛 白菜,25
蘿 曼利 有機 特級 橄欖油 750ml,35
有機 四季 檸檬,195
有機 地瓜 葉鴻,10
有機 茼蒿菜,235
聖藏 買 S 有機 截切 南瓜,75
有機 蔬菜 組合包 100,10
有機 檸檬,6965
台灣 有機 青花菜 500g5 盒 500g5 盒,85
佳雨 有機 雪菜,100
有機 荷葉 白菜 m,20
有機 荷葉 白菜 35,30
有機 小白菜 250g,25
聖藏 買 SM 有機 高麗 菜青 綠緣,160
城南 有機 甜玉米,25
花 公主 有機 粒肥 600g,185
有機 皺葉 萵苣,90
佳雨 有機 福山 萵苣,40
城南 有機 小 芥菜,55
有機 帝王 杏 鮑菇,15
碧蘿村 有機 芹菜 S,150
有機 茼蒿菜 城南,215
亞植 有機 菠菜,120
旺來 有機 青椒,45
城南 有機 扁 蒲,5
旺來 有機 結頭 菜,35
聖藏 買 S 有機 青松 菜,1330
有機 蕃茄 醬 270g20394,5
台灣 有機 雪白 菇 150g5 包 150g5 包,740
New 有機 冷凍 玉米 塊 500g 免福業,175
萬生 有機 A 菜,530
花 公主 有機 粒肥 10kg10kg,15
碧蘿村 有機 油菜,5
有機 甜菜 根北,65
彩葉 萵苣 有機,100
有機 薑,275
有機 鮮採 黑木耳,45
8806 有機 蔬菜 代表 號,2250
有機 糯米 椒 裕,1680
青綠緣 有機 奶油 白菜,490
有機 洋菇 盒,10
漢光 有機 龍 鬚 菜,50
有機 牛蒡,90
有機 南瓜 大裕,160
鮮切 有機 甜菜 根團購,50
有機 黑木耳 300g5 盒 300g5 盒,55
有機 福山 萵苣 玉美,2745
碧蘿村 有機 南瓜 M,70
碧蘿村 有機 南瓜 S,65
城南 有機 茼蒿,170
德國 有機 玉米粉 500g,5
有機 美味 菜,5
有機 黑 糯 糙米 1kg 免民豐,95
有機 紫色 地瓜 葉田園,25
有機 清甜 豆漿 950ml 味萬田,925
有機 蔬菜 網不含 花 菜圃,5
壽豐 有機 荷葉 白菜,10
碧蘿村 有機 茼蒿,100
有機 石蓮花 美綠華,20
有機 活株 黑木耳 150g,1255
有機 白蘿 蔔 古坑,100
有機 蕃茄,2130
漢光 有機 菠菜,1190
節瓜 有機,600
亞植 有機 地瓜 葉,110
有機 青椒 300g,1220
優境 有機 茼蒿,185
有機 日本 茼蒿,6490
優果家 有機 白玉 苦瓜 S,65
有機 黑木耳 200g 盒 200g 盒,145
台糖 有機 青江 菜 250g,10
有機 青蔥鴻宇,845
壽豐 有機 甜玉米,10
小松菜 有機,6375
有機 水果 甜玉米 田園,10
S 有機 芭樂 美綠華,95
甜柿 8A 有機,55
有機 蚵 仔 白菜 J,20
漢光 有機 茼蒿,100
佳雨 有機 京都 水菜,80
良山 有機 日本 菠菜,685
有機 高冷 大白菜 L,25
有機 皺葉 白菜 250g,1290
牛 蕃茄 有機,4465
華宥 有機 蒜瓣,5
有機 薄 鹽 烘焙 南瓜子 正原 綠色 未來,190
漢光 有機 栗子 地瓜,130
10 有機 菠菜,310
有機 黑葉 白菜 亞植,250
菇 的 家 有機 香菇 120g5120g5,205
碧蘿村 有機 甜椒 糯米 椒,120
有機 糯米 椒,325
金針菇 200 有機,4505
筠水觀 有機 青松 菜,215
黑葉 白菜 有機,2320
有機 芋頭,70
漢光 有機 牛蒡,15
旺來 有機 南瓜,45
有機 綠 豆芽 美綠華,65
聖藏 買 S 有機 截切 甜菜 根,215
黑美人 菇 150 有機,1370
台糖 有機 蔬菜 45 元,50
芝羽 有機 芥蘭菜,40
有機 活株 陶 立克 菇 蘑菇 部落,35
亞植 有機 京都 水菜,50
有機 福山 萵苣 小農,740
菇 的 家 有機 黑木耳 150g5 包 150g5,385
有機 黃 玉米 400g 包,785
有機 茄子 美綠華,195
有機 未 過濾 蘋果 醋 945ml 自然 思維,180
結頭 菜 有機,885
優境 有機 茄子,70
甜柿 10A 有機,55
壽豐 有機 白色 山藥塊 狀,10
芝羽 有機 高原 奶油 白菜 黑葉白,510
有機 南瓜 小 600g,140
龍口 有機 太白粉 龍口,85
碧蘿村 有機 青松 菜 250g,10
有機 茼蒿 200g,85
有機 青花 筍 400g,10
有機 完株 金 針菇 保鮮 包力 新,50
S 有機 木瓜 青綠緣,20
青木瓜 有機,195
有機 小白菜 鴻,27325
有機 羽衣 甘藍田園,825
有機 青江 白菜 250 克袋 250g 袋,1245
有機 轉紫心 地瓜,85
有機 菠菜 北農,1215
有機 刈 菜,30
青綠緣 有機 包心 白菜 M,5
碧蘿村 有機 韭菜花 150g,10
有機 甜菜 根 550g 包 550g 包,205
聖藏 買 S 有機 小白菜 青綠緣,150
魔菇 部落 有機 活株 陶 立克 菇 230g,100
有機 菠菜 鴻宇,5030
有機 奶油 萵苣,170
Eugenie 有機 小白菜 J,5
有機 黃 薑 黃,5
城南 有機 包心 白菜,70
有機 活株 鮮 香菇 蕈 優,95
有機 青蔥 同盛,5065
有機 羽衣 甘藍 100g,15
碧蘿村 有機 菠菜 200g,70
有機 地瓜 葉玉美,340
有機 高麗菜 小古坑,20
有機 小 芥菜 力,445
有機 香菇 醬油 210ml,5
芭蕉 有機,2075
匈牙利 喜寶 HIPP 有機 果汁 200ML 綜合 黑棗 綜合紅 寶,10
筠水觀 有機 茴香 菜,125
代銷 有機 黑美人 菇,165
蘭陽 有機 甜菜 心,5
菇 的 家 有機 珊瑚 菇 100g5 包 100g5,20
聖藏 買 S 有機 甜 白菜,50
碧蘿村 有機 青花 椰,170
有機 茴香 菜青 綠緣,30
蜂之小豬 有機,50
善 美的 有機 南瓜 小,20
有機 甜菜 根 L 力新,35
紅鳳菜 有機,940
有機 東方 美人 茶 75g 玉露 N,5
有機 苜蓿 芽 自,8125
富麗 有機 白米 2kg 免稅,10
Eugenie 有機 青江 菜 J,5
有機 菊苣,235
有機 青江 菜 美綠華,450
青花 椰芽 120 有機,1045
旺來 有機 糯米 椒,40
萬生 有機 黑葉 白菜,25
有機 水蓮菜,15
有機 白蘿 蔔 田園,215
有機 甜玉米 雲林 古坑,50
青花 椰芽 100 有機,320
碧蘿村 有機 柳丁,65
旺來 有機 芭蕉,290
天賦 有機 香蕉,660
永豐 有機 青花 活芽,810
優境 有機 地瓜 菜,210
有機 紅 鬚 玉米 筍雲林 古坑,490
台糖 有機 皺葉 白菜 250g,5
甜柿 9A 有機,115
優境 有機 菠菜 M,460
有機 菠菜 蘭陽,35
有機 活株 陶 立克 菇 230g,2075
有機 青椒 400g 袋 400g 袋,135
紫蘆筍 有機,70
蜂 之 小羊 有機,65
城南 有機 白蘿 蔔,80
M 有機 白蘿 蔔 美綠華,290
有機 羽衣 甘藍 150g5 袋 150g5 袋,130
有機 高山 結球 萵苣,55
聖藏 買 SS 有機 高麗 菜青 綠緣,50
有機 明眼 萵苣,55
有機 結頭 菜 600800g 粒 600800g 粒,20
有機 小白菜 美綠華,225
有機 明日 葉美綠華,5
有機 黃 豆芽 青綠緣,10
有機 青椒 台朔,140
原住民 有機 甜 豌豆,115
有機 茄子 M450g,25
蘭庭 有機 老 薑,20
優境 有機 香菜,140
有機 四季豆 青綠緣,20
有機 地瓜 葉小農,250
有機 香菜 青綠緣,245
有機 茼蒿 鴻宇,660
有機 小白菜 玉美,6500
有機 茄子 田園,10
HIPP 有機 綠 花椰菜 泥 40121,35
大蕓 有機 荷葉 白菜,15
VITABIO 有機 優鮮果 蘋 果香,5
有機 芥 藍 菜青 綠緣,10
青荷 有機 薑 粉,60
冷凍 有機 胡蘿 蔔 丁 500g 免 看天田,85
有機 福山 萵苣 亞植,610
義昌 有機 黑葉 白菜 y,5
S 有機 高麗菜 美綠華,120
有機 小白菜 青綠緣,235
源順 有機 羽衣 甘藍 糙米 糆 條,5
城南 有機 韭菜,205
有機 紫芋 地瓜,70
有機 結球 萵苣,100
碧蘿村 有機 茄子 M,20
壽豐 有機 奶油 白菜,70
有機 黑木耳 美綠華,140
有機 小 木耳,9760
有機 包心 白菜 M,5
有機 京都 水菜,55
華宥 有機 高山 高麗菜 L,75
漢光 有機 韭菜 150g,130
有機 進口 金黃洋 蔥,55
有機 青椒 鴻宇,3580
有機 茄子 400g 袋 400g 袋,55
台朔 有機 青椒,105
優果家 有機 白玉 苦瓜 M,15
大莢 豌豆 有機,130
甜 豌豆 有機,840
萬生 有機 菠菜,55
統 一生 機 BRAGG 有機 蘋果 醋 946ml,15
有機 包心 白菜 S500g,25
綠萌子 有機 胡蘿 蔔,30
有機 活株 鮮 香菇 蘑菇 部落,20
台糖 有機 高麗菜,5
芝羽 有機 青松 菜,270
有機 花椰菜,1055
有機 青泉 菜,560
有機 地瓜 800g 袋 800g 袋,55
有機 轉紅 辣椒,680
有機 活株 黑木耳 蘑菇 部落,15
台灣 有機 南瓜 900g5 粒 900g5 粒,25
有機 結頭 菜 S 田園,60
碧蘿村 有機 南瓜 Kg,5
聖藏 買 S 有機 活株 鮮 香菇,15
紅莧 菜 有機,230
瓜果 肥 5kg 有機 肥料,5
台糖 有機 A 菜,95
新竹 有機 地瓜 葉,5
代銷 有機 地瓜 葉,25
青綠緣 有機 青椒,100
聖藏 3S 買 M 有機 白蘿 蔔 美綠,235
有機 愛玉子,5
有機 蘋果 A 小,20
有機 青椒 350 克袋 350g 袋,35
聖藏 買 S 有機 青江 菜青 綠緣,210
有機 茼蒿 500G,335
有機 紫 地瓜 葉,10
華宥 有機 高山 高麗菜 M,120
聖藏 3S 買 有機 茼蒿菜 青綠緣,30
有機 糯米 椒 100g,640
有機 地瓜,25
N012528858HERSTORY 甜橙 有機,5
有機 青莧 菜,5
代銷 有機 黑木耳,115
有機 花椰菜 鴻,1700
山藥 有機,725
碧蘿村 有機 皺葉 萵苣,45
有機 蕎麥苗 青綠緣,30
黑美人 菇 200 有機,25
有機 黃 綠櫛瓜 PDC,330
有機 四季豆 200g,20
善 美的 有機 南瓜 大,5
有機 迷迭香,5
有機 青江 菜小農,995
500 元 212 有機 薑 粉 100g,40
有機 秋葵 蘭陽,5
城南 有機 皇宮 菜,150
隨煮 有機 小白菜,40
佳雨 有機 黑葉 白菜,195
城南 有機 辣椒,60
東豐 拾穗 有機 黃 豆青 仁 黑豆 400g 有機 非基 改花蓮直,5
筠水觀 有機 芹菜,50
蘭陽 有機 秋葵,5
有機 芥菜,20
聖常 S 有機 無 麩質 大燕麥,5
霧峰 有機 黑 翅 鳶 米,5
青花菜 有機,5780
陽光 田野 有機 青江 菜 250g3,5
有機 青花 筍裕,180
有機 青江 白菜 台朔,400
蘭陽 有機 羽衣 甘藍,20
M 有機 牛蒡 青綠緣,30
有機 黑木耳 台朔,400
魔菇 部落 有機 活株 黑美人 菇 150g,25
家樂福 有機 雪白 菇,42145
有機 綜合菇 美綠華,350
良山 有機 芥蘭菜,100
有機 水果 小黃瓜,1285
碧蘿村 有機 青蒜,85
福田 嚴耕 農場 有機 玉米 筍 550G,50
冷凍 有機 甜菜 根 400g 免福業,295
有機 冷凍 鹽味 毛豆 250g 福業,495
M 有機 栗子 南瓜 青綠緣,25
有機 甜玉米 M450g,20
聖藏 買 有機 洋菇 大龍池,25
有機 活株 虎 紋 黑美人 蕈 優,300
M 有機 包心 白菜 美綠華,235
有機 青龍 糯米 椒 100g,5
聖藏 買 3SS 有機 青椒 美綠華,240
麻園 有機 本土 冷凍 白花 椰米,125
有機 牛 蕃茄,755
有機 結頭 菜 M,5
台灣 有機 茼蒿 220g 袋 220g 袋,1155
有機 蚵 仔白,10
聖常 S 有機 無 麩質 野莓 麥片 400g,140
有機 福山 A 菜 250g 袋 250g 袋,300
有機 白蘿 蔔 M,15
有機 綠 豆芽 青綠緣,45
台糖 有機 高麗,75
新竹 有機 福山 萵苣,35
山東 大白菜 有機,660
永齡 農場 有機 尖葉 萵,90
大蕓 有機 A 菜,5
有機 A 菜碧蘿村 有 機農場,5
碧蘿村 有機 瓠 瓜,15
青綠緣 有機 紫色 高麗菜,10
有機 青花菜 500g5 袋 500g5 袋,65
厚生 市集 有機 葉菜 隨機 出貨,15
彩禾園 有機 甜椒,30
碧蘿村 有機 甜菜 根 M,250
有機 白米 10kg,20
聖藏 買 S 有機 福山 萵苣,10
聖藏 買 S 有機 荷葉 白菜 青綠緣,100
有機 雪白 菇 好菇 道 100g,5
聖藏 買 S 有機 黑葉 白菜 田園,75
有機 蜜雪兒 白菜,55
華宥 有機 佛利 檬 柑,20
有機 白花 椰,55
聖藏 3S 買 有機 羽衣 甘藍青 綠緣,200
碧蘿村 有機 甜菜 根,5
華宥 有機 包心 白菜 XL,30
有機 高麗菜 大古坑,440
有機 芥蘭菜 40,25
10 有機 茼蒿,220
VITABIO 有機 優鮮果 蘋果洋,5
有機 荷葉 白菜 台朔,120
有機 鮮切 鴻 喜菇 100g,120
聖藏 買 S 有機 福山 萵苣 青綠緣,165
蘭陽 有機 日本 茼蒿,100
有機 牛蒡 200g,225
鮮採 有機 茼蒿,11270
福田 嚴耕 農場 有機 香菇,5
有機 菠菜 城南,160
瓜果 肥 2kg 有機 肥料,5
有機 石蓮 花台 朔,20
聖藏 3S 買 有機 茄子 田園,20
城南 有機 茄子,5
萬生 有機 A 菜,105
里仁 有機 綜合 湖鹽 果仁 250g,20
XS 有機 白蘿 蔔 力 新,20
有機 菠菜 美綠華,340
S 有機 香蕉 美綠華,70
花蓮無毒 有機 菠菜,5
台塑 有機 高麗菜,5
有機 牛 蕃茄 茄,10
有機 娃娃 包心 白菜,5
有機 轉作 羽衣 甘藍,5
佳雨 有機 香菜,50
絲瓜 有機,515
好菇 道 有機 雪白 菇 產地 臺 灣,10
有機 截切 甜菜 根台 朔,345
有機 福山 萵苣 150g,410
聖藏 3S 買 有機 茼蒿菜 美綠華,20
青綠緣 有機 包心 白菜 M,100
碧蘿村 有機 老 薑,190
華宥 有機 高山 高麗菜 S,140
有機 木耳,43890
碧蘿村 有機 青椒 M,155
新竹 有機 芥 藍菜,5
M 有機 彩色 甜椒 青綠緣,55
油菜花 有機,5
有機 水滴 茄子 PDC,70
台糖 有機 菠菜 200g,25
聖藏 3S 買 有機 石蓮花 田園,5
S 有機 紫高麗 青綠緣,20
有機 菊苣 青綠緣,85
華宥 有機 翡翠 白菜,60
有機 紅鳳菜 250g 袋 250g 袋,30
有機 甜 菠菜,15
壽豐 有機 紫皮 蘿 蔔,15
有機 甜椒 250g,5
義昌 有機 福山 萵苣 y,5
4713517122542 曼寧 有機 饗 宴,20
有機 活株 鮮 香菇 蕈 優,335
華宥 有機 包心 白菜 M,5
華宥 有機 秋葵,130
甜 菠菜 有機,270
城南 有機 京都 水菜,50
聖藏 買 S 有機 青江 菜田 園,770
有機 黑珍珠 苦瓜 L 力新,10
城南 有機 菱波 菾 菜,20
有機 綜合菇 菇 箱,10
碧蘿村 有機 菊苣 250g,5
有機 甜 豌豆 田園,60
有機 老 薑 粉 100g,5
早摘 有機 黑葉 白菜,250
美國 有機 蘋果 禮盒,65
碧蘿村 有機 糯玉米,50
青綠緣 有機 辣椒,20
BABYBIO 有機 甜玉米 泥 130G,10
蘭陽 有機 青椒,5
良山 有機 福山 萵苣,35
有機 茼 萵蘭陽 200g,20
有機 甜菜 心蘭陽,5
有機 石蓮花 田園,15
有機 青椒 300g 盒,435
聖藏 買 S 有機 截切 山藥,80
溫家 有機 黑色 番茄,10
城南 有機 菠菜,385
有機 福山 萵苣 田園,650
有機 甜玉米 250g 條,35
有機 菠菜 m,5
有機 明紅蘿 蔔,30
萬生 有機 福山 萵苣,50
旺來 有機 甜菜 根 L,20
有機 季節 時蔬 20230219e5fudg2f,5
生鮮 靈芝 100 有機,5
大蕓 有機 福山 萵苣,15
城南 有機 芥蘭,140
有機 甜 菠菜 番杏,70
有機 白花 椰 600g,110
優果家 有機 秋葵,10
佳雨 有機 芥蘭菜,85
有機 豌豆 莢裕,105
BABYBIO 有機 蘋果洋 梨果 泥 9,35
S 有機 黑柿 番茄 青綠緣,5
壽豐 有機 彩色 甜椒,50
有機 栗子 地瓜,5
S 有機 青花 椰青綠緣,40
新竹 有機 綠寶石 萵苣,5
有機 完株 杏 鮑菇 456g,385
S 有機 檸檬青 綠緣,25
有機 菠菜 40,60
有機 青松 菜蘭陽,10
芬姐 有機 檸檬,110
聖藏 買 SS 有機 青椒 青綠緣,85
碧蘿村 有機 娃娃 芥菜,75
e 有機 小白菜 袋,30
聖藏 買 S 有機 活株 虎 紋 黑美人,500
有機 青蔥 100g,520
蘭庭 有機 茄子,20
丸 莊高 氮 葉菜 用 有機 肥料 1kg,5
有機 白蘿 蔔 裕,45
聖常買 S 有機 黃 豆青 荷,5
有機 季節 時 蔬素,5
i 有機 高麗菜 芽,15
千蕓 有機 菠菜,5
DROKO 有機 玉米 澱 粉 芶 芡 用 有 機 玉米粉 德逸有,5
有機 福山 萵苣 250g,1120
紐西蘭 有機 蘋果 30,5
有機 小白菜 m,5
台灣 有機 韓小菇,5
有機 蚵 白菜 碧蘿村,15
新竹 有機 奶油 白菜,15
筠水觀 有機 芥 藍菜,5
有機 秋葵 美綠華,15
牧 菓 有機 菠菜 米 菓 36g,5
有機 青松 菜 250g,675
有機 菠菜 玉美,1725
栗子 南瓜 有機,70
VITABIO 有機 優鮮果 蘋果 芒,5
漢光 有機 芥 藍菜,125
有機 農場 宜蘭縣 壯圍 鄉 幸福 物語 玉米 鬚 茶 包,5
行健 有機 三星 青蒜,40
有機 青花菜 鴻,1620
i 有機 黑葉 白菜,2515
聖藏 買 有機 福山 萵苣 田園,655
有機 青花菜 蘭陽,5
城南 有機 青椒,25
聖藏 買 S 有機 青江 菜田,15
有機 南瓜籽 油宜果,5
i 有機 雪白 菇,19925
有機 花椰菜 北,45
欣園 有機 蔬菜 類 35 元,15
i 有機 黑木耳,5560
碧蘿村 有機 紫高麗菜,155
有機 桃太郎 蕃茄,55
有機 黑木耳 露 350ml,10
i 有機 胡蘿 蔔,675
有機 黑胡椒 顆粒,10
600G 有機 甜菜 根田園,70
有機 茼蒿菜 青綠緣,80
有機 芹菜 鴻宇,10
有機 截切 南瓜,95
聖藏 3S 買 有機 茄子 美綠華,95
聖藏 買 3SM 有機 牛 番茄 美綠,420
有機 金絲菜,25
旺來 有機 芹菜,5
e 有機 香菇 包,10
i 有機 胡瓜,15
Smoking 西班牙 原裝 進口 玉米 紙 系列 純 天然 有機,5
i 有機 轉皇宮 菜,180
萬生 有機 蚵 白菜,35
碧蘿村 有機 茼蒿 200g,10
有機 鮮切 雪白 菇 100G,50
有機 猴菇類,5
i 有機 青花 筍,120
聖常 S 有機 黃 豆青 荷,15
特選 高山 有機 高麗菜 小,195
有機 福山 萵苣 田園,190
有機 台灣 芹菜 青綠緣,115
善 美的 有機 牛心 蕃茄,190
有機 栗子 南瓜 福田 菁,5
花綠香 有機 粒肥 5kg,100
蘭陽 有機 雪菜,10
有機 白蘿 蔔 鴻,1145
台灣 有機 辣椒 100g5 盒 100g5 盒,10
有機 芥 藍菜蘭陽,20
有機 芥菜 刈 菜力 新,5
i 有機 羽衣 甘藍,1870
碧蘿村 有機 甜菜 心 250g,5
有機 囍 瑞 100 澳洲 有機 全脂 牛奶 1L,5
羽田 有機 甜 豌豆,50
城南 有機 青花 筍,145
蘭陽 有機 茼蒿,30
M 有機 甜菜 根美綠華,40
i 有機 鮮切 南瓜,605
有機 芥蘭菜,95
i 有機 紅鳳菜,15
i 有機 荷葉 白菜,200
聖藏 買 有機 福山 萵苣,5
波士 頓 萵苣 有機,15
有 機思維 有機 野生 藍莓 乾 85g,5
高麗菜 芽 有機,70
台塑 有機 牛 番茄 300g,20
新竹 有機 菠菜,10
新竹 有機 青松 菜,15
華宥 有機 日本 甜蔥,10
陳 明順 有機 白玉 苦瓜 L,10
i 有機 日本 茼蒿,115
i 有機 A 菜,3355
810165016231 有 機思維 YUMEARTH 有機 水果,5
M 有機 牛 蕃茄 青綠緣,95
i 早摘 有機 小白菜,140
有機 西洋 芹 500g5 棵 500g5 棵,70
CHLOES 有機 冰棒,135
i 有機 轉紅鳳菜,305
i 有機 荷葉 小白菜,65
i 有機 地瓜 葉,820
3383482304468 法國 Briochin 有機,5
有機 青龍甜 辣椒 田園,20
聖藏 3S 買 有機 玉米 筍,5
i 有機 奶油 白菜,315
隨煮 有機 黑美人 菇,55
聖常 S 有機 核桃 青荷,30
碧蘿村 有機 轉型 期紅鳳菜,25
城南 有機 紫高麗菜,30
台朔 有機 西洋 芹,15
i 有機 韭菜,85
i 有機 青蔥,970
i 有機 芥 藍菜,45
壽豐 有機 青江 菜,5
萬生 有機 奶油 白菜,45
聖藏 買 S 有機 小白菜 田,10
碧蘿村 有機 豌豆苗 75g,5
台灣 有機 黑柿 蕃茄 500g5 盒 500g5 盒,15
亞植 有機 芹菜,15
菇 的 家 有機 木耳 120g,40
台塑 嚴選 有機 玉女,10
聖藏 買 S 有機 黃 地瓜,15
聖藏 買 S 有機 荷葉白,55
i 有機 大白菜,5
魔菇 部落 有機 活株 雪白 菇 130g,15
優境 有機 胡瓜,10
i 有機 甜 豌豆,40
i 有機 薑 黃,10
i 有機 茼蒿,800
i 有機 蘋果,255
壽豐 有機 芥蘭菜,50
九斗 有機 蔬菜,5
有機 牛心 蕃茄 300g,195
i 有機 白花 菜,25
聖藏 買 有機 洋菇 中龍,10
S 有機 青椒 美綠華,15
有機 老 薑 片 50g,15
新竹 有機 茼蒿菜,10
BABYBIO 有機 蘋果 藍莓果 泥 1,15
i 有機 蚵 仔 白菜,1125
i 有機 福山 萵,15
千蕓 有機 奶油 白菜,10
有機 高麗菜 嬰 300g5 袋 300g5 袋,10
碧蘿村 有機 轉型 期蘿蔓 萵苣,10
茂谷 柑 有機,100
M 有機 甜菜 根青綠緣,60
i 有機 黃 玉米 400g,65
即期 品有 機思維 OrganicTraditions 有機,20
台塑 有機 黃 地瓜,15
有機 白蘿 蔔 壽豐 農會,10
i 有機 迷你 白蘿 蔔,25
i 有機 青龍 辣椒,180
4713517167260 曼寧 有機 蜜桃,30
羅 文祥 有機 小白菜,5
筠水觀 有機 茼蒿,10
i 有機 轉櫻桃蘿 蔔,185
法國 babybio 有機 鮮果 泥 90g 寶寶果 泥,40
i 有機 甜菜 根,120
i 優境 有機 奶油 白菜,25
有機 綠 橡 萵苣,45
有機 黑美人 蠔菇 150g 盒 150g 盒,10
有機 金滑菇 小,570
有機 青蔥 青綠緣,20
i 有機 高冷 高麗,50
i 有機 小白菜,8525
善 美的 有機 綠 蘆筍,10
N010436531 里仁 網購 有機 玉米粒 220g6 入組,15
有機 牛 番茄 台朔,10
M 有機 青花 椰美綠華,30
有機 白蘿 蔔 糕,200
有機 黑木耳 溼,5
壽豐 有機 筊 白筍,5
福田 嚴耕 農場 有機 玉米 筍 300G,5
有機 南瓜 塊,10
有機 福山 A 菜,10
有機 綠蘆 筍北,40
新鮮 有機 無 花果,5
蘭庭 有機 芹菜 200g,15
有機 羊角 椒,75
i 源順 有機 南瓜 調,5
M 有機 牛 蕃茄 美綠華,45
誠漢 有機 黑木耳 露 350ml,40
i 優境 有機 香菜,30
i 早摘 有機 黑葉 白菜,135
有機 青木瓜 500600g 粒 500600g 粒,10
有機 青花 筍 250g,15
澳洲 有機 湖鹽,5
i 有機 鮮切 高麗菜,55
有機 牛心 番茄 300g,15
蘭庭 有機 菠菜,30
新竹 有機 萵苣 菜 A 菜,15
有機 栗子 南瓜,35
i 蘿 曼利 有機 第一,235
聖常買 S 有機 黑豆 青荷,10
萬生 有機 小白菜,50
竹 薑 有機,40
有機 白米 2kg 免 台糖 N,5
i 有機 青龍 糯米 椒,145
壽豐 有機 彩色 甜椒 M,15
壽豐 有機 彩色 甜椒 S,10
有機 蘆筍 美綠華,35
台塑 有機 羽衣 甘藍,70
i 有機 高麗菜,175
碧蘿村 有機 結頭 菜 S,10
有機 轉型 期小黃瓜,90
i 有機 南瓜,5
有機 綠色 地瓜 葉田園,10
旺來 有機 水果 玉米 L,10
i 優境 有機 胡瓜,10
彩禾園 有機 韭菜,5
有機 黑葉 白菜 台朔,25
特選 高山 有機 高麗菜 大,70
有機 綠蘆 筍裕,30
i 有機 木瓜,125
i 有機 阿成 南瓜,45
2 有機 綠豆,100
i 有機 皺葉 白菜,125
聖藏 3S 買 S 有機 高麗 菜田 園,10
正太 藥行 嚴選 特級 無磺 白木耳 有機 白木 耳朵 100 公克,10
有機 優愛菜 35,5
N011006170 里仁 網購 有機 綜合,5
有機 好友 菇 好菇 道 140g,5
美國 有機 富士 2,670
壽豐 有機 地瓜 葉,15
城南 有機 結頭 菜,5
有機 明眼 萵苣 菊苣,5
永興 有機 玉米 筍 600g,5
有機 胡 蔔 蔔,10
大蕓 有機 青松 菜,10
i 優境 有機 翠玉 白菜,20
i 有機 綠 皺葉 萵苣,5
碧蘿村 有機 西洋 芹 Kg,10
i 有機 帶殼 玉米 筍,50
壽豐 有機 香菜,5
青綠緣 有機 甜菜 根 M,10
時生 有機 荷葉 白菜,25
華宥 有機 栗子 地瓜,20
義 Zespri 有機 綠,410
鄉田 有機 迷你 紅蘿 蔔,10
有機 綠 蘆筍 鴻,15
永齡 有機 美味 菜,5
聖藏 買 S 有機 小白菜 青,5
BuDerR 標達 有機 甜菜 根晶 3g30 包 x2 盒組,10
有機 水果 小黃瓜 600g5 盒,15
冬山 有機 黑木耳,5
有機 甘藍芽 包裝,5
關廟 有機 轉型 期綠竹筍,20
有機 高麗菜 芽 青綠緣,40
有機 波斯 頓 萵苣,10
有機 轉型期 高麗菜,185
花蓮無毒 有機 黑木耳,10
GUGO 菇果 有機 台灣川 耳 有機 木耳,5
代銷 有機 黑美人 菇,25
i 有機 地瓜,25
萬生 有機 青江 菜,80
早摘 有機 小白菜,205
城南 有機 羽衣 甘藍,15
城南 有機 香菜,40
i 銀川 有機 南瓜 純,5
明春 有機 白米 26kg,10
i 有機 白蘿 蔔,25
清淨 生活 有機 白木耳,10
i 有機 牛 番茄,2425
新竹 有機 菊苣 菜,10
彩禾園 有機 包心 白菜,5
青橄欖義 大利 有機 綠奇 異果 25,45
台灣 有機 黑葉 白菜 250g5 袋 250g5 袋,55
i 有機 玉米棒,55
亭園 有機 香蕉,110
有機 轉型 期去 殼 玉米 筍 青綠緣,35
甜蜜 有機 蘆筍 花,10
有機 高麗菜 芽蘭陽,5
i 有機 包心 白菜,5
i 有機 小 芥菜,140
10 有機 甜菜 心,55
花蓮無毒 有機 地瓜 葉,5
有機 甜菜 根 600g5 袋 600g5 袋,5
特選 高山 有機 高麗菜 大 900g,20
i 有機 綠 蘆筍,80
i 有機 轉型期 高麗菜,295
有機 蕹菜,5
花蓮無毒 有機 龍 鬚 菜,5
萬生 有機 黑葉 白菜,20
旦蕉 有機,75
有機 迷你 白蘿 蔔,35
i 有機 香菜,80
i 有機 珍珠 蘿 蔔,280
有機 白米 1kg,5
i 有機 結頭 菜,5
蘋果 絲瓜 有機,45
聖藏 買 S 有機 高麗 菜田 園,30
i 有機 紅 鬚 玉米 筍,625
i 有機 明眼 萵苣,45
棉花田 有機 帶殼 玉米 筍,560
有機 活株 虎 紋 黑美,5
有機 綠色 地瓜 葉田園,85
有機 地瓜 美綠華,10
有機 青花菜 朵 田園,40
花 公主 有機 粒肥 600G,5
i 有機 特級 杏 鮑,2395
根源 有機 紫洋蔥,35
i 有機 轉牛 番茄,2030
i 有機 翠玉 白菜,875
i 有機 茄子,1225
i 有機 香菇,540
和田玉 有機 紫心 地瓜,65
有機 青花 椰梗美綠華,5
聖常 M 買 有機 黑糖 正原 綠色 未,35
i 有機 奶薯 葉,1290
i 有機 高山 福山 萵苣,190
i 有機 紫洋蔥,10
i 有機 菠菜,1150
有機 甘藍菜 90,5
佳雨 有機 奶油 萵苣,30
e 有機 黑葉 白菜 袋,20
i 有機 青花菜,10
有機 白米 3KG,5
台朔 有機 青江 白菜,5
i 有機 轉山 茼蒿,25
i 有機 黑美人 菇,5790
i 有機 酸菜,125
有機 迷你 紫洋蔥,5
亞植 有機 小白菜,20
陳 明順 有機 南瓜 M,10
有機 剝皮 蕃茄 含有 機 蕃茄汁 400g,5
華宥 有機 白玉 馬 鈴薯,95
i 有機 尖葉 萵,10
i 有機 青椒,600
iBIO 有機 香蕉,3955
i 有機 甜菜 根切 塊,220
有機 黃 金馬鈴薯,155
有機 小白菜 碧蘿村,5
塔菇 菜 天威 有機,5
就是 鮮菇 有機 木耳,5
龍口 有機 太白粉 220G20,5
i 有機 水滴 茄子 PD,80
佳雨 有機 彩色 菾 菜,5
i 有機 甜玉米,15
萬生 有機 茼蒿菜,5
i 有機 蘋果 絲瓜,40
漢光 有機 清泉 菜,30
佳雨 有機 菠菜,55
碧蘿村 真空 有機 酸菜,5
陳 明順 有機 南瓜 L,5
有機 地瓜 600g5 袋 600g5 袋,25
旺來 有機 韭菜,5
有機 苦瓜,5
魔菇 部落 有機 活株 銀耳 100g,5
御選 有機 枸杞 150g,5
i 有機 柳松菇,25
有機 蔬果 220,5
聖藏 買 S 有機 綠色 地瓜 葉田園,5
福業 有機 青江 菜,5
青綠緣 有機 結頭 菜 S,5
壽豐 有機 青椒,5
碧蘿村 有機 蚵 白菜 250g,20
聖藏 買 3SS 有機 青椒,5
蘭庭 有機 皇宮 菜,5
香辣 有機 豆腐乳 尚鴻,10
有機 白玉 蘿 蔔 同心 園,5
青橄欖 Zespri 義 大利 有機 綠奇 異果 25,5
有機 甘藍菜 85,5
新竹 有機 荷葉 白菜,15
有機 青椒 蘭陽 kg,5
筠水觀 有機 辣椒,10
VITABIO 有機 優鮮果 蘋果 草,5
有機 水果 彩椒,5
台塑 嚴選 有機 翡翠,5
聖藏 買 3S 有機 綠 地瓜 葉,25
陳 心橙意 溫室 有機 轉型 期紅 草莓 特,10
亞植 有機 福山 萵苣 250g,5
i 有機 蒜瓣,5
富麗 有機 糙米 2kg 免稅,5
即期 品 OrganicKitchen 有機 廚房 蜂蜜 抗 橘皮,5
M 有機 結頭 菜 美綠華,5
聖藏 買 SM 有機 高麗菜,5
善 美的 有機 扁 蒲,5
有機 日 昇 木瓜,5
南法 秘地 松汁 有機 香皂 110g,5
有機 乾 薑,5
蘭陽 有機 老 薑,5
彩禾園 有機 辣椒,5
陳 明順 有機 白玉 苦瓜 S,5
蘭陽 有機 筊 白筍,5
享活 有機 黑木耳 露 350ml 愛買,5
有機 甘藍菜 60,5
有機 甘藍菜 75,5
有機 甜菜 心 35,50
S 有機 節瓜 青綠緣,5
112 法國 AROMAZONE30ML 有機 胡蘿,5
華宥 有機 包心 白菜 L,5
N010433188 里仁 網購 有機 蕃茄,5
YUMEARTH 有機 綜合 水果 棒棒糖 87g,5
大地 有機 香米 白米 免稅,5
有機 香蓮茶 45g 觀蓮,5
