item_name,item
義美 無 加糖 黑 豆奶 2000ml830205,35
有機 無 加糖 全豆 豆奶 300ml 統盛,185
4710088824424 統一陽光 無 加糖 豆奶 250ml,70
義美 無 加糖 豆奶,156215
統一統 一陽光 無 加糖 豆奶 250mlx24 入箱,75
VIP 統一陽光 無 加糖 豆奶 250mlx2 箱共 48 入,50
義美古早 傳統 豆奶 無 加糖 1000ml 瓶 1000ml 瓶,1650
義美 傳統 豆奶 無 加糖 2L,3090
義美燕 麥全 豆奶 無 加糖 330ml330ml,335
義美 無 加糖 豆奶 鮮奶 900ml,15
義美古早 傳統 豆奶 無 加糖 2000ml,2530
義美 無 加糖 元氣 豆奶 250ml24 瓶箱 250ml24 瓶,50
義美古早 傳統 豆奶 無 加糖,4570
義美 傳統 豆奶 無 加糖,2030
義美 無 加糖 高纖 豆奶,10
義美 無 加糖 豆奶 鮮奶,1535
統一陽光 無 加糖 豆奶 250mlx24 入 一箱,185
義美 無 加糖 厚 濃高纖 黑 豆奶,106850
義美 無 加糖 極濃 豆奶,1890
義美 無 加糖 黑 豆奶,39390
摩斯 豆奶 無 加糖 APP,1895
義美 無 加糖 高纖 全豆 豆奶 936ml936ml,2345
N012792481 統一陽光 無 加糖 豆奶 250ml72 入,20
統一陽光 無 加糖 豆奶,2640
隻 倍 濃無 加糖 豆奶,5
義美 傳統 豆奶 無 加糖 1L,4595
雙倍 濃無 加糖 黑 豆奶,30
義美 無 加糖 高纖 全豆 豆奶,45305
義美 無 加糖 厚濃 豆奶,291160
EC2S 統一陽光 無 加糖 豆奶 250mlx,20
統一陽光 無 加糖 豆奶 250mlx6 入 一組,115
義美厚 的 豆奶 無 加糖,135
義美 無 加糖 高纖 全豆 豆奶 330ml330ml,295
義美 無 加糖 厚 豆奶,10375
義美 無 加糖 黑 豆奶 2000ml2000ml 瓶,7605
義美 無 加糖 高纖 全豆 豆奶 936ml,600
蝦 皮代開 發票 統一陽光 無 加糖 豆奶 250ml24 入,10
摩斯 豆奶 無 加糖,16940
統一 豆奶 陽光 無 加糖 豆奶 250ml 免運附 發票 最新 效,15
義美 無 加糖 厚 豆奶 936,1070
義美古早 傳統 豆奶 無 加糖 707355,55
義美 無 加糖 鮮奶 豆奶 900ml900ml 瓶,345
義美 無 加糖 黑 豆奶 946ml,290
統一陽 光統 一陽光 無 加糖 豆奶 250mlx3 箱共 72 入 送 萬,145
義美 無 加糖 高纖 全豆 豆奶 936ml219855,20
義美 無 加糖 厚 的 豆奶 936ml,1085
義美 無 加糖 厚高纖 黑 豆奶 900ml912041,5
義美古早 傳統 豆奶 無 加糖 1000ml 瓶 707355,20
義美 無 加糖 黑 豆奶 830205,5
義美 無 加糖 元氣 豆奶,2855
羅 董純 濃無 加糖 豆奶,35
義美古早 傳統 豆奶 無 加糖 573586,35
義美 無 加糖 厚 豆奶 936ml602826,10
義美 無 加糖 厚 豆奶 936ml,15
摩斯 豆奶 無 加糖,15
統一陽光 無 加糖 豆奶 250mlX24 入免 運附 發票 最新,20
統一陽光 無 加糖 豆奶 250ml 附發票 最新 效期 豆漿 豆,30
義美 無 加糖 厚 的 豆奶 936ml,5
隨義美古早 傳統 無 加糖 豆奶,25
羅 東農會 羅 董特 濃無 加糖 台灣 豆奶 養生 豆奶 非 基因 改造,10
無 加糖 鮮奶 豆奶 90,1055
義美古早 傳統 豆奶 無 加糖 2000ml,35
免運附 發票 統一陽光 無 加糖 豆奶 250ml 最新 效期,5
TOPMOST 統洋 有機 無 加糖 全豆 豆奶 300ml24 入,10
義美 無 加糖 黑 豆奶 400ml400ml,45
