item_name,item
整箱 現貨燕 麥奶 OATLY 燕麥奶 MOMA 小人物,270
Oatly 咖啡 師燕麥 奶德記,80
OTIS 咖啡 師燕麥奶 1L,5
杏仁 燕麥奶,10
OATSIDE 燕麥奶 巧克力 榛果 燕麥 植物 奶 1000ml,20
特惠 價開 發票 芬蘭 AITO 燕麥奶 無 麩質 燕麥奶 純素,20
燕麥奶 MOMA 燕麥奶 植物 奶 咖啡 師燕麥奶 咖啡 師燕麥,320
無糖 燕麥奶,5
限 今日 付款 Oatly 咖啡 師燕麥奶 1000ml6 入,10
燕麥奶 HAVREDALS 燕麥奶 植物 奶 咖啡 師燕麥奶 咖,335
原味 燕麥奶 850g 鈺統,445
泰山 燕麥奶 花生 320g,110
燕麥奶 PIKOO 燕麥奶 豌豆 奶 植物 奶 咖啡 師燕麥 奶高,235
即期 優惠燕 麥奶 NEMOLOKO 椰奶 燕麥奶 植物 奶,70
燕麥奶 Oatly 燕麥奶 植物 奶 咖啡 燕麥奶 咖啡 師 原味,480
CalifiaFarms 即期 品 咖啡 師燕麥奶 946ml,185
舞味本 舖 燕麥奶 韓國 Maeil 原味 燕麥奶 無 加糖 燕麥奶,110
華淨 4D 燕麥奶,5
MOMA 英國 Moma 咖啡 大師 無糖 燕麥奶 1L6,10
SoGood 燕麥奶 無,140
MOMA 燕麥奶 咖啡 師,805
燕麥奶 Califia 燕麥奶 植物 奶 咖啡 師燕麥奶 咖啡 師,310
即期 燕麥奶 OATLYPROVAMELELMHURST,10
OTIS 每日 燕麥奶,10
小人物 燕麥奶 澳洲 版 1000ml 濃厚版 咖啡,5
PROVAMEL 比利 時樸悅 生機 原味 燕麥奶 1000ml,5
Oatly 即期 品 原味 燕麥奶 1L 瓶 即期 2022,5
OTIS 咖啡 師燕麥奶 1L,160
Oatly 咖啡 師燕麥奶 1L6 入箱 效期 2022 年,30
燕麥奶 那堤 V,1050
松 包子 燕麥奶 饅頭,705
燕麥奶 經典 原味,19495
單杯 升級 燕麥奶,10
燕麥奶,45375
OATLY 燕麥奶 植物 奶 原味 燕麥奶 原味 燕麥奶 無 加糖,50
燕麥奶 BAF,52025
有機 芝麻 燕麥奶 900g 鈺統,35
PROVAMEL 比利 時樸悅 生機 無糖 燕麥奶 1000m,5
KHLOE 植物 奶 AITO 燕麥奶 植物 奶 原味 燕麥奶 咖,25
泰山 燕麥奶 花生 320g6 入組,500
OTIS 每日 燕麥奶 1000ml,15
MOMA 咖啡 大師 無糖 燕麥奶 1L,35
MOMA 咖啡 師燕麥奶 MOMABaristaoatm,60
Oatly 咖啡 師燕麥奶 1L6 入箱 效期 2023 年,115
泰山 燕麥奶 花生 320g 新品 上市 吃 的 健康,5
限時 特惠 英國 MOMA 燕麥奶 無 乳糖 咖啡 師 OatBa,5
燕麥奶 唇彩 EX04,30
合格 授權 現貨 Oatly 咖啡 師燕麥奶 Califia,45
泰山 燕麥奶 花生 320gx6 入,10
Oatly 咖啡 師燕麥奶 1L6 入箱 無 加糖 燕麥奶,1975
小人物 低脂 燕麥奶,240
OATLY 燕麥奶,220
OTIS 咖啡 師燕麥奶,10
燕麥奶 專區 OatlyCalifiaalproAIT,10
KHLOE 植物 奶 Alpro 燕麥奶 植物 奶 杏仁 奶 豆奶,140
Oatly 現貨 原味 燕麥奶 咖啡 師燕麥奶 1000ml,10
OATLY 咖啡 師燕麥奶,10
Oatly 咖啡 師燕麥奶 1000mlx6 入箱,5
Elmhurst1925 巧克力 燕麥奶 946mL 無 麩質,5
OTIS 每日 燕麥奶 1000ml,5
泰山 燕麥奶 花生,3710
4710068005287 星巴克 OATLY 咖啡 師燕麥奶,120
新品 上市 燕麥奶 NEMOLOKO 椰奶 燕麥奶 植物 奶,5
OATLY 燕麥奶 20220903xt7mx6dj,5
OATSOME 咖啡 師燕麥奶 1L,15
05060146372763 英國 MOMA 咖啡 師燕麥奶 Ba,25
813636021611CalifiaFarms 燕麥奶,10
比利 時 ALPRO 經典 原味 燕麥奶 1L1 瓶 全素,5
Oatly 咖啡 師燕麥奶 61 超值 組,10
燕麥奶 焦瑪 V,85
燕麥奶 Happi 巧克力 燕麥奶 草莓 燕麥奶 無 麩質 素食,10
泰山 燕麥奶 花生 320g6 瓶組 320g6 瓶組,770
Oatly 咖啡 師燕麥奶 1L6 入箱 20233,60
有機 芝麻 燕麥奶 隨手 包 450g15 包鈺統,125
Oatly 即期 品 咖啡 師燕麥奶 1L6 入箱 202,10
MOMAMOMAoatmilk 咖啡 師燕麥奶 1 入 完,40
Vitasoy 澳洲 咖啡 大師 燕麥奶 1000ml 單瓶 Vit,15
OTIS 咖啡 師燕麥奶 1000ml,20
THEVEGAN 純素 植物性 高蛋白 40G 紅茶 豆漿 燕麥奶,5
OATLY 燕麥奶 20220912k6tchyrp,5
燕麥奶 SoGood 植物 奶 杏仁 奶 咖啡 師燕麥奶 咖啡 師,195
燕麥奶 PLANTA 燕麥奶 植物 奶 咖啡 師燕麥奶 咖啡 師,85
OATLY 燕麥奶 20221001f7mwljkv,5
OATSOME 即期 品 咖啡 師燕麥奶 BaristaOat,25
OATLY 咖啡 師燕麥奶 1000mlX6 瓶網,20
獨家授 權芬蘭 AITO 燕麥奶 咖啡 師 原味,25
燕麥奶 PROVAMEL 椰奶 植物 奶無糖 杏仁 奶無 乳糖,10
推 MOMA 燕麥奶,5
泰山 燕麥奶 花生 320g6 入網,35
5060146372756 英國 MOMA 咖啡 師燕麥奶 Bar,15
燕麥奶 ELMHURST 杏仁 奶 植物 奶 咖啡 師燕麥奶 杏仁,120
杏仁 奶 SoGood 植物 奶 杏仁 奶燕麥奶 咖啡 師燕麥奶,180
DRYK 咖啡 大師 燕麥奶 全素 1L,10
OATLY 咖啡 師燕麥奶 1000mlX3 瓶網,5
VEGGO 咖啡 師燕麥奶 1L,5
原味 燕麥奶,5
OTIS 每日 燕麥奶 1L,65
MOMA 燕麥奶 原味 無糖 1L,5
9 月 限定 OATLY 咖啡 師燕麥奶 3 罐送 OATLY 原味 燕麥奶 3,5
有 機燕麥奶 咖啡 師,60
整箱 免運燕 麥奶 OATLY 燕麥奶 MOMA 小人物,585
Oatly 咖啡 師燕麥奶 1L6 入箱 效期 2023,25
MINORFIGURES 小人物 燕麥奶 咖啡 師燕麥奶 小,5
Oatly 咖啡 師燕麥奶 1L6 入,20
Provamel 樸悅 無糖 燕麥奶 1000ml,5
紐約 Elmhurst 原味 無糖 燕麥奶 3 入,10
嚴選 SHOP 小人物 燕麥奶 咖啡 師燕麥奶 小人物 燕麥奶,190
桂格 OatYa 松露 可可 燕麥奶,45
台灣 OAT 燕麥奶 370,5
桂格 OatYa 松露 可可 燕麥奶 936ml936ml,40
燕麥奶 唇彩 EX03,10
推 Vitaosy 燕麥奶,115
每天 出貨 瑞典 Oatly 咖啡 師燕麥奶 原味 燕麥奶,45
泰山 燕麥奶 花生 320g6 入 x3 組共 18 入,30
OATSOME 咖啡 師燕麥奶 1L,10
惜福 商品 即期 燕麥奶 OATLYPROVAMELMIL,40
OATLY 咖啡 師燕麥奶,60
OTIS 每日 燕麥奶,5
OTIS 巧克力 燕麥奶 1L,5
OATLY 燕麥奶 20220927b7khg946,5
Maeil 燕麥奶 190ml24 入箱 無 加糖 原味,10
英國 小人物 燕麥奶,105
松露 可可 燕麥奶,7320
植物 燕麥奶 1000g 鈺統,205
PROVAMEL 燕麥奶 椰子 米奶 無 加糖 燕麥奶 杏仁 燕麥奶,35
Oatly 燕麥奶,4375
韓國 Maeil 燕麥奶 原味 190mlx24 入,5
CalifiaFarms 燕麥奶 咖啡 師 配方 946ml,5
OATLY 咖啡 師燕麥奶 6 入,20
整箱 6 入現 貨免 運 MOMA 咖啡 師燕麥奶 植物 奶 2,5
09421906089066OTIS 咖啡 師燕麥奶 6 入,5
OTIS 咖啡 師燕麥奶 每日 燕麥奶 1L 燕麥奶 植物 奶素,5
咖啡 師專區 Oatly 燕麥奶 夏威夷 堅果 奶 杏仁 奶 椰奶 豆,5
榛果 燕麥奶 那堤 大,2175
Oatly 巧克力 燕麥奶 1L 瓶,25
台灣 OAT 燕麥奶 940,5
心樸 燕麥奶 咖啡,5
小瓶 裝 即期 優惠燕 麥奶 NEMOLOKO 巧克力 燕麥奶,10
OATSIDE 燕麥奶 巧克力 榛果 燕麥 植物 奶 1000ml,30
Provamel 樸悅 生機 原味 燕麥奶 1L 比利 時燕麥奶,5
DCF 可可 燕麥奶,120
5204000069 五 蔬果 燕麥奶 單包 2 入,5
即期 品 即期 品 Havredals 原味 燕麥奶 1L 有效 日,10
Oatly 咖啡 師燕麥奶 1L6 入箱 無 加糖 咖啡 大,10
榛果 燕麥奶 那堤 中,305
現貨箱 出免 運燕麥奶 Oatly 燕麥奶 植物 奶 咖啡 師燕,20
OATSIDE 燕麥奶 巧克力 榛果 燕麥 植物 奶 1000m,10
泰山 燕麥奶 花生 320g6 入組 4 網,5
榛果 燕麥奶 那堤 V,3925
6 入 優惠燕 麥奶 Oatly 咖啡 師 杏仁 奶 咖啡 師燕麥,65
沒有 牛經典 原味 燕麥奶,5
歐可茶 葉真奶 麥片 A21 黃 金 地瓜 燕麥奶 7 包盒,15
OATLY 咖啡 師燕麥奶 1000ml,15
N013064770Provamel 樸悅生 機無糖 燕麥奶,10
OATLY 燕麥奶 20221016e9as4ahk,5
即期 植物 奶 PlantA 燕麥奶 1L 天然 純素,5
燕麥奶 MINORFIGURES 小人物 燕麥奶 植物 奶 咖,115
Havredals 原味 燕麥奶 1L,5
自然 風 Oatly 燕麥奶 植物 奶 咖啡 師燕麥奶 咖啡 師燕,50
DCF 原味 燕麥奶,50
N010436558 里仁 網購 原味 燕麥奶,15
歐可茶 葉真奶 麥片 F17 黃 金 地瓜 燕麥奶 瘋 狂福箱 36 箱,5
即期 品 OATSIDE 燕麥奶 巧克力 燕麥 植物 奶 1000ml,55
星巴克 爆紅燕 麥奶 Oatly 咖啡 師燕麥奶 1000ml,5
Oatly 燕麥奶 植物 奶 咖啡 師燕麥奶 咖啡 師燕麥奶 O,10
光可 榛果 燕麥奶,15
MOATLY 咖啡 師燕麥奶 1000ml,75
DCF 可可 燕麥奶,30
Oatly 燕麥奶 植物 奶 咖啡 師 原味 燕麥 奶無糖 燕麥奶,15
0450215 紅 瑞典 Oatly 咖啡 師燕麥奶 全素,5
MOMAMOMAoatmilk 咖啡 師燕麥奶 2 入 使,30
囍 有 機燕麥奶 咖啡 師 1L,5
團購 小人物 燕麥奶,20
推 Maeil 燕麥奶,15
直播 限定 燕麥奶 植物 奶 惜福 商品,245
台灣 現貨 小人物 燕麥奶 咖啡 師燕麥奶 小人物 燕麥奶 濃厚,10
DCF 原味 燕麥奶 1L,5
5060146372732 英國 MOMA 燕麥奶 原味 無 加糖,5
OATSIDE 燕麥奶 巧克力 燕麥 植物 奶 1000ml,45
MOMA 燕麥奶 咖啡 師 1000mlx6 入箱 愛買,5
沒有 牛 膳食 纖維加 鈣 燕麥奶,3990
OatYa 蜂蜜 燕麥奶,700
Oatly 低脂 燕麥奶,105
燕麥奶 原味,1535
SOGOOD 無 加糖 燕麥奶 1Lx6 植物 奶 Basic 系,10
OATSIDE 燕麥奶 巧克力 榛果 燕麥 植物 奶 1000ml,155
蜂蜜 燕麥奶,10370
燕麥奶 MINORFIGURES 小人物 燕麥奶 咖啡 師燕麥,10
蜂蜜 燕麥奶,1190
燕麥奶 抹 茶,1560
沒有 牛 原味 燕麥奶,3215
Oatly 燕麥奶 植物 奶 咖啡 師 原味 燕麥 奶無糖 燕麥奶,20
沒有 牛 抹 茶 燕麥奶,25
沒有 牛 原味 燕麥奶 1300ml 瓶 1300,10
7394376619809OATLY 低脂 燕麥奶 10,10
燕麥奶 唇彩 EX01,10
沒有 牛 原味 燕麥奶 300ml 瓶 300ML,15
燕麥奶 VEGGO 咖啡 師燕麥奶 植物 奶 咖啡 師燕麥 拿 鐵,20
Havredals 咖啡 師燕麥奶 1L 有效 日期 2023,5
Havredals 原味 燕麥奶 1L 有效 日期 20230,5
產地 荷蘭燕 麥奶 Oatly 咖啡 師燕麥奶 1L 植物,265
即期 品 即期 品 Havredals 咖啡 師燕麥奶 1L 有效,5
7394376619809OATLY 低脂 燕麥奶 1000ml,10
燕麥奶 PIKOO 燕麥奶 咖啡 師 植物 奶 咖啡 師燕麥 奶高,5
OATLY 燕麥奶 20230429f2snudok,5
燕麥奶 膳食 纖維,1850
Oatly 咖啡 師燕麥奶 1000ml,5
0440215 紅 瑞典 Oatly 咖啡 師燕麥奶 全素,5
免運 Vitasoy 咖啡 大師 燕麥奶 杏仁 奶 豆奶,25
華淨 4D 燕麥奶 25,40
SOATLY 低脂 燕麥奶,15
沒有 牛 抹 茶 燕麥奶 1300ml 瓶 1300ml,15
Elmhurst1925 原味 無糖 燕麥奶 946mL 無麩,5
無糖 燕麥奶 系列 1L 瓶 Oatly 燕麥奶 咖啡 師燕麥奶,10
9421906089073OTIS 巧克力 燕麥奶,5
CalifaFarms 燕麥奶 咖啡 師 配方 946ml,5
泰山 燕麥奶 花生 320g24 罐箱 320g24 罐箱,5
OATLY 咖啡 師燕麥奶 1000mlX12 瓶網,5
直播 銷售 03OATLY 咖啡 師燕麥奶 6 入,5
OATLY 咖啡 師燕麥奶 1000mlX6 瓶 隱網,5
分批 取 VEGGO 咖啡 師燕麥奶 1000ml,170
植物 奶 PlantA 燕麥奶 1L 天然 純素 用心 核桃 奶夏,5
4714379956818 米森有 機高 鈣 燕麥奶 25g8,5
