item_name,item
悅氏 礦泉氣 泡水 520ML,1490
舒味思氣 泡水 萊姆 口味 500ml 瓶 500ml 瓶,60
舒味思氣 泡水 萊姆 口味 1250mlPET1250ml 瓶,295
舒味 思萊姆 口味 氣 泡水,131355
Cheers 氣 泡水 300ml6 瓶組 300ml6 瓶,350
大拇指 沁氣 泡水 Cool,5
CrystalValley 礦沛氣 泡水 585ml,21280
VOSS 挪威 芙絲萊姆 薄荷 風味氣 泡水 時尚 玻璃瓶 375ml,5
舒味思氣 泡水 寶特瓶 500mlx24 入網,150
OceanBomb 奇異果 風味氣 泡水 330mlDonk,35
CrystalValley 礦沛氣 泡水 585ml24 罐箱,1650
舒味思氣 泡水 萊姆 口味 500ml,1025
CheersBee 蜂蜜 氣 泡水 590ml300375,25
OceanBomb 美少女 戰士 荔枝 風味氣 泡水,470
悅氏 礦泉氣 泡水 520ml,4575
OceanBomb 氣 泡水 330ml 水梨風味,390
礦沛氣 泡水 585mlX24 入團 購組,25
舒味 思萊姆 口味 氣 泡水 PET500,245
AVILA 阿維拉強 碳酸 氣 泡水 500mlx24 瓶,115
OceanBomd 七龍珠 水蜜桃 風味氣 泡水,535
Costco 好市 多代 購 Perrier 沛綠雅氣 泡水 礦泉,10
沛綠雅小黃 瓜萊姆氣 泡水 250ml,20
活動 MORE 氣 泡水 檸檬風味 PET560,5
超值 組 Sodastream 氣 泡水 機 spirit 白,5
悅氏 礦泉氣 泡水 mojito 風味 520ml,25
沛綠雅 水蜜桃 氣 泡水 250ml,60
VIP 金車 CrystalValley 礦沛氣 泡水 585,25
舒味思氣 泡水 纖維寶特瓶 500ml24 入網,55
OB 水梨風味氣 泡水 330ml,145
OB 賽打 風味氣 泡水,55
Schweppes 舒味思 纖維氣 泡水 500ml4 入,30
SodastreamSpirit 自動 扣瓶氣 泡水 機 多款 配,75
箱購 檸檬樂 天氣 泡水,100
悅氏悅氏 礦泉氣 泡水 520mlx24 入箱,75
森吉小 舖 韓國 HCA 檸檬發 泡錠 檸檬氣 泡水 石榴 橘子,50
老協珍 人 蔘 精 81 瓶免 費贈 Sodastream 氣 泡水 機老,10
舒味思氣 泡水 萊姆 口味 1250ml,400
OB 小黃瓜 風味氣 泡水 330ml,70
愛瑞雅蔓 越莓 粉紅氣 泡水 475ml,45
OB 黃 金柚 風味氣 泡水 330ml,155
金車 礦沛氣 泡水 585ml,355
舒味思氣 泡水 萊姆 口味 寶特瓶 500mlx24 入網,400
CrystalValley 礦沛氣 泡水 585mlx24 入,3410
沛綠雅氣 泡水 葡萄柚 330ml,155
氣 泡水 好感 推薦 法國 原裝 OGEU 氣泡 礦 泉水 泰山 Che,95
AQUAGEN 海洋 深層氣 泡水 奧 地利 香 蘋愛樂 330ml,45
悅氏 520ml 悅氏 礦泉氣 泡水 24 瓶箱,160
OceanBomb 氣 泡水 330ml 黃 金柚 風味,495
泰山 Cheers 氣 泡水 系列 宅配 任選 兩箱 以上 免運,15
Schweppes 舒味 思萊姆 口味 氣 泡水 寶特瓶 500m,2105
航海王 芒果 風味氣 泡水 330ml,45
多喝水 百香果 維他 命氣 泡水 560ml4 入 560ml4 入,220
KS 水果 風味氣 泡水,350
聖沛 黎洛氣 泡水 1000ML1000ML,210
TAISUNCheersBee 蜂蜜 氣 泡水 590ml,60
金車 CrystalValley 礦沛氣 泡水 原味 檸檬 58,30
EC 聖沛 黎洛氣 泡水,475
drinkmate 氣 泡水 機 CO2 氣彈 小 鋼瓶 小氣彈 氣瓶,95
AQUAGEN 海洋 深層氣 泡水 義 大利 葡萄 繽紛 330mlx,20
舒味思氣 泡水 纖維 500ml24 入箱,60
Schweppes 舒味思 原味 氣 泡水 寶特瓶 500mlx,245
豪華 超值 組 SodaSparkle 舒打 健康 氣 泡水 機 360 入,45
Costco 好市 多代 購現貨 科克 蘭氣 泡水 500 毫升 X,10
CrystalValley 礦沛氣 泡水 檸檬風味 585ml,35
舒味 思萊姆 口味 氣 泡水 500ml24 入箱,485
全省 免運法 國沛 綠雅 perrier 天然 氣 泡水 330ml,10
舒味 思萊姆 口味 氣 泡水 500ml,15
沛綠雅 水蜜桃 氣 泡水 330ml,285
舒味思氣 泡水 500ml 瓶 500ml 瓶,30
舒味思氣 泡水 纖維 500mlx4758703,5
AQUAGEN 海洋 深層氣 泡水 迷你 珍藏 箱 台北 台東 城市 限定,20
元氣 森林 葡萄 風味氣 泡水 330ml 鋁罐,5
CrystalValley 礦沛 礦沛氣 泡水 585ml,320
聖沛黎 葡萄柚 氣 泡水 330ml,150
輸碼 折 100 元限 今日 付款 泰山 氣 泡水 EX 強氣 泡,65
CheersLemon 檸檬氣 泡水 590ml,195
CHEERS 奇兒 思氣 泡水 500mlx4 愛買,55
舒味 思萊姆 口味 氣 泡水 500mlX4500ml4 瓶,1335
全省 免運法 國沛 綠雅 perrier 天然 氣 泡水 250ml,5
OceanBomb 蜂蜜 檸檬風味氣 泡水 330ml,5
OceanBomd 蘋果 風味氣 泡水,60
加 Schweppes 舒味思氣 泡水 萊姆 口味 寶特瓶 500,5
VOSS 芙絲萊姆 薄荷 風味氣 泡水 玻璃瓶 裝 375ml,15
舒味 思萊姆 口味 氣 泡水 500mlx24 入 x2 箱共 48 入愛,250
BOGARI 寶嘉麗氣 泡水 開元 330mlSPARKL,20
TAISUNCheersEX 強氣 泡水 6 罐組 250,150
悅氏悅氏 礦泉氣 泡水 520mlx2 箱 48 入,60
CheersBee 蜂蜜 氣 泡水 590ml590ml 瓶,35
OceanBomb 橘子 風味氣 泡水 弗力 沙 330ml,15
福利品 Schweppes 舒味思 即期 品氣 泡水 纖維寶,90
Cheers 蜂蜜 氣 泡水 590mlX24 入團 購組,40
聖艾諾 火山岩 氣 泡水 750ML,20
OceanBomd 賽打 風味氣 泡水,130
限購 一個氣 泡水 SPellegrino 聖沛黎洛 天然,15
金車 CrystalValley 礦沛氣 泡水 檸檬風味 585,50
沛綠雅 Perrier 天然 氣 泡水 750mlx12 瓶法 國 製,15
MCheers 氣 泡水 原味 500mlx24 入箱,20
CheersLemon 檸檬氣 泡水 590ml 瓶 590m,35
OceanBomb 七龍珠 蘋果 風味氣 泡水,290
OB 白 葡萄 風味氣 泡水,125
水 元素 海洋 深層氣 泡水 330ml,5
avila 阿維拉強 碳酸 氣 泡水 500ml 瓶 包裝 顏色 隨,10
CrystalValley 礦沛 礦沛氣 泡水 320ml,30
團元氣 森林 白桃 風味氣 泡水,460
全省 免運勝 獅蘇 打氣 泡水 325mlx24 瓶沙瓦氣,30
AVILA 阿維拉強 碳酸 氣 泡水 500ml,900
贈台 灣 製 鋼 瓶 10 支 sodaplusCO2 氣 泡水 機蘇,110
CrystalValley 礦沛氣 泡水 檸檬風味 585ml,250
RICHMORERichSoda 氣 泡水 隨手 瓶晶 透款氣,15
Schweppes 舒味思氣 泡水 纖維寶特瓶 500m,90
台酒 小 飲 日常 極氣 泡水,75
挪威 VOSS 芙絲 檸檬小黃瓜 風味氣 泡水 375ml 時尚 玻璃,15
Cheers 氣 泡水 300ml6 瓶組 933498,15
OceanBomd 白 葡萄 風味氣 泡水,180
威金 森氣 泡水 檸檬風味,595
金車 CrystalValley 礦沛氣 泡水 585ml,20
Lotte 樂天氣 泡水 檸檬味 500mlx20 瓶,30
MK 碳酸 氣 泡水 600ml,50
金車 CrystalValley 礦沛氣 泡水 585ml 原味 x,85
OceanBomb 七龍珠 哈密瓜 風味氣 泡水 330mlD,5
More 氣 泡水 百香果 風味 560ML4 愛買,5
悅氏 礦泉氣 泡水 520ML 兩入,5
全省 免運 SPELLEGRINO 聖沛 黎洛氣 泡水 1000m,35
台糖 檸風味氣 泡水 330cc,10
挪威 VOSS 芙絲萊姆 薄荷 風味氣 泡水 375ml 時尚 玻璃瓶,50
OceanBomb 洛克人 百香果 風味氣 泡水,90
舒味思氣 泡水 萊姆 口味 1250mlx12 瓶,15
OceanBomb 七龍珠 百香果 風味氣 泡水 330mlD,15
VOSS 芙絲 檸檬小黃瓜 風味氣 泡水 玻璃瓶 裝 375ml,10
金車 CrystalValley 礦沛氣 泡水 檸檬風味 58,100
家樂福 爽暢 飲氣 泡水 500ml 家樂福,10
航海王 蜂蜜 檸檬風味氣 泡水 330ml,30
礦沛氣 泡水 585mlx72 愛買,1395
AQUAGEN 海洋 深層氣 泡水 4 入迷 你 珍藏 箱 葡萄 蘋果 風,10
MOSA 鏡亮 面不銹鋼 SODA 蘇打氣 泡水 機氣 泡 水瓶,5
舒味 思萊姆 口味 氣 泡水 500mlX4176737,65
OB 草莓 風味氣 泡水 330ml,60
日央雜 貨店 滿額免 運舒味 思氣 泡水 萊姆 口味 1250ml,10
法國 BubbleSoda 經典 粉旺氣 泡水 機 白色 BS19,5
舒味思氣 泡水 萊姆 口味 500mlx4 入,5
團元氣 森林 金桔 風味氣 泡水,45
團元氣 森林 葡萄 風味氣 泡水,200
金車 礦沛氣 泡水 檸檬風味 585m,5
金車 礦沛氣 泡水 585ml24 罐 x2 箱共 48 罐,65
金車 礦沛氣 泡水 585ml,25
元氣 森林 葡萄 風味氣 泡水 480ml 寶特瓶 六入 組,5
CrystalValley 礦沛氣 泡水 585ML2458,45
Sodastream 時尚風 自動 扣瓶氣 泡水 機 Spirit,80
OceanBomb 水蜜桃 風味氣 泡水 黑 悟空 330ml,15
Avila 阿維拉強 碳酸 氣 泡水 500ml500ml 瓶,45
Avila 阿維拉強 碳酸 氣 泡水 500mlx4 入,70
滿箱 免運 聖沛黎洛 SPellegrino 氣 泡水 200,5
金車 礦沛氣 泡水 585ml,2040
CHANG 泰象氣 泡水 325mlx24 入箱,10
蝦 皮代開 發票 金車 礦沛氣 泡水 原味 585ml 全省 1 箱即,10
舒味思氣 泡水 萊姆 口味 500ml 毫升 x4 家樂福,15
小獅王 神奇 定量 奶粉罐 氣 泡水 藍,20
悅氏 礦泉氣 泡水 520mlx24 瓶,10
舒味思氣 泡水 萊姆 口味 1250ml12 入箱,10
家樂福 ULTRA 爽暢 飲氣 泡水 500mlx24 家樂福,20
台灣現 貨可樂 儲氣 瓶 蓋 汽水 儲氣 瓶蓋氣 泡水 儲氣 瓶 蓋,25
AVILA 阿維拉強 碳酸 氣 泡水,55
OceanBomb 黃 金柚 風味氣 泡水 330mlDonk,25
OceanBomb 水蜜桃 風味氣 泡水 330ml330ml,20
OceanBomb 七龍珠 超 海洋 深層氣 泡水 蘋果 風味 3,5
元氣 森林 白桃 風味氣 泡水 480ml 寶特瓶,5
團經典 原味 海洋 深層氣 泡水,135
OceanBomb 七龍珠 超 海洋 深層氣 泡水 白 葡萄 風味,5
Avila 阿維拉強 碳酸 氣 泡水 500mlx24 入,5
元氣 森林 白桃 風味氣 泡水 330ml24 入箱購,10
元氣 森林 白桃 風味氣 泡水 480ml15 入箱購,40
MOSA 蘇打氣 泡水 機專用 CO2 氣彈 氣瓶 小 鋼瓶,15
CrystalValley 礦沛氣 泡水 原味 320mlx24,55
AQUAGEN 海洋 深層氣 泡水 沁涼 果香 風味組 330ml 鳳,10
金車 礦沛氣 泡水 原味 585ml,5
AQUAGEN 海洋 深層氣 泡水 330ml24 入箱,10
OceanBomb 草莓 風味氣 泡水 330mlDonki,15
Schweppes 舒味思氣 泡水 系列 原味 寶特瓶 500m,15
黑面 蔡 HMC 海洋 深層氣 泡水 海鹽 檸檬風味 500mlx,30
義 大利 可洛 詩丹 檸檬氣 泡 蘇打 晶粒 蘇打 水氣 泡水 250g,20
AQUAGEN 海洋 深層氣 泡水 鳳梨 芒果 330mlx24,25
舒味 思萊姆 口味 氣 泡水 176737,10
CrystalValley 礦沛氣 泡水 原味 320mlx24,5
福利品 Schweppes 舒味思 原味 氣 泡水 寶特瓶 500,10
ITMIITME 玫瑰 小氣 泡 神仙 水化 妝水 神仙 氣 泡水 保濕,5
Schweppes 舒味 思萊姆 口味 氣 泡水 寶特瓶 125,20
IRIS 日本 直送 富士山 強氣 泡水 500mlx24 入 日本,75
UNISPARKLING 檸檬氣 泡水 PET500,60
六入 組 BOGARI 寶嘉麗氣 泡水 開元 330ml,20
舒味 思萊姆 口味 氣 泡水 隨型 罐 330mlX4967110,5
OceanBomb 七龍珠 超 海洋 深層氣 泡水 百香果 風味,5
元氣 森林 荔枝 風味氣 泡水 480mlx15 入箱,10
悅氏 礦泉氣 泡水 520mlx24 愛買,5
Avila 阿維拉強 碳酸 氣 泡水 500ml 瓶 X24 瓶,5
樂天 韓國 飲料 LOTTE 樂天氣 泡水 500ml,5
Schweppes 舒味 思萊姆 口味 氣 泡水 500mlx2 箱,740
OceanBomb 荔枝 風味氣 泡水 330mlDonki,5
RICHMORECO2 氣彈 MOSA 國際 通用 氣彈氣 泡水,10
韓國樂 天氣 泡水 原味 檸檬味 lotte500ml,5
元氣 森林 金桔 風味氣 泡水 480ml15 入箱購,20
0272136393 礦沛氣 泡水 585ml,25
AVILA 阿維拉強 碳酸 氣 泡水 500ml,30
新春 刮大獎 SODASTREAMART 自動 扣瓶氣 泡水 機,5
金車 CrystalValley 礦沛氣 泡水 檸檬風味 58,5
CheersLemon 檸檬氣 泡水 145387,5
黑松 CC 氣 泡水 檸檬 口味,10
Sodastream 時尚風 自動 扣瓶氣 泡水 機 Spirit,5
OceanBomb 美少女 戰士 芒果 風味氣 泡水,55
MOSASodaSplash 限時 下 殺 隨身 型氣 泡水 機,10
CheersEX 強氣 泡水 500ml24 瓶箱 500m,5
泰山 Cheers 氣 泡水 500ml4 瓶組 500ml4,395
CookPower 鍋寶萬 用氣 泡水 機 CO2 鋼瓶 三入 組,5
OceanBomb 氣 泡水 330ml 小黃瓜 風味,60
愛瑞雅鹼 性氣 泡水 475ml 瓶 12 瓶組,5
舒味 思萊姆 口味 氣 泡水 隨型 罐 330mlX4,55
輸碼 AUGMS50 現折 50 現貨含 發票 免運鍋 寶氣 泡水 機,25
Disney 迪士尼 玩具 總動員繽紛 夏日 氣 泡水 機,410
OCEANBOMB 七龍珠 超氣 泡水 五種 口味 任選,10
Sodastream 電動式氣 泡水 機 POWERSOURC,15
CookPower 鍋寶氣 泡水 機鋼瓶 06L 單入 組非交,5
現貨 天天 出 Costco 好市 多代 購 NuPure 氣 泡水,5
OceanBomb 美少女 戰士 海洋 深層氣 泡水 草莓 風味,5
SPARKEAU 大馬士革 玫瑰 氣 泡水 330mlx24 入箱,5
航海王 熱帶 水果 風味氣 泡水 330ml,15
OceanBomb 美少女 戰士 水梨風味氣 泡水,55
Sodastream 自動 扣瓶氣 泡水 機 Spirit 白,40
金車 礦沛氣 泡水 585ml24 入 x2 箱康鄰 超市,5
SP 甜橙 氣 泡水 330ml,30
Avila 阿維拉強 碳酸 氣 泡水 500mlx2 箱共 48 入,10
Chido 趣多 45GV 原味 氣 泡水 500ml24 入 x3,105
台鹽 純沛 海洋 離子氣 泡水 500ml,5
元氣 森林 白桃 風味氣 泡水 480ml480ml,690
DrinkmatePenguin 企鵝機氣 泡水 機 J101,5
現貨 附發票 韓國 HCA 檸檬發 泡錠 檸檬氣 泡水 石榴 發泡 錠,20
買 OceanBomb 乳酸 風味氣 泡水 330m,180
超快 出貨開 發票 鍋寶萬 用氣 泡水 機含 氣瓶 2 入 專用 水瓶 2 入,40
舒跑 透明 系氣 泡水 510ml,2660
多 喝 水蜜桃 氣 泡水 560ml4 入 934739,5
ASAHI 朝日 威金 森檸檬 風味氣 泡水 500MLx24 入,15
SPARKEAU 思帕 可氣 泡水 330mlx24 入箱,15
點加 價購 小 分子 氣 泡水,20
Sodastream 氣 泡水 機專用 寶特瓶 水滴 瓶 Emoj,10
OceanBomb 黃 金柚 風味氣 泡水 330ml 罐,40
SodastreamTERRA 自動 扣瓶氣 泡水 機迷霧 藍,5
SodastreamTERRA 自動 扣瓶氣 泡水 機純淨白,10
明日 之愛 限定 組合 Sodastream 時尚風 自動 扣瓶氣 泡水,5
TAISUNCheers 氣 泡水 6 罐組 250ml 罐 6,35
買 OceanBomb 芒果 風味氣 泡水 330m,135
元氣 森林 葡萄 風味氣 泡水 480ml,5
CHUCHUWATER 啾 啾 氣 泡水 藍莓 330ml,15
舒味 思萊姆 口味 氣 泡水 500mlx24 入箱 愛買,30
促銷 中鍋 寶氣 泡水 機適 用 Sodamaster 適用 大,10
金車 礦沛氣 泡水 585mlx24 入箱 愛買,15
蝦 皮代開 發票 舒味思氣 泡水 原味 纖維萊姆 口味 伯爵 紅,30
CHUCHUWATER 啾 啾 氣 泡水 330ml 原味,20
S 買 礦沛氣 泡水 檸檬風味 585ml,230
大拇指 沁氣 泡水 Cool500ml24 入 500 毫升 2,15
OceanBomb 七龍珠 超 海洋 深層氣 泡水 水蜜桃 風味 3,5
台灣 現貨 天天 寄枕邊 玩物 美妝蛋 水滴 斜切 遇 泡水 變大親 水性,10
Chido 趣多 超氣 泡 50 原味 氣 泡水 500mlx24 入,720
箱購 CrystalValley 礦沛氣 泡水 585mlx2,400
元氣 森林 海鹽 鳳梨風味氣 泡水 480ml15 入箱購,5
SP 萊姆氣 泡水 330ml,25
OCEANBOMB 美少女 戰士氣 泡水 330ml 單罐 水梨,10
愛瑞雅 檸檬鮮 果氣 泡水 475ml,25
Sodastream 電動式氣 泡水 機 powersource,5
Chido 趣多 超氣 泡 50 原味 氣 泡水 500mlx2 箱,235
CheersLemon 檸檬氣 泡水 5904 瓶組 590,105
Avila 阿維拉強 碳酸 氣 泡水 500ml24 入箱,5
英國 Sodastream 氣 泡水 機獨家 限量 款,10
Sodastream 電動式氣 泡水 機 power,5
舒味思氣 泡水 萊姆 口味 500ml,10
ASAHI 朝日 威金 森氣 泡水 PET500MLx24 入箱,50
AQUAGEN 海洋 深層氣 泡水 經典 原味 330mlx24 入,15
CrystalValley 礦沛氣 泡水 585ML4498,20
Avila 阿維拉強 碳酸 氣 泡水 500ml24 入箱 粉 藍,30
BubbleSoda 氣 泡水 機專用 05 公升 水瓶,5
買 OceanBomb 熱帶 水果 風味 泡水 33,120
Chido 趣多 45GV 原味 氣 泡水 500mlx2 箱共 4,215
Sodastream 時尚風 自動 扣瓶氣 泡水 機 Spirit,5
大拇指 激氣 泡水 Power500ml24 入 500 毫升,65
BubbleSoda 食用 級 二氧化碳 氣 泡水 鋼瓶 60L 換購,10
ASAHI 朝日 Sober 威金 森氣 泡水 辛 薑 檸檬 450m,5
日央雜 貨店 舒味思氣 泡水 萊姆 口味 500mlx24 入,5
CheersEX 強氣 泡水 500mlX24 入團 購組,30
OceanBomb 美少女 戰士 草莓 風味氣 泡水,60
現貨 快速 出貨 刷卡 分期 RichSoda 氣 泡水 隨手,10
Philips 飛利浦氣 泡水 機 ADD4902,5
Sodastream 自動 扣瓶氣 泡水 機 Spirit3 色,5
大拇指 激氣 泡水 Power500ml500 毫升,255
Lotte 樂天氣 泡水 原味 檸檬任 選 500mlx20 入,35
SodastreamTERRA 自動 扣瓶氣 泡水 機純淨白,5
贈品 SodaSparkle 舒打 健康 氣 泡水 機專用 CO2 鋼瓶,5
drinkmate 犀牛 機 410 氣 泡水 機現 貨廠 商直 送,5
YHBOB 美少女 戰士氣 泡水 黃 金柚 荔枝 水梨 草莓 小,15
即期 品礦沛氣 泡水 檸檬風味 585ml24 瓶箱,10
礦沛氣 泡水 檸檬風味 585ml24 入,10
全省 免運 CHANG 泰象 CHANG 泰象氣 泡水 325ml,10
MEKO 快樂兔 美妝蛋 泡水 變大粉 撲袋 裝顏色 隨機,25
舒味思氣 泡水 500mlx24 入箱 愛買,15
Sodastream 自動 扣瓶氣 泡水 機 Spirit 台灣,5
Sodastream 專屬 水瓶 寶特瓶 1L2 入氣 泡水,20
挪威 VOSS 芙絲 覆盆 莓 玫瑰 風味氣 泡水 375ml 時尚 玻璃,20
金車 礦沛 檸檬氣 泡水 585ml24 入箱 免運 發票,5
舒跑 透明 系氣 泡水,35
Chido 趣多 45GV 原味 氣 泡水 500mlx24 入箱,15
SPARKEAU 思帕 可氣 泡水 750mlx6 入箱,20
海鮮貝貝 豪華宴 贈 風味氣 泡水 2 罐,40
Sodastream 時尚風 自動 扣瓶氣 泡水 機 Spirit 黑,5
VOSS 芙絲 覆盆 莓 玫瑰 風味氣 泡水 玻璃瓶 裝 375ml,10
M 金車 礦沛氣 泡水 585mlx24 入箱,25
沛綠雅氣 泡水 萊姆 250M,5
CHUCHUWATER 啾 啾 氣 泡水 蜂蜜 330ml,25
台 灣 製 口哨 泡泡 水 哨子 泡泡 水 一瓶 入定 15 口哨 泡水,5
OceanBomb 七龍珠 超 海洋 深層氣 泡水 橘子 風味 33,5
SodaSparkle 氣 泡水 機專用 CO2 鋼瓶 48 入特 調款,5
AQUAGEN 海洋 深層氣 泡水 經典 原味 2 箱金馬獎 唯一 指,10
鍋寶 SODAMASTER 萬用氣 泡水 機 CO2 鋼瓶二入,15
Chido 趣多 45GV 海鹽青 蘋果 風味 維生素 C 氣 泡水,50
Chido 趣多 45GV 水蜜桃 風味 膳食 纖維氣 泡水 500,25
OceanBomb 橘子 風味氣 泡水 330ml330ml 罐,5
淨園 美國 Drinkmate 氣 泡水 機專用 水瓶 500m,5
SodastreamSpirit 自動 扣瓶氣 泡水 機,5
台糖 檸檬風味氣 泡水 330cc,5
LAURETANA 阿爾 卑斯山 天然 冰 河水 氣 泡水 義 大利 羅,10
CHUCHUWATER 啾 啾 氣 泡水 330ml 萊姆,20
特賣 鍋寶萬 用氣 泡水 機 2,5
純沛 海洋 離子氣 泡水,40
大拇指 沁氣 泡水 Cool500ml788325,5
YHBO B超 人力 霸王 氣 泡水 水蜜桃 原味 風味 乳酸 飲料 3,5
BubbleSoda 食用 級 二氧化碳 氣 泡水 鋼瓶 120L 換,5
SAN 氣 泡水 特價 44,5
Sodastream 氣 泡水 機 SOURCE3 色可選,5
Avila 阿維拉強 碳酸 氣 泡水 500ml24 入箱,20
Chido 趣多 45GV 原味 氣 泡水 500mlx4 入,20
OceanBomb 熱帶 水果 風味 泡水,5
Lauretana 蘿莉塔娜氣 泡水 冰 河水 礦 泉水 玻璃,5
OceanBomb 水梨風味氣 泡水 330mlDonki,15
CHUCHUWATER 啾 啾 氣 泡水 蔓越莓 330ml,25
贈品 SodaSparkle 氣 泡水 機專用 CO2 鋼瓶 5 入,10
MORE 維他 命 100 氣 泡水 百香果 風味 560mlX2,30
SodaSparkle 舒打 健康 氣 泡水 機專用 CO2 鋼瓶 24 入,5
限 今日 付款 CrystalValley 礦沛氣 泡水 585m,5
CHANG 泰國泰象 CHANG 泰象氣 泡水 325ml24 入,5
OceanBomb 氣 泡水 330ml 草莓 風味,105
箱購 Lotte 樂天氣 泡水 原味 500mlx20 瓶,10
舒味 思萊姆 口味 氣 泡水 500mlx24 入箱 愛買網,5
10 蝦幣 回饋 味丹氣 泡水 MORE 原味 檸檬 蜜桃,10
SodastreamFIZZI 自動 扣瓶氣 泡水 機 冰河 藍,5
Chido 趣多 45GV 原味 水蜜桃 風味氣 泡水 500ml,40
蝦 皮代開 發票 開元 食品 寶嘉麗氣 泡水 330ml 瓶 BOG,5
Schweppes 舒味 思萊姆氣 泡水 500ml4 入組,5
OceanBomb 氣 泡水 330ml 芒果 風味,125
小迷宮 泡泡 水泡 泡水 童玩 6828B 一盒 24 瓶 入定 10,5
BOGARI 開元 食品 BOGARI 寶嘉麗氣 泡水 x24 罐,5
SodastreamSpirit 時尚風 自動 扣瓶氣 泡水 機,15
箱購 舒味思氣 泡水 萊姆 口味 500mlx24 瓶,5
舒味思氣 泡水 纖維 758703,5
氣 泡水 機專用 食品 級 CO2 二氧化碳 鋼瓶 回 充氣 灌充,5
OceanBomb 荔枝 風味氣 泡水 330ml 罐,45
OceanBomb 海賊 王 航海王 氣 泡水 熱帶 水果 蜂蜜 檸,20
AQUAGEN 海洋 深層氣 泡水 迷你 禮物箱 經典 原味 330m,5
代收 代付 舒味思氣 泡水 500mlx24 入箱 愛買,5
Chido 趣多海 鹽青 蘋果 風味 維生素 C45GV 氣 泡水,15
聖沛 黎洛氣 泡水 6 入組 1000ML6 入,60
接骨木 萊姆氣 泡水 330ml,10
鍋寶 SODAMASTER 萬用氣 泡水 機 2 入氣 瓶組,5
舒味思 纖維氣 泡水 500MLx24 愛買,10
OceanBomb 白 葡萄 風味氣 泡水 330ml330ml,10
商業 周刊 紙本 26 期 商周 紅氣 泡水 機 商周 商業 周刊 氣泡,5
BOGARI 開元 食品 BOGARI 寶嘉麗氣 泡水 x2 箱,5
AQUAGEN 海洋 深層氣 泡水 4 入迷 你 珍藏 箱蘋 果蔓 越莓,15
CookPower 鍋寶 SODAMASTER 萬用氣 泡水,5
SodaSparkle 氣 泡水 機專用 CO2 鋼瓶 48 入,5
超取 TAISUNCheersmini 氣 泡水 300ml,5
ISA 椰果 氣 泡水 小 外套 7035,5
SodastreamSPIRIT 摩登 簡約氣 泡水 機光,5
Sodastream 自動 扣瓶氣 泡水 機 SOURCE 白,10
金車 礦沛氣 泡水 585mlx3 箱共 72 入,900
BubbleSoda 氣 泡水 機專用 1 公升 水瓶,5
法國 BubbleSoda 全自動氣 泡水 機專用 1L 水瓶 粉藍,5
VIPChido 趣多 45GV 原味 氣 泡水 500mlx2,80
AQUAGEN 海洋 深層氣 泡水 蔓越莓 葡萄 鳳梨 芒果 風味 與,10
舒味思 纖維氣 泡水 500mlx24 入 x2 箱共 48 入愛買,25
老協珍 SodastreamJet 氣 泡水 機白 老協珍,10
箱 購悅氏 Light 礦泉氣 泡水 520ml 瓶 x2,10
OOHA 氣 泡水 0 糖 0 卡 0 脂 水蜜桃 烏龍 茶 柚子 海鹽 荔枝 乳,5
箱購 AVILA 阿維拉強 碳酸 氣 泡水 500mlx24 瓶,5
舒味思氣 泡水 500mlPET24 入箱購,5
MATURE 美萃 Classic410 系列 氣 泡水 機 42,5
思帕 可氣 泡水 750ml,5
VOSS 芙絲 檸檬小黃瓜 風味氣 泡水 玻璃瓶 裝 375mlx,5
氣 泡水 機 CO2 氣彈 小 鋼瓶 小氣彈 氣瓶 30 入,5
AQUAGEN 海洋 深層氣 泡水 奧 地利 香 蘋愛樂 330ml,5
元氣 森林 可樂 風味氣 泡水 480ml15 入箱購,5
YHB 海洋 深層 氣七龍 珠氣 泡水 橘子 賽 打白 葡萄 水蜜桃,5
Sodastream 自動 扣瓶氣 泡水 機 EASY 福利品,5
AQUAGEN 海洋 深層氣 泡水 義 大利 葡萄 繽紛 330mlx24,5
葡萄 風味氣 泡水 20220810g2x4b12s,5
Solan 西班牙 神藍氣 泡水 330ml24 入箱 玻,5
鍋寶氣 泡水 機鋼 瓶組,10
法國 BubbleSoda 氣 泡水 機專用 60L 二氧化碳 交換氣,25
OceanBomb 七龍珠 超 海洋 深層氣 泡水 水蜜桃 風味,5
元氣 森林 葡萄 風味氣 泡水 330ml24 入箱購,5
N012480493CHANG 泰象 CHANG 泰象氣 泡水,5
舒味思氣 泡水 萊姆 口味 500ml24 入箱,10
Avila 阿維拉強 碳酸 氣 泡水 500ml24500ml2,5
SHARP 夏普 SodaPresso 氣 泡水 機 2 水瓶 1 氣,5
美國 Drinkmate 氣 泡水 機專用 水瓶 1L,5
SPIRIT 氣 泡水 機白 恆隆行,5
SuperSoda 氣 泡水 隨身杯 氣彈 CO2N2,5
SPARKEAU 日式 柚香氣 泡水 330mlx24 入箱,15
海鮮貝貝 豪華宴 贈 風味氣 泡水 2 罐 20220804n,5
海鮮貝貝 豪華宴 贈 風味氣 泡水 2 罐 20220804l,5
VOSS 芙絲萊姆 薄荷 風味氣 泡水 玻璃瓶 裝 375mlx6,5
VIPSchweppes 舒味思 原味 氣 泡水 寶特瓶 50,5
SodaStreamSpirit 氣 泡水 機紅色 Spir,5
元氣 森林 荔枝 風味氣 泡水 480ml15 入箱購,5
