item_name,item
招牌 咖啡 冰小,485
L 咖啡 拿 鐵中熱,54985
大冰 濃厚系 冰磚 咖啡,785
濃萃 拿 鐵熱 咖啡 大,470
星巴克 大杯 冷萃 咖啡,10
L 咖啡 拿 鐵大熱,39435
冷萃 咖啡 20220927s9mr98jc,5
憋氣 檸檬冰 咖啡,4045
中熱 拿 鐵 咖啡 早 50,50
冷萃 咖啡 20220915x6vawtvx,5
拿鐵冰 咖啡 大,2525
森永瑪莉 咖啡 歐蕾 風味 夾心 蛋糕 80g,15
熱拿鐵 咖啡 L,7000
夏日 冰柚 冷萃 咖啡,2940
香檸 蜜柚 冷萃 咖啡,2155
伯爵 拿 鐵 咖啡 冰中,145
招牌 咖啡 熱中,370
摩卡 咖啡 中熱,315
冷萃 咖啡 20220909x8psfa96,5
冷萃 咖啡 20220920a8jrzkaf,5
冷萃 咖啡 20220920tl73i2la,5
冷萃 咖啡 20220922a8jrnbel,5
冷萃 咖啡 20220922dce1dzin,5
冷萃 咖啡 20220923e0psncru,5
冷萃 咖啡 20220927y3ufi148,5
camacaf 大杯 特調 咖啡 即 享券,50
鴛鴦 咖啡 中熱,5055
冰 咖啡 20220905b1wi0r8s,5
冰 咖啡 20220917r1durjlj,5
來速 拿 鐵 咖啡 中熱,265
夏日 冰柚 冷萃 咖啡 20220917i3yy338m,5
西雅圖 冰 咖啡 柚蜜 風味 西西里 諾風味 25g 袋裝 冷熱,5
冰抹 茶 咖啡,1050
大冰 咖啡 牛奶,1545
中冰 咖啡 牛奶,480
冰 咖啡 20220917l7wwoj1s,5
N 中熱 摩斯 咖啡 早,62410
冷萃 咖啡 20220910e0jnorfz,5
冷萃 咖啡 20220910u8gxkszh,5
冰義式 咖啡,4990
APP 寄杯 兌換 重拿鐵 咖啡 大,200
摩卡 咖啡 熱中,165
熱義式 咖啡 大 1,3285
拿 鐵 咖啡 熱大 卡塔 摩納門市 專用,10
冷萃 咖啡 20220930q2jgbtfp,5
N 中冰 拿 鐵 咖啡 早,8265
香檸氣 泡 咖啡 冰大,280
微韻 黑 咖啡 大冰,110
摩卡 咖啡 大冰,245
冷萃 咖啡 20220905v7tfyt7q,5
冷萃 咖啡 20220928i1ksmpew,5
小冰 咖啡 牛奶,2995
中秋 大 杯 咖啡 買 一送 一,30
冷萃 咖啡 20220904f1sql13g,5
熱義式 咖啡 小 1,7745
FITYO 迷你 杯 拿 鐵 咖啡 味 冰淇淋 100ml,45
CITYPRIMA 精品 拿 鐵 咖啡 冰,655
冰特選 抹 茶 咖啡,335
冰 咖啡 20220917h9kl7hzj,5
冷萃 咖啡 20220924v7tf1m6x,5
冷萃 咖啡 20220913jz2i5h9f,5
冷萃 咖啡 20220902s0bq7989,5
冷萃 咖啡 20220902l6vi20gf,5
冷萃 咖啡 20220908f7me2ly5,5
冷萃 咖啡 20220911i9lna1ts,5
冰 咖啡 20220902f6cxkpjj,5
冰 咖啡 20220911b5ffumbz,5
夏日 冰柚 冷萃 咖啡 20220927e8mem2nx,5
冰 咖啡 20220918c2wyr77o,5
冰 咖啡 20220904e0jn8qgp,5
整大冰 拿 鐵 咖啡 20,5
冷萃 咖啡 20220924s4psizv3,5
冷萃 咖啡 20220926y1alt7ja,5
冷萃 咖啡 20220929r5bi1cl1,5
雀巢 冰萃 咖啡 季節 香柚,10
夏日 冰柚 冷萃 咖啡 20220904y1ijqw2l,5
夏日 冰柚 冷萃 咖啡 20220915i0az8d7e,5
夏日 冰柚 冷萃 咖啡 20220918f4vs3j6r,5
夏日 冰柚 冷萃 咖啡 20220920o0bgsktr,5
夏日 冰柚 冷萃 咖啡 20220924b4ufbu0d,5
冰特選 抹 茶 咖啡 大,335
14001190931HARIO 日本 哈里 歐冰 咖啡 沖 泡壺 7,5
熱拿鐵 咖啡 朝市,17895
冰拿鐵 咖啡 M,905
冷萃 咖啡 20220920f4ztjett,5
冷萃 咖啡 20220920g6xgfpcy,5
整大熱 拿 鐵 咖啡 45,5
夏日 冰柚 冷萃 咖啡 20220904f7qtixj8,5
夏日 冰柚 冷萃 咖啡 20220909j5ggt470,5
奇脆 摩卡 咖啡 冰沙,65
冷萃 咖啡 20220916n1f8navo,5
冷萃 咖啡 20220928c6rtla5i,5
冷萃 咖啡 20220928q2fpfhc5,5
冷萃 咖啡 20220928x3apm4ih,5
摩卡 咖啡 冰大,315
冷萃 咖啡 20220920k0ef6u0u,5
冷萃 咖啡 20220921n4req8c1,5
5101001127 冰 咖啡,5
西雅圖 咖啡 西西里 諾冰 咖啡 新鮮 檸檬 酸甜 風味 清爽 柚蜜 風味,75
檸檬冷萃 精品 咖啡,365
冰 咖啡 20220922q4pyko1h,5
冰 咖啡 20220907m4jrz6rq,5
MF 摩卡 咖啡 冰沙大冰,1550
冰 咖啡 20220909m4jr3une,5
冰 咖啡 20220929m4jr5vij,5
冰 咖啡 20220921i3laujhl,5
夏日 冰柚 冷萃 咖啡 20220914e1vnquo1,5
中杯 伯爵 拿 鐵 咖啡 折 10 元,15
摩卡 咖啡 冰中,140
冷萃 咖啡 20220929k0efwvtm,5
冰 咖啡 含糖,20
冷萃 咖啡 20220925k0weed57,5
冷萃 咖啡 20220925y1ij7tb0,5
熱義式 咖啡 小,18715
冰 咖啡 20220926m4jrxyex,5
冷萃 咖啡 20220922q2jgvzth,5
L 咖啡 拿 鐵大冰,49580
熱拿鐵 咖啡 M 早澳,100
冷萃 咖啡 20220928p9lub88r,5
冰 咖啡 20220906b9zsl3o7,5
冰 咖啡 20220914n4qp1ap8,5
冷萃 咖啡 20220910p4hvb4ts,5
冷萃 咖啡 20220918wfx47qe3,5
冷萃 咖啡 20220908j3rnbc03,5
冷萃 咖啡 20220915c5wapgd1,5
特調 咖啡 大冰,1830
冰 咖啡 20220906f1sq82hz,5
鴛鴦 咖啡 大熱,4570
冷萃 咖啡 20220918b9zsexku,5
冷萃 咖啡 20220920u1peooj8,5
拿 鐵 咖啡 中冰,95
冷萃 咖啡 20220906k0efzyku,5
冷萃 咖啡 20220906yujt7s5w,5
冷萃 咖啡 20220917h3bx3w85,5
冷萃 咖啡 20220905t198zhoa,5
Casa 卡薩冷 熱萃 咖啡 懶人包 12gx12 入現 貨蝦 皮,25
嚴選 黑 咖啡 冰,80
大冰 西西里 咖啡,795
咖啡 日 精品 熱拿鐵,15
拿 鐵 咖啡 冰沙 20220905hwiy6aaf,5
重拿鐵 咖啡 冰大,1100
招牌 咖啡 冰中,1255
冷萃 咖啡 20220912k0ef9bji,5
冷萃 咖啡 20220916e2ytszg9,5
N 中冰 摩斯 咖啡,16275
冰特醇 抹 茶 咖啡 大,855
冰 咖啡 密斯 朵 大,58735
重拿鐵 咖啡 冰中,425
冰美祿 咖啡 中,895
黑 鑽 咖啡 冰大,830
冰 咖啡 20220904c1aqaxt6,5
冰 咖啡 20220918h1us628l,5
N 中熱 摩斯 咖啡,27960
摩卡 咖啡 熱大,110
熱脆 酷 摩卡 咖啡 中,70
夏日 冰柚 冷萃 咖啡 20220930q2yjlg9o,5
冷萃 咖啡 20220920f9yg1cxd,5
冷萃 咖啡 20220927s0bql3mr,5
熱拿鐵 咖啡 M 澳式 精,70
卡布 咖啡 冰沙,15
冰 咖啡 密斯 朵 V,121465
特濃 招牌 咖啡 冰大,490
冷萃 咖啡 20220903k0efe1gj,5
冷萃 咖啡 20220922k0efjhov,5
推 D 古吉 精品 咖啡,55
拿 鐵 咖啡 中熱,75
冷萃 咖啡 20220901m1zud2x0,5
招牌 咖啡 冰大,1800
手 沖 精品 黑 咖啡 冰,10
冷萃 咖啡 20220916f8va7c1p,5
冷萃 咖啡 20220916a8jrl6ov,5
N 大冰 摩斯 咖啡,9170
N 大熱 摩斯 咖啡,8330
海岩 咖啡 冰中,735
熱拿鐵 咖啡 16oz,3390
熱 咖啡 中 120 元,35
冰 咖啡 密斯 朵 x220221009x3ap4zg0,5
冰 咖啡 密斯 朵 x220221010f4yfn3mb,5
冰 咖啡 密斯 朵 x220221010f9ygqv0o,5
冰 咖啡 密斯 朵 x220221010o1ijjcrg,5
冰 咖啡 密斯 朵 x220221010p4hvhoem,5
冰 咖啡 密斯 朵 x220221006m4ua4h7u,5
卡布 奇諾熱 咖啡 中,200
APP 寄杯 兌換 招牌 咖啡 中,50
奇奇 亞思 牛奶 咖啡 200mlDonki 日本 唐吉訶德 拿 鐵,5
冷萃 咖啡 20220929wfx4rjin,5
熱拿鐵 咖啡 L20220924e1k6swad,5
N 中冰 拿 鐵 咖啡,9620
APP 寄杯 兌換 重拿鐵 咖啡 中,50
冰 咖啡 密斯 朵 x220221001b7uem0n6,5
冰 咖啡 密斯 朵 x220221001r5bir8vz,5
冷萃 咖啡 x220221023x6fj8cdw,5
冷萃 咖啡 x220221026j0kzlchx,5
冷萃 咖啡 x220221027e4cwxjho,5
冷萃 咖啡 x220221027k2jm0dcg,5
冰 咖啡 密斯 朵 x220221007r5cr2ijn,5
厚 拿 鐵 咖啡 熱小,975
9000001749 來速 拿 鐵 咖啡 中冰,6110
熱義式 咖啡 小 4,40
冰 西西里 綠檸 咖啡 L,65
冷萃 咖啡 20220929f8vao5ca,5
N 大冰 摩斯 咖啡 早,7885
N 大冰 拿 鐵 咖啡 早,4845
熱義式 咖啡 大,8025
咖啡 專用 冰糖 條,75
鴛鴦 咖啡 中冰,2300
舞味本 舖 咖啡 冰糖 咖啡 專用 糖 歐風 鑽 石紅 冰糖,5
厚 拿 鐵 咖啡 熱中,2780
9000002106 來速 拿 鐵 咖啡 大冰,4645
冷萃 咖啡 20220919f4yfhq6g,5
9000002105 來速 拿 鐵 咖啡 大熱,4100
當 西西里 風檸檬 咖啡,5
冰 咖啡 密斯 朵 x220221005s5wur13n,5
冰 咖啡 密斯 朵 x220221006e3nywuwb,5
冰 咖啡 密斯 朵 x220221008b5dswk5m,5
冰 咖啡 密斯 朵 x220221008e8me2y24,5
夏日 冰柚 冷萃 咖啡 20220924k2bl8ym5,5
冷萃 咖啡 20220909shl69tea,5
熱 咖啡,765
冷萃 咖啡 20220921x7ejej23,5
大 杯 咖啡 買 一送 一券,30
冰 咖啡 20220921j3rnfrdx,5
冷萃 咖啡 20220904b2ftwtn9,5
夏日 冰柚 冷萃 咖啡 20220928f4dl4co2,5
冰拿鐵 咖啡 L 早澳,75
冷萃 咖啡 20220916swhml04w,5
冷萃 咖啡 20220926f1sqocin,5
冰 咖啡 20220911e7gndkur,5
冰醇 濃抹 茶 咖啡 中,320
冰 咖啡 20220922c8wptnux,5
冷萃 咖啡 20220911hpbzpshm,5
冷萃 咖啡 20220914s3tsnxke,5
冰日 曬 海鹽 奶霜 咖啡 L,45
冷萃 咖啡 20220922t1kckthb,5
冰 咖啡 20221028k0efzoje,5
大熱 澳式 白 咖啡,315
冰 咖啡 20220901heuec1nu,5
海岩 咖啡 熱中,730
冰 咖啡 密斯 朵 x220221004e2laa6io,5
冷萃 咖啡 20220903f7pm1kfl,5
冰 咖啡 密斯 朵 x220221009swhmpznm,5
冰 咖啡 密斯 朵 x220221003f7meaulv,5
冰 咖啡 密斯 朵 x220221007f1ifq313,5
冷萃 咖啡 x220221020p6ffp6cw,5
冷萃 咖啡 x220221022b7uedd2a,5
冷萃 咖啡 x220221022x2bd4koq,5
冷萃 咖啡 x220221025c5wa3ipz,5
冷萃 咖啡 x220221025f1sqqca4,5
冷萃 咖啡 x220221026k7vnujkh,5
冷萃 咖啡 x220221026t3akatd7,5
冷萃 咖啡 x220221027e9as6dmt,5
冷萃 咖啡 20220908e5bdmxw3,5
冰抹 茶 咖啡 大,10700
夏日 冰柚 冷萃 咖啡 20220923f4dl1ygf,5
夏日 冰柚 冷萃 咖啡 20220923e5bdjp9f,5
夏日 冰柚 冷萃 咖啡 20220923e5bdvyan,5
厚 招牌 咖啡 冰大,1890
冰 咖啡 密斯 朵,10075
冷萃 咖啡 20220928c6wl8y41,5
拿 鐵 咖啡 大 16oz 杯,230
熱 咖啡 珍珠 歐蕾大,20
生活 冰 咖啡 300ccX6 入,30
冷萃 咖啡 20220910b1fj6t7u,5
冷萃 咖啡 20220902u6gcdpij,5
cama 經典 黑 咖啡 大熱,2460
冷萃 咖啡 20220901g8vbed9r,5
冷萃 咖啡 20220930l6vipaj0,5
來速 拿 鐵 咖啡 中冰,85
冰 咖啡 20220918n1f8lvmm,5
冰 咖啡 中,16385
冰 西西里 綠檸 咖啡 M,20
C92 熱 摩斯 咖啡 新,25
冷萃 咖啡 20220916e7gnnird,5
冷萃 咖啡 20220921p6ffmxaw,5
CITYPRIMA 精品 拿 鐵 咖啡 熱,1210
熱義式 咖啡 大 2,300
冷萃 咖啡 20220905e5kmgvwa,5
冰 咖啡 20220903u0hhpbbt,5
冷萃 咖啡 20220927b9zsgf0g,5
冷萃 咖啡 20220927r5bi71jx,5
冰 咖啡 20221103c6rthv0x,5
拉 緹 咖啡 熱,4425
冷萃 咖啡 20220919k0ef8en1,5
經典 冰 咖啡,85
冷萃 咖啡 20220906e0qc8rzw,5
大冰 澳式 白 咖啡,120
冷萃 咖啡 20220908p5xoc7b0,5
精品 拿 鐵 咖啡 熱,1590
熱拿鐵 咖啡 L 早澳,105
冷萃 咖啡 20220918b7mg2q1v,5
冷萃 咖啡 20220925b1fjroaa,5
冰 咖啡 密斯 朵 x220221005e7gneggv,5
冰 咖啡 密斯 朵 x220221005f1sq5bf3,5
冰 咖啡 密斯 朵 x220221005s5wuchw5,5
冷萃 咖啡 20220915e7gn8ss7,5
冷萃 咖啡 20220904i0azg54x,5
冷萃 咖啡 20220902k7vngko4,5
冷萃 咖啡 x220221024f9ygheq6,5
冷萃 咖啡 x220221024y1aliq56,5
冷萃 咖啡 x220221027dce1n0x2,5
冷萃 咖啡 x220221027j3es1u4w,5
拿 鐵 咖啡 熱,790
冷萃 咖啡 20220924y3ufy72v,5
冷萃 咖啡 20220923l6vilwiv,5
UL 一番 抹 茶 咖啡 拿 鐵中冰,1090
夏日 冰柚 冷萃 咖啡 20220915j3es4mel,5
冰 咖啡 20220909l7cuyw1o,5
冰 咖啡 20220904u9rhmfcm,5
冷萃 咖啡 20220928a4pfrii5,5
夏日 冰柚 冷萃 咖啡 20220925p6fftsv9,5
冰 咖啡 密斯 朵 中,10580
喬治亞冰 咖啡,100
夏日 冰柚 冷萃 咖啡 20220922e7gnldlh,5
冷萃 咖啡 20220912e3nyq5cp,5
冰 咖啡 20220915t0sw3eoj,5
冰 咖啡 20220916jz2iw37g,5
冷萃 咖啡 20220903n4qp4zao,5
L 咖啡 拿 鐵中冰,37465
冷萃 咖啡 20221111o9hpm5xj,5
冷萃 咖啡 20220907e6lm8402,5
萊爾富 大冰 焦糖 拿 鐵 咖啡 兌換券,245
班奇藝 伎 拿 鐵 咖啡 12oz,50
冰 咖啡 20220901m4jrrm73,5
冰 咖啡 20220925q2yjfgcz,5
水晶 歐風 咖啡 冰糖 5gx25 支,15
冷萃 咖啡 20220919g6xg7vaj,5
冷萃 咖啡 20220926x3ap9kao,5
冷萃 咖啡 20220910m8tg28qm,5
冷萃 咖啡 20220911f0av5u40,5
冷萃 咖啡 20220914m4ua7tnh,5
冷萃 咖啡 20220920t1989ggf,5
冷萃 咖啡 20220925i1ksicm5,5
冷萃 咖啡 20220903fvrpsv6e,5
冷萃 咖啡 20220904jz2iwdg4,5
冷萃 咖啡 20220923b8kiqdeu,5
冷萃 咖啡 20220929q2jgnr7s,5
冷萃 咖啡 20220905m8tg46tu,5
冰 咖啡 20220914i0trgu41,5
中冰 拿 鐵 咖啡,22380
冰 咖啡 密斯 朵 x220221001n6altn8r,5
冰 咖啡 密斯 朵 x220221003f4fqg90u,5
冰 咖啡 密斯 朵 x220221003f4fql1e0,5
冰 咖啡 密斯 朵 x220221009b1fjz10w,5
冰 咖啡 密斯 朵 x220221010g6mr8dg7,5
冰 咖啡 密斯 朵 x220221012j4igoub0,5
冰 咖啡 密斯 朵 x220221012o9hhqms1,5
冰 咖啡 密斯 朵 x220221005jz2i2w2o,5
冰 咖啡 密斯 朵 x220221006mcosgfr8,5
卡薩冷 熱萃 咖啡 懶人包,50
西西里 香檸氣 泡 咖啡,300
冰 Dante 冷萃 咖啡 L,15
拿 鐵 咖啡 冰沙,35
冰拿鐵 咖啡 L,340
熱拿鐵 咖啡 L,395
THC 泰奶 咖啡 中熱,950
冰 咖啡 密斯 朵 x220221003vfkd7yu3,5
冰 咖啡 密斯 朵 x220221003x5aofhps,5
N 大冰 拿 鐵 咖啡,7085
冷萃 咖啡 20220924k0efqxx9,5
夏日 冰柚 冷萃 咖啡 20220905e4cwa09a,5
夏日 冰柚 冷萃 咖啡 20221001f4dld7ww,5
冰 咖啡 20220916g1ukn4hh,5
冷萃 咖啡 20220928q2jg7zvo,5
冰 咖啡 20220901j0kzumph,5
冰 咖啡 20220920j8asmeus,5
厚 招牌 咖啡 熱大,1005
冰 咖啡 20220908j8asz1m5,5
冷萃 咖啡 20220911p4hvqthw,5
冰 咖啡 20220915f7med21a,5
冷萃 咖啡 20220916u6yyn9wr,5
冷萃 咖啡 20220918b1fjvesc,5
水晶 歐風 咖啡 冰糖 450g,5
冷萃 咖啡 20220904x2bd8drb,5
冷萃 咖啡 20220927q2jg59oo,5
冷萃 咖啡 20220908k3cnhrg0,5
信明 水晶 歐風 咖啡 專用 冰糖 125g,55
冷萃 咖啡 20220901nkpgx2nx,5
夏日 冰柚 冷萃 咖啡 20220919m8tgo9y1,5
夏日 冰柚 冷萃 咖啡 20220921f7mwf80n,5
精選曼巴 咖啡 大熱,175
冰 咖啡 密斯 朵 x220221004x2bdmc24,5
冰 咖啡 密斯 朵 x220221005e4cwcniu,5
冰 咖啡 密斯 朵 x220221005x2em4mk5,5
冰 咖啡 密斯 朵 x220221006b3dmaeoo,5
冰 咖啡 密斯 朵 x220221006b3dmfg7r,5
冰 咖啡 密斯 朵 x220221006r3gphnvj,5
冰 咖啡 密斯 朵 x220221007b1fjl791,5
冰 咖啡 密斯 朵 x220221007b7fpeuwa,5
冰 咖啡 密斯 朵 x220221007t5ybz8z3,5
冷萃 咖啡 x220221030u6gc6s5w,5
冰 咖啡 密斯 朵 x220221008x6va41zo,5
冰 咖啡 密斯 朵 x220221001e2ytwl52,5
冰 咖啡 密斯 朵 x220221001f4ztwkaa,5
冰 咖啡 密斯 朵 x220221001h0ypcsai,5
冰 咖啡 密斯 朵 x220221001k0wedokl,5
冰 咖啡 密斯 朵 x220221001q3udnupc,5
冰 咖啡 密斯 朵 x220221001u6gcjns5,5
冰 咖啡 密斯 朵 x220221001x5tfnc7b,5
冰 咖啡 20221029swhmfzt8,5
摩卡 咖啡 冰,10
重拿鐵 咖啡 熱中,235
冷萃 咖啡 20221104f7ualc2d,5
冷萃 咖啡 20221116k0ef9jc6,5
拿 鐵 咖啡 大,65
中冰 拿 鐵 咖啡 早 50,15
冷萃 咖啡 20220904c9ei7g8b,5
熱 椪 糖雲朵 拿 鐵 咖啡,25
夏日 冰柚 冷萃 咖啡 20221027e9huv0vq,5
冷萃 咖啡 20221002x3apay2d,5
N 中熱 拿 鐵 咖啡,19890
冷萃 咖啡 20220916jz2ihodd,5
冷萃 咖啡 20220920n6albr0c,5
冷萃 咖啡 20220910wfpvhsp5,5
冷萃 咖啡 20220905i3la7aw6,5
冷萃 咖啡 20220911hpbzngd1,5
冷萃 咖啡 20221104n1f8hsew,5
熱 咖啡 M 第二杯 半價,5
冰 咖啡 20221118c1aqmztn,5
典藏 冷萃 咖啡 大,10
冰 咖啡 20220918y1altlj0,5
冷萃 咖啡 20220911m8tgdct9,5
P 點冰 拿 鐵 咖啡,45
冷萃 咖啡 20220923g8vbuiby,5
冷萃 咖啡 20220921k0efqsea,5
冷萃 咖啡 20220908k0efk7cc,5
冷萃 咖啡 20220926k0efruvw,5
冷萃 咖啡 20220915f8vakkki,5
夏日 冰柚 冷萃 咖啡 20220921y3ufpn6v,5
整大冰 拿 鐵 咖啡 45,5
冰 咖啡 20221108b8kiqdjo,5
冰 咖啡 20220919t5ybwd5p,5
冰 咖啡 密斯 朵 x220221003r3gpdcoo,5
冰 咖啡 密斯 朵 x220221004q9wto1hl,5
冰 咖啡 20221106e9hu69zo,5
冷萃 咖啡 x220221019f4zt0x45,5
冷萃 咖啡 20221008x3ap9pgo,5
冷萃 咖啡 20221029f1sqmbpy,5
冰 西西里 咖啡 大杯 x10,5
西西里 檸檬冰 咖啡,350
冰拿鐵 咖啡 朝市,3810
冷萃 咖啡 20220928vfkdvlqh,5
冰 咖啡 密斯 朵 x220221003j3rnbgye,5
冰 咖啡 密斯 朵 x220221003n9ofv1to,5
冰 咖啡 密斯 朵 x220221003t3ak13gn,5
冰 咖啡 密斯 朵 x220221010q2jgurt2,5
冰 咖啡 密斯 朵 x220221010s5wujo3k,5
冰 咖啡 密斯 朵 x220221010u4epeljs,5
冰 咖啡 密斯 朵 x220221011b9sjdlnc,5
冰 咖啡 密斯 朵 x220221011m6wsmxo1,5
冰 咖啡 密斯 朵 x220221012b3dm8y5r,5
冰 咖啡 密斯 朵 x220221014g6mrkkq8,5
冰 咖啡 密斯 朵 x220221014n3rtrus8,5
冰 咖啡 密斯 朵 x2,1255
拿 鐵 咖啡 大熱,60
冷萃 咖啡 20220914g6xggwqe,5
冷萃 咖啡 20220918c6wligx6,5
冰 咖啡 密斯 朵 x220221009x2embwex,5
冰 咖啡 密斯 朵 x220221010h0yp141w,5
冰 咖啡 密斯 朵 x220221010k2bla4cq,5
冰 咖啡 密斯 朵 x220221010n9ofxvlj,5
冰 咖啡 密斯 朵 x220221005t0wcwxlb,5
冰 咖啡 密斯 朵 x220221005u7axwfbs,5
冰 咖啡 密斯 朵 x220221005v4jam76l,5
冰 咖啡 密斯 朵 x220221006b7fpjp1a,5
冰 咖啡 密斯 朵 x220221006x3apurvk,5
冰 咖啡 密斯 朵 x220221006yujtoot8,5
冰 咖啡 密斯 朵 x220221007b5ffzynw,5
冰 咖啡 密斯 朵 x220221007e6vf60av,5
冰 咖啡 密斯 朵 x220221008b3dml8dj,5
冰 咖啡 密斯 朵 x220221008c9gaqtsi,5
冰 咖啡 20221115b3dmp26h,5
冷萃 咖啡 20220909h5wo0gju,5
冷萃 咖啡 20221029f7pmkq14,5
冷萃 咖啡 20220911b1wik5qm,5
冷萃 咖啡 20220911x3apmbue,5
熱拿鐵 咖啡 L20220919d7sokovp,5
冷萃 咖啡 20220903f5wjgov0,5
冷萃 咖啡 20220909o4vyyn35,5
夏日 冰柚 冷萃 咖啡 20220922r6qhgc8b,5
手 沖 精品 黑 咖啡 熱,25
外 摩卡 咖啡 冰沙,5
冷萃 咖啡 20220913j3eswk58,5
夏日 冰柚 冷萃 咖啡 20220920m1zut72x,5
冰 咖啡 20220904t5ybcp31,5
冰 咖啡 20220909f4dlqfv4,5
冷萃 咖啡 20221001q6yza1ps,5
冷萃 咖啡 20221008j4igwyfq,5
冷萃 咖啡 20221029m2lgm36z,5
冷萃 咖啡 20221002f7uasv96,5
冷萃 咖啡 20221003n5qt7276,5
冷萃 咖啡 20221004b5ffvs9g,5
冷萃 咖啡 20221006k0wefclo,5
冷萃 咖啡 20221008m6wsh1hr,5
冰拿鐵 咖啡 M 早澳,10
冷萃 咖啡 20221001k2jmy9iu,5
冰 咖啡 密斯 朵 x220221014b5ds2ds4,5
冰 咖啡 密斯 朵 x220221013e5kmtvcg,5
冷萃 咖啡 x220221024f2sn9t66,5
冰 咖啡 密斯 朵 x220221001c9ei67ic,5
冰 咖啡 密斯 朵 x220221001g7mr2c8o,5
冰 咖啡 密斯 朵 x220221001m2uujg8g,5
冷萃 咖啡 20221008h9ri4s8q,5
冰 咖啡 20221116e6vf6qo6,5
水晶 歐風 咖啡 專用 冰糖 條 5gx25 支,5
冰 咖啡 密斯 朵 x220221006mbv8jm7n,5
冰 咖啡 密斯 朵 x220221009f2um2ljz,5
冰 咖啡 密斯 朵 x220221010r5bicjg3,5
厚 拿 鐵 咖啡 熱大,4075
厚 海岩 咖啡 熱大,1355
夏日 冰柚 冷萃 咖啡 20221006e1vnkhqa,5
冷萃 咖啡 x220221030n1f8pkhu,5
冷萃 咖啡 x220221020u1pe98ej,5
冷萃 咖啡 x220221020y1ij23yv,5
冷萃 咖啡 x220221021h1usvfum,5
冷萃 咖啡 x220221021r0ncen7h,5
冷萃 咖啡 x220221021x8psubt7,5
冷萃 咖啡 x220221022e9hu41qw,5
冷萃 咖啡 x220221024c6rtmnkx,5
冷萃 咖啡 20220928k0efh4mw,5
冰 咖啡 密斯 朵 x220221001h9kl1t9h,5
冰 咖啡 密斯 朵 x220221002e1vnox4l,5
冰 咖啡 密斯 朵 x220221002g6mrejd7,5
冰 咖啡 密斯 朵 x220221011f7me694t,5
冰 咖啡 密斯 朵 x220221012e2yt62cs,5
冰 咖啡 密斯 朵 x220221001a8jr7zsz,5
冷萃 咖啡 20220918x6fjayyr,5
冰 咖啡 20220908m4jr8m49,5
夏日 冰柚 冷萃 咖啡 20220924lua4hoh1,5
咖啡 買 一送 一,60
冰 咖啡 密斯 朵 x220221008x7gxexrd,5
冰 咖啡 密斯 朵 x220221009e0qcndgt,5
冰 咖啡 密斯 朵 x220221009e1qyjv7b,5
冷萃 咖啡 20220901b8kiqhge,5
冰 咖啡 密斯 朵 x220221009y1ijkej1,5
冰 咖啡 密斯 朵 x220221010e2yt83s3,5
冰 咖啡 密斯 朵 x220221005t5ybstej,5
冰 咖啡 密斯 朵 x220221006e6vfxvl5,5
冰 咖啡 密斯 朵 x220221005lua4j2yk,5
冰 咖啡 密斯 朵 x220221005nkpgumof,5
冰 咖啡 密斯 朵 x220221005v7mdgpuw,5
冰 咖啡 密斯 朵 x220221006p6ff7trp,5
冰 咖啡 密斯 朵 x220221007u6gcreyc,5
冰 咖啡 密斯 朵 x220221008e1vn3rak,5
冰 咖啡 密斯 朵 x220221008g1ukkz1i,5
冰 咖啡 密斯 朵 x220221008i0trjnff,5
冰 咖啡 密斯 朵 x220221008l7ddl539,5
冰 咖啡 密斯 朵 x220221008x5ao2f0g,5
冷 淬 咖啡 巧克力 冰,15
焦糖 拿 鐵 咖啡 冰,50
拿 鐵 咖啡 冰小厚,65
冰 咖啡 大,64360
冰 咖啡 密斯 朵 x220221007l7wwo42q,5
厚 摩卡 咖啡 冰中,80
整大熱 拿 鐵 咖啡 20,5
冰小白 咖啡 L,5
冰 咖啡 密斯 朵 x220221003hm137ade,5
厚 摩卡 咖啡 熱大,230
冰 咖啡 密斯 朵 x220221005s7ur4s81,5
冰 咖啡 密斯 朵 x220221013e9hu5w74,5
冰 咖啡 密斯 朵 x220221015e9hulazg,5
冰 咖啡 密斯 朵 x220221014q4ytnora,5
冰 咖啡 密斯 朵 x220221007m8tgnjne,5
摩卡 咖啡 冰大厚,15
黑 鑽 咖啡 冰大厚,160
冷萃 咖啡 20221003k0efq0m8,5
冷萃 咖啡 20221022k0efuwiy,5
咖啡 星冰樂 V 杯,5965
AGF 香濃 牛奶 咖啡 拿 鐵 105G8,210
cama 經典 黑 咖啡 大冰,2590
冷萃 咖啡 20220918f0av4wze,5
冷萃 咖啡 20220923n6alpo2o,5
微韻 黑 咖啡 大熱,45
拿 鐵 咖啡 大冰,1040
夏日 冰柚 冷萃 咖啡 20221016fvrppby8,5
太妃糖 咖啡 冰中,55
咖啡 熱,5
冰 咖啡 20221110tl73i6rf,5
冰拿鐵 咖啡 16oz,1655
厚 拿 鐵 咖啡 冰中,1845
冷萃 咖啡 20221104psfrdu0b,5
整大冰 拿 鐵 咖啡,5
精品 拿 鐵 咖啡 冰,390
冰 咖啡 20221019u3mw21sv,5
冰 咖啡 80 元,30
雲朵 冰搖 咖啡 大,655
冰 咖啡 密斯 朵 x220221002d7uq4gi6,5
冰 咖啡 20221104q2yjcr8q,5
冰 咖啡 密斯 朵 x220221004e2yt1xjc,5
冰 咖啡 密斯 朵 x220221004e9huzy42,5
冷萃 咖啡 x220221021k6tc1i2i,5
冷萃 咖啡 x220221023b5ffnzas,5
冷萃 咖啡 x220221025b1fjm5o2,5
冷萃 咖啡 x220221025b5ffbeab,5
冷萃 咖啡 x220221025l7tizsln,5
冷萃 咖啡 x220221027f2ands0s,5
冰 咖啡 密斯 朵 x220221002jz2i2yhd,5
冰 咖啡 密斯 朵 x220221008k2wygpu6,5
冰 咖啡 密斯 朵 x220221004c047ncol,5
西西里 檸檬 咖啡,15
中冰靜岡 抹 茶 咖啡,5
中杯 咖啡 系列 免費 升級 大杯,800
冰 咖啡 20221203b7fp4xp1,5
冷萃 咖啡 20221119c2wyxe3a,5
冷萃 咖啡 20221126v4jaob7f,5
冷萃 咖啡 20221113x6fjjgaa,5
冷萃 咖啡 20221114f1sq7df1,5
冷萃 咖啡 x220221023hpbzxs9x,5
冷萃 咖啡 x220221023j8asryy5,5
冷萃 咖啡 20221128f9hl3r8e,5
冰 咖啡 20221111pg97bdnr,5
冷萃 咖啡 20221121u8gxl99g,5
冰 咖啡 20221101f9yg9fnb,5
冰 咖啡 20221103l7tiol3e,5
冰澳式 黑 咖啡 早,160
厚 海岩 咖啡 冰中,375
冰 咖啡 20221209a7geyt11,5
冷萃 咖啡 20220920f7pmjdpz,5
冷萃 咖啡 20221121x3ap5bp6,5
拿 鐵 咖啡 冰中厚,180
夏日 冰柚 冷萃 咖啡 20221104n3rtbtpw,5
THC 泰奶 咖啡 中冰,1060
冰 咖啡 20221109b8ki0646,5
拿 鐵 咖啡 熱中厚,155
冷萃 咖啡 20221123yujtdqgi,5
預收 咖啡 卡拿鐵,5
冷萃 咖啡 20220903i1ksxfkr,5
冷萃 咖啡 20221126b7mg6ok4,5
厚重 拿 鐵 咖啡 冰大,1360
厚 黑 鑽 咖啡 熱大,50
cama 經典 黑 咖啡 中熱,3290
冷萃 咖啡 20221114f4vspoi3,5
冰 咖啡 20221113swhm51e6,5
冰澳式 黑 咖啡,500
中熱 抹 茶 咖啡,40
長 絲圓點 中筒 襪 咖啡,25
夏日 冰柚 冷萃 咖啡 20221112c0tjnujp,5
冷萃 咖啡 20221115wfx420id,5
冷萃 咖啡 20221121x6fj2w7b,5
熱拿鐵 咖啡 L20221118f5nut434,5
冰 咖啡 20221116v7tfmsp7,5
冰 咖啡 20221115o7txj6j9,5
冰 咖啡 20221111r7duou1b,5
厚重 拿 鐵 咖啡 熱中,355
特濃 招牌 咖啡 冰大厚,55
冰 咖啡 20221114u6gcgpcr,5
冷萃 咖啡 20221110f9hlbyo1,5
冷萃 咖啡 20221122i7xr2m93,5
冷萃 咖啡 20221125a4gu4fjr,5
冷萃 咖啡 20221103f9ygycsu,5
冷萃 咖啡 20221117k0ef8igj,5
冷萃 咖啡 20220921a8jrdwt5,5
早餐 熱 咖啡 S,5
冷萃 咖啡 20220923l7ddieoo,5
夏日 冰柚 冷萃 咖啡 20221110e7gnvjqv,5
夏日 冰柚 冷萃 咖啡 20220923c047em08,5
拿 鐵 咖啡 冰,5
夏日 冰柚 冷萃 咖啡 20221110t1kckaor,5
大熱 摩斯 咖啡 早 45,10
冷萃 咖啡 20221113t0sw7a8o,5
暖陽果 實濾 掛式 咖啡,170
冷萃 咖啡 20221111p6ff72a7,5
厚 招牌 咖啡 冰小,490
夏日 冰柚 冷萃 咖啡 20221113y1alv26b,5
冷萃 咖啡 20221117p4hv71ck,5
鳳梨冷萃 精品 咖啡,80
冷萃 咖啡 20220930i3yyoxb9,5
TIMEMORE 泰摩泰摩冰 滴式 咖啡 冷萃壺 400ml 經,5
冰 咖啡 20221125f1dgdhv9,5
冰 咖啡 20220912m4jrvfhr,5
9000001580 來速 拿 鐵 咖啡 中熱,6160
中冰 香柚 檸檬 咖啡,10
N 大熱 拿 鐵 咖啡,9045
冷萃 咖啡 20221104u4ep3d7f,5
冷萃 咖啡 20220903j4ig3q61,5
伯爵 拿 鐵 咖啡 熱中,35
AGFBlendy 濾式 咖啡 咖啡 歐蕾 126g,20
夏日 冰柚 冷萃 咖啡 20220928c8wpqa67,5
重拿鐵 咖啡 熱大,540
夏日 冰柚 冷萃 咖啡 20221114t1984xqo,5
冰氮氣 冷萃 咖啡 L,5
喬治亞冰 咖啡 280ml,10
冷萃 咖啡 20220903j4igcppp,5
歐風 咖啡 專用 冰糖 8GX25 條,25
冷萃 咖啡 20220925b5ff8xg8,5
冰 咖啡 20220919n4qpjrta,5
夏日 冰柚 冷萃 咖啡 20221103f4dl6v9a,5
冷萃 咖啡 20221115yujtjexu,5
冰 咖啡 20221113u3mwds9y,5
夏日 冰柚 冷萃 咖啡 20221115y1nt568o,5
當冰脆 酷 摩卡 咖啡 大,10
冰 咖啡 20221101v6jof1y9,5
冰 咖啡 20221124t5yb7b6w,5
冷萃 咖啡 20221105u8bctvry,5
冷萃 咖啡 20220902a8jrrhjl,5
夏日 冰柚 冷萃 咖啡 20221125l6t4pfom,5
夏日 冰柚 冷萃 咖啡 20221109k9qr9ii9,5
冰 咖啡 20221107g1mkc0ce,5
冷萃 咖啡 20221111e0jn31cr,5
冰 咖啡 20221106q2yjhbzq,5
冰 咖啡 20221102a3ih4oms,5
夏日 冰柚 冷萃 咖啡 20220924f4dlh8ym,5
冰 咖啡 20220909shl6dht4,5
冷萃 咖啡 20220903e0qcgv6s,5
冷萃 咖啡 20220908c6wlhpd3,5
冷萃 咖啡 20220916b5ffsrky,5
冷萃 咖啡 20221118l6vi30lu,5
夏日 冰柚 冷萃 咖啡 20220907u3mw0mi9,5
夏日 冰柚 冷萃 咖啡 20220915p3ri9e21,5
冰 咖啡 20221108l9tr3tnz,5
冷萃 咖啡 20220909g7mrycvh,5
冷萃 咖啡 20220905e1vnx6kq,5
咖啡 牛奶 冰,15
冷萃 咖啡 20220910f1eym7rp,5
冷萃 咖啡 20220917b5ffzszx,5
冰 咖啡 20220916e4cw3ne6,5
買 麵 包加購 精品 咖啡 買 1 送 1,1160
厚 招牌 咖啡 熱中,595
厚 招牌 咖啡 熱小,480
冷萃 咖啡 20220909i3o16noe,5
冷萃 咖啡 20220910n5qtspa4,5
冷萃 咖啡 20221122f9ygf5j2,5
厚 就是 海岩 咖啡 熱中,245
冷萃 咖啡 20221117b1fjp8gc,5
冷萃 咖啡 20220918e9asqhuy,5
買 麵 包加購 精品 咖啡 第二件 半價,275
N013008726 江鳥 咖啡 RiverBird 精品 藝伎,10
冷萃 咖啡 x220221021b5dsqplc,5
冷萃 咖啡 x220221022b5ff0z1e,5
冷萃 咖啡 x220221022c0tjl2v2,5
冷萃 咖啡 x220221022n5qtchvx,5
冷萃 咖啡 x220221022o9hhz4s8,5
冰 咖啡 珍珠 歐蕾大,5
TWS 咖啡 冰糖 8g20 入,60
冷萃 咖啡 20221125x6fjavzl,5
冷萃 咖啡 20220911x3apjdk6,5
冰 咖啡 密斯 朵 x220221002c6wlqawl,5
冰 咖啡 密斯 朵 x220221002f4vs1874,5
冰 咖啡 密斯 朵 x220221002f4ztlwul,5
冰 咖啡 密斯 朵 x220221002f7pmnnht,5
冰 咖啡 密斯 朵 x220221002s5wu2swc,5
冰 咖啡 密斯 朵 x220221002t5ybgp1r,5
冰 咖啡 密斯 朵 x220221002v2quhldh,5
冰 咖啡 密斯 朵 x220221003b4ufl674,5
冰 咖啡 密斯 朵 x220221003c047m9f1,5
冰 咖啡 密斯 朵 x220221003e5kmykjh,5
冰 咖啡 密斯 朵 x220221015f5wjb4bj,5
冰特醇 抹 茶 咖啡 中,70
冰 咖啡 20220905f5wjzwrp,5
夏日 冰柚 冷萃 咖啡 20220902c5waml2a,5
夏日 冰柚 冷萃 咖啡 20221117v6rx3mnj,5
冷萃 咖啡 20221121r7duczzw,5
夏日 冰柚 冷萃 咖啡 20221117j5ggapqm,5
冰 咖啡 密斯 朵 x220221009v7mdy0fa,5
冰 咖啡 密斯 朵 x220221010edcn4f5f,5
冰 咖啡 密斯 朵 x220221006f4yfp4z3,5
冰 咖啡 密斯 朵 x220221004y1nt05rg,5
冰 咖啡 密斯 朵 x220221005e6vf9v7r,5
冰 咖啡 密斯 朵 x220221005g7mryxky,5
冰 咖啡 密斯 朵 x220221005i0az22pj,5
冰 咖啡 20221204hpbzq909,5
咖啡 冰淇淋,95
冷萃 咖啡 20221015b9gvfq0m,5
冰 咖啡 密斯 朵 x220221010s0bquws1,5
冰 咖啡 密斯 朵 x220221012t5ybev0g,5
冰 咖啡 密斯 朵 x220221013b3dm60zy,5
冰 咖啡 密斯 朵 x220221014f9yg7sg7,5
冰 咖啡 密斯 朵 x220221014fvrprkns,5
冰 咖啡 密斯 朵 x220221014k2jm2sl1,5
冰 咖啡 密斯 朵 x220221014s0bq552n,5
冰 咖啡 20221128e4cwcq7r,5
冷萃 咖啡 20221119e5bda63d,5
冷萃 咖啡 20221111b7fpzwou,5
冰 咖啡 20220926e4cwwj7j,5
冷萃 咖啡 20221011v6jouzwx,5
冷萃 咖啡 20221012u6yyohty,5
冷萃 咖啡 20221016tl73zjl6,5
冷萃 咖啡 20221029k0we0rpc,5
冷萃 咖啡 20221116f9yghcs6,5
冷萃 咖啡 20220910e0ps695a,5
冷萃 咖啡 20221126x2em6lb6,5
2101229314 高地 小農 咖啡 熱拿鐵,5
冰拿鐵 咖啡 L20221121ms3jzj8j,5
厚 摩卡 咖啡 冰大,310
冰 咖啡 20221109a7gevrbb,5
重拿鐵 咖啡 熱中厚,45
媽媽家 歐風 咖啡 專用 冰糖 450g,5
拿 鐵 咖啡 大熱,1160
冷萃 咖啡 20221127p9luhrx5,5
熱拿鐵 咖啡 L20221222rjyt8y2h,5
冰 咖啡 20221019e7gn1g7v,5
冰 咖啡 密斯 朵 x220221002h9ri2y0w,5
SUNNAP250 咖啡 隔熱杯,5
KEY 歐蕾 咖啡,1145
冷萃 咖啡 20221115e4jpv1rf,5
冰 咖啡 密斯 朵 x220221005r5crybdk,5
冷萃 咖啡 20221015t5yb4u3a,5
重拿鐵 咖啡 冰大厚,110
冰 咖啡 20221113q2yj49y5,5
冰 咖啡 密斯 朵 x220221001i3yyuron,5
冰 咖啡 密斯 朵 x220221001x5tfzfcb,5
冰 咖啡 密斯 朵 x220221004l7ti9hfc,5
冰 咖啡 密斯 朵 x220221011p4hvzacf,5
厚 拿 鐵 咖啡 冰小,470
熱小白 咖啡 M,5
夏日 冰柚 冷萃 咖啡 20220911e7tehtxh,5
米諾 咖啡 買 一送 一衣索 比亞果 丁丁 耶加雪非 水洗 G1 中,10
冷萃 咖啡 x220221026e5kmnnf8,5
冷萃 咖啡 x220221026p6ff1jfh,5
冷萃 咖啡 x220221027m2lg46an,5
冷萃 咖啡 x220221027yujt9wbc,5
冷萃 咖啡 x220221028k0efsq3j,5
摩卡 咖啡 冰中厚,5
冰 咖啡 密斯 朵 x220221001b1wioivs,5
冰 咖啡 密斯 朵 x220221001f1eypojx,5
冰 咖啡 密斯 朵 x220221001i9lnpgg9,5
冰 咖啡 密斯 朵 x220221001j4igru6x,5
冰 咖啡 密斯 朵 x220221001x6fjwxhn,5
冰 咖啡 密斯 朵 x220221002b7qq0t4t,5
厚 就是 海岩 咖啡 熱大,440
Bello 咖啡 冰糖 380g,15
冷萃 咖啡 20221123f9ygw3jf,5
冰 咖啡 20221205b4bb2pp0,5
南瓜 派 風味 冷萃 咖啡,125
就是 海岩 咖啡 熱中,105
鴛鴦 咖啡 大冰,3780
冷萃 咖啡 20221101b1wiaid3,5
冰 咖啡 20221220dce1fsg7,5
招牌 咖啡 冰中厚,120
咖啡 自帶 杯 折 5 元,4655
冷萃 咖啡 20220901f9yg3m2c,5
冷萃 咖啡 20221115n5qte7lu,5
冷萃 咖啡 20221117bwoaz6m3,5
厚特濃 招牌 咖啡 冰大,570
熱 咖啡 早 20,150
冰 咖啡 20221206e9asnkcs,5
冰 咖啡 20221201a7gezy90,5
冷萃 咖啡 20221120y1al0cxd,5
生活 冰 咖啡 義式 拿 鐵 580mlx24 入,5
冰 咖啡 20221231q2yjcx14,5
招牌 咖啡 冰大厚,185
冰拿鐵 咖啡 L 澳式 精,85
冷萃 咖啡 20221122b5ff64u7,5
冷萃 咖啡 20221123f1sqglk6,5
冷萃 咖啡 20221125v7tf2i40,5
HOMER 冰 咖啡 無糖,20
海岩 咖啡 冰大厚,220
大熱靜岡 抹 茶 咖啡,15
冷萃 咖啡 20221124a2xx5v12,5
太妃糖 咖啡 熱中,30
冰 咖啡 20220915m4jrpwve,5
品皇 咖啡 3in1 奶茶 商用 包裝 1000g,10
冷萃 咖啡 20221101j6phtyvl,5
來速 拿 鐵 咖啡 大熱,105
冷萃 咖啡 x220221026b9zscs4j,5
冷萃 咖啡 20221113nkpgcsms,5
冰 咖啡 20221103psfr0fsm,5
熱拿鐵 咖啡 L20221208f2on505n,5
冷萃 咖啡 x220221021v6rxot0v,5
冷萃 咖啡 x220221022e9asnxj8,5
冷萃 咖啡 x220221022x5tf2oh4,5
冷萃 咖啡 x220221023p9luzbox,5
拿 鐵 咖啡 熱小厚,45
榛果 咖啡 大冰,10
夏日 冰柚 冷萃 咖啡 20221113q6yzhdxg,5
冷萃 咖啡 20221019k0efj75c,5
冷萃 咖啡 20221111v4rng8r8,5
大熱 抹 茶 咖啡,45
夏日 冰柚 冷萃 咖啡 20221112b7fpepth,5
冷萃 咖啡 20221103t5ybogmc,5
奶蓋 或 咖啡 大,250
夏日 冰柚 冷萃 咖啡 20220920f2umcbwb,5
冰 咖啡 20220913b1fj25um,5
冰 咖啡 20220930e2bc9k22,5
冷萃 咖啡 20221112r2ns90ux,5
熱日 曬 海鹽 奶霜 咖啡 L,35
冰 咖啡 20221114a1gajz5f,5
冷萃 咖啡 20221104xt7msaz9,5
典藏 精品 拿 鐵 咖啡 隨身 包,5
FLASHCOFFEE 中杯 FLASH 黑 咖啡 冰熱任 選即,25
冰 咖啡 20221215e6lmej5t,5
冰 咖啡 VIA5 入,1230
夏日 冰柚 冷萃 咖啡 20221105f7qtefmc,5
冰 咖啡 密斯 朵 x220221007c6rtyq8a,5
冰 咖啡 密斯 朵 x220221004p3ri6xes,5
冰 咖啡 密斯 朵 x220221009u4ep62ba,5
冰 咖啡 密斯 朵 x220221014j5ggh6os,5
冰 咖啡 20221128s0bqc0pb,5
404612 大熱義式 咖啡,305
小岩井 歐蕾 咖啡,265
萊爾富 即 享券 HiCafe 中杯 熱拿鐵 咖啡,50
冷萃 咖啡 20221002h9klaw74,5
冷萃 咖啡 x220221024v5xsebt0,5
冷萃 咖啡 x220221026l7ti6n97,5
冰 咖啡 密斯 朵 x220221014a2xxlw83,5
冰 咖啡 密斯 朵 x220221014e1vnbkj8,5
冰 咖啡 密斯 朵 x220221015h9kld1w0,5
中秋 大 杯 咖啡 買 一送 一券 至 910,130
冷萃 咖啡 20221014b1fjzot2,5
冰 咖啡 密斯 朵 x220221006k1qkchca,5
冰 咖啡 密斯 朵 x220221008x0valraz,5
冰 咖啡 密斯 朵 x220221008s7urtzkc,5
冰 咖啡 密斯 朵 x220221008x2bdt0pl,5
冰 咖啡 密斯 朵 x220221004c04719uf,5
冰 咖啡 密斯 朵 x220221004f7ua7bnw,5
冰 咖啡 密斯 朵 x220221004l3qxem1y,5
冰 咖啡 密斯 朵 x220221004nkpgcnka,5
冷萃 咖啡 x220221021a4gu6d49,5
冷萃 咖啡 x220221021i9lnnkkd,5
冰 咖啡 密斯 朵 x220221007i3yy65wn,5
夏日 冰柚 冷萃 咖啡 20221111lua4ciw1,5
冰 咖啡 20221206t3ak1hxo,5
冰 咖啡 20221221n9ofi1p2,5
Roborock 咖啡 隨行杯,15
APP 寄杯 兌換 招牌 咖啡 大,60
冷萃 咖啡 20221122h1hiag1z,5
微韻 黑 咖啡 中熱,285
冷萃 咖啡 20221129y1ijp0af,5
S 咖啡 廣場 調 合式 冰 咖啡 PET600,60
冷萃 咖啡 20220914x3apehza,5
熱拿鐵 咖啡,740
夏日 冰柚 冷萃 咖啡 20230111i0trs1hi,5
台灣出 貨免 運冰壩杯 隨行 咖啡杯 隨行杯 710ml 咖啡,5
冰 咖啡 20221229q7yvaov4,5
冰 咖啡 密斯 朵 x220221013wfpvhcj0,5
冰 咖啡 密斯 朵 x220221008a7ge22li,5
冰 咖啡 密斯 朵 x220221008f1dgdhlb,5
冰 咖啡 密斯 朵 x220221008g1uk79kp,5
冰 咖啡 密斯 朵 x220221008q4py6rww,5
冰 咖啡 密斯 朵 x220221008t2dmk5b9,5
冰 咖啡 密斯 朵 x220221015a9mexapc,5
冰 咖啡 密斯 朵 x220221015gptqn3ey,5
熱拿鐵 咖啡 新 M,480
冷萃 咖啡 20220904md1l0wii,5
冰 咖啡 密斯 朵 x220221001k1vpr7dy,5
冰 咖啡 密斯 朵 x220221002x3aphxn1,5
冷萃 咖啡 20221112o9hh3fn6,5
熱拿鐵 咖啡 L 澳式 精,45
冷萃 咖啡 20221119e0qcbgnw,5
冰 咖啡 20221212i9lnmpr6,5
生活 冰 咖啡 300g,25
夏日 冰柚 冷萃 咖啡 20220920k0weh3h5,5
厚特濃 招牌 咖啡 熱大,195
冷萃 咖啡 20220915k0efk7ut,5
冷萃 咖啡 20221122k0efh5hg,5
特濃 招牌 咖啡 熱大,15
阿里山 卓武 咖啡 熱,25
夏日 冰柚 冷萃 咖啡 20221211y1ntvw4m,5
12oz 熱特選 拿 鐵 咖啡,6315
冷萃 咖啡 20221108o9hpy4s4,5
夏日 冰柚 冷萃 咖啡 20230120i0az69p3,5
免費 兌換 檸檬 咖啡,10
冰 咖啡 密斯 朵 x220221004bwoa0m9s,5
二聖 咖啡 專用 冰糖,10
冰 咖啡 20221201q3lgzq65,5
冷萃 咖啡 20221128c9ga2108,5
冰 咖啡 密斯 朵 x220221014c6wlwqf2,5
冰 咖啡 密斯 朵 x220221014n3rttx4y,5
大熱 拿 鐵 咖啡 早 65,10
冰 咖啡 密斯 朵 x220221008b9zsrayq,5
冰 咖啡 密斯 朵 x220221008g8vbytmn,5
冰 咖啡 密斯 朵 x220221008n8cubr59,5
冰 咖啡 密斯 朵 x220221015e9hu9ek8,5
冰 咖啡 密斯 朵 x220221015f7dody8m,5
冰 咖啡 密斯 朵 x220221015jz2iwyiu,5
冷萃 咖啡 20221122u1pe6i6y,5
冷萃 咖啡 20221122u8gx5u6k,5
冰 咖啡 20221107a7geeo7v,5
歐蕾 咖啡,40
冰 咖啡 密斯 朵 x220221014e7gnh6cy,5
冰 咖啡 密斯 朵 x220221012u6hhu3bj,5
冷萃 咖啡 20221014r2nsifgz,5
冰 咖啡 密斯 朵 x220221012n3rtuvwh,5
冰 咖啡 密斯 朵 x220221013f2snwe8g,5
冰 咖啡 密斯 朵 x220221013l6t4lxus,5
冰 咖啡 密斯 朵 x220221013u7ax043t,5
冰 咖啡 密斯 朵 x220221014r5bib1vb,5
冰 咖啡 密斯 朵 x220221014t3akc2mt,5
冰 咖啡 密斯 朵 x220221015f4vs52eh,5
冰 咖啡 密斯 朵 x220221015h1us4x9d,5
冷萃 咖啡 x220221025o7txc2da,5
冷萃 咖啡 x220221026e6ms3kov,5
冷萃 咖啡 x220221026r5binyt2,5
冷萃 咖啡 x220221029e9hu4oih,5
冷萃 咖啡 x220221030e5bdbjg5,5
冰 咖啡 密斯 朵 x220221006f1dgoh3h,5
冰 咖啡 密斯 朵 x220221006f6cx5bwd,5
冰 咖啡 密斯 朵 x220221007b2fgiwwp,5
冰 咖啡 密斯 朵 x220221007f1eywe78,5
冰 咖啡 密斯 朵 x220221007gptqt4zd,5
冰 咖啡 密斯 朵 x220221010i3yy4ihm,5
冷萃 咖啡 x220221020a4guqe7o,5
冷萃 咖啡 x220221020f2ano9ab,5
冷萃 咖啡 x220221020f7qtyxza,5
冷萃 咖啡 x220221020f9ygz6pn,5
冷萃 咖啡 20221001c1aqlv16,5
冰 咖啡 密斯 朵 x220221002e2yt8qc4,5
冷萃 咖啡 x220221026n9ofcdk6,5
冷萃 咖啡 x220221028r0ncijbr,5
冷萃 咖啡 x220221029y3uffur5,5
冷萃 咖啡 x220221030i5huvv77,5
冰滴 咖啡,10
冷萃 咖啡 x220221020o7txrpau,5
冷萃 咖啡 20221010q4pyk21z,5
整 B 大杯 拿 鐵 咖啡 15 杯 特價 6,45
冰 咖啡 20221108a7geao62,5
冰 咖啡 20221121h3bxdleh,5
嚴選 濃縮 咖啡 熱,5
冰 咖啡 密斯 朵 x220221006k9xwlq3h,5
冰 咖啡 密斯 朵 x220221003v7tf6ohr,5
冰 咖啡 密斯 朵 x220221003a2xxdpwc,5
冰 咖啡 密斯 朵 x220221003f1sqk5i0,5
冰 咖啡 密斯 朵 x220221003f4dltftt,5
冷萃 咖啡 20221119f4dlca9p,5
冷萃 咖啡 20221114s9tg8azc,5
冷萃 咖啡 20221124r4ar4eas,5
冷萃 咖啡 20221126a4pfmtfn,5
冷萃 咖啡 x220221020b9zsyr2u,5
冷萃 咖啡 x220221030b9zs3v2c,5
冷萃 咖啡 x220221021f9ygum82,5
上田 綜合熱 咖啡 一磅 450g,10
冰 咖啡 20221224hm13zjjk,5
夏日 冰柚 冷萃 咖啡 20221204o9hh1q80,5
冰 咖啡 20221226a4gurze5,5
冰 咖啡 密斯 朵 x220221005f4ztrezg,5
冰 咖啡 密斯 朵 x220221011t2mx70mk,5
冰 咖啡 密斯 朵 x220221013hpbzr390,5
冰 咖啡 密斯 朵 x220221014e4cwfnai,5
冰 咖啡 密斯 朵 x220221015r1duhnow,5
冰 咖啡 密斯 朵 x220221015u0hhi28v,5
冷萃 咖啡 20221125l6vi6ry4,5
冰拿鐵 咖啡 新 M,130
有 機濾 泡式 咖啡 衣索 比亞 水洗 10gx6 卡塔 摩納,220
冰 咖啡 密斯 朵 x220221011q9wtbrt6,5
冰 咖啡 密斯 朵 x220221011x7ejjeuq,5
伯朗 精品 咖啡 衣索 比亞 240ml6240ML6,170
冰 咖啡 20221222a7getsnb,5
夏日 冰柚 冷萃 咖啡 20221206q9wt4525,5
夏日 冰柚 冷萃 咖啡 20230222o9hhbaec,5
熱拿鐵 咖啡 L20230120y5vpb0fm,5
冷萃 咖啡 x220221026e6msntav,5
冷萃 咖啡 x220221026u6gc4ghq,5
冷萃 咖啡 x220221027b8kiw40p,5
冷萃 咖啡 x220221028e6vfb2ox,5
冰 咖啡 密斯 朵 x220221010l1mzlm0y,5
冰 咖啡 密斯 朵 x220221010rxmx90nj,5
冰 咖啡 密斯 朵 x220221010vgx0ind0,5
冰 咖啡 密斯 朵 x220221011c5wa5zkc,5
冰 咖啡 密斯 朵 x220221011i3lau4em,5
冰 咖啡 20221228u0hhkzdl,5
冷萃 咖啡 20220911b1wieivj,5
品皇 咖啡 3in1 奶茶 商用 包裝 1000g,5
買 麵 包加購 精品 咖啡 半價,810
冰 咖啡 20230114f2snatvn,5
檸檬 咖啡,25
冰 咖啡 20230124r2nsc0gc,5
福袋 優惠 條碼 精品 咖啡,30
12oz 冰特選 拿 鐵 咖啡,1225
冰拿鐵 咖啡 新 L,1225
夏日 冰柚 冷萃 咖啡 20220904p93je9ki,5
冷萃 咖啡 20220916f4zt2995,5
冰 咖啡 密斯 朵 x220221002dce1wm9a,5
冷萃 咖啡 20221001k0ef7t29,5
冰 咖啡 密斯 朵 x220221013f7dofhgb,5
冰 咖啡 密斯 朵 x220221013lgmuzzi9,5
冰 咖啡 密斯 朵 x220221013q9wtj03l,5
冰 咖啡 密斯 朵 x220221014b9zs5jkt,5
冰 咖啡 密斯 朵 x220221015a1gagbgz,5
冰 咖啡 密斯 朵 x220221015b3dm0z1b,5
冰 咖啡 密斯 朵 x220221015i1ks6mgj,5
冰 咖啡 密斯 朵 x220221015pg97vezh,5
冰 咖啡 密斯 朵 x220221015q4ytmk7n,5
夏日 冰柚 冷萃 咖啡 20221010e7gnvhl4,5
THOMSONUSB 咖啡 隨行杯 TMSAL20GU,5
冰 咖啡 密斯 朵 x220221012g6mzk66s,5
冰 咖啡 密斯 朵 x220221012r6jsbwi9,5
冰 咖啡 密斯 朵 x220221012tl73g1sn,5
冰 咖啡 密斯 朵 x220221013e7tec1n1,5
冰 咖啡 密斯 朵 x220221013q9wtlz7s,5
冰 咖啡 20230111r5cr52ep,5
夏日 冰柚 冷萃 咖啡 20230217i1ksejnw,5
冰 咖啡 密斯 朵 x220221012b9gv4f6d,5
冰 咖啡 密斯 朵 x220221013f4yfxkg6,5
冷萃 咖啡 20220914f8vaxajb,5
咖啡 專用 杯杯 12 入,5
冷萃 咖啡 x220221025f8vamp7q,5
冷萃 咖啡 x220221025x6fj9zi1,5
冷萃 咖啡 x220221025yujto6ec,5
冷萃 咖啡 x220221026p9luqb54,5
冷萃 咖啡 x220221026tl73lfi7,5
冷萃 咖啡 x220221028f6cxce3b,5
冷萃 咖啡 x220221028gptqab8k,5
冰 咖啡 20230213v0wkwk57,5
夏日 冰柚 冷萃 咖啡 20230210hpbzie95,5
冷萃 咖啡 x220221025s7tphdfp,5
冷萃 咖啡 x220221026b2ftnl8t,5
冷萃 咖啡 x220221026l3qxpxzv,5
冷萃 咖啡 x220221027g8ps80c7,5
冷萃 咖啡 x220221027j0kzswpk,5
冷萃 咖啡 x220221028m2lgju8f,5
冷萃 咖啡 x220221029f7ual7zh,5
夏日 冰柚 冷萃 咖啡 20230223v2qu2lca,5
水晶 歐風 咖啡 專用 冰糖 條 5gx50 支,5
夏日 冰柚 冷萃 咖啡 20230106a3ihv0og,5
夏日 冰柚 冷萃 咖啡 20230212v6joek20,5
夏日 冰柚 冷萃 咖啡 20230205n5qtg3v2,5
冰 咖啡 密斯 朵 x220221002e3tv8vv4,5
冰 咖啡 密斯 朵 x220221002f9ygim8o,5
冰 咖啡 20221028psfrs78l,5
夏日 冰柚 冷萃 咖啡 20221015x5tfohor,5
冷萃 咖啡 20221007k0efws8f,5
冷萃 咖啡 20221004k0efe2zx,5
冷萃 咖啡 20221028k0efc5mf,5
冰拿鐵 咖啡 L20230130eqxqce6e,5
S 咖啡 廣場 調 合式 冰 咖啡 PE,5
夏日 冰柚 冷萃 咖啡 20230105j5gg15ps,5
冰 咖啡 密斯 朵 x220221014x2emaj4s,5
冰 咖啡 密斯 朵 x220221009b5iwo4q4,5
冰 咖啡 密斯 朵 x220221009c047gblx,5
冰 咖啡 密斯 朵 x220221009f9ygtxm8,5
冰 咖啡 密斯 朵 x220221009hpbztw8o,5
冰 咖啡 20221008q2yje5sl,5
冰 咖啡 20221008e1vndj9t,5
冷萃 咖啡 x220221019b5ff990m,5
冷萃 咖啡 x220221021f2snskxb,5
冰 咖啡 密斯 朵 x220221003f6vvz2b6,5
冰 咖啡 密斯 朵 x220221001h0ypjpam,5
夏日 冰柚 冷萃 咖啡 20230110f4yf23lf,5
冷萃 咖啡 20221125nkpgcwyk,5
冷萃 咖啡 x220221019e7gncnxv,5
冷萃 咖啡 x220221019g2tesiu2,5
冷萃 咖啡 x220221020hpbz2k80,5
冰 咖啡 密斯 朵 x220221012a4gu5y7i,5
冰 咖啡 密斯 朵 x220221012hpbzhcq2,5
冰 咖啡 密斯 朵 x220221013e6ms4h4z,5
冰 咖啡 密斯 朵 x220221013e6vfw4bd,5
冰 咖啡 密斯 朵 x220221013e9hujldv,5
香草 瑪奇朵 咖啡,140
冰 咖啡 密斯 朵 x220221002i3laev9m,5
冰 咖啡 密斯 朵 x220221012dn0b4bfs,5
冰 咖啡 密斯 朵 x220221012lua4r0s7,5
冰 咖啡 密斯 朵 x220221012m1imzrso,5
冰 咖啡 密斯 朵 x220221013c5f9dzwc,5
冰 咖啡 密斯 朵 x220221013x2bd3oex,5
冰 咖啡 密斯 朵 x220221014b5oqa1fi,5
冰 咖啡 密斯 朵 x220221014nwmrtm04,5
冰 咖啡 密斯 朵 x220221011f7doggfh,5
冰 咖啡 密斯 朵 x220221011h1hixssi,5
冰 咖啡 密斯 朵 x220221012b2ft339g,5
冰 咖啡 密斯 朵 x220221012h1hijhwg,5
夏日 冰柚 冷萃 咖啡 20221005k2jmkw5u,5
冰 咖啡 密斯 朵 x220221009b6jurybv,5
冰 咖啡 密斯 朵 x220221009md1ldi73,5
冰 咖啡 密斯 朵 x220221009p4hvswz8,5
冰 咖啡 密斯 朵 x220221009pg976rht,5
冰 咖啡 密斯 朵 x220221009q6hej3zo,5
冰 咖啡 密斯 朵 x220221011b5ff46qi,5
冰 咖啡 密斯 朵 x220221012t3aktxxt,5
夏日 冰柚 冷萃 咖啡 20221112a8jrcjp7,5
冷萃 咖啡 x220221021b6ffncru,5
冷萃 咖啡 x220221021l7ddh54b,5
冷萃 咖啡 x220221022f2an81yk,5
冷萃 咖啡 x220221022f9hlkoyv,5
熱拿鐵 咖啡 L20230119d7sous98,5
冰 咖啡 密斯 朵 x220221006f5az6rrs,5
冰 咖啡 密斯 朵 x220221006k6tc1wae,5
冰 咖啡 密斯 朵 x220221006u8gx4y2i,5
冰 咖啡 密斯 朵 x220221006v6joowbl,5
冰 咖啡 密斯 朵 x220221007f9ygz1ym,5
冰 咖啡 密斯 朵 x220221010x5aou951,5
拿 鐵 咖啡 冷熱 中杯,5
冷萃 咖啡 x220221027b3dmu9h8,5
冰 咖啡 密斯 朵 x220221007e4cwktf8,5
冰 咖啡 密斯 朵 x220221011g6xg01dg,5
冰 咖啡 密斯 朵 x220221015e3tvl34c,5
精品 咖啡 日鑑 賞價 60 元贈 OP1013M,30
冷萃 咖啡 20221129c5way6py,5
冰 咖啡 20230201t3ak7wy8,5
香草 咖啡 中熱,10
冰 咖啡 20221212f4yf62xx,5
卡布 奇諾熱 咖啡 大,145
冷萃 咖啡 20221029e0qc9627,5
冰 咖啡 密斯 朵 x220221006k2bl2xky,5
冷萃 咖啡 20221124l6t4sm2a,5
拿 鐵 咖啡 大冰,15
優 咖啡 冰糖 200g,10
冰 咖啡 密斯 朵 x220221002e6vfekep,5
冰 咖啡 密斯 朵 x220221008y3ufac82,5
冰 咖啡 密斯 朵 x220221009e5bd82nm,5
冰 咖啡 密斯 朵 x220221009e5km015s,5
冰 咖啡 密斯 朵 x220221009m8tgiwkb,5
冰 咖啡 密斯 朵 x220221009s3ts1qhz,5
冰 咖啡 20230119b5iw5l3h,5
冰 咖啡 20230118t3akvpxk,5
KaKaLove 咖啡 衣索 比亞 水洗 科洽 雷莎 歐納,40
熱 咖啡 密斯 朵 x2,1180
夏日 冰柚 冷萃 咖啡 20230314b2fg3nkj,5
拿 鐵 咖啡 熱,60
冰 咖啡 密斯 朵 x220221006f2an7h9p,5
冰 咖啡 密斯 朵 x220221007y1by859b,5
冰 咖啡 密斯 朵 x220221008f1dgzkvh,5
冰 咖啡 密斯 朵 x220221008i9lnu216,5
冰 咖啡 20221106o0bgy8x6,5
冷萃 咖啡 20221126b1fjb5ns,5
冷萃 咖啡 x220221020n5qt6pc1,5
冰 咖啡 20221216e1qypbeq,5
冰 咖啡 密斯 朵 x220221003f1dgwoi1,5
冰 咖啡 密斯 朵 x220221003f8vaud3o,5
冰 咖啡 密斯 朵 x220221003rxmx51gk,5
冰 咖啡 密斯 朵 x220221003c1aq0z8b,5
冰 咖啡 密斯 朵 x220221003e2ytd8en,5
冰 咖啡 20230113i0azr1hk,5
熱拿鐵 咖啡 L20230201f2onapu0,5
薄荷 莫西 多 咖啡 冰中,35
焦鹽 瑪奇朵 咖啡,20
摩卡 咖啡 中熱百貨,5
P215 元牛 咖啡 優惠,475
冰 咖啡 20230107b5oqhz2i,5
冰 咖啡 20230214s9tgnkew,5
黑嚕嚕 卡布 奇諾熱 咖啡,10
冰 咖啡 20230112i7xr9efn,5
冰 咖啡 20230119c5war4l6,5
冷萃 咖啡 x220221020heue0mnz,5
冷萃 咖啡 x220221021hpbzd4wi,5
冷萃 咖啡 x220221024b9zs9yay,5
冷萃 咖啡 x220221022b9zs27us,5
咖啡 冰磚,10
冰 咖啡 密斯 朵 x220221014p6ff6qqs,5
冰 咖啡 密斯 朵 x220221014x6vaxsgc,5
冰 咖啡 密斯 朵 x220221011nglkzx4r,5
冰 咖啡 密斯 朵 x220221013u6hh06fp,5
冰 咖啡 密斯 朵 x220221002c9gaj9co,5
冰 咖啡 密斯 朵 x220221002g1ukf1tz,5
冰 咖啡 密斯 朵 x220221002hm13piti,5
冷萃 咖啡 20221128t3akw33n,5
水晶 歐風 咖啡 專用 冰糖 條 5gx50 支,5
冰 咖啡 密斯 朵 x220221011x1fnhi3o,5
冰 咖啡 密斯 朵 x220221013e7gnbwqi,5
冰 咖啡 密斯 朵 x220221013u6gcry2h,5
冷萃 咖啡 20221119b7mgivlj,5
冰 咖啡 密斯 朵 x220221009e1qy3uc5,5
冰 咖啡 密斯 朵 x220221009e1vn7p4w,5
冷萃 咖啡 x220221027fs7x3zuy,5
冷萃 咖啡 x220221027s9tg92oi,5
冷萃 咖啡 x220221028v9qxhpow,5
冰 咖啡 20230115k7vn8osu,5
冷萃 咖啡 20221014u8bcfaq5,5
冰 咖啡 20230209a7gewqxs,5
活動 熱卡布 奇諾 咖啡 大,45
夏日 冰柚 冷萃 咖啡 20230413diy6418c,5
冰 咖啡 20230119c5wae1je,5
夏日 冰柚 冷萃 咖啡 20230228e9huhkg9,5
冰 咖啡 20221005g7mr3y17,5
9789570410693 咖啡 教科 書 100 道 冰熱 咖啡 詳細配,5
檸香冰 咖啡 少冰,5
厚 就是 海岩 咖啡 冰中,210
冰 咖啡 20221203s7urxabh,5
夏日 冰柚 冷萃 咖啡 20230207f4dl9vlx,5
焦糖 拿 鐵 N 咖啡 熱,10
日本 PGVAVA 加熱恆 溫杯 墊 暖 杯 墊 煮 咖啡 自動 斷電,5
來速 拿 鐵 咖啡 小熱,10
夏日 冰柚 冷萃 咖啡 20230113f3nowwoy,5
冰 咖啡 密斯 朵 x220221009e3tvi6h9,5
冰 咖啡 密斯 朵 x220221009e5bdhmbj,5
冰 咖啡 密斯 朵 x220221009f7ua6mb3,5
冰 咖啡 密斯 朵 x220221009shl6ltla,5
冰 咖啡 密斯 朵 x220221012k0werphg,5
冰 咖啡 密斯 朵 x220221015q3lgk4ct,5
冷萃 咖啡 20221015m6wsnx52,5
APP 寄杯 兌換 海岩 咖啡 大,30
冰 咖啡 密斯 朵 x220221006heue0w2o,5
冰 咖啡 密斯 朵 x220221006l7tiqw8q,5
冰 咖啡 密斯 朵 x220221010p6ffu6fs,5
冰 咖啡 密斯 朵 x220221011bibcm9wj,5
冷萃 咖啡 x220221019b1do93ib,5
冷萃 咖啡 x220221019h1usb6b4,5
冷萃 咖啡 x220221019t2dm2dxz,5
藝妓 專區 哥倫比亞 衣索 比亞藝 伎 咖啡 l 八根 精品,5
冷萃 咖啡 20221011p4hv0ceb,5
冷萃 咖啡 x220221020dce12ge0,5
冷萃 咖啡 20221105x6fj8qgc,5
厚 黑糖 拿 鐵 咖啡 熱中,20
夏日 冰柚 冷萃 咖啡 20230422f4vsc8yz,5
薄荷 莫西 多 咖啡 熱中,5
活動 冰脆 酷 摩卡 咖啡,5
夏日 冰柚 冷萃 咖啡 20230320c5wapzni,5
冷萃 咖啡 20230413c5wafpvr,5
夏日 冰柚 冷萃 咖啡 20230409b2idiwl3,5
冰 咖啡 20230214o1iotnyl,5
阿里山 卓武 咖啡 冰早,10
冰 咖啡 密斯 朵 x220221001u7ax16dc,5
夏日 冰柚 冷萃 咖啡 20230214a4gu1dee,5
冷萃 咖啡 x220221027n1f87nkl,5
冷萃 咖啡 x220221028i0az1htx,5
冷萃 咖啡 x220221028i9ln55vr,5
冷萃 咖啡 x220221029t1kc8hvc,5
星巴克 中杯濃 巧克力 咖啡 星冰樂 活動品,105
中杯 拿 鐵 咖啡 折 15 元,5
冰 咖啡 密斯 朵 x220221011o7txfj1h,5
冰 咖啡 密斯 朵 x220221014c6wlt27p,5
阿里山 卓武 咖啡 熱早,10
HARIO 虹吸式 咖啡 壺 TCA3 上杯,5
大 杯 咖啡 折 10 元,5
JB 冰抹 茶 咖啡,10
冷萃 咖啡 20221001h9kl7sjs,5
冷萃 咖啡 20221002x5tffp8c,5
冷萃 咖啡 20221006j5ggs549,5
夏日 冰柚 冷萃 咖啡 20230312f9yg6car,5
招牌 冰 咖啡,15
AIRWAVES 口香糖 冷萃 咖啡 口味 62g,5
冰拿鐵 咖啡,5
生活 冰 咖啡 580ml,10
冰 咖啡 20230204n8fiogkl,5
星巴克 中杯 蜜桃 蘋果 風味 冷萃 咖啡 兌換 冰熱任 選活 動品,115
APP 寄杯 兌換 特濃 招牌 咖啡 大,20
品皇 咖啡 2in1 奶茶 商用 包裝 500g,10
摩卡 咖啡 大冰百貨,10
大 杯 咖啡 買二送 一,115
夏日 冰柚 冷萃 咖啡 20230227j3eslz77,5
夏日 冰柚 冷萃 咖啡 20230322o9hhs7sy,5
咖啡 客情 取杯 專用,20
夏日 冰柚 冷萃 咖啡 20230401s7urddwh,5
卡 拿 榛 香巧摩 咖啡 自備 環保 杯中,15
冷萃 咖啡 20230413k0efkjqf,5
厚 薄荷 莫西 多 咖啡 冰中,5
夏日 冰柚 冷萃 咖啡 20230311e1vn5cn8,5
KaKaLove 咖啡 2023 新產季 衣索 比亞 水洗,100
冰 咖啡 20230214c9eimp6n,5
夏日 冰柚 冷萃 咖啡 20230315n5rgt0ut,5
夏日 冰柚 冷萃 咖啡 20230419hpbz1qs9,5
夏日 冰柚 冷萃 咖啡 20230428s7tprukm,5
夏日 冰柚 冷萃 咖啡 20230317o9hhvdhm,5
i 憋氣 檸檬冰 咖啡,765
夏日 冰柚 冷萃 咖啡 20230414v7tfaor6,5
夏日 冰柚 冷萃 咖啡 20230412u6hhr3w0,5
冰 咖啡 密斯 朵 x220221002k6mrrrj2,5
冰 咖啡 密斯 朵 x220221002shl6mpnj,5
冰 咖啡 密斯 朵 x220221002x6fj7a46,5
冷萃 咖啡 20221011u8bcwp65,5
冰 咖啡 密斯 朵 x220221005c047vp38,5
冰 咖啡 密斯 朵 x220221005l7tikghh,5
冰 咖啡 密斯 朵 x220221006b3dm3xrc,5
340cc 咖啡 隔熱杯,5
冰 咖啡 密斯 朵 x220221008v0wk634a,5
冰 咖啡 密斯 朵 x220221002f0avet30,5
冷萃 咖啡 x220221030c1aqwog7,5
冷萃 咖啡 x220221031nkpglhn3,5
香草 咖啡 大熱,5
夏日 冰柚 冷萃 咖啡 20230409x7gx2p2h,5
冰 咖啡 密斯 朵 x220221003a1gal5kk,5
冰 咖啡 密斯 朵 x220221002a4gu51s6,5
夏日 冰柚 冷萃 咖啡 20230119p9lu8701,5
員 工價青 檸冰 咖啡,5
冰 咖啡 20230127f4dlr6vv,5
冰 咖啡 20230109b6uiwvco,5
冰 咖啡 20230110i9lnlv74,5
中杯 拿 鐵 咖啡 第二杯 6 折,20
夏日 冰柚 冷萃 咖啡 20230401o9hh8nww,5
夏日 冰柚 冷萃 咖啡 20230322b9zskhrz,5
FABO 歐蕾 咖啡,10
拿 鐵 咖啡 冰,20
酷立 吸 咖啡 冰淇淋,15
冷萃 咖啡 x220221019u6gc3f7m,5
冷萃 咖啡 x220221019v6rxdjm7,5
冷萃 咖啡 x220221020hpbz21to,5
冷萃 咖啡 x220221022e7gnz6te,5
冷萃 咖啡 x220221022m8tgay60,5
冷萃 咖啡 x220221023n4qpoa5n,5
冰 咖啡 密斯 朵 x220221003b5oqwd71,5
冰 咖啡 密斯 朵 x220221003a4guzf6b,5
冰 咖啡 密斯 朵 x220221003e3nymiyc,5
冰 咖啡 密斯 朵 x220221003n9ofs4m5,5
冰 咖啡 密斯 朵 x220221004tl732onx,5
冰 咖啡 密斯 朵 x220221005l7wwu704,5
冰 咖啡 密斯 朵 x220221002r5crvy8g,5
冰 咖啡 密斯 朵 x220221002t3akw4ip,5
冰 咖啡 密斯 朵 x220221003q3lg1jnn,5
冰 咖啡 密斯 朵 x220221005f0qb2x6j,5
厚 薄荷 莫西 多 咖啡 熱中,5
中熱靜岡 抹 茶 咖啡,10
冰 咖啡 密斯 朵 x220221008c6wlwxc2,5
冰 咖啡 密斯 朵 x220221012c5walaxf,5
冰 咖啡 密斯 朵 x220221014f2um0vvr,5
冷萃 咖啡 x220221028f1sqd3uj,5
冰 咖啡 密斯 朵 x220221014b3dmm667,5
冰 咖啡 密斯 朵 x220221014u1peezx9,5
冰 咖啡 密斯 朵 x220221015n4nopths,5
冰 咖啡 密斯 朵 x220221015v9qxksjy,5
冰 咖啡 密斯 朵 x220221002v9qxuey0,5
冰 咖啡 20221008g7mr7ajx,5
冰 咖啡 20221001o0bgoxai,5
冷萃 咖啡 20221010n4rebb68,5
冷萃 咖啡 20221020f9hln7p8,5
冷萃 咖啡 20221023y3ufa2wn,5
冷萃 咖啡 20221009f6cxkwed,5
冷萃 咖啡 20221017n1f81j54,5
夏日 冰柚 冷萃 咖啡 20221006f4dlbos7,5
冰 咖啡 密斯 朵 x220221006n5qtv2jk,5
冷萃 咖啡 x220221024jz2iiikk,5
冷萃 咖啡 x220221030s9tgv1jt,5
冰 咖啡 密斯 朵 x220221006u6yyjyoz,5
冰 咖啡 密斯 朵 x220221001p6ffdrrj,5
冰 咖啡 密斯 朵 x220221001m2uuj8ri,5
冰 咖啡 密斯 朵 x220221001t2dmrztv,5
冷萃 咖啡 x220221028e9asubws,5
冰 咖啡 20221024e5wqq41o,5
冰 咖啡 密斯 朵 x220221010n4rel0ti,5
冰 咖啡 密斯 朵 x220221010p6ffouzh,5
冰 咖啡 密斯 朵 x220221011e6vfsd59,5
冰 咖啡 密斯 朵 x220221014c1aq8dwf,5
冰 咖啡 密斯 朵 x220221015m2uuz4iw,5
冰 咖啡 密斯 朵 x220221015n4nojirg,5
冰 咖啡 密斯 朵 x220221015x3apvtls,5
冰 咖啡 密斯 朵 x220221003e5bdawrd,5
夏日 冰柚 冷萃 咖啡 20221031g6mzzc9t,5
冰 咖啡 密斯 朵 x220221015f4yfanpg,5
冰 咖啡 密斯 朵 x220221015n5qtz8wt,5
冰 咖啡 密斯 朵 x220221008p1tbwejz,5
冰 咖啡 20221003n9ofyu5i,5
冰 咖啡 密斯 朵 x220221010r5bir48w,5
冰 咖啡 密斯 朵 x220221004r5bifumg,5
冷萃 咖啡 x220221024nkpg3yci,5
冰 咖啡 密斯 朵 x220221009g6mryvsn,5
冰 咖啡 20221016b5ds69n2,5
冰 咖啡 密斯 朵 x220221009x6vach4j,5
冰拿鐵 咖啡 L20221010y2bnht6l,5
冷萃 咖啡 20221006q2jgo1pa,5
冰 咖啡 密斯 朵 x220221010b1fjenh1,5
冰 咖啡 密斯 朵 x220221010n5rgosma,5
冰 咖啡 密斯 朵 x220221008c6wl8gqk,5
冰 咖啡 密斯 朵 x220221008f4dlnbc7,5
冷萃 咖啡 20221020n1f8u4ka,5
冰 咖啡 密斯 朵 x220221002j6ixnp3x,5
冰 咖啡 密斯 朵 x220221001f1sqthza,5
夏日 冰柚 冷萃 咖啡 20221020e5kmd3ii,5
冷萃 咖啡 20221005k0wem8kh,5
冷萃 咖啡 20221029b4ufuhwn,5
冰 咖啡 密斯 朵 x220221009f6cxh43c,5
冰 咖啡 密斯 朵 x220221010b9zsr432,5
冷萃 咖啡 20221023u8bct161,5
冰 咖啡 密斯 朵 x220221001s7ur49ma,5
冰 咖啡 密斯 朵 x220221009e2ytaljt,5
冷萃 咖啡 20221017j3rncen3,5
冷萃 咖啡 20221004f5wjv72k,5
冷萃 咖啡 20221021c1aqe4ve,5
冷萃 咖啡 20221021g8vbu1pw,5
冰 咖啡 密斯 朵 x220221002h5fka9ok,5
冷萃 咖啡 x220221029b9zsvnn1,5
冰 咖啡 密斯 朵 x220221005c6wl1e6c,5
冰 咖啡 20221024f7mw8jkr,5
冰 咖啡 密斯 朵 x220221010p9lua7f1,5
冷萃 咖啡 20221030e6lmxpvy,5
冰 咖啡 密斯 朵 x220221006u1pe4aqz,5
冰 咖啡 密斯 朵 x220221006m3vp0utk,5
冰 咖啡 密斯 朵 x220221009u6gckb6t,5
冰 咖啡 密斯 朵 x220221001n6alm6ut,5
冰 咖啡 密斯 朵 x220221006m1im5qds,5
夏日 冰柚 冷萃 咖啡 20221006o4vd6tt8,5
冷萃 咖啡 20221026e1vn8hw4,5
冷萃 咖啡 20221012x3aphl48,5
冷萃 咖啡 x220221023b9uh5emu,5
冰 咖啡 密斯 朵 x220221004f6vvtnfg,5
冰 咖啡 密斯 朵 x220221007g7zembox,5
冷萃 咖啡 x220221029bwoaiyax,5
冰 咖啡 密斯 朵 x220221003f9hl1vbv,5
冰 咖啡 密斯 朵 x220221005c5wairtl,5
冰 咖啡 密斯 朵 x220221002e5bd8t0r,5
冰 咖啡 密斯 朵 x220221001e6msgpbs,5
冰 咖啡 密斯 朵 x220221007b1wi0lnd,5
冰 咖啡 密斯 朵 x220221007o4vd6ry3,5
冰 咖啡 密斯 朵 x220221008e9aspprp,5
冰 咖啡 密斯 朵 x220221009b4bbz475,5
冰 咖啡 密斯 朵 x220221010f4dlhzbu,5
冰 咖啡 密斯 朵 x220221010r7du1m1l,5
冰 咖啡 密斯 朵 x220221004u8bc1l5a,5
冰 咖啡 密斯 朵 x220221007b3dmx7rp,5
冰 咖啡 密斯 朵 x220221001h0yp0vh3,5
冷萃 咖啡 x220221028a3iht4u0,5
冷萃 咖啡 x220221029x5ao9wyt,5
冰 咖啡 密斯 朵 x220221001t5ybhf0z,5
冰 咖啡 20230105fs7xp034,5
冰 咖啡 20230110e4cwb6cc,5
冷萃 咖啡 x220221030u6yypi6a,5
冰 咖啡 密斯 朵 x220221014vfkd22s0,5
冰 咖啡 密斯 朵 x220221010e9asn6e2,5
冰 咖啡 密斯 朵 x220221012a8jree6a,5
冰 咖啡 密斯 朵 x220221003y1ijikj2,5
冰 咖啡 密斯 朵 x220221004c9eifo59,5
冰 咖啡 20230120e2lalqna,5
榛果 咖啡 中熱,5
冰 咖啡 密斯 朵 x220221001c9ei3oh0,5
冰 咖啡 20221010n4reollt,5
冰 咖啡 密斯 朵 x220221006c6wlnzre,5
冰 咖啡 密斯 朵 x220221006e6vf9ept,5
冰 咖啡 密斯 朵 x220221004e0qcek8l,5
冰 咖啡 密斯 朵 x220221004f3nop6l9,5
冰 咖啡 密斯 朵 x220221004f9ygzknq,5
冰 咖啡 密斯 朵 x220221004x2bdb5bc,5
冰 咖啡 密斯 朵 x220221007x3apuech,5
冰 咖啡 密斯 朵 x220221009swhm60pu,5
冷萃 咖啡 x220221019hpbzvke7,5
冷萃 咖啡 x220221022b7mgyjei,5
冷萃 咖啡 x220221022k7vnn22d,5
冰 咖啡 密斯 朵 x220221009i1ksrhkw,5
冰 咖啡 密斯 朵 x220221010n9ofeppq,5
冰 咖啡 密斯 朵 x220221014f1if4smg,5
冰 咖啡 密斯 朵 x220221014f6cximpt,5
冰 咖啡 密斯 朵 x220221004h7bj0pv6,5
冷萃 咖啡 20221014u3mwkf93,5
冰 咖啡 密斯 朵 x220221002f9hlfr84,5
冰 咖啡 20230114dce1gg6c,5
冰 咖啡 密斯 朵 x220221009e2ytlq9q,5
冷萃 咖啡 20221018t3ak8ve3,5
冰 咖啡 密斯 朵 x220221015n9of1y9e,5
冰 咖啡 密斯 朵 x220221015y3uf94d8,5
冰 咖啡 密斯 朵 x220221004c1aq94nn,5
冷萃 咖啡 x220221027g6xgnb8i,5
冷萃 咖啡 x220221028e9ascy3u,5
冰 咖啡 密斯 朵 x220221005s0bq1coo,5
冰 咖啡 密斯 朵 x220221003gptqe2wf,5
冰 咖啡 密斯 朵 x220221003h0ypix7j,5
冰 咖啡 密斯 朵 x220221005b3dma32j,5
冰 咖啡 密斯 朵 x220221005f0av38gr,5
冰 咖啡 密斯 朵 x220221011j4igbind,5
冰 咖啡 密斯 朵 x220221007e1vnzzqa,5
冰 咖啡 20221001q2yjtef4,5
冷萃 咖啡 20221028l6vigthp,5
冰 咖啡 密斯 朵 x220221009jz2idpay,5
冷萃 咖啡 x220221031f9ygxsnb,5
冰 咖啡 密斯 朵 x220221014f4yfw2lp,5
冷萃 咖啡 x220221023x3ap7w59,5
冷萃 咖啡 20221021h5fkm6nm,5
冰 咖啡 密斯 朵 x220221002f4dls9fw,5
冰 咖啡 密斯 朵 x220221009h3bxc476,5
冰 咖啡 密斯 朵 x220221010q5qx0ave,5
冷萃 咖啡 x220221019t4ciczv6,5
冰 咖啡 密斯 朵 x220221011f4dllmvy,5
夏日 冰柚 冷萃 咖啡 20221014c6rt4jqx,5
冰 咖啡 密斯 朵 x220221001b5ffmrid,5
冰 咖啡 密斯 朵 x220221008m8tgxam9,5
冰 咖啡 密斯 朵 x220221009t4cib9rt,5
冰 咖啡 密斯 朵 x220221009x6fj0gk3,5
冰 咖啡 密斯 朵 x220221010g6mrbfgy,5
冰 咖啡 密斯 朵 x220221001e0qcjss6,5
冰拿鐵 咖啡 L20230309y9uzhr4i,5
冰 咖啡 密斯 朵 x220221004q9wtlgnm,5
冰 咖啡 密斯 朵 x220221009e4cwrxwj,5
冰 咖啡 密斯 朵 x220221013j0kztfkk,5
冰 咖啡 密斯 朵 x220221015u7ax8cxa,5
中 大 咖啡 第二杯 半價景,10
冷萃 咖啡 20221004h1hi3nxb,5
冰 咖啡 密斯 朵 x220221012b1skomyi,5
冰 咖啡 密斯 朵 x220221007h0yp5e47,5
冰 咖啡 密斯 朵 x220221007h3bxn6cu,5
冰 咖啡 密斯 朵 x220221009md1l8o2y,5
冰 咖啡 密斯 朵 x220221004l1mzfksr,5
冰 咖啡 密斯 朵 x220221006s5xzi9ws,5
冰 咖啡 密斯 朵 x220221007y3ufmb8e,5
冷萃 咖啡 20221027k0efduzx,5
冷萃 咖啡 x220221031v4jag5m5,5
冰 咖啡 密斯 朵 x220221007u6hh1cfo,5
冷萃 咖啡 20221004x2bdw3yw,5
冰 咖啡 密斯 朵 x220221001p3riiz31,5
冰 咖啡 密斯 朵 x220221008l3qxhzvj,5
冷萃 咖啡 x220221029b5dshiew,5
冰 咖啡 密斯 朵 x220221008u6gcswi6,5
冰 咖啡 密斯 朵 x220221011i1kscfo3,5
冰 咖啡 密斯 朵 x220221011s4psfbtw,5
冷萃 咖啡 x220221028xt7m5nhd,5
冰 咖啡 密斯 朵 x220221015a3ih0vej,5
冰 咖啡 密斯 朵 x220221015i3la0zgy,5
冰 咖啡 密斯 朵 x220221004p6ffxj5d,5
冰 咖啡 密斯 朵 x220221003f4yfmnyp,5
冰 咖啡 密斯 朵 x220221006b9zs07ni,5
冰 咖啡 密斯 朵 x220221005t0wcwo17,5
冰 咖啡 密斯 朵 x220221003b5ffk4x5,5
冰 咖啡 密斯 朵 x220221003nkpg5yo3,5
冰 咖啡 密斯 朵 x220221004b4ufvhzi,5
冰 咖啡 密斯 朵 x220221004e3ny4q0u,5
冰 咖啡 密斯 朵 x220221004nkpgfaoa,5
冰 咖啡 密斯 朵 x220221004q2jijezu,5
冰 咖啡 密斯 朵 x220221005b2idg59i,5
冰 咖啡 密斯 朵 x220221005c6wlfnk2,5
冰 咖啡 密斯 朵 x220221005k0weiveu,5
冷萃 咖啡 x220221029a3ihdkbt,5
冷萃 咖啡 x220221029b7mgm3mw,5
冷萃 咖啡 x220221029j63fjjsi,5
冷萃 咖啡 20221024k0efq94i,5
冷萃 咖啡 x220221031l7ddl0xb,5
夏日 冰柚 冷萃 咖啡 20230115fjiobwet,5
KaKaLove 咖啡 衣索 比亞 水洗 古 吉水 風鈴 G,35
冷萃 咖啡 20221014e3ny0npb,5
冷萃 咖啡 x220221031shl6epc1,5
冷萃 咖啡 x220221020e7gnwttx,5
冷萃 咖啡 x220221020l3qxklmm,5
冷萃 咖啡 x220221022k0efn28t,5
冷萃 咖啡 x220221023e6msusyh,5
冷萃 咖啡 x220221023u4ep43h9,5
冰 咖啡 密斯 朵 x220221001g6mrzmoe,5
冰 咖啡 密斯 朵 x220221001l7ddgwq8,5
冰 咖啡 密斯 朵 x220221001n4no5rex,5
冰 咖啡 密斯 朵 x220221001e2yt5gi2,5
冷萃 咖啡 x220221025diy6d1go,5
冷萃 咖啡 x220221027h1us92r5,5
冷萃 咖啡 x220221023b7mgbho9,5
冷萃 咖啡 x220221025e2ytxb13,5
冰 咖啡 密斯 朵 x220221010g1mkbiz2,5
冷萃 咖啡 x220221031y3uf7ta4,5
冰 咖啡 密斯 朵 x220221002b6ffdo0r,5
冰 咖啡 密斯 朵 x220221003diy6jgve,5
冰 咖啡 密斯 朵 x220221003g1uk3z90,5
冰 咖啡 密斯 朵 x220221003g7mrw1tx,5
冰 咖啡 密斯 朵 x220221003q4htjd3i,5
夏日 冰柚 冷萃 咖啡 20221006f9yg6mj6,5
冷萃 咖啡 20221026a1gaxo27,5
冷萃 咖啡 20221030i8re7w92,5
冰 咖啡 密斯 朵 x220221009q6yziqfa,5
冰 咖啡 密斯 朵 x220221001vb97i72m,5
冰 咖啡 密斯 朵 x220221002x6vakr5i,5
冰 咖啡 密斯 朵 x220221004r2ns8dvz,5
冰 咖啡 密斯 朵 x220221004u6hh5m4f,5
冰 咖啡 密斯 朵 x220221005e0psospl,5
冷萃 咖啡 x220221027m8tgzn32,5
冰 咖啡 密斯 朵 x220221004t3akrj05,5
冰 咖啡 密斯 朵 x220221005k2bl314m,5
冰 咖啡 密斯 朵 x220221008b5dsj4i5,5
冰 咖啡 密斯 朵 x220221008b7ueez7l,5
冰 咖啡 密斯 朵 x220221004m2uurigb,5
冰 咖啡 密斯 朵 x220221008e0jntcof,5
冰 咖啡 密斯 朵 x220221003c0tjt4bb,5
冰 咖啡 密斯 朵 x220221009n9ofbodn,5
冰 咖啡 密斯 朵 x220221009u6gcg2qa,5
冰 咖啡 密斯 朵 x220221006b1fj4ne0,5
冰 咖啡 密斯 朵 x220221007b2ftmq8z,5
冰 咖啡 密斯 朵 x220221012c6rt7fpp,5
冷萃 咖啡 x220221031u4epeamt,5
冷萃 咖啡 20221006e9hu7lki,5
冷萃 咖啡 20221031e6msl4s0,5
冰 咖啡 密斯 朵 x220221002o1ijkt4t,5
冰 咖啡 密斯 朵 x220221003m6ws3fyb,5
冰 咖啡 密斯 朵 x220221003y1ijysrv,5
冰 咖啡 密斯 朵 x220221004q9wtf8nm,5
冰 咖啡 密斯 朵 x220221001e0psziwp,5
冷萃 咖啡 20221003q2fp48ja,5
熱檀島 咖啡,5
冰 咖啡 密斯 朵 x220221005n1f83wxy,5
冰 咖啡 密斯 朵 x220221002b1skdjyg,5
冷萃 咖啡 x220221030u6yy6ky8,5
冰 咖啡 密斯 朵 x220221006q7xv7gpm,5
冷萃 咖啡 x220221031b8ki4m6g,5
冰 咖啡 密斯 朵 x220221015p4hvlf78,5
摩卡 咖啡 中冰百貨,5
冰 咖啡 20230109b2fg7j7m,5
冷萃 咖啡 x220221025fvrpscfo,5
冰 咖啡 20230112f7me0wys,5
冰 咖啡 密斯 朵 x220221002l7tiwmm6,5
冰 咖啡 密斯 朵 x220221002m2uuzaaa,5
冰 咖啡 密斯 朵 x220221002r5crxz50,5
森永客 美多 漂浮 冰 咖啡 聖代,5
冰 咖啡 密斯 朵 x220221001f4dl7ybs,5
冰 咖啡 密斯 朵 x220221010p9lu554o,5
冰 咖啡 密斯 朵 x220221010r7du0u4n,5
冰 咖啡 密斯 朵 x220221010u6gcd9bp,5
冰 咖啡 密斯 朵 x220221011f2anp70a,5
冰 咖啡 密斯 朵 x220221011g1uks34u,5
冰 咖啡 密斯 朵 x220221011n4refo9p,5
冰 咖啡 密斯 朵 x220221015i3yyuhvr,5
冰 咖啡 密斯 朵 x220221015k0efywwu,5
冰 咖啡 密斯 朵 x220221015q6he1pxm,5
冰 咖啡 密斯 朵 x220221004o0bgn4su,5
星巴克 大杯 香檸 蜜柚 冷萃 咖啡,125
冰 咖啡 密斯 朵 x220221003l6vi78bs,5
冰 咖啡 密斯 朵 x220221003x7gxj4ms,5
冰 咖啡 密斯 朵 x220221003yujtnru2,5
冰 咖啡 密斯 朵 x220221005e7gn6ire,5
冰 咖啡 20221028e7gnwr49,5
冰 咖啡 密斯 朵 x220221006p1tbwxfb,5
冰 咖啡 密斯 朵 x220221008f9yg6d0r,5
冷萃 咖啡 20221007n1f8n7uy,5
冰 咖啡 密斯 朵 x220221008gptq3lmy,5
冰 咖啡 密斯 朵 x220221008gptqvtz8,5
冷萃 咖啡 x220221027b9zsajlr,5
冷萃 咖啡 x220221027pg97g39p,5
冰 咖啡 密斯 朵 x220221010b3dmg26i,5
冰 咖啡 20221021n3rtppki,5
冰 咖啡 密斯 朵 x220221002g8pssjom,5
夏日 冰柚 冷萃 咖啡 20230104a3ihpdhe,5
冰 咖啡 密斯 朵 x220221001c9eiceiv,5
冰 咖啡 20230118f4yfo4pw,5
冷萃 咖啡 x220221022r0ncssfo,5
冷萃 咖啡 x220221022s9tg2tol,5
冷萃 咖啡 x220221023b3dmgjun,5
冷萃 咖啡 x220221023b5dshurg,5
冷萃 咖啡 x220221024h1usamwj,5
冷萃 咖啡 x220221024q3ud54eq,5
冷萃 咖啡 x220221025dn0bzsiy,5
冰 咖啡 密斯 朵 x220221005u4epzsy1,5
冷萃 咖啡 x220221031o9hpd1ve,5
冰 咖啡 密斯 朵 x220221013x2bd2f7f,5
冰 咖啡 密斯 朵 x220221015f9yg97yv,5
冰 咖啡 密斯 朵 x220221015g6mrc3gv,5
冰 咖啡 密斯 朵 x220221015s3tsgwjz,5
冰 咖啡 密斯 朵 x220221015t2dmz777,5
冰 咖啡 密斯 朵 x220221002lua481zk,5
冰 咖啡 密斯 朵 x220221002m4jr3z64,5
冰 咖啡 密斯 朵 x220221002n3rt65r9,5
冰 咖啡 密斯 朵 x220221002t4ci7gzs,5
冰 咖啡 密斯 朵 x220221002y4no23k3,5
冷萃 咖啡 20221004j6phfd0u,5
冷萃 咖啡 20221019j6ph4ejd,5
冷萃 咖啡 20221021vfkdk7na,5
冷萃 咖啡 20221023n5qt8ows,5
冷萃 咖啡 20221012xt7mzjin,5
冰 咖啡 密斯 朵 x220221002c6wljwzq,5
冰 咖啡 密斯 朵 x220221001j3esb4hb,5
冰 咖啡 密斯 朵 x220221008md1lkkj6,5
冰 咖啡 密斯 朵 x220221009g6mr2gqq,5
冰 咖啡 密斯 朵 x220221009x2bdxa3g,5
冰 咖啡 密斯 朵 x220221010f5azfzur,5
冷萃 咖啡 20221002c9ei2mdm,5
冰 咖啡 20221024b8kifxk8,5
冰 咖啡 密斯 朵 x220221006swhm8yhh,5
冷萃 咖啡 x220221031e6vf31qe,5
冰 咖啡 密斯 朵 x220221002i3lavrpk,5
冰 咖啡 密斯 朵 x220221001r5crm694,5
夏日 冰柚 冷萃 咖啡 20221003u6hhv3ck,5
冰 咖啡 密斯 朵 x220221005q6yzve28,5
冰 咖啡 密斯 朵 x220221005y3ufoxdg,5
冰 咖啡 密斯 朵 x220221005n1nmhxzy,5
冰 咖啡 密斯 朵 x220221002f1eyszo2,5
冰 咖啡 密斯 朵 x220221009gptqsbft,5
冰 咖啡 密斯 朵 x220221001v6jo5wpm,5
冰 咖啡 密斯 朵 x220221008c9ei5nlc,5
冰 咖啡 密斯 朵 x220221008g6mrnad9,5
冰 咖啡 密斯 朵 x220221008m8tgb6ue,5
冰 咖啡 密斯 朵 x220221008o7tx2wi3,5
冰 咖啡 密斯 朵 x220221008pg97zt18,5
冰 咖啡 密斯 朵 x220221008r7qpmhx4,5
冰 咖啡 密斯 朵 x220221008t5yb098k,5
冰 咖啡 密斯 朵 x220221009b5oq05oh,5
冰 咖啡 密斯 朵 x220221009x2bdrxry,5
冷萃 咖啡 20221004r3gpwg4z,5
冷萃 咖啡 20221005x2bd0vxf,5
冷萃 咖啡 20221004e3ny4vxe,5
冷萃 咖啡 x220221030j3rnp4lq,5
冷萃 咖啡 x220221030q1hdmhws,5
冷萃 咖啡 x220221031a8jrh63e,5
冰 咖啡 密斯 朵 x220221003wfpv86it,5
冰 咖啡 密斯 朵 x220221003wfpvsfx8,5
冷萃 咖啡 x220221024f9yg9fjr,5
冰 咖啡 密斯 朵 x220221001m1imyk4j,5
冰 咖啡 密斯 朵 x220221001u4ep9dlw,5
冷萃 咖啡 20221030q6he8dqi,5
夏日 冰柚 冷萃 咖啡 20221007m6qmcy1h,5
冰 咖啡 密斯 朵 x220221006e5bdudy7,5
咖啡 會 拿 環保杯 去裝,5
冷萃 咖啡 x220221020h5fk4s2o,5
冰 咖啡 密斯 朵 x220221005q6yzocgp,5
冰 咖啡 密斯 朵 x220221006c5f9ctg8,5
冰 咖啡 密斯 朵 x220221008b4bb38v0,5
冰 咖啡 密斯 朵 x220221004f4dlofrz,5
拿 鐵 咖啡 冰熱 20230112o4vokf5g,5
冰 咖啡 20230120x3apj4sc,5
冰 咖啡 20230116dce1h6uz,5
冰 咖啡 20230121b1fjt5g8,5
冷萃 咖啡 x220221022u6gcag1i,5
冷萃 咖啡 x220221023n3rtfqyb,5
冷萃 咖啡 x220221023t2mxqkrm,5
冷萃 咖啡 x220221024v7tf2o7f,5
冰 咖啡 密斯 朵 x220221004e5kmuvtg,5
冰 咖啡 密斯 朵 x220221004m1oo0lff,5
冰 咖啡 密斯 朵 x220221011c6rtyvh6,5
冰 咖啡 密斯 朵 x220221011e5kmnaf6,5
冰 咖啡 密斯 朵 x220221011e6vf9rlv,5
冰 咖啡 密斯 朵 x220221007n3rtvmjx,5
冰 咖啡 密斯 朵 x220221014n5qtu0r8,5
冰 咖啡 密斯 朵 x220221007e5bdkb24,5
冰 咖啡 密斯 朵 x220221007f2umst0x,5
冰 咖啡 密斯 朵 x220221007f7uax2da,5
夏日 冰柚 冷萃 咖啡 20221028l6vizdu3,5
冰 咖啡 密斯 朵 x220221002i0az5pws,5
冰 咖啡 密斯 朵 x220221002s4pssw59,5
冷萃 咖啡 20221002x3apipxh,5
冷萃 咖啡 x220221023tl73v6rv,5
冷萃 咖啡 x220221023u4ep066a,5
冷萃 咖啡 x220221023x3deskht,5
冰 咖啡 密斯 朵 x220221009p4avj4o6,5
冷萃 咖啡 20221010e0pse19f,5
冰 咖啡 密斯 朵 x220221002q4yty21l,5
冰 咖啡 密斯 朵 x220221009q9wtl569,5
冰 咖啡 密斯 朵 x220221002f4vs91gi,5
冰 咖啡 密斯 朵 x220221002i9ln1wle,5
冰 咖啡 密斯 朵 x220221002t0swwq62,5
冰 咖啡 密斯 朵 x220221008o1iozpug,5
冰 咖啡 密斯 朵 x220221003s6ep120k,5
KEYCOFFEE 潤香 冰萃 研磨 浸泡 式 冰 咖啡 KEYC,5
冷萃 咖啡 20221017c1aqa4dt,5
冷萃 咖啡 20221018h5fkx912,5
MaximKANUIceLatte 漸層 冰拿鐵 咖啡,5
冰 咖啡 密斯 朵 x220221004l3qxv5gl,5
冰 咖啡 密斯 朵 x220221004u4epxonx,5
大冰 抹 茶 咖啡,5
冰 咖啡 20230124hpbzw5sr,5
冰 咖啡 20221012y1alltrf,5
冰 咖啡 20230110b4uf7rzw,5
冰 咖啡 20230122nkpgtvqa,5
夏日 冰柚 冷萃 咖啡 20230113g1mk8i3l,5
冰 咖啡 密斯 朵 x220221002i3yy2uj8,5
熱拿鐵 咖啡 L20230411y3rqvi5i,5
冰 咖啡 20230115h3bxgbfb,5
熱拿鐵 咖啡 L20230304f2dnv2du,5
夏日 冰柚 冷萃 咖啡 20230308v7mdc77r,5
熱拿鐵 咖啡 L20230301d7socls3,5
冷萃 咖啡 20221005c6wlrrry,5
冰 咖啡 密斯 朵 x220221011p1tbl0xa,5
冰 咖啡 密斯 朵 x220221010md1l49bx,5
冰 咖啡 密斯 朵 x220221010q2jijhpu,5
冰 咖啡 密斯 朵 x220221010v4ja9soq,5
冰 咖啡 密斯 朵 x220221011a4gudp5w,5
冰 咖啡 密斯 朵 x220221011b9uhge1n,5
夏日 冰柚 冷萃 咖啡 20221003e8me8aki,5
冰 咖啡 密斯 朵 x220221007f4dln9be,5
冰 咖啡 密斯 朵 x220221001shl6xk29,5
冰 咖啡 密斯 朵 x220221001t5ybcqb8,5
冰 咖啡 密斯 朵 x220221003abf0f01f,5
冰 咖啡 密斯 朵 x220221004t5yb8eg4,5
冷萃 咖啡 x220221022c9gau88s,5
冰 咖啡 密斯 朵 x220221004jz2ig40z,5
冰 咖啡 密斯 朵 x220221013s6epo5oy,5
冰 咖啡 密斯 朵 x220221015e0jn47p9,5
冰 咖啡 密斯 朵 x220221015nj1n2vo7,5
冰 咖啡 密斯 朵 x220221015y425i8d4,5
冰 咖啡 密斯 朵 x220221002u6hh41gz,5
冰 咖啡 密斯 朵 x220221003b2fg3nvj,5
冰 咖啡 20221020e2yt9n4v,5
冷萃 咖啡 20221004r3gpjvxl,5
冰 咖啡 20221021e2ytz0vq,5
冷萃 咖啡 x220221029y4noidli,5
冰 咖啡 密斯 朵 x220221003f2snyr4k,5
冰 咖啡 密斯 朵 x220221005q6heb6k0,5
冷萃 咖啡 x220221028q6heflpn,5
冷萃 咖啡 20221007f7uatop6,5
冰 咖啡 密斯 朵 x220221004c8wp3ibw,5
冰 咖啡 密斯 朵 x220221002f4dljk4p,5
冰 咖啡 20221002u6gcdbgc,5
冰 咖啡 20221028vb979p7h,5
冰 咖啡 密斯 朵 x220221009r7el29w4,5
冰 咖啡 密斯 朵 x220221010p6ff2ldp,5
冰 咖啡 20221021c4fqilai,5
冰 咖啡 密斯 朵 x220221015b4ufhx4p,5
冰 咖啡 密斯 朵 x220221015c9einrgz,5
冰 咖啡 密斯 朵 x220221015l1mz9lor,5
冰 咖啡 密斯 朵 x220221015v9qxddwg,5
冰 咖啡 密斯 朵 x220221008k2jmw6kg,5
冰 咖啡 密斯 朵 x220221002q5qxb1rj,5
冰 咖啡 密斯 朵 x220221003u6hh55cl,5
冰 咖啡 密斯 朵 x220221004f9yg825n,5
冰 咖啡 密斯 朵 x220221004l6t4wvke,5
冰 咖啡 密斯 朵 x220221004t0swrexs,5
冰 咖啡 密斯 朵 x220221001e2lat9h4,5
冰 咖啡 密斯 朵 x220221001p4hvbjdz,5
冰 咖啡 密斯 朵 x220221001v7mdiibc,5
冰 咖啡 密斯 朵 x220221001x8psdjgv,5
冷萃 咖啡 20221003e3nym7el,5
摩卡 咖啡 冰沙 20221026mnw23eng,5
冰 咖啡 密斯 朵 x220221008r7du35qd,5
冰 咖啡 密斯 朵 x220221008x6fjjzqj,5
冰 咖啡 密斯 朵 x220221009g8ps689z,5
冰 咖啡 密斯 朵 x220221009q4pyosf4,5
冰 咖啡 密斯 朵 x220221009t0swwcak,5
冰 咖啡 密斯 朵 x220221010k2jmcmk9,5
熱拿鐵 咖啡 L20221026f1sjltw4,5
冷萃 咖啡 20221003k0weml7x,5
冷萃 咖啡 x220221020e9hud88x,5
冷萃 咖啡 x220221020bwoa2f9r,5
冰 咖啡 密斯 朵 x220221012c6wl6821,5
冰 咖啡 密斯 朵 x220221001abf0wltg,5
冰 咖啡 密斯 朵 x220221001t4ci2qgs,5
冰 咖啡 密斯 朵 x220221006o7txyhon,5
冷萃 咖啡 x220221030f9hlzoab,5
冷萃 咖啡 20221016x3apxbpb,5
冷萃 咖啡 20221017q6yz2ibk,5
冰 咖啡 密斯 朵 x220221004e5bd2xa7,5
冰 咖啡 密斯 朵 x220221010e6vf769a,5
冷萃 咖啡 20221007a1gaek30,5
冰 咖啡 密斯 朵 x220221008c5f9cnao,5
冰 咖啡 密斯 朵 x220221009k9xwq5mr,5
冰 咖啡 密斯 朵 x220221002r3gp0g3v,5
冰 咖啡 20221001g1uky09d,5
冰 咖啡 密斯 朵 x220221005k67o66px,5
MaximSupremgold 典藏 精品 拿 鐵 咖啡 13,15
冷萃 咖啡 x220221024b9zsjyro,5
冰 咖啡 密斯 朵 x220221002e6mse8e1,5
冰 咖啡 密斯 朵 x220221005psfr1w63,5
冷萃 咖啡 x220221019f7qt3tig,5
冰 咖啡 20221020f7mwn2tt,5
熱拿鐵 咖啡 L20230123y2tsc50t,5
冷萃 咖啡 x220221029n9ofox2d,5
冰 咖啡 密斯 朵 x220221010g6mrrhfa,5
夏日 冰柚 冷萃 咖啡 20230313o9hpqnan,5
冷萃 咖啡 x220221025e9as7bz9,5
冷萃 咖啡 x220221030v4jal998,5
冷萃 咖啡 20221027q7xv5q1t,5
歐風 咖啡 專用紅 冰糖 450g,5
幸沐 商行 復 古條 紋 玻璃杯 美式 拿鐵冰 咖啡 冷萃 摩卡 玻璃杯 威,5
