item_name,item
微韻 黑 咖啡 特大 冰,165
拿鐵熱 咖啡 特大,540
特大 冰 西西里 氣泡 咖啡,360
精選曼巴 咖啡 特大 冰,35
檸檬冷萃 咖啡 特大 冰,90
特調 咖啡 特大 冰,240
cama 經典 黑 咖啡 特大 冰,1320
特大 冰 西西里 咖啡,52755
西西里 風 檸檬氣 泡 咖啡 特大,235
摩卡 咖啡 特大 冰,95
代銷 特大 冰 西西里 咖啡,100
蜜香紅柚 咖啡 特大 冰,5
特大 冰拿鐵 咖啡,19705
鳳梨冷萃 咖啡 特大 冰,70
特大 杯熱 咖啡 密斯 朵 20230114h5fk3ubm,5
特大 杯熱 咖啡 密斯 朵 20230119s0bqo8er,5
特大 杯冰 咖啡 密斯 朵 20230117vgx00svr,5
特大 杯熱 咖啡 密斯 朵 20230115e5bdgr1z,5
特大 杯熱 咖啡 密斯 朵 20230115l1mzhudh,5
特大 杯冰 咖啡 密斯 朵 20230115m6qml5o5,5
特大 杯熱 咖啡 密斯 朵 20230111l7cuif1m,5
特大 杯冰 咖啡 密斯 朵 20230113x6fjxk4z,5
特大 杯熱 咖啡 密斯 朵 20230115t3akxvpe,5
特大 杯熱 咖啡 密斯 朵 20230119v5xswcud,5
特大 杯熱 咖啡 密斯 朵 20230119b5ff1wzo,5
特大 杯熱 咖啡 密斯 朵 20230115y1allrax,5
特大 杯熱 咖啡 密斯 朵 20230112e0jni9ta,5
特大 杯冰 咖啡 密斯 朵 20230118v7mdo9m8,5
特大 杯熱 咖啡 密斯 朵 20230119r5ozfko5,5
特大 杯熱 咖啡 密斯 朵 20230117i0az6cjo,5
特大 杯熱 咖啡 密斯 朵 20230114e4cwyfra,5
特大 杯熱 咖啡 密斯 朵 20230115p93j02ie,5
特大 杯熱 咖啡 密斯 朵 20230116f4zt85jy,5
特大 杯熱 咖啡 密斯 朵 20230114l7dd4yt7,5
特大 杯冰 咖啡 密斯 朵 20230114q3lgrqjx,5
特大 杯熱 咖啡 密斯 朵 20230114f7dofnsa,5
特大 杯冰 咖啡 密斯 朵 20230115v3yqw7iy,5
特大 杯熱 咖啡 密斯 朵 20230119e2ytiqjs,5
特大 杯熱 咖啡 密斯 朵 20230118r6qhvv7x,5
特大 杯熱 咖啡 密斯 朵 20230112v6jogxoe,5
特大 杯冰 咖啡 密斯 朵 20230114x0vaq1ju,5
特大 杯冰 咖啡 密斯 朵 20230114b9zs5tmm,5
特大 杯熱 咖啡 密斯 朵 20230111n4lxyr8b,5
特大 杯冰 咖啡 密斯 朵 20230111e5km4n47,5
特大 杯熱 咖啡 密斯 朵 20230118s9tguswq,5
特大 杯熱 咖啡 密斯 朵 20230118b5ffxse0,5
特大 杯熱 咖啡 密斯 朵 20230118s0bqbamn,5
特大 杯冰 咖啡 密斯 朵 20230118b9zsrhbv,5
特大 杯熱 咖啡 密斯 朵 20230115f9ygnab8,5
特大 杯熱 咖啡 密斯 朵 20230113s7urhigr,5
特大 杯冰 咖啡 密斯 朵 20230113y425ub1k,5
特大 杯熱 咖啡 密斯 朵 20230117q1hduwre,5
特大 杯冰 咖啡 密斯 朵 20230113f1eyzwim,5
特大 杯熱 咖啡 密斯 朵 20230118l3qx7xvb,5
特大 杯熱 咖啡 密斯 朵 20230117f1sq0ahd,5
特大 杯熱 咖啡 密斯 朵,720
特調 咖啡 特大 冰百貨,5
特大 杯熱 咖啡 密斯 朵 20230119b5dsni5x,5
特大 杯冰 咖啡 密斯 朵 20230117f4dl58ae,5
特大 杯冰 咖啡 密斯 朵 20230114v7md8jyl,5
特大 杯冰 咖啡 密斯 朵 20230114c9gakh5c,5
特大 杯熱 咖啡 密斯 朵 20230114f1eyp9gh,5
特大 杯冰 咖啡 密斯 朵 20230114h3bxsj5h,5
特大 杯冰 咖啡 密斯 朵 20230118e6vf7kbq,5
特大 杯冰 咖啡 密斯 朵 20230119e9hud0gq,5
完熟 蘋果 咖啡 特大,10
特大 杯熱 咖啡 密斯 朵 20230113f7pmulqq,5
特大 杯冰 咖啡 密斯 朵 20230114b1fjy6hr,5
特大 杯熱 咖啡 密斯 朵 20230114v6jogey3,5
特大 杯熱 咖啡 密斯 朵 20230113gptq0u5a,5
特大 杯熱 咖啡 密斯 朵 20230113f4dl90vc,5
特大 杯熱 咖啡 密斯 朵 20230115j3esgm2g,5
特大 杯熱 咖啡 密斯 朵 20230115gptqo1ja,5
特大 杯冰 咖啡 密斯 朵 20230114e0qc8cyr,5
特大 杯冰 咖啡 密斯 朵 20230114f1dgcdrr,5
特大 杯冰 咖啡 密斯 朵 20230114f4fq1c1h,5
特大 杯熱 咖啡 密斯 朵 20230117o0bg7u37,5
特大 杯熱 咖啡 密斯 朵 20230117q1hdf0m5,5
特大 杯熱 咖啡 密斯 朵 20230118b6ui1g3u,5
特大 杯熱 咖啡 密斯 朵 20230117r5creb0r,5
特大 杯冰 咖啡 密斯 朵 20230114fvrpv1ab,5
特大 杯熱 咖啡 密斯 朵 20230114m1zuh2wz,5
特大 杯熱 咖啡 密斯 朵 20230114q5qxhgp9,5
特大 杯冰 咖啡 密斯 朵 20230315x6fjbf1l,5
特大 杯冰 咖啡 密斯 朵 20230315b9zs1xw8,5
特大 杯冰 咖啡 密斯 朵 20230319l157aa8e,5
特大 杯冰 咖啡 密斯 朵 20230319n5qtir7m,5
特大 杯冰 咖啡 密斯 朵 20230318f9ygxldr,5
特大 杯冰 咖啡 密斯 朵 20230320u8bc5eq9,5
特大 杯冰 咖啡 密斯 朵 20230320e4jpfwlr,5
特大 杯冰 咖啡 密斯 朵 20230317v6jomx8f,5
特大 杯冰 咖啡 密斯 朵 20230322u6gc6j79,5
特大 杯冰 咖啡 密斯 朵 20230115vgx06ld5,5
特大 杯熱 咖啡 密斯 朵 20230315v7tfhqt0,5
特大 杯熱 咖啡 密斯 朵 20230117y1nth0vv,5
特大 杯冰 咖啡 密斯 朵 20230405q4ytgpxy,5
特大 杯冰 咖啡 密斯 朵 20230115k7vn45g1,5
特大 杯熱 咖啡 密斯 朵 20230113vgx0qg0v,5
特大 杯熱 咖啡 密斯 朵 20230404f4yfnjvz,5
特大 杯冰 咖啡 密斯 朵 20230119n5rg4m0l,5
特大 杯熱 咖啡 密斯 朵 20230112n6alxxbi,5
特大 杯熱 咖啡 密斯 朵 20230119i7oabo4d,5
特大 杯熱 咖啡 密斯 朵 20230116f9ygjazz,5
特大 杯冰 咖啡 密斯 朵 20230401m2uuw1qd,5
特大 杯冰 咖啡 密斯 朵 20230405b9zs75ft,5
特大 杯熱 咖啡 密斯 朵 20230112c1aqhe2l,5
特大 杯熱 咖啡 密斯 朵 20230322e5it9h0e,5
特大 杯熱 咖啡 密斯 朵 20230329b9zs97nk,5
特大 杯熱 咖啡 密斯 朵 20230329f4yf3hvc,5
特大 杯熱 咖啡 密斯 朵 20230115f1ey371j,5
特大 杯熱 咖啡 密斯 朵 20230404s7urw4uj,5
特大 杯熱 咖啡 密斯 朵 20230115bwoaxcub,5
特大 杯熱 咖啡 密斯 朵 20230115e9huztqn,5
特大 杯熱 咖啡 密斯 朵 20230115s8cl2hww,5
特大 杯熱 咖啡 密斯 朵 20230115n4nomd9d,5
特大 杯熱 咖啡 密斯 朵 20230328n4lxhr1y,5
特大 杯熱 咖啡 密斯 朵 20230115b1wiwlsd,5
特大 杯熱 咖啡 密斯 朵 20230115p4hvxul8,5
特大 杯熱 咖啡 密斯 朵 20230117f4ztsoor,5
特大 杯冰 咖啡 密斯 朵 20230315s5wugq20,5
特大 杯熱 咖啡 密斯 朵 20230403y4norz4h,5
特大 杯濃 巧克力 風味 咖啡 星冰樂 20230408m4jr,5
特大 杯熱 咖啡 密斯 朵 20230323y3ufpz7k,5
特大 杯熱 咖啡 密斯 朵 20230325b7khnz8a,5
特大 杯熱 咖啡 密斯 朵 20230326q4ytgnj2,5
特大 杯熱 咖啡 密斯 朵 20230119dce1mewj,5
特大 杯熱 咖啡 密斯 朵 20230119bwoaapd4,5
特大 杯濃 巧克力 風味 咖啡 星冰樂 20230415v6rx,5
特大 杯濃 巧克力 風味 咖啡 星冰樂 20230415h3bx,5
特大 杯冰 咖啡 密斯 朵 20230402x2empwyv,5
特大 杯熱 咖啡 密斯 朵 20230401x2em65w4,5
特大 杯熱 咖啡 密斯 朵 20230402dce1t3oc,5
特大 杯熱 咖啡 密斯 朵 20230402f0avif7i,5
特大 杯冰 咖啡 密斯 朵 20230114b1doh240,5
特大 杯熱 咖啡 密斯 朵 20230114t198ysa4,5
特大 杯熱 咖啡 密斯 朵 20230114y1bybx74,5
特大 杯冰 咖啡 密斯 朵 20230114i0azv1ki,5
特大 杯熱 咖啡 密斯 朵 20230119y1ijlmi7,5
特大 杯熱 咖啡 密斯 朵 20230115n8xv7pr4,5
特大 杯熱 咖啡 密斯 朵 20230319t4cighkh,5
特大 杯熱 咖啡 密斯 朵 20230118dce1qbt4,5
特大 杯冰 咖啡 密斯 朵 20230322i3la7vqa,5
特大 杯冰 咖啡 密斯 朵 20230323j6ph1tj6,5
特大 杯熱 咖啡 密斯 朵 20230321n8xvpyyl,5
特大 杯熱 咖啡 密斯 朵 20230323x2em4388,5
特大 杯熱 咖啡 密斯 朵 20230324g1ukqplb,5
特大 杯濃 巧克力 風味 咖啡 星冰樂 20230416r5oz,5
特大 杯濃 巧克力 風味 咖啡 星冰樂 20230416edcn,5
特大 杯濃 巧克力 風味 咖啡 星冰樂 20230418g1mk,10
特大 杯熱 咖啡 密斯 朵 20230321c5wasv05,5
特大 杯熱 咖啡 密斯 朵 20230325j8askhjy,5
特大 杯熱 咖啡 密斯 朵 20230118e5bdxawq,5
特大 杯熱 咖啡 密斯 朵 20230113t3akyjyb,5
特大 杯濃 巧克力 風味 咖啡 星冰樂 20230412i9ip,5
特大 杯濃 巧克力 風味 咖啡 星冰樂 20230413e5bd,5
特大 杯冰 咖啡 密斯 朵 20230401l157tw0h,5
特大 杯冰 咖啡 密斯 朵 20230117l6viuz6v,5
特大 杯熱 咖啡 密斯 朵 20230117s0bqzjc5,5
特大 杯冰 咖啡 密斯 朵 20230403b4ufb7mb,5
特大 杯冰 咖啡 密斯 朵 20230402r4ar2hbp,5
特大 杯熱 咖啡 密斯 朵 20230111v3yq54qj,5
特大 杯冰 咖啡 密斯 朵 20230403v6jonmoh,5
特大 杯熱 咖啡 密斯 朵 20230115j3rn85wd,5
特大 杯濃 巧克力 風味 咖啡 星冰樂 20230408f9yg,5
特大 杯冰 咖啡 密斯 朵 20230319x8pspmfo,5
特大 杯冰 咖啡 密斯 朵 20230323hpbzrb8w,5
特大 杯冰 咖啡 密斯 朵 20230323md1l0md0,5
特大 杯熱 咖啡 密斯 朵 20230402q2yjugi6,5
特大 杯熱 咖啡 密斯 朵 20230328b4ufyhhg,5
特大 杯熱 咖啡 密斯 朵 20230331t0swkj8m,5
特大 杯熱 咖啡 密斯 朵 20230322c1aq2qjz,5
特大 杯冰 咖啡 密斯 朵 20230319l7ti5deh,5
特大 杯熱 咖啡 密斯 朵 20230321h5fkx96t,5
特大 杯熱 咖啡 密斯 朵 20230324ngabetfz,5
特大 杯熱 咖啡 密斯 朵 20230325v7tf3jjn,5
特大 杯熱 咖啡 密斯 朵 20230325x2emnlgv,5
特大 杯熱 咖啡 密斯 朵 20230331j0kzqaoc,5
特大 杯冰 咖啡 密斯 朵 20230315e4jpor8a,5
特大 杯冰 咖啡 密斯 朵 20230323f9hlr9gp,5
特大 杯冰 咖啡 密斯 朵 20230329b4ufapb7,5
特大 杯熱 咖啡 密斯 朵 20230324n6aljzjk,5
特大 杯熱 咖啡 密斯 朵 20230324y1by6niz,5
特大 杯冰 咖啡 密斯 朵 20230320c9gaixik,5
特大 杯冰 咖啡 密斯 朵 20230405b5oqvova,5
特大 杯冰 咖啡 密斯 朵 20230318b1fjmdmw,5
特大 杯冰 咖啡 密斯 朵 20230331q6heg1el,5
特大 杯熱 咖啡 密斯 朵 20230319fjiouylu,5
特大 杯冰 咖啡 密斯 朵 20230318i9ln9sh4,5
特大 杯濃 巧克力 風味 咖啡 星冰樂 20230407e4cw,5
特大 杯熱 咖啡 密斯 朵 20230114wfm9nj0y,5
特大 杯冰 咖啡 密斯 朵 20230114c5f9jq9w,5
特大 杯熱 咖啡 密斯 朵 20230401l3qxrk5h,5
特大 杯冰 咖啡 密斯 朵 20230316b2fvf3gf,5
特大 杯冰 咖啡 密斯 朵 20230319e4cwddl4,5
特大 杯冰 咖啡 密斯 朵 20230324u7fq9e3m,5
特大 杯冰 咖啡 密斯 朵 20230322gptqb986,5
特大 杯熱 咖啡 密斯 朵 20230315e6ms2enl,5
特大 杯熱 咖啡 密斯 朵 20230321m1imvt80,5
特大 杯冰 咖啡 密斯 朵 20230329l6viexfj,5
特大 杯熱 咖啡 密斯 朵 20230316f2sncoxi,5
特大 杯熱 咖啡 密斯 朵 20230326j3esiuqx,5
特大 杯冰 咖啡 密斯 朵 20230320pg97yqr6,5
特大 杯熱 咖啡 密斯 朵 20230323k0wem2na,5
特大 杯冰 咖啡 密斯 朵 20230318x5uyx9r3,5
特大 杯熱 咖啡 密斯 朵 20230315b5dsqci8,5
特大 杯冰 咖啡 密斯 朵 20230118a2xx95x4,5
特大 杯冰 咖啡 密斯 朵 20230402t0swhsif,5
特大 杯冰 咖啡 密斯 朵 20230317c4fqyw2e,5
特大 杯冰 咖啡 密斯 朵 20230317lua4kvlg,5
特大 杯冰 咖啡 密斯 朵 20230318v6rxyfsx,5
特大 杯冰 咖啡 密斯 朵 20230322x6fjkzkc,5
特大 杯冰 咖啡 密斯 朵 20230318o6dx5rgb,5
特大 杯冰 咖啡 密斯 朵 20230403i3larvjf,5
特大 杯冰 咖啡 密斯 朵 20230403k67omfu5,5
特大 杯熱 咖啡 密斯 朵 20230321f7me4f9d,5
特大 杯濃 巧克力 風味 咖啡 星冰樂 20230408b0md,5
特大 杯熱 咖啡 密斯 朵 20230319i0az7j79,5
特大 杯熱 咖啡 密斯 朵 20230327f7ua6xd6,5
特大 杯濃 巧克力 風味 咖啡 星冰樂 20230417b5ff,5
特大 杯熱 咖啡 密斯 朵 20230117q4ytiykp,5
特大 杯熱 咖啡 密斯 朵 20230320x0va6tcq,5
特大 杯熱 咖啡 密斯 朵 20230328c5wapxij,5
特大 杯濃 巧克力 風味 咖啡 星冰樂 20230407x6fj,5
特大 杯濃 巧克力 風味 咖啡 星冰樂 20230411r5oz,5
特大 杯濃 巧克力 風味 咖啡 星冰樂 20230412v3yq,5
特大 杯熱 咖啡 密斯 朵 20230118a8jr85qs,5
特大 杯熱 咖啡 密斯 朵 20230324i0trlptq,5
特大 杯熱 咖啡 密斯 朵 20230324e9huekgn,5
特大 杯冰 咖啡 密斯 朵 20230318i9lnchue,5
特大 杯熱 咖啡 密斯 朵 20230323e5bdl7nt,5
特大 杯熱 咖啡 密斯 朵 20230326l7wwhh1k,5
特大 杯冰 咖啡 密斯 朵 20230406bl1t19gs,5
特大 杯熱 咖啡 密斯 朵 20230316m1imuzy7,5
特大 杯熱 咖啡 密斯 朵 20230322b6sw2gga,5
特大 杯熱 咖啡 密斯 朵 20230401k0ef6ahv,5
特大 杯熱 咖啡 密斯 朵 20230404n5qte8pk,5
特大 杯濃 巧克力 風味 咖啡 星冰樂 20230414h7xh,5
特大 杯冰 咖啡 密斯 朵 20230401r5cre5qx,5
特大 杯濃 巧克力 風味 咖啡 星冰樂 20230411y1ij,5
特大 杯濃 巧克力 風味 咖啡 星冰樂 20230413b5ff,5
特大 杯冰 咖啡 密斯 朵 20230402k2jmqubq,5
特大 杯熱 咖啡 密斯 朵 20230406g7zeo1gs,5
特大 杯冰 咖啡 密斯 朵 20230317t0sw07z9,5
特大 杯冰 咖啡 密斯 朵 20230330n6allwnq,5
特大 杯冰 咖啡 密斯 朵 20230331b1dobviv,5
特大 杯冰 咖啡 密斯 朵 20230322s4psb9g2,5
特大 杯冰 咖啡 密斯 朵 20230327b1sk3v11,5
特大 杯冰 咖啡 密斯 朵 20230328p3ris23e,5
特大 杯熱 咖啡 密斯 朵 20230316g1mkevzi,5
特大 杯冰 咖啡 密斯 朵 20230403nglkr6xr,5
特大 杯冰 咖啡 密斯 朵 20230404j5ggb3t5,5
特大 杯熱 咖啡 密斯 朵 20230404q1hdvcnx,5
特大 杯濃 巧克力 風味 咖啡 星冰樂 20230407b9gv,5
特大 杯熱 咖啡 密斯 朵 20230117s3drzr4m,5
特大 杯熱 咖啡 密斯 朵 20230117k6tcygzl,5
特大 杯冰 咖啡 密斯 朵 20230401q2ji0p48,5
特大 杯冰 咖啡 密斯 朵 20230325f4ztnemr,5
特大 杯冰 咖啡 密斯 朵 20230315f4dlgb0v,5
特大 杯冰 咖啡 密斯 朵 20230317e0qcnqv6,5
特大 杯熱 咖啡 密斯 朵 20230320vfkdtipg,5
特大 杯熱 咖啡 密斯 朵 20230116f2ummp1i,5
特大 杯熱 咖啡 密斯 朵 20230402f4zt0pdz,5
特大 杯熱 咖啡 密斯 朵 20230405r5biit7l,5
特大 杯熱 咖啡 密斯 朵 20230118f5azy3qi,5
特大 杯熱 咖啡 密斯 朵 20230317b2fthib2,5
特大 杯熱 咖啡 密斯 朵 20230116f5azf508,5
特大 杯熱 咖啡 密斯 朵 20230116i3laave1,5
特大 杯冰 咖啡 密斯 朵 20230116shl6ulxc,5
特大 杯熱 咖啡 密斯 朵 20230116bwoanwca,5
特大 杯熱 咖啡 密斯 朵 20230402e5wqv9zs,5
特大 杯熱 咖啡 密斯 朵 20230315b8kis1gd,5
特大 杯熱 咖啡 密斯 朵 20230323o1ijc96f,5
特大 杯冰 咖啡 密斯 朵 20230404x5tf22ci,5
特大 杯熱 咖啡 密斯 朵 20230404b7mg2ujd,5
特大 杯熱 咖啡 密斯 朵 20230404e2yt5da8,5
特大 杯濃 巧克力 風味 咖啡 星冰樂 20230414ngab,5
特大 杯熱 咖啡 密斯 朵 20230116q4py2ws4,5
特大 杯熱 咖啡 密斯 朵 20230116u7axxsq4,5
特大 杯冰 咖啡 密斯 朵 20230406c5waiad9,5
特大 杯濃 巧克力 風味 咖啡 星冰樂 20230416e6vf,5
特大 杯冰 咖啡 密斯 朵 20230321u4ep3hr4,5
特大 杯熱 咖啡 密斯 朵 20230328p5xo31ck,5
特大 杯冰 咖啡 密斯 朵 20230315e6lmawj3,5
特大 杯熱 咖啡 密斯 朵 20230401heuefy9t,5
特大 杯熱 咖啡 密斯 朵 20230401n9of31a9,5
特大 杯濃 巧克力 風味 咖啡 星冰樂 20230414b1sk,5
特大 杯冰 咖啡 密斯 朵 20230401j3rnmqck,5
特大 杯濃 巧克力 風味 咖啡 星冰樂 20230412b1fj,5
特大 杯熱 咖啡 密斯 朵 20230406x0vac15k,5
特大 杯冰 咖啡 密斯 朵 20230403e5bdh7za,5
特大 杯濃 巧克力 風味 咖啡 星冰樂 20230409g1uk,5
特大 杯濃 巧克力 風味 咖啡 星冰樂 20230412jqf0,5
特大 杯濃 巧克力 風味 咖啡 星冰樂 20230417tl73,5
特大 杯熱 咖啡 密斯 朵 20230116f7pmqjic,5
特大 杯濃 巧克力 風味 咖啡 星冰樂 20230410f1dg,5
特大 杯冰 咖啡 密斯 朵 20230323i2eohcsk,5
特大 杯冰 咖啡 密斯 朵 20230325k0wepsvf,5
特大 杯濃 巧克力 風味 咖啡 星冰樂 20230408x5tf,5
特大 杯熱 咖啡 密斯 朵 20230319f2myb8yc,5
特大 杯熱 咖啡 密斯 朵 20230319x2bdav91,5
特大 杯冰 咖啡 密斯 朵 20230401e0qcb7jh,5
特大 杯冰 咖啡 密斯 朵 20230402jz2i2evg,5
特大 杯冰 咖啡 密斯 朵 20230113f5wj3ew9,5
特大 杯冰 咖啡 密斯 朵 20230406b1fj7iiz,5
特大 杯冰 咖啡 密斯 朵 20230406f1ifuzco,5
特大 杯冰 咖啡 密斯 朵 20230402x3apoku4,5
特大 杯熱 咖啡 密斯 朵 20230321n1f8rfot,5
特大 杯熱 咖啡 密斯 朵 20230329l6t4ofhe,5
特大 杯冰 咖啡 密斯 朵 20230118e9huo28v,5
特大 杯熱 咖啡 密斯 朵 20230118t5yb23dh,5
特大 杯熱 咖啡 密斯 朵 20230401a1gavay6,5
特大 杯熱 咖啡 密斯 朵 20230401c1aq4bit,5
特大 杯冰 咖啡 密斯 朵 20230115h3bxsyqq,5
特大 杯熱 咖啡 密斯 朵 20230401x0va8qco,5
特大 杯熱 咖啡 密斯 朵 20230402e2la0p6p,5
特大 杯熱 咖啡 密斯 朵 20230115f3nowagk,5
特大 杯冰 咖啡 密斯 朵 20230115o9hhw9l4,5
特大 杯熱 咖啡 密斯 朵 20230115k2blmvu6,5
特大 杯濃 巧克力 風味 咖啡 星冰樂 20230416u6yy,5
特大 杯冰 咖啡 密斯 朵 20230318f2anlbud,5
特大 杯冰 咖啡 密斯 朵 20230323tl73huuh,5
特大 杯冰 咖啡 密斯 朵 20230324m8tgoonk,5
特大 杯熱 咖啡 密斯 朵 20230317e5wqq0r8,5
特大 杯熱 咖啡 密斯 朵 20230319y1alheq8,5
特大 杯熱 咖啡 密斯 朵 20230321f4ztluv6,5
特大 杯濃 巧克力 風味 咖啡 星冰樂 20230415f9yg,5
特大 杯冰 咖啡 密斯 朵 20230113f4dl6624,5
特大 杯冰 咖啡 密斯 朵 20230317e6vfzs2a,5
特大 杯熱 咖啡 密斯 朵 20230401c5waicm9,5
特大 杯濃 巧克力 風味 咖啡 星冰樂 20230415k9xw,5
特大 杯冰 咖啡 密斯 朵 20230322b1wipl1z,5
特大 杯冰 咖啡 密斯 朵 20230402l7dd8jsk,5
特大 杯冰 咖啡 密斯 朵 20230402e6msiyug,5
特大 杯濃 巧克力 風味 咖啡 星冰樂 20230408c6rt,5
特大 杯冰 咖啡 密斯 朵 20230405i0aznr8m,5
特大 杯冰 咖啡 密斯 朵 20230323e3nysho0,5
特大 杯熱 咖啡 密斯 朵 20230325k0efkxvw,5
特大 杯熱 咖啡 密斯 朵 20230328b7uegvu8,5
特大 杯熱 咖啡 密斯 朵 20230329n4qppm9d,5
特大 杯冰 咖啡 密斯 朵 20230319hpbz9cwc,5
特大 杯熱 咖啡 密斯 朵 20230317b1skcnux,5
特大 杯熱 咖啡 密斯 朵 20230318u6hh28s2,5
特大 杯熱 咖啡 密斯 朵 20230321p9lu0xir,5
特大 杯冰 咖啡 密斯 朵 20230403j3rnq2p6,5
特大 杯熱 咖啡 密斯 朵 20230317q9wt9bmd,5
特大 杯濃 巧克力 風味 咖啡 星冰樂 20230415m4ua,5
特大 杯濃 巧克力 風味 咖啡 星冰樂 20230418x5tf,5
特大 杯熱 咖啡 密斯 朵 20230117tl73zqmb,5
特大 杯濃 巧克力 風味 咖啡 星冰樂 20230407e3ny,5
特大 杯熱 咖啡 密斯 朵 20230404e2la9gp6,5
特大 杯熱 咖啡 密斯 朵 20230404i0trb5xh,5
特大 杯冰 咖啡 密斯 朵 20230317t2dmsusx,5
特大 杯熱 咖啡 密斯 朵 20230324v7tf5anm,5
特大 杯熱 咖啡 密斯 朵 20230402fjiovfmd,5
特大 杯熱 咖啡 密斯 朵 20230403heue54j6,5
特大 杯冰 咖啡 密斯 朵 20230315j3estd7v,5
特大 杯冰 咖啡 密斯 朵 20230318e0jnwug0,5
特大 杯熱 咖啡 密斯 朵 20230321c8wpvofv,5
特大 杯熱 咖啡 密斯 朵 20230404t0sw93zl,5
特大 杯熱 咖啡 密斯 朵 20230315g7zeazdq,5
特大 杯熱 咖啡 密斯 朵 20230317e5bdnyll,5
特大 杯濃 巧克力 風味 咖啡 星冰樂 20230407t0sw,5
特大 杯濃 巧克力 風味 咖啡 星冰樂 20230418n8fi,5
特大 杯冰 咖啡 密斯 朵 20230404x5uyax9f,5
特大 杯冰 咖啡 密斯 朵 20230405x0va9sls,5
特大 杯冰 咖啡 密斯 朵 20230326c5wae46o,5
特大 杯冰 咖啡 密斯 朵 20230318n5qtnq9h,5
特大 杯濃 巧克力 風味 咖啡 星冰樂 20230407n9of,5
特大 杯熱 咖啡 密斯 朵 20230403b7kh8e9k,5
特大 杯熱 咖啡 密斯 朵 20230328bibcgcjd,5
特大 杯熱 咖啡 密斯 朵 20230329f9ygv6fb,5
特大 杯熱 咖啡 密斯 朵 20230402f1if7i86,5
特大 杯熱 咖啡 密斯 朵 20230402rxmxhdic,5
特大 杯濃 巧克力 風味 咖啡 星冰樂 20230417x6fj,5
特大 杯冰 咖啡 密斯 朵 20230323l7ww7pxn,5
特大 杯熱 咖啡 密斯 朵 20230316b0mdziqw,5
特大 杯冰 咖啡 密斯 朵 20230324b1do5cn8,5
特大 杯冰 咖啡 密斯 朵 20230323c9ga5730,5
特大 杯冰 咖啡 密斯 朵 20230325c9gaqitj,5
特大 杯熱 咖啡 密斯 朵 20230316e6mstuvj,5
特大 杯冰 咖啡 密斯 朵 20230404f7me7rbd,5
特大 杯冰 咖啡 密斯 朵 20230404r4ar185j,5
特大 杯濃 巧克力 風味 咖啡 星冰樂 20230410e4cw,5
特大 杯濃 巧克力 風味 咖啡 星冰樂 20230407b4uf,5
特大 杯冰 咖啡 密斯 朵 20230319i9lncvoo,5
特大 杯冰 咖啡 密斯 朵 20230320v9qxv3ml,5
特大 杯熱 咖啡 密斯 朵 20230405x2bdylcb,5
特大 杯熱 咖啡 密斯 朵 20230406c1aq5jtr,5
特大 杯冰 咖啡 密斯 朵 20230403pg97gjzf,5
特大 杯冰 咖啡 密斯 朵 20230405b6swruss,5
特大 杯濃 巧克力 風味 咖啡 星冰樂 20230414l7dd,5
特大 杯濃 巧克力 風味 咖啡 星冰樂 20230416i3yy,5
特大 杯冰 咖啡 密斯 朵 20230321q5qxsbv0,5
特大 杯冰 咖啡 密斯 朵 20230322p4avldlz,5
特大 杯冰 咖啡 密斯 朵 20230405b6uignxj,5
特大 杯冰 咖啡 密斯 朵 20230405h9rixktm,5
特大 杯冰 咖啡 密斯 朵 20230406h9riy0jq,5
特大 杯熱 咖啡 密斯 朵 20230404f7pmsa46,5
特大 杯熱 咖啡 密斯 朵 20230404j3rnsvgt,5
特大 杯濃 巧克力 風味 咖啡 星冰樂 20230407q6he,5
特大 杯冰 咖啡 密斯 朵 20230317f4dlck8k,5
特大 杯冰 咖啡 密斯 朵 20230321q4pyrntq,5
特大 杯冰 咖啡 密斯 朵 20230324y3uf8ied,5
特大 杯熱 咖啡 密斯 朵 20230317b2ftne3h,5
特大 杯熱 咖啡 密斯 朵 20230317t0wcgpui,5
特大 杯熱 咖啡 密斯 朵 20230401f0avt48z,5
特大 杯熱 咖啡 密斯 朵 20230317n4rexkgv,5
特大 杯熱 咖啡 密斯 朵 20230318y1al4rb2,5
特大 杯熱 咖啡 密斯 朵 20230331g8vb4pl3,5
特大 杯濃 巧克力 風味 咖啡 星冰樂 20230415b9zs,5
特大 杯冰 咖啡 密斯 朵 20230321b5dsgrcq,5
特大 杯冰 咖啡 密斯 朵 20230322f1sqcjfd,5
特大 杯冰 咖啡 密斯 朵 20230330a4pf7bkt,5
特大 杯熱 咖啡 密斯 朵 20230318m1ooq4m8,5
特大 杯濃 巧克力 風味 咖啡 星冰樂 20230409b9zs,5
特大 杯濃 巧克力 風味 咖啡 星冰樂 20230409f1dg,5
特大 杯濃 巧克力 風味 咖啡 星冰樂 20230412psfr,5
特大 杯濃 巧克力 風味 咖啡 星冰樂 20230416m1im,5
特大 杯熱 咖啡 密斯 朵 20230315n6algt1a,5
特大 杯熱 咖啡 密斯 朵 20230316u8bcl7zy,5
特大 杯熱 咖啡 密斯 朵 20230321c6wl5uka,5
特大 杯熱 咖啡 密斯 朵 20230318v2quc5yu,5
特大 杯熱 咖啡 密斯 朵 20230331e9hu5p63,5
特大 杯熱 咖啡 密斯 朵 20230325n4qpxwh7,5
特大 杯熱 咖啡 密斯 朵 20230403q3lghi5r,5
特大 杯冰 咖啡 密斯 朵 20230402x7gxnib3,5
特大 杯濃 巧克力 風味 咖啡 星冰樂 20230409a4gu,5
特大 杯濃 巧克力 風味 咖啡 星冰樂 20230409n4no,5
特大 杯濃 巧克力 風味 咖啡 星冰樂 20230414b9vy,5
特大 杯熱 咖啡 密斯 朵 20230318b7mgnwdm,5
特大 杯熱 咖啡 密斯 朵 20230326b7qq32sm,5
特大 杯熱 咖啡 密斯 朵 20230401t3ak1nnw,5
特大 杯熱 咖啡 密斯 朵 20230319l1mzltyt,5
特大 杯濃 巧克力 風味 咖啡 星冰樂 20230411b5ff,5
精選曼巴 咖啡 特大 冰百貨,5
特大 杯冰 咖啡 密斯 朵 20230403vfkdkmm5,5
特大 杯冰 咖啡 密斯 朵 20230403y1bymhx5,5
特大 杯濃 巧克力 風味 咖啡 星冰樂 20230418r4ar,5
特大 杯冰 咖啡 密斯 朵 20230329b8kiwzkl,5
特大 杯熱 咖啡 密斯 朵 20230316l3qxz4hn,5
特大 杯熱 咖啡 密斯 朵 20230319heue2d7e,5
特大 杯熱 咖啡 密斯 朵 20230322mbv8qqgt,5
特大 杯熱 咖啡 密斯 朵 20230323g1uknbzh,5
特大 杯熱 咖啡 密斯 朵 20230326fvrpn885,5
特大 杯熱 咖啡 密斯 朵 20230330q9wt5gyf,5
特大 杯濃 巧克力 風味 咖啡 星冰樂 20230416r4ar,5
特大 杯濃 巧克力 風味 咖啡 星冰樂 20230411h5wo,5
特大 杯熱 咖啡 密斯 朵 20230317t3aks1vf,5
特大 杯熱 咖啡 密斯 朵 20230322e0ps5vh3,5
特大 杯冰 咖啡 密斯 朵 20230326t5yb9ix3,5
特大 杯冰 咖啡 密斯 朵 20230330i0tri2el,5
特大 杯冰 咖啡 密斯 朵 20230401v7md2c12,5
特大 杯冰 咖啡 密斯 朵 20230327i3o15hby,5
特大 杯濃 巧克力 風味 咖啡 星冰樂 20230409p93j,5
特大 杯冰 咖啡 密斯 朵 20230321o9hh1lzq,5
特大 杯冰 咖啡 密斯 朵 20230329a2xxn2qn,5
特大 杯熱 咖啡 密斯 朵 20230315f2snlq16,5
特大 杯熱 咖啡 密斯 朵 20230401y4ppfr8b,5
特大 杯熱 咖啡 密斯 朵 20230327v6jof866,5
特大 杯熱 咖啡 密斯 朵 20230328f6cxsz3l,5
特大 杯冰 咖啡 密斯 朵 20230329bl1tpilw,5
特大 杯濃 巧克力 風味 咖啡 星冰樂 20230417v7tf,5
特大 杯濃 巧克力 風味 咖啡 星冰樂 20230414psfr,5
特大 杯冰 咖啡 密斯 朵 20230319n4qpwibh,5
特大 杯濃 巧克力 風味 咖啡 星冰樂 20230415e1vn,5
特大 杯濃 巧克力 風味 咖啡 星冰樂 20230417e1vn,5
特大 杯濃 巧克力 風味 咖啡 星冰樂 20230415b5ff,5
特大 杯熱 咖啡 密斯 朵 20230402i5huulcz,5
特大 杯濃 巧克力 風味 咖啡 星冰樂 20230418e0qc,5
特大 杯濃 巧克力 風味 咖啡 星冰樂 20230408f1dg,5
特大 杯熱 咖啡 密斯 朵 20230404t5yb44lz,5
特大 杯冰 咖啡 密斯 朵 20230326p1tbwwfz,5
特大 杯冰 咖啡 密斯 朵 20230404k7vn156t,5
特大 杯冰 咖啡 密斯 朵 20230404n9ofppm6,5
特大 杯熱 咖啡 密斯 朵 20230401q4ytdc97,5
特大 杯冰 咖啡 密斯 朵 20230114q6hek89p,5
特大 杯濃 巧克力 風味 咖啡 星冰樂 20230418m1im,5
特大 杯熱 咖啡 密斯 朵 20230119vfkdf6jy,5
特大 杯濃 巧克力 風味 咖啡 星冰樂 20230418m6qm,5
特大 杯冰 咖啡 密斯 朵 20230404m2uuxyux,5
特大 杯冰 咖啡 密斯 朵 20230404y1by4wtf,5
特大 杯熱 咖啡 密斯 朵 20230404e9hur530,5
特大 杯熱 咖啡 密斯 朵 20230402q3lgu9ra,5
特大 杯冰 咖啡 密斯 朵 20230323q2jiebin,5
特大 杯冰 咖啡 密斯 朵 20230324c9eig217,5
特大 杯熱 咖啡 密斯 朵 20230322e5it2vcb,5
特大 杯熱 咖啡 密斯 朵 20230318b1wi9tzx,5
特大 杯濃 巧克力 風味 咖啡 星冰樂 20230409bwoa,5
特大 杯濃 巧克力 風味 咖啡 星冰樂 20230413b9vy,5
特大 杯熱 咖啡 密斯 朵 20230330f0avesfx,5
特大 杯冰 咖啡 密斯 朵 20230323n1f845r5,5
特大 杯冰 咖啡 密斯 朵 20230316x0va1aa2,5
特大 杯冰 咖啡 密斯 朵 20230318r7du3xav,5
特大 杯熱 咖啡 密斯 朵 20230318heuefudg,5
特大 杯熱 咖啡 密斯 朵 20230321c1aqv46u,5
特大 杯熱 咖啡 密斯 朵 20230322n8cu3g3n,5
特大 杯熱 咖啡 密斯 朵 20230323c4hj4ejx,5
特大 杯冰 咖啡 密斯 朵 20230331edcn13ce,5
特大 杯熱 咖啡 密斯 朵 20230315h5fkgwwi,5
特大 杯熱 咖啡 密斯 朵 20230316f9ygoox5,5
特大 杯熱 咖啡 密斯 朵 20230316i3o13mci,5
特大 杯熱 咖啡 密斯 朵 20230116k0efenro,5
特大 杯冰 咖啡 密斯 朵 20230402b5ffha79,5
特大 杯熱 咖啡 密斯 朵 20230402m1oo4c6j,5
特大 杯熱 咖啡 密斯 朵 20230316mbv84sf0,5
特大 杯熱 咖啡 密斯 朵 20230325f2snvglv,5
特大 杯濃 巧克力 風味 咖啡 星冰樂 20230411l1mz,5
特大 杯濃 巧克力 風味 咖啡 星冰樂 20230414n1f8,5
特大 杯濃 巧克力 風味 咖啡 星冰樂 20230410f7ua,5
特大 杯濃 巧克力 風味 咖啡 星冰樂 20230416c1aq,5
特大 杯熱 咖啡 密斯 朵 20230404i3yymqbf,5
特大 杯冰 咖啡 密斯 朵 20230322f9hl2nkl,5
特大 杯冰 咖啡 密斯 朵 20230403vgx0e9nk,5
特大 杯冰 咖啡 密斯 朵 20230404f7qtqqlz,5
特大 杯冰 咖啡 密斯 朵 20230405vgx0kbbc,5
特大 杯冰 咖啡 密斯 朵 20230406o0bg1dmj,5
特大 杯熱 咖啡 密斯 朵 20230405b5oqqdlx,5
特大 杯熱 咖啡 密斯 朵 20230404psfr4jx7,5
特大 杯冰 咖啡 密斯 朵 20230405n9oflvua,5
特大 杯濃 巧克力 風味 咖啡 星冰樂 20230416e4cw,5
特大 杯冰 咖啡 密斯 朵 20230405tl73o0o3,5
特大 杯冰 咖啡 密斯 朵 20230403n9ofbhwp,5
特大 杯冰 咖啡 密斯 朵 20230405e2ytahqm,5
特大 杯熱 咖啡 密斯 朵 20230403e5bdy438,5
特大 杯熱 咖啡 密斯 朵 20230404f6vv8xyy,5
特大 杯熱 咖啡 密斯 朵 20230405c2wy5wvj,5
特大 杯冰 咖啡 密斯 朵 20230403e9hu6sq1,5
特大 杯冰 咖啡 密斯 朵 20230403x2emwji2,5
特大 杯熱 咖啡 密斯 朵 20230403x3apcnxj,5
特大 杯濃 巧克力 風味 咖啡 星冰樂 20230416t4ci,5
特大 杯濃 巧克力 風味 咖啡 星冰樂 20230415r7el,5
特大 杯熱 咖啡 密斯 朵 20230329l157tpz6,5
特大 杯冰 咖啡 密斯 朵 20230323e2laho9t,5
特大 杯冰 咖啡 密斯 朵 20230324n6alrihg,5
特大 杯冰 咖啡 密斯 朵 20230327n6albwpj,5
特大 杯冰 咖啡 密斯 朵 20230329i0truv8d,5
特大 杯冰 咖啡 密斯 朵 20230405f7mw591a,5
特大 杯熱 咖啡 密斯 朵 20230402a8jrns65,5
特大 杯熱 咖啡 密斯 朵 20230402e4cwl84j,5
特大 杯冰 咖啡 密斯 朵 20230315i0azjskz,5
特大 杯冰 咖啡 密斯 朵 20230320o4vyzlbs,5
特大 杯熱 咖啡 密斯 朵 20230328r5bi2mav,5
特大 杯冰 咖啡 密斯 朵 20230315l6viuzce,5
特大 杯冰 咖啡 密斯 朵 20230324r5cr79vc,5
特大 杯冰 咖啡 密斯 朵 20230329x8tc6jpd,5
特大 杯熱 咖啡 密斯 朵 20230315e7te9f0l,5
特大 杯熱 咖啡 密斯 朵 20230404i3yy312z,5
特大 杯濃 巧克力 風味 咖啡 星冰樂 20230409hpbz,5
特大 杯冰 咖啡 密斯 朵 20230405e6ms4yuu,5
特大 杯冰 咖啡 密斯 朵 20230316f2anrcsg,5
特大 杯熱 咖啡 密斯 朵 20230117pg974f78,5
特大 杯熱 咖啡 密斯 朵 20230322m1ims915,5
特大 杯冰 咖啡 密斯 朵 20230315i3laws45,5
特大 杯冰 咖啡 密斯 朵 20230316bwoa7lzg,5
特大 杯冰 咖啡 密斯 朵 20230320c047bbmj,5
特大 杯冰 咖啡 密斯 朵 20230322x6fj4qd2,5
特大 杯熱 咖啡 密斯 朵 20230318n8fi9pdx,5
特大 杯冰 咖啡 密斯 朵 20230318fs7x4wkf,5
特大 杯濃 巧克力 風味 咖啡 星冰樂 20230412r7el,5
特大 杯熱 咖啡 密斯 朵 20230404h1uss5fd,5
特大 杯熱 咖啡 密斯 朵 20230402r7elg0x4,5
特大 杯冰 咖啡 密斯 朵 20230325f0avrz1k,5
特大 杯濃 巧克力 風味 咖啡 星冰樂 20230417f1ey,5
特大 杯冰 咖啡 密斯 朵 20230322v7tfgtzp,5
特大 杯冰 咖啡 密斯 朵 20230316f1eyxxxx,5
特大 杯熱 咖啡 密斯 朵 20230317e6vfg5hp,5
特大 杯熱 咖啡 密斯 朵 20230320b7fp7r5s,5
特大 杯熱 咖啡 密斯 朵 20230320m2lg1pog,5
特大 杯熱 咖啡 密斯 朵 20230319k7vn4oam,5
特大 杯冰 咖啡 密斯 朵 20230319g1ukrjw6,5
特大 杯冰 咖啡 密斯 朵 20230329b1do1eyz,5
特大 杯濃 巧克力 風味 咖啡 星冰樂 20230417b7mg,5
特大 杯濃 巧克力 風味 咖啡 星冰樂 20230410x3ap,5
特大 杯冰 咖啡 密斯 朵 20230402b5iw66qn,5
特大 杯濃 巧克力 風味 咖啡 星冰樂 20230416l6t4,5
特大 杯冰 咖啡 密斯 朵 20230405j6ixsyq4,5
特大 杯濃 巧克力 風味 咖啡 星冰樂 20230416m6ws,5
特大 杯熱 咖啡 密斯 朵 20230317g6xgoq2w,5
特大 杯熱 咖啡 密斯 朵 20230320h0ypz8hq,5
特大 杯熱 咖啡 密斯 朵 20230322n9ofygav,5
特大 杯冰 咖啡 密斯 朵 20230328x3apb6vs,5
特大 杯熱 咖啡 密斯 朵 20230406x3apuyax,5
特大 杯熱 咖啡 密斯 朵 20230401ngabfxmr,5
特大 杯冰 咖啡 密斯 朵 20230402r5bi25hr,5
特大 杯濃 巧克力 風味 咖啡 星冰樂 20230414l157,5
特大 杯濃 巧克力 風味 咖啡 星冰樂 20230411k67o,5
特大 杯熱 咖啡 密斯 朵 20230405k0we3g6v,5
特大 杯冰 咖啡 密斯 朵 20230405l7dd2lyb,5
特大 杯熱 咖啡 密斯 朵 20230403b9vy580a,5
特大 杯冰 咖啡 密斯 朵 20230406b2fgz4bu,5
特大 杯濃 巧克力 風味 咖啡 星冰樂 20230408e5km,5
特大 杯熱 咖啡 密斯 朵 20230406b9zs4q4u,5
特大 杯冰 咖啡 密斯 朵 20230406k2bldtwj,5
特大 杯熱 咖啡 密斯 朵 20230405x8pswwbo,5
特大 杯冰 咖啡 密斯 朵 20230403b0mdnjz6,5
特大 杯熱 咖啡 密斯 朵 20230112x2bd4i5c,5
特大 杯濃 巧克力 風味 咖啡 星冰樂 20230410l7ww,5
特大 杯冰 咖啡 密斯 朵 20230329f1sq37yd,5
特大 杯冰 咖啡 密斯 朵 20230329v2quevu4,5
特大 杯冰 咖啡 密斯 朵 20230111x0vapajy,5
特大 杯熱 咖啡 密斯 朵 20230113jz2i7af0,5
特大 杯熱 咖啡 密斯 朵 20230315b9zs6nto,5
特大 杯熱 咖啡 密斯 朵 20230317s7urnd9w,5
特大 杯熱 咖啡 密斯 朵 20230402e1vnm0dz,5
特大 杯濃 巧克力 風味 咖啡 星冰樂 20230410r7el,5
特大 杯熱 咖啡 密斯 朵 20230406c8wprkva,5
特大 杯冰 咖啡 密斯 朵 20230401fjiovu07,5
特大 杯冰 咖啡 密斯 朵 20230111r6jsdck0,5
特大 杯冰 咖啡 密斯 朵 20230114x3apq7f1,5
特大 杯熱 咖啡 密斯 朵 20230321f8va0end,5
特大 杯冰 咖啡 密斯 朵 20230116tl739n1h,5
特大 杯熱 咖啡 密斯 朵 20230116n4qpvhjf,5
特大 杯熱 咖啡 密斯 朵 20230116o0bgqm7x,5
特大 杯濃 巧克力 風味 咖啡 星冰樂 20230408s7ur,5
特大 杯熱 咖啡 密斯 朵 20230116a4pfzkwv,5
特大 杯熱 咖啡 密斯 朵 20230118f7qt4r4d,5
特大 杯熱 咖啡 密斯 朵 20230110f4dlp9q0,5
特大 杯熱 咖啡 密斯 朵 20230111n1nmwfo3,5
特大 杯濃 巧克力 風味 咖啡 星冰樂 20230410q6yz,5
特大 杯濃 巧克力 風味 咖啡 星冰樂 20230410b6ui,5
特大 杯熱 咖啡 密斯 朵 20230116a8jrblnp,5
特大 杯濃 巧克力 風味 咖啡 星冰樂 20230407q1hd,5
特大 杯濃 巧克力 風味 咖啡 星冰樂 20230415n8fi,5
特大 杯濃 巧克力 風味 咖啡 星冰樂 20230407e9hu,5
特大 杯冰 咖啡 密斯 朵 20230111n9ofwmuz,5
特大 杯冰 咖啡 密斯 朵 20230324rxxt4qhl,5
特大 杯濃 巧克力 風味 咖啡 星冰樂 20230416f2sn,5
特大 杯冰 咖啡 密斯 朵 20230326n5qtu7mq,5
特大 杯熱 咖啡 密斯 朵 20230322f2snpbwg,5
特大 杯熱 咖啡 密斯 朵 20230322n8xv5ws0,5
特大 杯冰 咖啡 密斯 朵 20230316e5bdxr6z,5
特大 杯冰 咖啡 密斯 朵 20230324c9eix5yk,5
特大 杯冰 咖啡 密斯 朵 20230325s0bqy9q9,5
特大 杯冰 咖啡 密斯 朵 20230319e6lmqren,5
特大 杯冰 咖啡 密斯 朵 20230326n5qtrvhc,5
特大 杯冰 咖啡 密斯 朵 20230328e5itr0mi,5
特大 杯熱 咖啡 密斯 朵 20230317v9qxxh1g,5
特大 杯熱 咖啡 密斯 朵 20230320c0tjt8hz,5
特大 杯冰 咖啡 密斯 朵 20230330edcnfhhu,5
特大 杯冰 咖啡 密斯 朵 20230401f2sn6nc7,5
特大 杯濃 巧克力 風味 咖啡 星冰樂 20230418e7gn,5
特大 杯冰 咖啡 密斯 朵 20230403u8bcebqt,5
特大 杯熱 咖啡 密斯 朵 20230319b6ui8qpq,5
特大 杯熱 咖啡 密斯 朵 20230319m6qmr624,5
特大 杯熱 咖啡 密斯 朵 20230321heueb30j,5
特大 杯熱 咖啡 密斯 朵 20230324k0efe0ym,5
特大 杯熱 咖啡 密斯 朵 20230325e5bdptku,5
特大 杯熱 咖啡 密斯 朵 20230327nj1nmhpi,5
特大 杯熱 咖啡 密斯 朵 20230315o9hp4bkr,5
特大 杯熱 咖啡 密斯 朵 20230316lgmutw7w,5
特大 杯熱 咖啡 密斯 朵 20230320c6wlztgt,5
特大 杯熱 咖啡 密斯 朵 20230326b6ffhyts,5
特大 杯冰 咖啡 密斯 朵 20230319y9i01c77,5
特大 杯冰 咖啡 密斯 朵 20230321u4epqqn8,5
特大 杯冰 咖啡 密斯 朵 20230401r6jsh4xb,5
特大 杯熱 咖啡 密斯 朵 20230402f9yg13v0,5
特大 杯冰 咖啡 密斯 朵 20230405k9xws3oc,5
特大 杯熱 咖啡 密斯 朵 20230404fvrpeoqc,5
特大 杯熱 咖啡 密斯 朵 20230404n9ofrx9h,5
特大 杯熱 咖啡 密斯 朵 20230317x7gxdsul,5
特大 杯熱 咖啡 密斯 朵 20230316r6qh5omx,5
特大 杯冰 咖啡 密斯 朵 20230316b5dsf7qx,5
特大 杯熱 咖啡 密斯 朵 20230317y4nop0e2,5
特大 杯冰 咖啡 密斯 朵 20230329b1fjgw1x,5
特大 杯冰 咖啡 密斯 朵 20230329b5ffwcrs,5
特大 杯冰 咖啡 密斯 朵 20230315j4igaq4j,5
特大 杯冰 咖啡 密斯 朵 20230315u6hhekfd,5
特大 杯冰 咖啡 密斯 朵 20230317j3rnv97c,5
特大 杯熱 咖啡 密斯 朵 20230315e1vn5ryf,5
特大 杯熱 咖啡 密斯 朵 20230317b8kijx2o,5
特大 杯濃 巧克力 風味 咖啡 星冰樂 20230416b9vy,5
特大 杯濃 巧克力 風味 咖啡 星冰樂 20230410f2um,5
特大 杯冰 咖啡 密斯 朵 20230321l7ti1bfh,5
特大 杯熱 咖啡 密斯 朵 20230318l7ww2kwd,5
特大 杯熱 咖啡 密斯 朵 20230117j3rn5kr8,5
特大 杯熱 咖啡 密斯 朵 20230326n4lx6o7h,5
特大 杯熱 咖啡 密斯 朵 20230330p1tbrwhd,5
特大 杯濃 巧克力 風味 咖啡 星冰樂 20230415a3ih,5
特大 杯熱 咖啡 密斯 朵 20230115r5biig65,5
特大 杯熱 咖啡 密斯 朵 20230115nwmrll1y,5
特大 杯熱 咖啡 密斯 朵 20230115q4ytckt9,5
特大 杯濃 巧克力 風味 咖啡 星冰樂 20230410e0qc,5
特大 杯熱 咖啡 密斯 朵 20230113e5kmdjrt,5
特大 杯熱 咖啡 密斯 朵 20230330q9wt72nf,5
特大 杯熱 咖啡 密斯 朵 20230331hpbzuqn0,5
特大 杯冰 咖啡 密斯 朵 20230316psfr8bdr,5
特大 杯熱 咖啡 密斯 朵 20230316a8jrhbok,5
特大 杯濃 巧克力 風味 咖啡 星冰樂 20230407vgx0,5
特大 杯熱 咖啡 密斯 朵 20230315b1wicit2,5
特大 杯冰 咖啡 密斯 朵 20230323i3o1zihu,5
特大 杯熱 咖啡 密斯 朵 20230315l7ddsu5a,5
特大 杯熱 咖啡 密斯 朵 20230316j63fcq1r,5
特大 杯熱 咖啡 密斯 朵 20230402nglk5sby,5
特大 杯熱 咖啡 密斯 朵 20230405q6heig94,5
特大 杯濃 巧克力 風味 咖啡 星冰樂 20230411p5xo,5
特大 杯濃 巧克力 風味 咖啡 星冰樂 20230411e3ny,5
特大 杯濃 巧克力 風味 咖啡 星冰樂 20230411u7fq,5
特大 杯熱 咖啡 密斯 朵 20230116e9huv010,5
特大 杯熱 咖啡 密斯 朵 20230117v4jabk4n,5
特大 杯熱 咖啡 密斯 朵 20230111f2snoy24,5
特大 杯熱 咖啡 密斯 朵 20230111v6odqo02,5
特大 杯熱 咖啡 密斯 朵 20230112e5bda9dt,5
特大 杯熱 咖啡 密斯 朵 20230112g1ukydse,5
特大 杯熱 咖啡 密斯 朵 20230113e5km9stu,5
特大 杯熱 咖啡 密斯 朵 20230113m1oov951,5
特大 杯冰 咖啡 密斯 朵 20230114k6mraxu6,5
特大 杯熱 咖啡 密斯 朵 20230110e4qrguq6,5
特大 杯冰 咖啡 密斯 朵 20230112bwoajqks,5
特大 杯熱 咖啡 密斯 朵 20230110k3cn24hy,5
特大 杯熱 咖啡 密斯 朵 20230113j3rnfq9o,5
特大 杯熱 咖啡 密斯 朵 20230110q6yz3ph3,5
特大 杯熱 咖啡 密斯 朵 20230111c5wasc8o,5
特大 杯冰 咖啡 密斯 朵 20230110c4hjcfz5,5
特大 杯熱 咖啡 密斯 朵 20230113h5fkca8s,5
特大 杯熱 咖啡 密斯 朵 20230111n8xv7u3e,5
特大 杯熱 咖啡 密斯 朵 20230113b0mdnp9u,5
特大 杯熱 咖啡 密斯 朵 20230110s4psz7b3,5
特大 杯冰 咖啡 密斯 朵 20230119g8vbyelj,5
特大 杯熱 咖啡 密斯 朵 20230116t3akvs6g,5
特大 杯冰 咖啡 密斯 朵 20230316e1vnj65g,5
特大 杯熱 咖啡 密斯 朵 20230328g8vbsogk,5
特大 杯熱 咖啡 密斯 朵 20230318k67oojio,5
特大 杯冰 咖啡 密斯 朵 20230113b1fjiqwk,5
特大 杯熱 咖啡 密斯 朵 20230117e4cw7vv6,5
特大 杯熱 咖啡 密斯 朵 20230315n6xv04pr,5
特大 杯冰 咖啡 密斯 朵 20230323b5iwg1vl,5
特大 杯熱 咖啡 密斯 朵 20230111j63f4rox,5
特大 杯熱 咖啡 密斯 朵 20230114b5ffsf37,5
特大 杯冰 咖啡 密斯 朵 20230116v7mdqen2,5
特大 杯熱 咖啡 密斯 朵 20230112i0trwjj2,5
特大 杯熱 咖啡 密斯 朵 20230324b9zszeey,5
特大 杯熱 咖啡 密斯 朵 20230110j3eswekc,5
特大 杯熱 咖啡 密斯 朵 20230111b8kib2tv,5
特大 杯冰 咖啡 密斯 朵 20230113s9tg6qgc,5
特大 杯冰 咖啡 密斯 朵 20230112q1hdp817,5
特大 杯冰 咖啡 密斯 朵 20230112q4pyt7nx,5
特大 杯冰 咖啡 密斯 朵 20230330md1l0jm4,5
特大 杯冰 咖啡 密斯 朵 20230118vfkdpb7r,5
特大 杯熱 咖啡 密斯 朵 20230111m1imc9j3,5
特大 杯熱 咖啡 密斯 朵 20230325j3rn957s,5
特大 杯熱 咖啡 密斯 朵 20230329lgmu2cdj,5
特大 杯熱 咖啡 密斯 朵 20230118f7uafcnv,5
特大 杯冰 咖啡 密斯 朵 20230112vgx08uoo,5
特大 杯熱 咖啡 密斯 朵 20230111f4vs3tbm,5
特大 杯熱 咖啡 密斯 朵 20230111s5wu1tx5,5
特大 杯熱 咖啡 密斯 朵 20230110f1sqye61,5
特大 杯熱 咖啡 密斯 朵 20230318l6t4cjn5,5
特大 杯冰 咖啡 密斯 朵 20230328h5wod1he,5
特大 杯熱 咖啡 密斯 朵 20230321ngabb3q4,5
特大 杯冰 咖啡 密斯 朵 20230328f5wjrid7,5
特大 杯冰 咖啡 密斯 朵 20230316g6xg59z9,5
特大 杯熱 咖啡 密斯 朵 20230116gptqhamz,5
特大 杯熱 咖啡 密斯 朵 20230111b9zszaee,5
特大 杯冰 咖啡 密斯 朵 20230117bwoak1bt,5
特大 杯濃 巧克力 風味 咖啡 星冰樂 20230418e7te,5
特大 杯熱 咖啡 密斯 朵 20230116e5bdcwti,5
特大 杯熱 咖啡 密斯 朵 20230113f6vv4xdj,5
特大 杯冰 咖啡 密斯 朵 20230114y4pph3ky,5
特大 杯冰 咖啡 密斯 朵 20230111vgx0ydi6,5
特大 杯熱 咖啡 密斯 朵 20230116e4jp0clg,5
特大 杯冰 咖啡 密斯 朵 20230111b7qqnrfb,5
特大 杯冰 咖啡 密斯 朵 20230111h5fk70op,5
特大 杯熱 咖啡 密斯 朵 20230116t9mihvl0,5
特大 杯冰 咖啡 密斯 朵 20230112f9ygty19,5
特大 杯濃 巧克力 風味 咖啡 星冰樂 20230415u6yy,5
特大 杯冰 咖啡 密斯 朵 20230110vgx0b1fd,5
特大 杯熱 咖啡 密斯 朵 20230326e8meftrh,5
特大 杯熱 咖啡 密斯 朵 20230116h7bjoz9j,5
特大 杯熱 咖啡 密斯 朵 20230118h5fk8msx,5
特大 杯熱 咖啡 密斯 朵 20230112j6phsr68,5
特大 杯冰 咖啡 密斯 朵 20230112lua4u2ba,5
特大 杯熱 咖啡 密斯 朵 20230119r0ncj5qc,5
特大 杯熱 咖啡 密斯 朵 20230110vfkdw3qr,5
特大 杯熱 咖啡 密斯 朵 20230111p3riz6s2,5
特大 杯熱 咖啡 密斯 朵 20230116f9hlyjet,5
特大 杯熱 咖啡 密斯 朵 20230116l6t4an7r,5
特大 杯熱 咖啡 密斯 朵 20230113f2myww15,5
特大 杯冰 咖啡 密斯 朵 20230111y3ufpkun,5
特大 杯熱 咖啡 密斯 朵 20230111y3uf231w,5
特大 杯冰 咖啡 密斯 朵 20230317bwoa6mh9,5
特大 杯熱 咖啡 密斯 朵 20230116m8tg3s6s,5
特大 杯熱 咖啡 密斯 朵 20230116f4dlwiwr,5
特大 杯熱 咖啡 密斯 朵 20230112f4fq1oac,5
特大 杯熱 咖啡 密斯 朵 20230112vfkdpv17,5
特大 杯熱 咖啡 密斯 朵 20230119e4cw4528,5
特大 杯冰 咖啡 密斯 朵 20230322s5xz5tpw,5
特大 杯熱 咖啡 密斯 朵 20230325i0trb78e,5
特大 杯熱 咖啡 密斯 朵 20230113f7ua3f8a,5
特大 杯熱 咖啡 密斯 朵 20230110i7xrjpmy,5
特大 杯熱 咖啡 密斯 朵 20230110e4cw2jxh,5
特大 杯冰 咖啡 密斯 朵 20230113c9ga538v,5
特大 杯冰 咖啡 密斯 朵 20230117f9hlgla7,5
特大 杯冰 咖啡 密斯 朵 20230111e3nym4r5,5
特大 杯熱 咖啡 密斯 朵 20230325g8vbhyfa,5
特大 杯冰 咖啡 密斯 朵 20230318nj1nhe82,5
特大 杯熱 咖啡 密斯 朵 20230117f5azua5r,5
特大 杯熱 咖啡 密斯 朵 20230110n1f8ll8w,5
特大 杯熱 咖啡 密斯 朵 20230110t0sw14cj,5
特大 杯熱 咖啡 密斯 朵 20230118q3mgnyju,5
特大 杯冰 咖啡 密斯 朵 20230113e6msjc8p,5
特大 杯冰 咖啡 密斯 朵 20230111f4dlgu73,5
特大 杯熱 咖啡 密斯 朵 20230111x2bdfwm7,5
特大 杯冰 咖啡 密斯 朵 20230114h7bjfty8,5
特大 杯熱 咖啡 密斯 朵 20230116y3ufsp6s,5
特大 杯熱 咖啡 密斯 朵 20230111c6rt7xi8,5
特大 杯熱 咖啡 密斯 朵 20230111f7ua98ql,5
特大 杯熱 咖啡 密斯 朵 20230320y1ijbqrw,5
特大 杯熱 咖啡 密斯 朵 20230324fvrp46qo,5
特大 杯熱 咖啡 密斯 朵 20230329e5bdic4v,5
特大 杯熱 咖啡 密斯 朵 20230110b2fgoyeq,5
特大 杯熱 咖啡 密斯 朵 20230111jz2izqzp,5
特大 杯熱 咖啡 密斯 朵 20230112j3rn76ul,5
特大 杯熱 咖啡 密斯 朵 20230118c1aqf5v8,5
特大 杯熱 咖啡 密斯 朵 20230119h7bjog00,5
特大 杯冰 咖啡 密斯 朵 20230325v4jayj5z,5
特大 杯熱 咖啡 密斯 朵 20230111h5fkdo5o,5
特大 杯熱 咖啡 密斯 朵 20230117c0tjev6c,5
特大 杯熱 咖啡 密斯 朵 20230116j3rnjc43,5
特大 杯冰 咖啡 密斯 朵 20230110o7txlsgm,5
特大 杯熱 咖啡 密斯 朵 20230113hpbz02qr,5
特大 杯熱 咖啡 密斯 朵 20230114l157ay56,5
特大 杯熱 咖啡 密斯 朵 20230115e2ytp6i5,5
特大 杯熱 咖啡 密斯 朵 20230112r6jsmvh8,5
特大 杯熱 咖啡 密斯 朵 20230116e1vn19iv,5
特大 杯熱 咖啡 密斯 朵 20230116b5dsda2u,5
特大 杯冰 咖啡 密斯 朵 20230324o9hhyxbq,5
特大 杯熱 咖啡 密斯 朵 20230315l1579w9v,5
特大 杯熱 咖啡 密斯 朵 20230321i0trzvby,5
特大 杯冰 咖啡 密斯 朵 20230322f6cxxfso,5
特大 杯濃 巧克力 風味 咖啡 星冰樂 20230416u6sy,5
特大 杯熱 咖啡 密斯 朵 20230110e0du6m5p,5
特大 杯熱 咖啡 密斯 朵 20230118h7bjlmqi,5
特大 杯冰 咖啡 密斯 朵 20230112o0bgfoaa,5
特大 杯冰 咖啡 密斯 朵 20230113n5qtb44e,5
特大 杯熱 咖啡 密斯 朵 20230110r6qh6pql,5
特大 杯熱 咖啡 密斯 朵 20230117e9hu8x93,5
特大 杯冰 咖啡 密斯 朵 20230110m2uul8gr,5
特大 杯冰 咖啡 密斯 朵 20230111e5bdsa7b,5
特大 杯冰 咖啡 密斯 朵 20230111n5qtcij1,5
特大 杯冰 咖啡 密斯 朵 20230113c0tje3au,5
特大 杯冰 咖啡 密斯 朵 20230112j3rng573,5
特大 杯冰 咖啡 密斯 朵 20230113t3akd9dk,5
特大 杯冰 咖啡 密斯 朵 20230110f3noacas,5
特大 杯冰 咖啡 密斯 朵 20230111k3cna5vh,5
特大 杯冰 咖啡 密斯 朵 20230119f5azgcyt,5
特大 杯熱 咖啡 密斯 朵 20230119lua456d2,5
特大 杯熱 咖啡 密斯 朵 20230119m2lgqed1,5
特大 杯冰 咖啡 密斯 朵 20230119x5tfqyvg,5
特大 杯熱 咖啡 密斯 朵 20230111v6jon94h,5
特大 杯熱 咖啡 密斯 朵 20230111c9ga7gta,5
特大 杯熱 咖啡 密斯 朵 20230111s9mrl0m4,5
特大 杯熱 咖啡 密斯 朵 20230114h1usx00n,5
特大 杯熱 咖啡 密斯 朵 20230119hpbz2bwn,5
特大 杯冰 咖啡 密斯 朵 20230118g6mrz8o9,5
特大 杯熱 咖啡 密斯 朵 20230113e5bd5ngh,5
特大 杯熱 咖啡 密斯 朵 20230113f2umgk1c,5
特大 杯冰 咖啡 密斯 朵 20230111n4lxo9am,5
特大 杯冰 咖啡 密斯 朵 20230111l6viwtri,5
特大 杯熱 咖啡 密斯 朵 20230118r5crl8xl,5
特大 杯冰 咖啡 密斯 朵 20230110k2jmtjzp,5
特大 杯熱 咖啡 密斯 朵 20230319b5oqdblb,5
特大 杯冰 咖啡 密斯 朵 20230328t0sw3noo,5
特大 杯冰 咖啡 密斯 朵 20230110n9of0y7h,5
特大 杯冰 咖啡 密斯 朵 20230111q6hezsjt,5
特大 杯冰 咖啡 密斯 朵 20230111t0sw715y,5
特大 杯熱 咖啡 密斯 朵 20230112f4ztdaoh,5
特大 杯冰 咖啡 密斯 朵 20230116mcosdxjn,5
特大 杯熱 咖啡 密斯 朵 20230112o9hpzj6s,5
特大 杯熱 咖啡 密斯 朵 20230110o9hhgxb5,5
特大 杯熱 咖啡 密斯 朵 20230111b8kiwpec,5
特大 杯熱 咖啡 密斯 朵 20230116f9ygqzme,5
特大 杯熱 咖啡 密斯 朵 20230117v7tfopxy,5
特大 杯熱 咖啡 密斯 朵 20230110b1sk9fzu,5
特大 杯熱 咖啡 密斯 朵 20230110i3yyti03,5
特大 杯熱 咖啡 密斯 朵 20230110k6tc98lz,5
特大 杯熱 咖啡 密斯 朵 20230327g8vb5o1f,5
特大 杯熱 咖啡 密斯 朵 20230315j9htowba,5
特大 杯熱 咖啡 密斯 朵 20230319k2jmxoc0,5
檸檬冷萃 咖啡 特大 冰百貨,5
特大 杯冰 咖啡 密斯 朵 20230113e1vn12ve,5
