item_name,item
一次 取福樂 低脂 高 鈣 牛乳 1892ml,15
福樂 低脂 高 鈣 牛乳 TP,16380
0250030811 光泉 綠 豆沙 牛乳 中,5
福樂 一番 鮮 牛乳 麥芽 37,395
統一 BODYTALK 高纖 低脂 牛乳 TPA330ml24,30
光泉 牛乳 木瓜,125
分批 取福樂 麥芽 牛乳 936ml,170
全國 牛乳 果汁,225
福樂 鈣 多多 低脂 牛乳 936ml 盒 936ml 盒,1925
低脂 營養 牛乳,1195
EC 紅 牛乳 清紅豆,30
福樂 鈣 多 低脂 牛乳 1892,485
台農麥芽 牛乳 250g,40
福樂 鈣 多多 低脂 牛乳,1345
營養 高鐵 牛乳,165
統一營養 強化 高 鈣 牛乳 400ml3 盒組 400ml3 盒,1030
三黑 牛乳 鈴,15
福樂 低脂 高 鈣 牛乳,240
原味 牛乳 鮮絲 80g 包,15
正宗 泰國 皇家 牛乳 片泰國 皇家 牛乳 片 牛乳 片,20
福樂高 鈣 低脂 牛乳 200mlx24 包箱,600
光泉 鈣質 強化 牛乳 936ml,20
老 闆 私心 大 推薦 皇族 牛乳 餅 20g240G,5
味全 牛乳 木瓜,525
福樂 營養 牛乳 明亮 配方,405
光泉 麥芽 牛乳 大,2110
光泉 保久乳 鮮乳鮮奶 調味 乳 果汁 巧克力 牛乳 米 漿,50
分批 取福樂 鈣 多多 低脂 牛乳 936ml,200
福樂 蘋果 牛乳 936ml20221022d13m,5
統一營養 強化 高鐵 牛乳 400ml 盒 400ml 盒,90
福樂 雙麥 牛乳 200mlx48 入箱,5
台東初 鹿牧場 即期 品 牛乳 系列 飲品 215mlx12 罐箱,5
團 一番 鮮麥芽 牛乳,5015
BODYTALK 高纖 低脂 牛乳 330ml,135
統一 強化 牛乳 奈米 鈣,65
極品 高 鈣 牛乳,2100
福樂 一番 鮮 牛乳 蘋 375m,300
分批 取福樂 鈣 多多 低脂 牛乳 1892ml,80
福樂高 鈣 低脂 牛乳 1892ml,25
福樂高 鈣 低脂 牛乳 200ml,20
福樂 一番 鮮 牛乳 巧 375m,220
福樂高 鈣 低脂 牛乳 6 入,110
低脂 高 鈣 牛乳,12140
光泉 富維 他 牛乳 200ml6 組,455
台農 牛乳 低脂,25
福樂 低脂 高 鈣 牛乳 1892ml,875
低脂 高 鈣 牛乳 200ml,10
光泉 純 100 低脂 牛乳 200mlx6 入,695
936cc 台農 牛乳,10
福樂 低脂 營養 牛乳 行動力 配 1892ml 瓶 1892ml 瓶,360
0250030859 光泉 巧克力 牛乳 大,5
台東 初鹿 牛乳 飲品,15
光泉 優質 蛋白 牛乳 原味 200MLx24 箱愛買,45
農臨 農民牧場 牛乳,490
光泉 木瓜 牛乳,26525
福樂高 鈣 低脂 牛乳 1892cc,30
牛乳 鮮絲 原味,215
丸 中 濃厚 牛乳 甜甜 圈 258g,15
牧真 高品質 牛乳,11090
2 公升 台農 牛乳,105
統一 牛乳 木瓜,85
福樂 雙麥 牛乳 200ml24 入,45
棕欖 牛乳 嫩膚 香皂 115gx6,950
名屋 牛乳 味 飲料 485ml 荔枝,150
日本 牛乳 石鹼 牛乳 香皂 3 入 兩款 任選,230
義美 牛乳 125ml 不含 反腐 劑 高溫 殺菌 100 台灣 生乳,5
日本 牛乳 石鹼 無 添加 皂 100g3 入,35
光泉 富維 他 牛乳 1857ml 盒 1857ml 瓶,515
名屋 木瓜 牛乳 味 飲料 500ml,5
有貨 85Costco 好市 多 COW 牛乳 石鹼 自,5
全 新品 現貨 日本 牛乳 香皂 100g3 入紅,10
北海道 別海 牛乳,3815
光泉 優質 蛋白 牛乳 400ml,3130
克寧 SuperKid 高鈣 成長 牛乳,5
牛乳 鮮絲 辣味,30
福樂 鈣 多多 低脂 牛乳 1892ml 瓶 600519,20
波蜜 牛乳 贈兒童 口罩 1,40
味全 優質 蘋果 牛乳 2709,50
牧真 台東 初鹿 原味 保久 牛乳 飲品,15
光泉 優質 蛋白 牛乳 原味 200MLx6 入愛買,50
吃貨 驛 站 附發票 風味 嚴選 牛乳 片 牛乳 片 好吃 牛乳 片 12,35
光泉 牛乳 200ml6 入 優質 蛋白,25
N001391785 日本 牛乳 石鹼 自然,5
光泉 麥芽 牛乳 小,2045
光泉 果汁 牛乳 200ml,3450
KLIM 克寧 SuperKid 高鈣 成長 牛乳 24 入 x1,50
福樂 鈣 多多 低脂 牛乳 1892ml,815
免運贈 送紅牛 聰勁 乳清 紅 牛乳 清 蛋白 濃縮 乳,535
福樂 鈣 多多 低脂 牛乳 936ml,510
牛乳 石鹼 無 添加 卸妝乳,30
原味 牛乳 鮮絲,15
日本 牛乳 石鹼 牛乳 香皂 80g3 入 藍 茉莉 清爽型,20
牛乳 無 添加 卸妝乳,30
台東 初鹿 高品質 牛乳 936ml 盒 936ml 盒,1420
飛 牛乳 香奶 皇包,195
光泉 優質 蛋白 牛乳 936ml 盒 936ml 盒,250
KLIM 克寧 Superkid 高鈣 成長 牛乳 紫薯 藜 麥 牛乳,315
A 統一 木瓜 牛乳 478ml 盒,475
分批 取貨 味全 超優質 蘋果 牛乳 936ml,80
光泉 木瓜 牛乳 936ml 瓶 TR936ml 瓶,405
團福樂 高 鈣 低脂 牛乳 入組,290
N 福樂 營養 牛乳 金盞 花,5
味全 超優質 蘋果 牛乳 2709ml,430
五 隻 貓軍團 現貨國農 牛乳 國農 牛奶 PP 塑膠 瓶 215m,25
光泉 富維 他 牛乳 400ml 盒 400ml 盒,1040
棕欖 香皂 115g 牛乳 嫩膚,140
飛 牛乳 香奶 皇包 320g320g 包,325
團 光泉 低脂 高 鈣 牛乳 入組,60
八味 養生 鋪 光泉 營養 牛乳 200ml 巧克力 牛乳 低脂 高,1870
福樂 鈣 多多 低脂 牛乳 936ml 盒 616956,10
牛乳 補 愉悅 花香,380
光泉 低脂 高 鈣 牛乳 200ml24 包箱 200ml24 包,340
台東 初鹿 高品質 牛乳,5
福樂 營養 牛乳 明亮 配方 936ml 盒 936ml 盒,155
富強 森濃 醇香 乳片 牛乳 片 羊乳 片台灣 MrJohn,45
光泉 牛乳 200ml6 入 100 無 調整,385
味全 超優質 牛乳 936ml 盒 659601,25
三幸 特濃雪宿 牛乳 米果 678g,200
光泉 低脂 牛乳,9600
4901525959902 日本 牛乳 石鹼,10
福樂 鈣 多多 低脂 健康 牛乳 936ml,10
N011906405BODYTALK 高纖 低脂 牛乳 330m,15
分批 取 味全 超優質 蘋果 牛乳 936ml,45
光泉 優質 蛋白 牛乳 TR400,30
光泉 優質 蛋白 牛乳 936ml,5
4901525117036 日本 牛乳 石鹼,15
01 活性 硒 牛乳 200ml,5
MILKLAB 嚴選 無 乳糖 牛乳 1000mL3 入組,5
光泉 低脂 高 鈣 牛乳 200ML,15
日本 牛乳 石鹼 牛乳 香皂 3 入組 茉莉 清爽 85g3,25
946 農民 牛乳,5
團 一番 鮮麥芽 牛乳,10
福樂 鈣 多多 低脂 健康 牛乳 1892ml,5
飛 牛乳 香奶 皇包 冷凍 648996,10
4901525958103 日本 牛乳 石鹼,10
福樂高 鈣 低脂 牛乳,5
松貝 扶桑 堂 牛乳 蛋 酥 180g4976619010326,5
味全 超優質 蘋果 牛乳 936ml,5
福樂 鈣 多多 低脂 牛乳 1892ml,10
4901525006286 日本 牛乳 石鹼,5
谷溜谷 溜 x 禾 香 01 牛乳 含 硒 200ml,30
珍 穀 堅果 牛乳,615
黑芝麻 牛乳,110
4901525959704 日本 牛乳 石鹼,20
濃厚 牛乳 甜甜 圈,90
名屋 牛乳 味 飲料 485ml 白桃,155
飛 牛乳 香奶 皇包 320g648996,10
蝦 皮代開 電子 發票 特鮮 牛乳 片特鮮 羊乳 片 每片 1 元,15
福樂 鈣 多多 低脂 牛乳 936ml,10
統一高 鈣 牛乳,1250
統一 木瓜 牛乳 500cc,10
4901525602204 日本 牛乳 石鹼,5
福樂 鈣 多多 低脂 健康 牛乳 1893ml,20
光泉 低脂 牛乳 200mlx24,10
義美麥芽 牛乳 保,600
光泉 果汁 牛乳 936ml,10
光泉 優質 蛋白 牛乳 x10,5
台農 保久乳 牛寶寶 牛乳 發票 現貨 單罐 台農 牛乳 190ml,30
瑞穗 牛乳 蘋果,15
統一 木瓜 牛乳 478,25
統一 西瓜 牛乳 400,20
汪星 人 寵物屋 汪 喵 星球 汪 喵 零 乳糖 牛乳 250,5
福樂 牛乳 麥芽,65
富強 森濃 醇香 牛乳 片 100g,65
國農 草莓 調味 牛乳,510
光泉 優質 蛋白 牛乳,905
WAWA 汪 喵 星球 零 乳糖 牛乳 250ml 寵物 牛奶 犬貓,5
Binggrae 牛奶 韓國 牛奶 賓格瑞 牛乳 韓國 牛乳 哈密瓜,95
統一 木瓜 牛乳 478ml,4270
禾 香 牛乳 饅頭,950
全國 草莓 風味 牛乳,185
綠 豆沙 牛乳,13385
不 二家 草莓 牛乳,5
全國 麥芽 風味 牛乳,100
光泉 高鈣 牛乳 無 加糖,900
Arla 丹麥 無 乳糖 牛乳,745
福樂 巧克力 牛乳,10880
味全 蘋果 牛乳,4800
名屋 牛乳 味 飲料 500ml 香蕉,480
農民 牛乳 946cc,10
光泉 富調 牛乳 400ml,10
國農麥 胚芽 調味 牛乳,280
福樂 麥芽 牛乳 275ml275ml,1060
國農 巧克力 調味 牛乳,255
極品 限定 高鈣 牛乳,250
分批 取貨 味全 超優質 牛乳 936ml,30
此 商品 48 小時 內 快速 出貨 汪 喵 星球 低敏 零 乳糖 牛乳,15
免運義美 保久乳 牛乳 牛奶 巧克力 麥芽 125ml,50
福樂 超能 蛋白 牛乳,510
4901525022200 日本 牛乳 石鹼,5
福樂 鈣 多多 雙麥 牛乳,1460
香蕉 牛乳,20
濃郁 香蕉 牛乳 風味 飲料,150
核桃 燕麥 牛乳,2220
DogCatStar 汪 喵 星球 零 乳糖 牛乳 250ml 寵物,5
高鈣 牛乳,15
牛乳 石鹼 牛乳 香皂 茉莉 清香 型 85g,25
台農 保久乳 牛寶寶 牛乳 箱出 發票 現貨台 農 牛乳 190ml,5
麥芽 牛乳,45
福樂 麥芽 牛乳 936ml936ml,175
福樂 麥芽 牛乳 375ml375ml,30
全國 牛乳 麥芽,65
瑞穗 牛乳 麥芽,5
新品 日本 牛乳 石鹼 牛乳 香皂 3 入裝 茉莉 清爽型,5
推福樂 麥芽 牛乳,540
味全 超優質 牛乳 936ml,40
4901525955201 日本 牛乳 石鹼,10
泰國 牛乳 片,350
克寧 紫薯 藜 麥 牛乳,655
團 光泉 巧克力 牛乳,325
團克寧 核桃 燕麥 牛乳,40
濃 醇香 牛乳 片,5
EC 紅 牛乳 清珍奶,25
濃 醇香 牛乳 片,5
光泉 巧克力 牛乳,80135
福樂 堅果 牛乳,1420
法國貝 特瑪爾 牛乳,5
三幸 牛乳 麻花,5
義美 牛乳 100 台灣 生乳 保久乳 巧克力 牛乳 125ml,20
日本 牛乳 石鹼 牛乳 香皂 100g3 入紅 玫瑰,10
手燒 牛乳 煎餅 180G,15
味全 超優質 巧克力 牛乳,15
牛乳 大,150
祥榮 原味 牛乳 鮮絲 80g,5
富強森 牛乳 片,5
4901525006293 日本 牛乳 石鹼,5
福樂 牛乳 巧克力,40
味全 巧克力 牛乳,3340
味全 牛乳 蘋果,105
名屋 香蕉 牛乳 味 飲料,10
EC 紅 牛乳 清芋 香,20
統一 木瓜 牛乳 478ml3 組 478ml3 盒組,305
博比真 牛乳 原味,2070
丹 那 牛乳 甜甜 圈,10
全國 巧克力 牛乳,115
萬丹 牛乳,5
牛乳 中,115
統一 西瓜 牛乳,3250
木瓜 牛乳,5
微笑 零食 舖 光泉 牛乳 低脂 高 鈣 牛乳 果汁 牛乳 巧克力 牛乳,10
光泉 牛乳 巧克力,95
汪 喵 星球 零 乳糖 牛乳 250ml 犬貓 適用,5
福樂 麥芽 牛乳,3180
義美義美 牛乳 保久乳 125ml24 入 x2 箱共 48 入,1305
光泉 富維 他 牛乳 200mlx6 組大潤發,5
光泉 高鈣 牛乳 936ml,5
光泉 低脂 高 優質 牛乳 200ml,5
單條 DRIPO 牧場 咖啡 牛乳 紅茶 牛乳 牛乳 無,40
台灣 生乳 製 義 美 牛乳,10
Pelican 草莓 牛乳 香氛 皂 80g,10
汪 喵 星球 零 乳糖 牛乳 慢慢 寵,5
日本 牛乳 沐浴 花香 550,15
五 隻 貓軍團 嚴選 牛乳 風味片 牛乳 片奶 素馬來 西亞 牛乳 片,5
代收 代付 牛奶 生活 館飛 牛牧場 牛乳 片營養 好吃 的 小 零嘴,15
光泉 鈣質 強化 牛乳,5
DOP 水 牛乳 莫札 瑞拉 馬 自拉新鮮 現貨 米其林,5
紅 牛乳 清曼 特寧,15
澳洲 MILKLAB 無 乳糖 牛乳,5
辣味 牛乳 鮮絲 80g 包,5
