item_name,item
林森北路 258 號安,5
中正 三路 133 號安,5
仁美路 71 巷 10 號安,5
大 中 二路 563 號安,5
和昌街 1676 號安,5
同榮 一街 220 號安,5
金山 十七 街 26 號安,5
民生 北路 156 號安,5
壽 山路 2 巷 21 號安,5
青雲路 183 巷 1 號安,5
三和路 4 段 304 號安,5
孔宅 新路 556 號安,5
中山 一路 417 號安,5
林森北路 575 號安,5
自立 一路 151 號安,15
正南 一街 148 號安,5
民光 東路 137 號安,5
安民 街 2221 號安,5
林森北路 485 號安,5
大 中 一路 386 號安,10
青山 三街 112 號安,5
民生路 149 巷 9 號安,5
文化 二十 街 59 號安,5
民生 路段 9 號安,5
新和庄 1911 號安,5
民生路 70 巷 42 號安,5
東大 路段 17 號安,5
仁 化工 三路 2 號安,5
民族 東路 753 號安,5
文康 街 1653 號安,15
仁和 路 69 巷 17 號安,10
山腳路 16919 號安,5
大觀路 576 巷 9 號安,15
龍 和 一街 231 號安,10
北港 路 8394 號安,5
建國 一路 185 號安,10
麗山街 5 巷 16 號安,5
青田 街 265 巷 2 號安,5
淡金路 1 段 537 號安,10
興中 一路 823 號安,5
民光 東路 276 號安,5
大觀路 1 段 59 號安,5
麥金路 4711 號安,5
淡金路 16 巷 86 號安,5
新城 三路 391 號安,5
民生 南路 153 號安,10
民生路 2 段 19 號安,5
東大 路段 40 號安,5
基金 一路 214 號安,10
東 大路 1 段 398 號安,5
永春 東 三路 36 號安,5
崗 山南 街 493 號安,5
福祥街 56 巷 11 號安,5
仁和 路 1332 號安,5
仁和 路 7358 號安,10
三村 一街 189 號安,5
龍米路 1 段 308 號安,10
星輝 北街 112 號安,5
左營 大路 508 號安,5
中興路 2 段 27 號安,5
新 中北路 343 號安,5
五福 一路 138 號安,5
民德 路 1261 號安,5
雲林路 2 段 557 號安,5
幸福 十五 街 16 號安,5
興農路 1 段 396 號安,5
中華 北街 211 號安,5
新生路 1481 號安,15
中山 一路 136 號安,5
中山南路 554 號安,5
民生路 22117 號安,5
和睦 路 1 段 395 號安,5
大豐 一路 312 號安,5
大有 路 2069 號安,5
金山 十二 街 21 號安,5
中興路 1 段 508 號安,5
民生路 3 段 221 號安,5
中興路 1 段 992 號安,10
建國路 1193 號安,20
新生路 4122 號安,5
遊園 南路 148 號安,10
友愛路 4921 號安,5
中正 南路 165 號安,5
三民路 1521 號安,5
女 中路 3 段 386 號安,5
中山 一路 263 號安,5
新春 街 1142 號安,5
文心 南路 745 號安,5
為 隨 西路 138 號安,5
中清 東路 258 號安,5
福 三路 3 段 417 號安,5
中 社路 9736 號安,5
中興街 132 巷 5 號安,5
自立 路 1212 號安,5
基金 一路 351 號安,5
縣政 十一 街 75 號安,5
農權 路 57 巷 9 號安,5
豐勢 路 9221 號安,5
朝 昇 路 45 巷 4 號安,5
民族街 19 巷 6 號安,5
民樂路 149 巷 7 號安,5
民生 西街 211 號安,5
磺溪 街 55 巷 3 號安,5
安和路 段 29 號安,5
芬草路 2 段 478 號安,5
隆豐街 58 巷 17 號安,5
青農路 9 巷 11 號安,5
興仁路 2 段 125 號安,5
寶興街 68 巷 32 號安,5
艋 舺 大道 348 號安,5
興 南路 2 段 87 號安,5
僑信路 50 巷 39 號安,5
仁化 路 698 巷 5 號安,5
南海 四街 262 號安,5
三民 西路 330 號安,5
濱 南路 1111 號安,5
仁愛路 10 巷 20 號安,5
稚暉 街 2 巷 58 號安,5
仁善 街 1086 號安,5
光 復 路段 45 號安,5
樹林街 1 段 178 號安,5
公教 街 60 巷 77 號安,5
公誠街 6 巷 15 號安,5
廣應 街 22 巷 18 號安,5
至 公路 1364 號安,5
興中 一路 312 號安,5
四川 路 1 段 326 號安,5
莒光 街 36 巷 21 號安,5
信興路 436 巷 7 號安,5
光榮路 97 巷 55 號安,5
鹿工南 一路 11 號安,5
嫩江 街 2 巷 42 號安,5
豐興路 1 段 88 號安,10
龍潭 南路 157 號安,10
和平路 69 巷 38 號安,5
孝東路 1481 號安,5
憲政路 46 巷 5 號安,15
甘州 五街 251 號安,15
東 南街 28 巷 19 號安,5
南埔 八街 233 號安,5
歸仁 八路 341 號安,5
礁溪 路 3 段 38 號安,5
莊敬 南路 188 號安,5
安和路 段 79 號安,5
福星 路 5571 號安,5
龍米路 2 段 21 號安,10
西寧 南路 161 號安,5
大 埤路 12311 號安,5
九如 一路 458 號安,5
南埔 十三 街 31 號安,5
育樂路 22 巷 2 號安,5
花園 東路 122 號安,10
大同 一路 272 號安,5
大業路 1 段 173 號安,5
民有 東路 304 號安,5
義安街 156 巷 1 號安,5
自治 街 28 巷 10 號安,10
秀才 路 50 巷 18 號安,5
臨沂街 33 巷 24 號安,5
東光路 89 巷 2 號安,5
南 大路 600 巷 3 號安,5
上 石南 八巷 45 號安,5
環市 路 1 段 148 號安,5
基隆 路 4 段 43 號安,5
新生路 325 巷 6 號安,5
東光園 路 198 號安,5
鎮東 一街 118 號安,5
五權 南路 483 號安,5
五權 南路 143 號安,5
樂業 南路 198 號安,5
縣民 大道 2 段 3 號安,10
五權 南路 344 號安,10
崇善 十六 街 40 號安,5
安和路 2 段 24 號安,5
斗苑 路 2 段 474 號安,5
永和 路 2 段 166 號安,10
安樂路 1 段 196 號安,5
五權 南路 762 號安,5
雅豐街 56 巷 19 號安,5
和平街 37 巷 1 號安,5
嘉勤 南路 158 號安,5
德義路 37 巷 2 號安,10
仁安路 229 巷 3 號安,5
義 一路 194 巷 3 號安,10
西園 路 2 段 189 號安,5
大業路 2 段 218 號安,5
仁愛 路段 1 號安,5
詔安街 37 巷 1 號安,5
景平路 989 巷 4 號安,5
怡安路 1 段 477 號安,5
太昌路 4105 號安,5
民義街 68 巷 2 號安,5
忠勇 路 2321 號安,5
南山路 2 段 313 號安,5
過仁街 108 巷 7 號安,5
信義 南路 172 號安,15
何厝街 15 巷 8 號安,5
國豐街 253 巷 3 號安,5
南華 一街 136 號安,5
南京 東路 2 段 7 號安,5
興 南路 1 段 60 號安,5
民義街 68 巷 16 號安,5
南一街 31 巷 6 號安,5
忠勇 街 216 巷 7 號安,5
龍川街 73 巷 3 號安,5
詔安街 57 巷 14 號安,5
芬草 路段 62 號安,5
中山 二路 361 號安,5
光華二街 783 號安,5
大仁路 2 段 39 號安,5
光興街 219 巷 2 號安,5
漢生 東路 258 號安,5
林森北路 530 號安,5
淡金 路段 6 號安,5
德民路 2782 號安,5
西後街 95 巷 12 號安,5
中山路 12727 號安,10
枋 林巷 7215 號安,5
仁愛街 600 巷 2 號安,5
金陵 街 8 巷 10 號安,5
東 大路 1 段 40 號安,5
彰 南路 1 段 224 號安,5
倫等 街 54 巷 5 號安,5
仁里 五街 164 號安,5
青山 一街 173 號安,5
德興路 237 巷 8 號安,5
市場 南路 375 號安,5
重劃 東路 202 號安,5
干城 路 20 巷 9 號安,5
南竹 路 3 段 102 號安,5
仁愛路 15 巷 4 號安,5
公園 西路 148 號安,5
博愛街 18 巷 1 號安,5
仁愛路 4 段 280 號安,5
陽光街 345 巷 5 號安,5
仁雄路 1540 號安,5
南華橫 一路 14 號安,5
平等 路 45 巷 1 號安,5
林園 5 巷 19 弄 7 號安,5
安泰 街 9 巷 15 號安,5
南寧路 48 巷 24 號安,10
大華 一路 595 號安,5
豐榮路 9 巷 61 號安,5
紹興 南街 53 號安,5
建民路 36 巷 1 號安,5
民族 路 65 巷 46 號安,5
向善 街 55 巷 22 號安,5
榮興路 1506 號安,5
和睦 路 103 巷 7 號安,5
金山 東二街 10 號安,5
西園 路 49 巷 19 號安,5
龍米路 2 段 189 號安,5
仁愛街 21 巷 2 號安,5
溪洲路 72 巷 11 號安,5
岡 山路 6122 號安,5
麗園 一街 2 巷 2 號安,5
青年 二路 212 號安,5
西川 一路 149 號安,5
建國 三路 131 號安,5
光華 南街 123 號安,5
大源 十七 街 65 號安,5
和平街 104 巷 5 號安,5
漢生 東路 215 號安,5
永華 一街 133 號安,5
民 有 五街 120 號安,5
大進 街 565 巷 1 號安,5
仁一街 250 巷 2 號安,5
海安 路 3 段 762 號安,5
福興路 97916 號安,5
吉祥 一街 12 號安,5
中興 北街 184 號安,10
霞 海南 三街 51 號安,5
鎮東 一街 510 號安,5
中山西路 139 號安,5
河南 路 2 段 452 號安,5
民生西路 105 號安,5
民生西路 270 號安,5
民生路 2 段 23 號安,5
虎林 街 60 巷 7 號安,5
仁愛路 2 段 17 號安,5
明華 一路 225 號安,5
景平路 64 巷 22 號安,5
木柵港 西路 13 號安,5
民享 五街 108 號安,5
神林路 1 段 362 號安,5
達 觀路 22 巷 1 號安,5
建東街 30 巷 5 號安,5
仁愛路 40 巷 6 號安,5
中華 二路 168 號安,5
大同 一路 137 號安,5
忠仁街 110 巷 8 號安,5
宏忠街 30 巷 1 號安,5
宜興路 1 段 159 號安,5
彰 水路 2 段 565 號安,5
信義路 339 巷 2 號安,5
中正 西路 356 號安,5
花園 東路 6 巷 5 號安,5
中正 一路 122 號安,5
林森 路 336 巷 1 號安,5
汀州 路 1 段 182 號安,5
忠勇 街 226 巷 7 號安,5
