item_name,item
三好 外銷 日本 珍 饌 米,2390
三好 履歷 有 身分 證米,6640
關山 香米 1 公斤,50
超值 2 件 組 天生 好米 花東 履歷,5
鷺 巡芋 香米,2315
芙蓉 香米,95
三好 米 黑米 12Kg,105
三好 鴨田米 1kg,5
金農 一等 西螺 米,2420
三好 米 契約 栽培 花東芋 香米 18kg 二等 米,650
樂米 穀 場台 東關 山產 關山 香米 4kg 關山鎮 農會 品質 認證,345
樂米 穀 場花 蓮富里 契作 生態 米 6kg6kg 包 CNS 一等 米,1425
三好 履歷 台南 11 號米,1240
天生 好米 山田 一等 米 5KG 東部米,210
大倉 米 鋪 日本 牛奶 皇后 米 一等 米 15kg,1710
金農米 頂級 一等 壽司 米 18KG 愛買,70
一等 阿米 族 3kg,2830
天生 好米 履歷鷺 巡 一等 白米 22kg,625
分批 取 天生 好米 履歷鷺 巡 一等 白米 22kg,185
天生 一等 月 之 米,5075
Discounton 天生 好米 花東 生態 台梗九號 米 6583,30
三好 台梗壽司 一等 米 27kg 包 27kg 包 CNS 一等,1785
一等 壽司 米,210
天生 好米 產銷 履歷 花東 生態 米 15KG480444,35
天生 好米 履歷 一等 月 之 米 22KG 東部米,250
三好 米 契約 栽培 台禾 更九號 米 三等 米,440
金農米 履歷 一等 小農種 米 2kg2kg,520
三好 米 花 東米 15Kg 二等 米,1135
天生 好米鷺 巡 一等 白米 22Kg 一等 米,660
三好 一等 皇家 香米,3615
天生 好米 山田 芋 香米 4KG 愛買,35
金農米 頂級 一等 壽司 米 10kg10kg,235
中興 無 洗米 一等 米,35
香米,175
天生 好米 產銷 履歷 花東 生態 米 15KGCNS 一等,665
4710435136620 台東 地區 農會 埤 南米 香米 2,55
三好 皇帝 級 香米 85kg,80
八三 么 香米,340
有機 香米,530
富豐 香米 18kg 包 18kg 包 CNS 二等 米,400
天生 好米花 東產銷 履歷 生態 米 15Kg 一等 米,755
皇家 穀 堡 皇家 穀 堡 一等 特賞 米 25KG 一等 良質 米,815
天生 好米 富里 優 香米 1Kg 二等 米,825
三好 新鮮米 34kg,15
三好 米產 地直 送皇 香米 二等 米,520
三好 履歷 台南 11 號,145
三好 台 禾 更九號,8175
三好 米 履歷 台灣 越光米 15Kg 一等 米,995
三好 米特 極壽司 米 15Kg,85
天生 好米 富里 契作 米,25
蓮春牌 草地 香米 4kg8 入,20
三好 米 15KG,9550
三好 米特 極壽司 米 15Kg,410
三好 米纖 Q 米 15Kg 曠世 新品 種低 澱 粉高 纖維網,615
樂米 穀 場台 東關山 香米 4kg431926,5
三好 米 一等 米 5Kg 現貨 蝦 皮直 送,45
三好 關山米 5kg 包 CNS 二等 米,475
Discounton 天生 好米 產銷 履歷 花東 生態 米 15KG,20
霧峰 香米,180
豐樂享 食米 6kg 包 CNS 一等 米,240
三好 履歷 一等 米,285
三好 米 台灣米 壽司 米 3Kg,90
三好 米 台東 關山 好 米 9Kg 週期購,125
代收 代付 三好 米 履歷 一等 芋 香米 22kg 愛買,15
中興米 中興米 外銷 日本 之米 15KGX6 入 CNS 一等,10
中興米 桂馥 香米,4130
三好 米產 地直 送皇 香米 25kg 二等 米,980
霧峰 農會益 全 香米,120
有機 胚芽 香米,325
M 三好 米 花 東芋 香米 18kg,290
天生 好米鷺 巡芋 香米 2Kg 二等 米,920
天生 好米 履歷鷺 巡 一等 白米 22kg557274,5
代收 代付 三好 米 台梗壽司 一等 米 27KG 愛買,15
天生 好米 履歷鷺 巡 一等 糙米 22kgCNS 一等,710
金農米 一等 泰國 香米 2KG,10
三好 米 黑米 12Kg 真空 包裝現 貨蝦 皮直 送,45
三好益 全 香米 12KG,25
三好 米 壽司 米,5665
天生 好米 鮮活 白米 15KG 免稅,55
台東縣 關山鎮 農會 關山 香米 二等 米,510
產銷 履歷芋 香米,430
東海 香米,65
三好 米 皇家 香米 22Kg 網,120
天生 好米 履歷鷺 巡 一等 白米,275
天生 好米 優選 月 之 米 5KGCN,15
皇家 穀 堡 台 東產 榖 堡 東淨米 9kg 包 9kg 包 一等 米,100
環頸雉 有機 香米,45
三好 履歷 一等 芋 香米 22kg 包 22kg 包 CNS,510
三好 花蓮 優質 米,14895
三好 米 600g,55
日本 越光米 一等,1650
三好 履歷 台梗九號 米,4070
就是 好米 契作 一等 米,2150
樂米 穀 場台東 池上 產 新月 之瞳 一等 香米 5KG 蝦皮 直送 現貨,65
天然 米食 香米,1645
天生 好米 月 之 米,3605
三好 米 履歷 台梗九號 米 105981,20
三好 米 履歷 一等 芋 香米 22Kg 真空 包裝現 貨蝦 皮,125
中興米 中興壽司 米 15kgCNS 一等,180
三好 米 契作 台南 十一 號米 2Kg 西螺 產,30
金農米 履歷 一等 白鷺鷥 巡米 2KG 愛買,5
皇家 穀 堡 冠軍米 14718Kg 一等 米,35
池農無毒 栽培 米 一等 米 15kg,1250
京之膳 壽司 米 一等 米,10
天生 好米 履歷 一等 月 之 米 22Kg 一等 米,945
Discounton 天生 好米 履歷鷺 巡 一等 白米 22kg,5
皇家 穀 堡 一等 特賞 米,5615
三好 一等 米 圓一 5K,485
三好 米 契約 栽培 台禾 更九號 米 25kg 三等 米,1430
樂米 穀 場台 東縣 關山鎮 農會 關山 香米 一等 米 15kgx,30
天生 好米 履歷鷺 巡 一等 白米 22kgx12 包,15
台東縣 關山鎮 農會 關山 香米 一等 米,4085
三好 米 十七 穀 米 12Kg2 入,45
天生 好米 鮮活 白米 15KG 東部米 現貨 蝦 皮直 送,10
限時 下 殺 天生 好米 山田 芋 香米 500g,25
泰國 茉莉 香米,310
三好 履歷 一等 特級 台米 22Kg 一等 米,1725
稻米 達人 履歷 一等 特賞 香米 15kg15kg,240
三好 花米,145
CAS 香米,45
三好 米 履歷 台 稉 九號 米 22kg,215
天生 好米 履歷鷺 巡芋 香米 2kg576648,15
三好 米 履歷 一等 芋 香米 22kg,155
美廉 特級 稻鮮米 10 斤 三 好 一等 米,6830
三好 產地 皇 香米,8490
皇家 穀 堡 一等 特賞 米 25KG,75
三好 米 十七 穀 米 12Kg,135
金農 一等 泰國 香米,430
多力 米 一等 米 2K,30
天生 好米 食味 賞芋 香米 4Kg 二等 米,425
晶品 米 香米 3kg,35
金農米 履歷 一等 白鷺鷥 巡米 2kg2kg,595
天生 好米 富里 一等 米 3KG,8520
三好 米 台梗壽司 一等 米 27KG 愛買,110
羽恩小 舖 現貨三好 米 履歷 一等 芋 香米 22Kg 真,55
皇家 榖 堡 關山 榖 堡 米 CNS 一等 米 3kg 包大買家,10
三好 七葉蘭 香米,240
三好 日本 珍 饌 米,8775
天生 好米 履歷 一等 月 之 米 22KG2 入組,265
樂米 穀 場花 蓮富里 契作 生態 米 家庭 號 6kgCNS 一等 契作,90
4 公斤 香米,30
穀 堡益 全 香米,415
獻納米 CNS 一等 香米 箱,10
霧峰益 全 香米,30
大倉 日本 越光米 15kg15kg 包 CNS 一等 米,365
池農無毒 栽培 米 一等 米,475
三好 米 壽司 米 3Kg,65
三好 花蓮小農米,630
三好 米 校長 香米 1,1330
履歷鷺 巡芋 香米,7090
三好 米 皇家 香米 22Kg 真空 包裝現 貨蝦 皮直 送,255
國色天 香芋 香米,6625
芋 香米 5 斤 三 好 二等 米,11445
三好 15 度特級 米,2965
分批 取大倉 米 鋪 牛奶 公主 米 一等 米 15kg,810
夜陽米 商行 花蓮 香米 台梗四號 2 公斤 CNS 二等,50
銀川 有機 香米 2kg 包免稅,45
五全 食品 日本 種 牛奶 皇后 一等 米特 價 中散 發 淡淡 牛奶 香氣,40
天生 好米 履歷鷺 巡 一等 白米 22KG,70
EC 一等 白米 3KGX3,450
中興米 風味 原產愛蓮 白河 CNS 一等 米,10
青秧米 2kg 一等 米,30
樂米 穀 場富里 月光 之星 一等 米,105
三好 契約 栽培 花東芋 香米 18Kg 二等 米,710
三好 米 花蓮 香米 6KG 愛買,45
三好 米 2Kg 三等 米,50
三好 米 純淨 東部 好 米 2kg 真空 包裝現 貨現 貨蝦 皮,120
西螺 鎮農會 履歷 一等 台梗九號 米,30
三好 米 黑米 12Kg,25
富興 米店 泰國 茉莉 香米 600g,65
樂米 穀 場有 機益 全 胚芽 香米 15kg 自然 農法 無毒 栽種,120
天生 好米 履歷鷺 巡 二等 芋 香米 2KG2 入組,120
禾 掌屋 鴨間 稻有機 香米 白米 3kg 免稅,5
三好 米 一等 米 5Kg,340
花蓮玉里 香米,5
鮮蝦 香米 珍珠 丸,75
天生 好米 花東 生態 有 機無毒 栽培 米 15kg 二等 米,5
西螺 鎮農會 精選 一等 壽司 米 3 公斤,635
杏仁 香米 乳 910ml 格林,500
Discounton 台東縣 關山鎮 農會 關山 香米 一等 米,835
三好 池鮮米,80
大倉 米 鋪 牛奶 公主 米 一等 米 15kg,160
一等 香米 2kg,10
皇家 穀 堡 一等 特賞 米 25KGCNS 一等,235
三好 米 十七 穀 米 12Kg,55
14001365785 富興 米店 泰國 茉莉 香米 Jasmin,10
中興 無洗 頂級 香米,80
三好 米 關山米 913836,10
三好 米 星川壽司 米 二等 米,330
天生 好米 富里 越光米 15KG 愛買,105
三好 米 台灣米 壽司 米 3Kg2 入,195
天生 好米 月 之 米 12kg 東部米,25
玉 里 香米,10
樂米 穀 場花 蓮富里 契作 生態 米 6kg2 入裝 CNS 一等 契,290
分批 取台灣 越光米 15kg 一等,430
三好 十七 穀 米 12kg 愛買,75
三好 米 契約 栽培 台梗九號 米 25Kg,110
樂米 穀 場特 栽越 光米 1kg 高 食味 值東部 米 CNS 一等,50
三好 純淨 東部 好 米,2795
樂米 穀 場稻 鴨 有 機益 全 香米 15kg 高 食味 值東部 米 真,10
代收 代付 金農米 一等 泰國 香米 2KG 愛買,20
中興米 中興 日本 越光米 15KGCNS 一等,85
三好 米 星川壽司 米 15kg 二等 米,705
M 三好 米 純淨 東部 好 米 2kg,5
三好 米 關山 特級 米 9KG 網,135
天生 好米 山田 一等 米 5KG,10
天生 好米 花蓮 一等 糙米 3kg 包 3kg 包 CNS 一等 米,1390
三好 米 台灣長 鮮米 27kg 免稅,95
三好 米 有 機生態 米 15Kg,60
天生 好米 山田 芋 香米 4KG,5
大倉 米 鋪 日本 牛奶 皇后 米 一等 米,635
三好 履歷 台梗九號 米 22kg 包 22kg 包 CNS 三,425
樂米 穀 場台東 池上 一等 特賞 米 6kg 一等 競賽 品種 米,390
大倉 米 鋪 日本 牛奶 皇后 米 一等 米 15kg,5
三好 米 花 東芋 香米 18Kg,70
台東 關山鎮 農會 經典 香米 2KG 包 2KG 包 CNS 二等 米,545
家福花 蓮富里芋 香米,7115
Discounton 天生 好米 履歷鷺 巡芋 香米 2kg576,5
一次 取 天生 好米 花東 生態 台九號 米 15kg 二等 米,150
中興 幸福 滿堂 壽司 米 22kg 包 CNS 一等 米,595
卜蜂 廣式 臘腸 香米 炒飯 230g,410
喜田拾 參碗 有機 白米 1kg1KG 一等 米,250
金農米 頂級 一等 壽司 米 18kg18kg,135
天生 好米 履歷 一等 月 之 米 22KG307252,30
三好 米 天然 好米 3kg,10
皇家 穀 堡 生態 無 洗米 25kgCNS 一等 東部米 真空 包,15
三好 米 履歷 一等 芋 香米 22Kg2 入,220
新屋 芋 香米 12KG,35
中興米 履歷 無 洗米 15kg 包 CNS 二等 米,295
天生 好米 花東 生態 台梗九號 米 15KG2 入 組愛買,40
分批 取三好 米 契約 栽培 花東芋 香米 18kg 二等 米,155
三好 米 站立 袋 2kg,25
皇家 穀 堡 一等 特賞 米 25kg 包 CNS 一等 米,1815
三好 米 履歷 台灣 越光米 15Kg 一等 米 CNS 一等 米,55
樂米 關山 香米,11810
富里 深山 香米 2 公斤,5
中興米 外銷 日本 之米 一等 米,2605
三好 米 三 和 米,8860
三好 米 花 東米,10680
樂米 穀 場花蓮富 里 珍珠 香米 25kg 來 自花蓮富 里 的 優質 香,495
三好 米 純淨 東部 好 米,105
三好 米 芋頭 牛奶 香米 霧峰產 15Kg,230
天生 好米 山田 一等 米 5KG 愛買,580
天生 好米 有 機生態 一等 糙米 15kgCNS 一等,145
中興 無 洗米 3kg 包 一等 米 3kg 包 一等 米,1115
金農米 履歷 一等 白鷺鷥 巡米 2KG 愛買,30
三好 米 一等 大師 壽司 米 25Kg2 入,100
三好 一等 米 5kg,5
天生 好米 富里 越光米 15KG2 入 組愛買,60
東港津 好 米 香米 3kg 紫,60
台東 關山 經典 香米,4625
三好 米 履歷 台灣 越光米 15Kg 一等 米,40
天生 好米 履歷鷺 巡芋 香米 2KG2 入 組愛買,35
三好 米 契約 栽培 台 稉 九號 米 25kg,55
天生 好米 產銷 履歷芋 香米 2kgCNS 二等,405
三好 一等 米 5Kg 一等 米,890
天生 好米 米 道 有機 白米 2KG 免稅,20
履歷 皇家 台東米,1270
分批 取台灣 穀 堡 老鷹 生態 米 一等 米 15kg,585
三好 米 池鮮米 3kg 二等 米,935
三好 契作 台南 11 號米 西螺 產 2KG2KG 包 CNS 一等,335
三好 米品 鮮長 米 12kg 包免稅,100
富興 米店 日本 新 潟 上 越產越 光米 2KG 一等 米,25
三好 米品 鮮長 米 12kg 大包 裝,420
三好 米 履歷 七葉蘭 香米 15Kg 一等 米,10
樂米 穀 場台 東關 山鎮 農會 關山 香米 15kg 稻米 達人 競賽 冠,90
皇家 穀 堡 台東 皇家 精米 15KgX6 入 CNS 一等,125
天生 好米 花東 生態 台梗九號 米 CNS 二等,1035
樂米 穀 場花蓮 富里產 初雪 美姬 15kg 一等 米,1000
三好 米 2kg,10
三好 米 契約 栽培 芋 香米 25Kg,260
台東 關山 農會 經典 香米,25
天生 好米 鮮活 白米 15kg 包 15kg 包 CNS 二等,60
大倉 米 鋪 生命 之泉 的 米 一等 米,70
三好 米 契作 台南 十一 號米 2Kg 西螺 產 5 包 有效期限 至 20,35
代收 代付 天生 好米 富里 越光米 15KG 愛買,10
三好 米 履歷 契作 台南 十一 號米 18KG 有效期限 至 202,180
三好 米 履歷 台南 11 號 6Kg,110
金農米 稻米 達人履 歷桃園 三號 特賞 香米 15K 產銷 履歷,25
皇家 穀 堡 一等 特賞 米 25kgCNS 一等 東部米 真空 包,35
三好 職人 嚴選 履歷 一等 米 22KG 包 22KG 包履歷 C,190
三好 關山 香米 15KG,10
樂米 穀 場稻 鴨 有 機益 全 胚芽 香米 15kg 高 食味 值東部 米,15
三好 米 越光米,7290
中興米 御米 台東 35 號 香米 15kg 一等 米,120
霧峰區 農會 霧峰 香米 CAS 一等 米 真空 包裝 2 公斤,50
天生 好米花 東產銷 履歷 生態 米,5
三好 米 履歷 台梗九號 米 22Kg4 入,25
有機 生態 一等 米,620
三好 米 台東 關山 好 米 9Kg 包裝 為 脫氧包裝,3460
三好 米 關山 香米 15Kg 二等 米,25
三好 米 台灣壽司 米 3Kg 網,25
大拇指 泰國 御用 一等 香米 2kg,1040
西螺 鎮農會 獻納芋 香米 2kg 包,5
三好 花蓮新米 6K6K 包 CNS 二等,315
大倉 米 鋪 日本 牛奶 皇后 米 一等 米 15kgx12 包,175
無米樂 越光益 全 香米 2P,5
中興 經典 米 一等 米 15 公斤 2 公斤 3 公斤,5
三好 米 台梗壽司 一等 米 27Kg,25
樂米 穀 場花蓮 富里產 芙蓉 香米 15KG 網,5
皇家 穀 堡 一等 特賞 米 973566,15
三好 米 履歷 台南 11 號 6KgDM,10
三好 皇家 香米 3kg,5
美廉壽司 米 5 斤 三好 奮鬥 二等 米,9520
天生 好米 履歷 一等 吟 釀米 22KG 東部米,80
大倉 米 鋪 上野 關山米 一等 米 15kg,215
天生 好米 花東 生態 台 禾 更九號 米 15kg 二等 米,25
中興 無洗 世界 頂級 香米 一等 白米 3kg 康鄰 超市,5
天生 好 米 丼 飯 之 米 15KG 免稅,25
皇家 穀 堡 關山 穀 堡 米 3kgCNS 一等,20
三好 一等 皇家 香米 22Kg 一等 米,950
樂米 穀 場台 東關 山農會 經典 香米 2KG 網,20
大倉 米 鋪 生命 之泉 的 米 一等 米 15kg,175
大倉 米 鋪 少女 之心 的 米 一等 米,20
三好 米 契約 栽培 芋 香米 25kg,165
三好 米特 極壽司 米 15Kg2 包,20
三好 霧峰芋 香米,5445
花蓮 香米,65
三好 米 鴨田米 1kg 康鄰 超市,15
金農米 履歷 職人 專用 香米 18KG2 入 組愛買,10
樂米 穀 場花蓮 富里產 初雪 美姬 米 一等 米,270
天生 好米 履歷 一等 月 之 米,235
北埔 鄉農會 冷泉 香米,5
三好 壽司 米 3kg 包 3kg 包 CNS 二等 米,1085
樂米 穀 場富里 月光 之星 一等 米 15kg,180
大倉 米 鋪 牛奶 公主 米 一等 米,110
日本 一番 米 一等 米,50
天生 好米 履歷鷺 巡芋 香米 二等 米,125
金農米 履歷 職人 專用 香米 18KG 愛買,10
樂米 穀 場花蓮 富里產 芙蓉 香米 15KG2 入組,70
三好 米 履歷 台梗九號 米 22,5
天生 好米 富里 米,6990
履歷 契作 一等 壽司 米 CNS 一等 2 公斤,165
三好 米 契作 台南 十一 號米 2Kg 西螺 產 4 包 有效期限 至 20,5
天然 米食 履歷 契作益 全 香米 一等 米,85
中興 履歷 嚴選 68 粒台 梗九號 米 15KGCNS 一等,195
三好 履歷芋 香米,2030
富里 有機 香米,615
分批 取中 興米 桂馥 香米 15Kg 二等 米,20
向 台 香米 1Kg 二等 米,135
印度 一等 香米 2 公斤 白米 2 公斤 包,5
天生 好米 富里 一等 米 25KG,105
代收 代付 天生 好米 山田 一等 米 5KG 愛買,40
天然 米食 履歷 契作益 全 香米 一等 米 15kg,255
三好 西螺 生態 米,5150
皇家 榖 堡 皇家 台東米 3kg 包 一等 米 770061,20
西螺 鎮農會 精選 一等 壽司 米 15kg,1420
天生 好米 履歷 一等 壽司 米 22KG 東部米,70
中興米 台灣魯肉 飯 25KG 一等 良質 米,220
天生 好米 履歷鷺 巡 一等 白米 22KG6 入組,55
天生 好米 有機 白米 15KG15KG 二等 米,55
皇家 穀 堡 台 東米 一等 米,340
台東 池上 一等 香米 6kg6kg 包 CNS 一等 米,940
三好 米纖 Q 米 15Kg2 包,120
天生 好米 產銷 履歷 台九號 米 15Kg 二等 米,25
三好 壽司 米 3K,5
天生 好米 有 機生態 一等 米 15KG 東部米 CNS 一等,15
天生 好米 履歷鷺 巡 一等 白米 22KG2 入 組愛買,65
三好 米 星川米 二等 米,355
三好 花蓮新米 6KG,5
樂米 穀 場花蓮富 里 芙蓉 香米 15KG2 入 組愛買,5
中興米 外銷 極上 米 6KGCNS 一等,70
三好 米 契約 栽培 台中 194 號米 25Kg 真空 包裝 現貨,45
樂米 穀 場台 東關 山鎮 農會 經典 香米 2kg 高 食味 值東部 米,15
三好 花蓮 香米 6KG6KG 包 CNS 二等,405
三好 米 履歷 契作 有 身分 證米 3Kg2 入,175
弘昌 碾米 工廠 臺 南越 光米 台南 16 號 3kg 一等 米,80
三好 米 履歷 一等 芋 香米 22Kg 網,105
三好 米 履歷 台梗九號 米 22Kg2 入,80
大倉 米 鋪 瀧 芽 胚 白米 一等 米,70
三好 履歷 霧峰芋 香米 15KG15KG 包 CNS 一等,130
三好 米 一等 大師 壽司 米 25,5
三好 米 花蓮 牛奶 清香 米 18Kg 花蓮鳳林產,25
池農 優質 香米 15 公斤,20
Discounton 天生 好米 產銷 履歷芋 香米 2kg819,10
三好 特級 台米,15
益全 香米,20
三好 米 履歷 契作 3Kg,45
關山 農會芋 香米 2KG,5
印度 一等 香米 5 公斤 白米 5 公斤 包,10
代收 代付 三好 米 新 鮮米 12kg 康鄰 超市,10
S 三好 米 春耕 米,10
天生 好米 花蓮米 3KG,5
三好 米 契 栽芋 香米 25kg,10
三好 履歷 契作 身分 米 3kg,10
三好 稻鮮米 2kg,5
S 三好 米 履歷 霧峰,20
5201960108 夢 之 香米 552,10
三好 米 履歷 契作 有 身分 證米 3Kg 網,240
三好 米產 地直 送皇 香米 25Kg 泰國 香米,195
天生 好米 履歷 一等 壽司 米 22KG 愛買,10
三好 米 履歷 契作 有 身分 證米 3K,175
天生 好米 履歷 一等 月 之 米 22kg,260
天生 好米 富里 一等 米,185
大倉 米 鋪 池農 競賽 米 一等 米 15kgx12 包,40
安農溪 米 香米,10
大倉 米 鋪 上野 關山米 一等 米,115
三好 米 星川米 15kg 二等 米,860
三好 米 台梗壽司 一等 米 27Kg,70
三好 米 履歷 契作 有 身分 證米 3,5
皇家 穀 堡 關山 穀 堡 米 3kgCNS 一等 脫氧非 真空,55
大倉 米 鋪 少女 之心 的 米 一等 米 15kgx12 包,160
多力 米 一等 壽司 米,235
天生 好米 富里 一等 米 3kg,5
三好 米 台灣長 鮮米 27Kg,95
天生 好米 花東 生態 米 15kg,5
斗南 鎮農會 CAS 紅冠水 雞 香米 3KG 一等 米,5
天生 好米 履歷鷺 巡 一等 白米 2,10
三好 紫米 真空 包,15
履歷 台東 老 薑,770
天生 好米 產銷 履歷芋 香米 2KG2 入 組愛買,10
心樸 台東 香米 15kg 一等 米,1055
霧峰 農會益 全 香米 5kg,20
履歷 台 梗 九 9 號米 22kg,10
億東 三好 米 泰國 皇家 香米 3kg,20
三好 米 一等 大師 壽司 米 25Kg,50
三好 米 吉祥 一等 好米 1KgCNS 一等 真空 包裝 適合 各,75
三好 關山 好 米 15KG,15
玉溪 農會 頂級 玉 稻米 一等 米 1kgX1 包,30
大倉 池農 香米 15Kg,880
三好 壽司 米 30KG,5
天生 好米 產銷 履歷 台梗九號 米,15
三好 花東台 禾 更,2325
Discounton 天生 好米 產銷 履歷 台 31241 九,5
天生 好米鷺 巡芋 香米 2KG 東部米 現貨 蝦 皮直 送,20
中興米 中興 高雄 147 號履歷 香米 15KGCNS 一等,45
天生 好米 富豐 香米 18KG 愛買,30
皇家 榖 堡 關山 榖 堡 米 一等 米 CNS 一等 米,5
酒粕 香米 捲 霧峰 農會,5
富興 米店 泰國 茉莉 香米 600g,30
三好 米 外銷 日本 珍 饌 米 25Kg 網,55
金農 一等 西螺 米 28kg550667,10
西螺 鎮農會 精選 一等 壽司 米,10
富里 履歷 一等 米,1890
三好 米 正斗米 69KG,50
三好 台灣長 鮮米 27kg 包 27kg 包 CNS 三等 米,520
皇家 穀 堡 皇家 台東米 15KGCNS 一等,265
頂級 一等 壽司 米 10kg,65
三好 米 黑米 12Kg2 入,40
日本 一番 米 2kgCNS 一等 日本 頂極 品種 脫氧包,30
Discounton 皇家 穀 堡 一等 特賞 米 973566,10
S 三好 米 履歷 特級,215
中興 日本 一番 米 2kg 包 2kg 包 CNS 一等 米,65
皇家 穀 堡益 全 香米 18KG 包 CNS 一等 米,145
樂米 穀 場花 蓮富里 產有機 栽培 雪姬 之星 一等 米 15kg,60
三好 米 鴨田米 1kg 免稅,170
三好 蛋,5
三好 米 關山 特級 米 9KG 愛買,20
天生 好米 富里 越光米 15KG 愛買,90
三好 米 履歷 台南 11 號米 6Kg 現貨 蝦 皮直 送,5
中興米 無 洗米 3kgCNS 一等 真空 包裝現 貨蝦 皮直,15
竹塘 飄 香米 台中 194 號 香米,35
天生 好米 履歷 一等 壽司 米 431156,5
益全 香米 真空 2kg,20
西螺 金農 一等 西螺 米 28KG,5
中興米 中興壽司 米 15kgCNS 一等 網,10
中興山 藥養 生十 穀 米 12kgCNS 一等 真空 包裝現,10
三好 米 新 鮮米 12kg 袋康鄰 超市,20
樂米 穀 場花蓮富 里 芙蓉 香米 15KG,10
皇家 穀 堡 履歷 黑米 1Kg 二等 米,5
三好 米 一等 米 5kg,35
三好 米 3kg,110
三好 西螺 正斗米 69Kg,25
三好 米 15 度 C 壽司 米,25
三好 新鮮米 12Kg,5
代收 代付 三好 米 新 鮮米 12kg2 入 組康 鄰超,5
三好 米 花蓮 在 地 小 農米 25Kg2 包,30
台東 池農 CNS 一等 競賽 米 15kg 包 x12 箱購,5
斗南 農會 友善 農耕 香米 1KG,15
樂米 穀 場花蓮富 里 珍珠 香米 25kg,35
代收 代付 金農米 履歷 一等 白鷺鷥 巡米 2KG 愛買,10
米 飯 香 Q 宜蘭縣 五 結鄉 農會 夢田有 機越 光米 CNS 一等 米食,5
三好 米 關山 特級 米 9KG 包裝 為 脫氧包 裝網,145
樂米 穀 廠 花蓮 富里產 芙蓉 香米 15kg15kg 包,25
三好 米 外銷 日本 珍 饌 米 25Kg 國家 最高 品質 一等 米 蝦,40
三好 米 台灣 霧峰芋 香米 一等 米,75
天生 好米花 東產銷 履歷 生態 米 15KG2 入 組愛買,10
天生 好米 花蓮米 3KG2 入 組愛買,20
松鼠 的 倉庫 頂級 茉莉 香米 CNS 一等 米 打 拋豬 海南 雞,10
三好 米 履歷 一等 芋 香米 22,10
三好 壽司 米 3Kg 二等 米,15
日本 越光米 12kg 一等 米,5
天生 好米 山田 芋 香米 4KG,10
米屋 知本 環頸雉 有機 香米 1kg,25
三好 米 履歷 契作 有 身分 證米 3Kg,25
中興米 桂馥 香米 二等 米,20
金農 一等 西螺 米 28kg28kg,1495
天生 好米 有 機生態 一等 米 15kgCNS 一等,70
一等 越光米,40
代收 代付 三好 米 履歷 台梗九號 22KG 愛買,5
代收 代付 三好 米 一等 大師 蓬萊米 25KG 愛買,30
中興米 中興 外銷 日本 之米 3KGCNS 一等,110
三好 米 契約 栽培 七葉蘭 香米 二等 米,85
向 台花蓮 香米 1KG,5
12 公斤 香米,35
大倉 米 鋪 關山 雷公 米 一等 米 15kg,40
天生 好米 富里 契作 米 3KG,5
中興米 台 粳九號 履歷 68 粒米 15KGCNS 一等,25
三好 15 度 C 皇家 香米 3kg 包 3kg 包 CNS 二等,1105
富麗珍 的 香米,5
天生 好米 產銷 履歷 台梗九號 米 2kg2 入 組愛買,20
三好 米 純淨 東部 好 米 12Kg 大包 裝,120
天生 好米 山田 一等 米 5KG,10
三好 花蓮 在 地 小 農米 25KG25KG,250
大倉 米 鋪 日本 牛奶 皇后 米 一等 米 15kgx6 包,30
天生 好米 履歷 一等 月 之 米 22KG2 入 組愛買,20
14001353995 西川 米店 冠 軍 194 香米 12kg,15
三好 西螺 正斗米 69KG,5
金農米 契作 一等 履歷 米 24KG2 入 組愛買,15
東港津 好 米 香米 1kg 紫,15
三好 米 履歷 台 稉 九號 米 22Kg 網,30
三好 米 純淨 東部 好 米,30
東台 糧倉 鹿野 町 一等 米,15
行銷 活動 三好 台梗壽司 一等 米,5
大拇指 泰國 御用 一等 香米,5
長 濱米 太太 香米,5
金農米 契作 一等 履歷 米 24KG 愛買,25
代收 代付 天生 好米 山田 一等 米 5KG 愛買,20
關山 香米,5
代收 代付 三好 米 CAS 驗證 米 6KG 愛買,5
三好 米 花蓮新米 6KG,10
天生 好米 富里 契作 米 3KG 愛買,10
代收 代付 台東 池上 一等 香米 6kgCNS1 等 米 愛買,5
樂米 穀 場台東 池上 一等 香米 6kgX2 一等 米,155
三好 米 關山 特級 米 9KG,10
中興米 中興 精米 3kgCNS 一等 網,35
溫泉 一等 白米 2kg,10
天生 好米 山田 一等 米 5KG 愛買,735
天生 好米 山田 芋 香米 4KG 東部米,35
三好 米 鴨田米 1Kg,10
皇家 穀 堡 關山 穀 堡 米 3kgCNS 一等 網,20
西螺 鎮農會 精選 一等 香米 25 公斤,170
東台 糧倉 鹿野 寶華 白米 15kg 一等 米,110
三好 米 平安 米 15Kg 真空 包裝現 貨蝦 皮直 送,20
代收 代付 三好 米 履歷 台梗九號 米 22KG 愛買,5
履歷 一等 芋 香米 CNS 一等,5
中興米 風味 原產 x7CC0 香 田尾 CNS 一等 米,10
三好 米 履歷 精品 越光米 15kg,70
樂米 穀 場花 蓮富里 契作 生態 米 6kgCNS 一等 契 作好 米,200
獻納米 CNS 一等 香米 包,10
東台 糧倉 鹿野 寶華 白米 一等 米 15kgx12 包,35
皇家 穀 堡 御用 台東米 25kgCNS 一等 東部米 真空 包,15
三好 米 壽司 米 3Kg2 入,85
三好 米 履歷 台梗九號 米 22kg 包,10
天生 好米 履歷鷺 巡芋 香米 2KG 東部米,285
代收 代付 三好 米 關山 香米 15KG 愛買,10
樂米 穀 場花蓮富 里 珍珠 香米 25kg 高 食味 值東部 米 脫,25
香米 會員 5 公斤,20
履歷 契作 一等 壽司 米 802863,5
鴨間 稻有機 香米 白米 15Kg1 入,5
即期 品樂米 穀 場台東 池上 一等 特賞 米 6kg 一等 競賽 品種 米,30
天生 好米 履歷鷺 巡 一等 白米 22KG 東部米,105
中興米 外銷 日本 之米 3kgCNS 一等 真空 包裝 現貨,35
樂米 穀 場台東 池上 一等 特賞 米 6kg 兩入 組 一等 競賽 品種 米,50
皇家 榖 堡益 全 香米 18KG 包 CNS 一等 米,5
A12 南農芋頭 香米 1kg,5
三好 米 十七 穀 米 12Kg 網,30
三好 米 15 皇家 香米 3kg 康鄰 超市,5
稻米 達人 履歷 一等 特賞 香米 15kg788727,10
天生 好米 花東 生態 台九號 米 15KG 東部米,95
金農米 契作 一等 履歷 米 24K 產銷 履歷 米,15
中興 外銷 日本 之米 3kg 包 一等 米 756672,20
三好 皇家 香米 12kg,5
金農 一等 西螺 米 28kg 大買家,5
分批 取台灣 越光 香米 一等 米 15kg,15
代收 代付 樂米 穀 場台 東關山 香米 15KG 愛買,15
弘昌 碾米 工廠 大力 香米 益全 香米 2kgCNS 一等 米,25
分批 取大倉 米 鋪 日本 牛奶 皇后 米 一等 米 15kg,1340
樂米 穀 場台 東關 山鎮 農會 關山 香米 15KG 三入 組,55
4710871005207 稻禾 一等 壽司,10
三好 履歷益 全 香米 22kg 包大潤發,10
萊 1D 三好 米纖 Q 米,55
霧峰益 全 香米,10
2k 一等 溫泉 米,5
中興米 無 洗米 3kg 包 一等 米,10
三好 米 一等 米 5KG 愛買,10
西螺 鎮農會 精選 一等 壽司 米 872001,5
一次 取 日本 一番 米 一等 米 2kg,5
三好 米纖 Q 米 15Kg,155
金農米 一等 西螺 米 28KG 愛買,60
中興米 台灣魯肉 飯 25KGCNS 一等,5
關 山芋 香米 2kg,5
花米 邸家 真空 包裝 花蓮芋 香米 五 穀 米 任 搭 4 包 每 600,5
分批 取 皇家 穀 堡 台 東米 15kg 一等 米,275
分批 取三好 米 契約 栽培 芋 香米 25kg 二等 米,25
三好芋 香米 25KG,5
天生 好米 東田壽司 米 5KG 愛買,20
三好 米 履歷芋 香米 22 公斤,5
三好 米 履歷 契作 台南 十一 號米 18KG,20
泰國 APPLEMONKEY 愛 啵 寶寶 茉莉 香米 紫 番薯,20
代收 代付 天生 好米 優選 月 之 米 5KG 愛買,10
履歷 一等 芋 香米 802911,15
天生 好米 月 之 米,15
中興米 魯肉 飯 米 25kgCNS 一等 真空 包裝 現貨,10
中興米 外銷 日本 之米 3kg 包 一等 米,50
西螺 鎮農會 農田物語 一等 良田 米 2kg,5
14001354769 西川 米店 日 曬 147 香米 12kg,5
三好 關山 好 米 15KG 愛買,10
玉溪 農會 頂級 玉 稻米 一等 米 1kgX2 包,20
斗南 鎮農會 永續 農法 小 辮行 鳥米 一等 米,30
蘋果 市集 泰國 特選 茉莉 香米 1kg 包,20
三好 米產 地直 送皇 香米 25kg,35
三好 米 十七 穀 米 12K12KG 包,10
家 和 天生 好米 45kg,5
三好 米 履歷 一等 米芋 香米 22kg,15
三好 米 3kg10 入箱 康鄰 超市,10
西螺 金農 一等 西螺 米 28KG 愛買,10
三好 米 花蓮 在 地 小 農米 25Kg 免稅,35
2 公斤 香米,10
履歷 香米 2 公斤 一等 米 真空 包,5
三好 米 履歷 台梗九號 米 22Kg3 入,15
天生 好米 履歷 一等 吟 釀米 22KG 共 兩包,10
樂米 穀 場台 東關 山農會 經典 香米 2kgx2,90
三好 米 台東 關山 好 米 9Kg 包裝 為 脫氧包裝,275
三好 米 花蓮新米 6KG,15
三好 履歷 契作 有 身份 證米 3kg,5
樂米 穀 場有 機越 光米 1kg 高 食味 值東部 米 CNS 一等,5
現貨 香米 泰國長 香米 白米 50 斤 整袋 價,5
天生 好米 花東 生態 台 禾 更九號 米 二等 米,20
三好 米 黑米 12kg,70
西螺 農會 精選 一等 壽司 米 15kg,5
分批 取三好 米 台灣 霧峰芋 香米 一等 米 18Kg,10
霧峰 香米 飯 170g,405
三好 皇家 香米 3KG,5
萊 1D 三好 米纖 Q 米 15KG,5
S 三好 米 履 歷七葉,70
N 天生 好米 壽司 4kg,5
大倉 米 鋪島 根神 之 越光米 一等 米 2kgx6 包,10
三好 米 履歷益 全 香米 22Kg,65
i 三好 十七 穀 米,25
台東 地區 農會台 東芋 香米 15kg15kgCNS 二等 米,120
三好 米 履歷 一等 芋 香米 22Kg,35
關山 香米 炊粉 360g,5
鷺 巡 一等 白米 22kg,5
萊 1D 三好 米 吉祥,55
青秧米 36kg 一等 米,30
天生 好米 履歷 一等 壽司 米 2,5
金農米 履歷 一等 安心 米 24K 產銷 履歷 米,5
三好 米 新 鮮米 12kg2 入 組康鄰 超市,15
三好 米 壽司 米 3Kg 網,65
金農米 履歷 一等 小農種 米 2KG2 入 組愛買,10
限時 下 殺 天生 好米 山田 芋 香米 效期 20230714,5
天生 好米 履歷 一等 壽司 米 22KG2 入 組愛買,30
天生 好米 履歷鷺 巡芋 香米 2KG 愛買,10
代收 代付 三好 米 一等 米 5KG 愛買,5
三好芋 香米 22KG,5
三好 履歷芋 香米 贈 30 點,20
IRIS 日本 直送魚 沼產越 光米 15kg 日本 米 一等 米,10
天生 好米 富里 一等 米 500G,20
美濃香 鑽米 3kg 高雄 147 香米,5
三好 履歷 越光米 15kg,5
西螺 鎮農會 精選 一等 壽司 米 15kg480192,20
即期 品樂米 穀 場台 東關 山鎮 農會 關山 香米 15kg 稻米 達人,5
i 天生 好米 有 機生,415
代收 代付 三好 米 履歷 契作 有 身分 證米 3KG 愛買,15
三好 米 CAS 驗證 米 6KG 愛買,10
新屋 芋 香米 真空 包裝 2KG3 包無法 超取,5
東台 糧倉 鹿野 寶華 白米 15kg 一等 米,15
金農米 履歷 一等 白鷺鷥 巡米,5
三好 履歷 一等 芋 香米 CNS 一等 米,5
天生 好米 優選 月 之 米 5KG,5
玉溪 香米,15
大倉 米 鋪 池農 競賽 米 15kg 一等 米,50
天生 好米 履歷鷺 巡 一等 白米 22KG3 入組,30
三好 壽司 精米 5kg,15
三好 米 履歷 台 稉 九號 22Kg 真空 包裝現 貨蝦 皮直 送,5
中興 無 洗米 3kg 包 一等 米 400070,5
三好 外銷 日本 珍 饌 米 CNS 一等,5
皇家 穀 堡 皇家 精米 15kgCNS 一等 網,5
億東 關山 香米,5
代收 代付 天生 好米 履歷 一等 吟 釀米 22KG 愛買,5
三好 米 星川壽司 米 15kg 二等 米,10
大倉 米 鋪 池農 競賽 米 15kg 一等 米,5
三好 米 外銷 日本 珍 饌 米 25KG2 入 組愛買,15
一次 取三好 米產 地直 送皇 香米 25kg 二等 米,10
三好 米 花蓮 牛奶 清香 米 18Kg 花蓮鳳林產,5
分批 取台灣 越光 香米 15kg 一等 米,5
金農米 頂級 一等 壽司 米 18KG 愛買,10
大拇指 泰國 御用 一等 香米 713523,10
知 本 溼地 環頸雉 有機 香米 米屋,5
三好 米 花蓮新米 6KG 愛買,5
金雄雞 茉莉 香米 1 公斤 17 台斤,5
三好 米 履歷 台梗九號 米 22KG 愛買,5
三好 米產 地直 送皇 香米 二等 米,5
太陽 購物芋 香米 2KG 米 花蓮米 H2200007 天,5
三好 米 履歷 霧峰芋 香米 15KG,15
天生 好米 山田 芋 香米 4kgCNS 二等 米,10
分批 取大倉 米 鋪 關山 雷公 米 15kg 一等 米,130
三好 米 契約 栽培 芋 香米 25kg,5
天生 好米 產銷 履歷 花東 生態 米 15KG 東部米,125
天生 好米 花東 生態 台梗九號 米,5
香米 會員 5KG 一般 包裝 新,5
分批 取大倉 米 鋪 牛奶 公主 米 15kg 一等 米,80
花東 一等 壽司 米,15
一次 取中 興米 外銷 日本 之米 3kg 一等 米,165
黑翅 鳶 香米,10
樂米 穀 場台東 池上 一等 特賞 米 6kg 香米 6kg 兩入 組,45
金農米 履歷 一等 黑土 日 曬 米 6KG 愛買,5
花蓮富豐 香米 2kg,5
西螺 鎮農會 精選 一等 壽司 米 3 公斤,5
旗山 農金蕉 香米 18kg12 包,5
三好 米 花蓮 在 地 小 農米 25Kg 鳳榮 農會 在 地 合作,10
天生 好米 富里 一等 米 25kg,5
三好 米 外銷 日本 珍 饌 米 25K,10
三好 米 台灣長 鮮米 27KG 愛買,10
中興米 中興 特級 米 5kgCNS 一等 真空 包裝 現貨,5
大倉 米 鋪 牛奶 公主 米 一等 米 15kgx6 包,35
三好 米 職人 嚴選 履歷 一等 米 22KG 包,5
三好 米特 級 正斗米 69kg,15
Discounton 皇家 榖 堡 皇家 台東米 3kg 包 一等,5
天生 好米 花東 生態 台九號 米 二等 米 15kgx6 包,5
中興米 台東 牛奶 香米,10
就是 好米 契作 栽培 一等 壽司 米 3K,5
關山 經典 香米,5
向 台花蓮 香米 1kg2 入,5
樂米 穀 場花蓮 富里產 初雪 美姬 15kg 一等 米,5
訂 製 淡 香米 蘭 玫瑰,20
稻禾 一等 壽司 米 22kg,5
金農 一等 西螺 米 28kg 大買家,5
中興米 中興 外銷 日本 之米 15KGCNS 一等 X4,140
履歷 一等 芋 香米 22Kg,10
三好 米 台灣米 壽司 米 3KgCNS 二等 真空 包裝 適合 各,10
三好 米 新 鮮米 12kg 康鄰 超市,5
金農米 履歷 一等 白鷺鷥 巡米 2KG,5
皇家 穀 堡 皇家 台東米 3kgCNS 一等 網,25
皇家 穀 堡 皇家 皇金米 微糠 白米 一等 米,5
天生 好米 山田 一等 米 5kg,5
邱垂昌 的 米 台 東池 上台 中 194 號 香米 2kg,5
三好 東部 好 米 27kg,5
代收 代付 天生 好米 產銷 履歷 台梗九號 米 2kg 愛買,5
三好 米 鴨田米 1kg,20
i 銀川 有機 香米,5
池農無毒 栽培 米 一等 米 15kg,5
天生 好米 食味 賞 一等 米 5Kg 一等 米,10
天生 好米 履歷鷺 巡 一等 白米 22kg,15
三好 米特 級 精米 贈 30 點,10
中興米 御米 台東 35 號 香米 15kg 一等 米,5
台東 地區 農會 CNS 一等 特級 米 1kgX1 包,5
香米 捲 袋 新,20
三好 特級 精米 12kg,10
大倉 米 鋪 瀧 芽 胚 白米 一等 米 15kgx6 包,5
中興米 台 粳九號 履歷 68 粒米 15KGx4 包組 CNS 一等,15
樂米 穀 場台東 池上 產 新月 之瞳 一等 香米 5KG,15
一次 取中 興米 無 洗米 2kg 一等 米,100
香米 台 194 號 7kg,5
萊 1D 三好 米 一等,5
白 香米 吐司 450g 緣麥 鄉 N,360
西螺 精選 香米 12kg,5
天生 好米 富里 契作 米 3kgCNS 二等 米,15
中興米 高雄 147 號 香米 15kgCNS 一等,5
中興 頂級 泰國 香米 3kgCNS 一等 真空 包裝現 貨蝦,30
三好 米 契約 栽培 芋 香米 25Kg 網,20
代收 代付 三好 米 一等 皇家 香米 22KG 愛買,10
三好 米 校長 香米 15Kg 花蓮產,5
泰國 茉莉 香米 20220829gq3ma3b1,5
sgrice 三光 米 台農 82 號 白米 600gCNS 一等 米,5
三好 正斗米 69kg 包 69kg 包 CNS 三等 米,45
西湖 香米,5
天生 好米 履歷鷺 巡芋 香米 二等 米 2kgx6 包,10
新契作 履歷 關山 香米 1k,125
三好 米 皇家 香米 22KG10 入箱,5
代收 代付 金農米 頂級 一等 壽司 米 18KG 愛買,10
天生 好米 山田 一等 米 5kgCNS 一等,300
天生 好米 花東 生態 台 禾 更九號 米 15kg 二等 米,5
泰國 香米 113KG,10
花蓮富 里 貴妃 香米 25kg25 公斤 CNS 一等,80
摘星 之米 15 公斤 CNS 一等,10
大倉 新 豐關 山米 25kgCNS 一等 米,5
滿額 贈富里 有機 香米,30
分批 取 天然 米食 履歷 契作益 全 香米 15kg 一等 米,5
美濃農會 得 獎米 高雄 美濃 147 芋 香米 3 公斤 X2 包,5
新豐 關山米 CNS 一等 25 公斤,10
履歷 蒜 米,190
三好 米 星川米 二等 米,5
三好 黑米 12KG12KG,5
分批 取台 東縣 關山鎮 農會 關山 香米 15kg 一等 米,50
泰國 茉莉 香米 20220804gur8tbgp,5
免運 關山 農會 關山 CAS 香米 3 公斤 8 脫氧包裝 CN,5
中興米 日本 一番 米 2kgCNS 一等 網,5
一等 鮮懶 人 自煮 料理 包任 選 12 包 300g 包,5
0172150707 卜蜂 廣式 臘腸 香米 炒飯,10
泰國 AppleMonkey 愛 啵 寶寶 茉莉 香米 草莓 香蕉,5
箱購 天生 好米 履歷鷺 巡芋 香米 二等 米 2kgx12 包,5
天生 好米 花東 生態 台梗九號 米 15KG 愛買,5
稻米 達人 履歷 一等 特賞 香米,5
三好 米 契約 栽培 台禾 更九號 米 25kg 三等 米,10
皇家 穀 堡 皇家 皇金米 微糠 白米 一等 米 15kg,20
斗南 鎮農會 CAS 紅冠水 雞 香米 1KG 一等 米,10
分批 取 天生 好米 生態 台灣 越光米 15kg 一等 米,10
天生 好米 富里芋 香米 25KG 愛買,10
中興 日本 一番 米 CNS 一等 米,5
獻納米 CNS 一等 香,5
日本 種 牛奶 皇后 一等 米特 價中 牛奶 香氣 米粒 光滑 亮麗軟 Q,5
三好 特級 壽司 米 5kg,15
分批 取 天生 好米 花東 生態 台九號 米 15kg 二等 米,25
三好 米 關山 特級 米 9KG 隱,10
一等 越光米 1kg,5
台東縣 關山鎮 農會 關山 香米 一等 米,30
三好 關山 好 米 15K15KG 包 CNS 一等,45
中興米 幸福 滿堂 壽司 米 22kg 包 CNS 一等 米,5
香米 捲 盒 新,5
代收 代付 天生 好米 富里 越光米 15KG 買 一送 一愛買,5
三好 外銷 日本 珍 饌 米 25KG25KG 包 CNS 一等,5
台 中 香米 林佑俊,5
大倉 水蛙 生態 米 25kgCNS 一等 米,10
4710871005207 稻禾 一等 壽司 米 22kg,5
分批 取三好 米 外銷 日本 珍 饌 米 25Kg 一等 米,30
三好 米 契 栽七葉蘭 香米 25Kg2 入,55
三好 台梗壽司 一等 米 27KG,10
弘昌 碾米 工廠 大力 香米 益全 香米 2kgX4 包 CNS 一等,5
萊 預三好 米 吉祥 一等 米 1KG,10
東台 糧倉 鹿野 町 一等 米 786660,5
分批 取 天生 好米 花東 生態 有 機無毒 栽培 米 15kg 二等 米,5
農田物語 一等 良田 米 2kg2kg,80
一等 鮮宜蘭 謝記 切片 鴨賞 3 包 180g 包,5
池 上古 早味飯 包米 25kg25 公斤 CNS 一等,45
中興米 無洗 頂級 香米 3kg,5
三好 米 台 稉 壽司 一等 米 27Kg,20
泰源佶 香米 腸 6 條 619308,5
箱購 大倉 米 鋪 日本 牛奶 皇后 米 一等 米 15kgx12 包,10
三好 米 外銷 日本 珍 饌 米 25KG 愛買,10
HiL 香米 飯,1210
天生 好米 產銷 履歷 花東 生態 米 15KG2 入 2 入組,35
阿罩 霧 香米 燒酒 600ml 新,10
三好 米 皇家 香米 22Kg 產地 泰國,10
向 台花東 一等 競賽 米,5
阿里山 火車 便當 25kg25 公斤 CNS 一等,70
香米 會員 3KG 一般 包裝 新,5
中興 幸福 滿堂 壽司 米 22kg 包 CNS 一等 米,295
分批 取中 興米 嚴選 68 粒台 九號 米 15kg 一等 米,15
關於 這裡 香米 禮盒 3 入,5
三好 米 履歷 台南 11 號 6K,5
霧峰區 農會 香米 15kg15kgCNS 一等,5
金農米 一等 泰國 香米 2KG 愛買,5
泰國 茉莉 香米 20220809gur8094d,5
一等 鮮紅燒 蹄膀 2 包 800g 包,5
香米 三 公斤 真空,5
三好 米 台灣長 鮮米 27Kg2 入,30
分批 取中 興米 御米 台東 35 號 香米 15kg 一等 米,20
三好 米 一等 大師 蓬萊米 25KG 愛買,5
三好 米 契作 台南 十一 號米 西螺 產 2Kg 有效期限 至 202,5
中興 嚴選 68 粒履歷 頂級 契作 米 CNS 一等,5
泰國 原裝 香米,120
香米 一 公斤 長 條包,5
哇 好 米 花蓮玉里 哇 好 香米 4kgX1 包台 梗 四號,15
天生 好米 富里 越光米 15KG 愛買網,10
臺 南越 光米 台南 16 號 3kgX4 包 CNS 一等 米,5
三好 米 履歷歹 等 米芋 香米 22kg,5
大倉 日本 越光米 CNS 一等 米 15kg,5
天生 好米 山田 芋 香米 4KG 東部米 現貨 蝦 皮直 送,5
金農米 頂級 一等 壽司 米 18KG2 入 組愛買,5
三好 十七 穀 米 12K12KG 包,165
天生 好米 鮮活 白米 256467,5
天生 好米 花蓮米 3kg,15
三好 米 正斗米 69KG,10
泰源佶 香米 腸 6 條 600g 包,80
三好 米 泰國 皇家 香米 3kg,5
三好 米 契 栽七葉蘭 香米 25Kg,10
大倉 米 舖 池農 競賽 米 一等 米 15kgx12 包,15
代收 代付 三好 一等 大師 蓬萊米 25kg 愛買,5
任 西螺 鎮農會 獻納芋 香米 2 公斤 包,5
哇 好 米 花蓮玉里 哇 好 香米 18kgX1 包台 梗 四號,10
Discounton 西螺 鎮農會 精選 一等 壽司 米 15kg,15
金農米 履歷 一等 白鷺鷥 巡米 2,5
大倉 山櫻 花香 米 2 公斤 CNS 一等 米,5
樂米 穀 場花蓮富 里 珍珠 香米 25kg25kg 包,15
大倉 水蛙 生態 米 CNS 一等,5
皇家 榖 堡 皇家 台東米 一等 米 770061,10
代收 代付 天生 好米 山田 芋 香米 4KG 愛買,100
鹿野 米匠 任性 青農米 15 公斤 CNS 一等 15 公斤,450
山水 米 田牧信 糧特 栽履歷 越光米 2KG 芋 香米 22KG 台 稉,5
東台 糧倉 鹿野 町 一等 米 3kg,15
天生 好米 花東 生態 有 機無毒 栽培 米 二等 米,5
山櫻 花香 米 2 公斤 2 公斤 CNS 一等,10
代收 代付 關山 農會 經典 香米 2KG 愛買,5
三好 米 一等 糙米 3KgCNS 一等 真空 包裝免 浸技術 讓,10
喜田拾 參碗 有機 白米 一等 米,5
阿罩 霧 香米 燒酒 600ml,15
大倉 米 鋪 生命 之泉 的 米 一等 米 15kgx12 包,5
天生 好米 富里 越光米 15kg,5
天生 好米 履歷 一等 月 之 米 22KG,5
樂米 穀 場台 東關山 香米,5
分批 取三好 米 台灣 霧峰芋 香米 18Kg 一等 米,15
金農 一等 西螺 米 550667,15
三好 米 純淨 東部 好 米 3KG,5
代收 代付 三好 米 台灣長 鮮米 27KG 愛買,10
Discounton 稻米 達人 履歷 一等 特賞 香米 15k,5
中興米 外銷 日本 之米 3kg 包 一等 米 3kg 包,5
CAS 香米 三 公斤,5
金農米 履歷 一等 白鷺鷥 巡米 2KG2 入 組愛買,10
壯陽米 1 公斤 香米,5
10 公斤 香米,5
陳 協和生態 有機 香米 15kg 包,5
米樂 銀川 有機 香米 2kg3 入,10
皇家 榖 堡 冠軍米 14718KG 包 CNS 一等 米,5
三好 米 履歷 台南 11 號米 6kg 包 CNS 一等 米,5
樂米 穀 場台 東關 山鎮 農會 經典 香米 2KG 包,5
三好 花蓮 優質 米 2kg,5
大 倉池 農契作 米 25kgCNS 一等 米,5
