item_name,item
有機 小米,245
聊聊 領高額 折價卷 台灣現 貨免 運 小米 米家 小米 有品,25
五全 食品 小米 糯 小米 300g600g1200g 不,30
耆盛 糯 小米,890
4711459001192 台東縣 農會 小米 糯 小米 250,30
台灣 小米 公司 貨蝦 皮代開 發票 小米 米家 小米 洗手 小米,170
台灣 小米 公司 貨蝦 皮代開 發票 Xiaomi 小米 米家 筋,15
送到 小米 裕 誠門市,5
特選黃金 小米,20
小米 米家聲 波電動 牙刷 T700 小米 有品,15
青農場 小米,10
馬 拉桑 12500ml 小米 酒,5
吉立 食品 小米 600g 小米粥 糯 小米 小米 栗米,5
台東 小米 300g,25
B30 台東 糯 小米,5
小寵純 天然 台灣 小米 粟 24H 出貨 黃 米 穗 栗米 穗 小米 穗 鸚,15
阿美 麻 糬 花生 海苔 小米 酥 花蓮直 送 不用 等 阿美 小米 酥,5
池 小米 45kg,40
藜 麥 小米 酥,30
糯 小米 600 公克 米,5
德 朱利斯紅藜 小米 起司 棒,5
蝦幣 5 回饋 台灣現 貨免 運 小米 米家 小米 有品 智能,35
台東縣 農會 小米 糯 小米 250 公克 包台灣 農漁會 精選,10
多 口味 藜 麥 小米 料理 包,15
Xiaomi 小米 智慧 門鈴 3 小米 官方 旗艦店,90
藜 麥 小米 酥 200g,5
小米 紅米 10A4G364,10
免運 現貨 小米 70 邁 智能 記錄 儀 1S 小米 行車 記錄器,5
小米 12Pro12X 小米 11 小米 12 全包 鏡頭 保護,10
小米 手環 4 表膜,5
微醺 森林 小米 酒,10
Xiaomi 小米 67W 充電器 套裝 小米 官方 旗艦店,55
小米 Xiaomi11T5G8G256G,5
小米 MI 鋼化 玻璃 膜 小米 10T 紅米 Note6pro,5
滿額 免運 小米 米家 小米 理 髮 器米家理 髮 器理 髮 器,5
小米 行動 電源 320000mAh 快 充版 小米 官方 旗艦店,475
適用 小米 手環 7 小米 手環 5 小米 多色 錶 帶 小米 手環 錶 帶 小,20
小米 手環,5
GORMi 小米 小米 11Lite11Lite,5
小米 編織 傳輸線 台灣 小米 公司 貨 TYPECMicro,15
預收整 0406 小米 豆,80
小米 POCOX4F4GTX3M4M3F3P,5
小米 送 保護套 紅米 小米 行動 電源 3 青春 版 10000mAh,5
現貨 不必 等 小米 米家 素士 貝醫生 副 廠 小米 電動牙,45
小米 Xiaomi125G 藍 12G256G,5
小米 手環 6,20
糯 小米,30
小米 唱歌 8cc,20
Xiaomi 小米 120W 充電器 套裝 小米 官方 旗艦店,20
馬 路 彎 彎 小米 酒 550ml,5
小米,955
小米 手環 錶 帶 小米 手環 7 小米 手環 5 小米 手環 6 錶 帶防,5
小米 電視 棒 4K,5
八月 特價 小米 手環 7pro 小米 手環 7pro 手 錶 小米,15
小米 霧面 玻璃 貼 適用 於 小米 11T10Tpro 紅米 R,10
馬 路 彎 彎 85 小米 酒 550ml,5
台東 縣農 小米,5
小米 紅米 RedmiNote11Pro5G681,20
現貨 小米 手環 6 小米 手環 5 陽光 幻彩 版 錶 帶,10
小米 紅米 Redmi10C4G4G64G,10
台灣 現貨 小米 手環 5 小米 手環 6 小米 手環 7 雙拼色 錶 帶,25
小米 手環 4 小米 手環 3 多色 錶 帶 小米 手環 錶 帶 適用 小米 手,70
現貨速 發台灣 小米 公司 貨蝦 皮代開 發票 小米 延長 線米家 魔方,165
小米 手環 765 小米 手環 錶 帶 小米 錶 帶 小米 手環 4,190
防 摔 殼 小米 紅米 系列 紅米 NOTE6PRO 小米 MA,25
Xiaomi 小米 12Lite5G8G256G 送,5
小米 手環 5,5
小米 威士忌 大,5
小米 手環 7 小米 手環 6 小米 手環 5 小米 手環 4 螢幕 保護 貼,5
VXTRAXiaomiPad55Pro 小米 平板 5,10
小米 Xiaomi 小米 手環 7 小米 手環 7 標準 版,35
小米 商品 小米 月立 迷你 無線 離子夾 小米 有品 捲 髮 器 攜帶,15
現貨免 運 XiaomiWatchS1Active 小米,5
現貨免 運台灣 小米 公司 貨 小米 手 錶 運動版 血氧檢測 117 種,5
小米 手環 7 標準 版 送腕 帶 水凝膜 2 片 全天 偵測 血氧 小米,5
N012910698 小米 手環 5 小米 手環 6 小米 手環 7 莫蘭迪,5
蝦 皮代開 發票 小米 米 兔 電動 牙刷 副 廠刷頭 米 兔刷頭 小米,5
米蘭磁吸 錶 帶 適用 小米 手環 7 小米 手環 56 金屬 錶 帶,90
太 巴 塱 黃 金 糯 小米,5
小米 小米 手 錶 超值版 米 白色 全國 電子,5
小米 延長 線 小米 官方 旗艦店,255
小米 33W 快速 充電器 1A1C 版 小米 官方 旗艦店,645
小米 Xiaomi 手環 7,25
小米 1211i11X11T1110T109,20
小米 手環 5 小米 官方 旗艦 館網,5
小米 行車 記錄器 2 小米 官方 旗艦店,50
小米 真無線 藍牙耳機 Air2S 小米 官方 旗艦 館網,5
小米 液晶 手寫 板 小米 官方 旗艦店,50
小米 戶外 藍牙 喇叭 16W 小米 官方 旗艦 館網,20
Xiaomi 小米 行動 電源 2000050W 小米 官方 旗艦,295
殼 膜 一體 強化 小米 手環 7 小米 手環 76543 小,10
小米 手環 7 米蘭金屬 錶 帶腕 帶,5
台版 黑色 MI 小米 小米 手環 5 台灣 公司 貨聯強 保固,10
小米 透明 手機殼 空壓 殼 保護殼 紅米 小米 1012Pr,40
貳 壹 小米 1212X1111T1010TLit,5
台灣 公司 貨 小米 USB30HUB 小米 公司 貨 四孔,20
Xiaomi 小米 12Pro12G256GB67,5
小米 盒子 S 小米 官方 旗艦店,135
現折 25 元尼龍 小米 手環 編織 錶 帶尼龍 編織 小米 手環 6,5
VXTRAXiaomiPad55Pro 小米 平板,25
小米 智慧 顯示器 65 型 2 年 保固 小米 官方 旗艦店,120
小米 Xiaomi125G 旗艦 12G256G 小米,35
小米 手環 5 小米 手環 6 小米 手環 7,5
小米 平板 鋼化膜 小米 平板 5 小米 平板 5Pro 玻璃 鋼化膜,15
台灣 小米 公司 貨蝦 皮代開 發票 小米 智慧 延長 線 20W 快 充版,65
小米 手 錶 超值版 三珠 金屬 錶 帶 Redmi 紅米手 錶 小米 手 錶,10
現貨速 發台灣 小米 公司 貨蝦 皮代開 發票 小米 50W 雙模行,50
小米 Xiaomi125G 小米 12X5G,5
小米 紅米 Note11S5G6128,10
代收 代付 台灣 出貨 小米 體脂計 2 小米 體脂器 電子 秤,10
小米 WatchS1 智慧 手 錶 小米 官方 旗艦 館網,5
小米 官方 旗艦館 小米 掃 拖 機器 人 2Pro 原廠 公司 貨,35
小米 電子 溫濕度計 Pro 小米 官方 旗艦 館網,10
向陽春 小米 酒 400ml,5
白 裏 透紅 小米 酒 400ml,5
小米 商品 小米 體重計 2 送電池 小米 體重 秤 2 測量 體重 小,10
專賣 小米 小米 戶外 雲台 攝影機 P12K 小米 監視器 小米,30
池農特 選黃金 小米,15
小米 MAX3MIX2SMIX2CC9PRONOT,5
免運現 貨台灣 小米 公司 貨 小米 行車 記錄器 2 小米 記錄 儀 22,10
小米 米家 小米 藍牙耳機 Air2,10
Xiaomi 小米 理 髮 器 小米 官方 旗艦店,165
小米 手環 7 小米 手環 6 小米 手環 5 現貨 小米 手環腕 帶 手環,100
黃 金 小米 600 克,15
東農 小米 好 棒棒,10
小米 POCOX3M3F310T10LITE 青,5
小米 1211T10T9T11X11i11LI,15
小米 手環磁吸 充電線 小米 手環 5 小米 手環 6 小米 手環 7,25
小米 米家 智慧 攝影 機雲台 版 專用 支架 攝影機 底座 小米 監視器,10
現貨 小米 米家夜 燈米家 節能 小夜 燈 插座 式 小米 LED 夜,5
整 NS0406 小米 豆 6 瓶 90,350
小米 專賣店 0851,2130
現貨速 發繽紛 多彩 小米 手環 7 小米 手環 6 小米 手環 5 小米,65
小米 電水壺 2 小米 官方 旗艦店,35
裝甲升級 版 小米 手環 7 小米 手環 7 錶 帶 小米 手環 錶 帶 小米 手,385
小米 手環 4 小米 手環 6 多色 錶 帶 小米 手環 錶 帶 適用 小米 手,175
小米 紅米 RedmiNote11Pro6G12,35
倍思 小米 無線 座充 底部 替代 螺母 小米 手機 充電 螺母 小米 替代 螺,5
當天 出貨 小米 RedmiAirDots3 小米 耳機,5
現貨 滿額 免運 小米 手環 7 小米 手環 6 小米 手環 5 錶 帶腕,35
現折 25 元 原色 小米 手環 錶 帶 小米 手環 567 小米,5
小米 手環 6 台灣 小米 公司 貨 小米 聯強 保固 NCC 認證 加贈,5
專賣 小米 小米 煥醒 修 鼻毛 器頭 可拆卸 水洗 交換 禮物米家,5
小米 有品 如山 智能 輕音 吸 髮 理 髮 器 超靜 音兒 童理 髮 小米 理,5
小米 庫洛米 錶 帶 適用 小米 手環 76543 卡通 小米 手環,15
小米 手環 7,30
小米 USB30HUB,65
現折 25 元 小米 小米 手環 7 小米 手環 小米 原廠 小米 正品,35
小米 手 錶 超值版 米蘭磁吸 錶 帶 Redmi 紅米手 錶 小米 手 錶,5
有 NCC 有 保障 免運 小米 手環 7pro 小米 手環 7p,5
Q版 小米 豬 390,25
小米 手環 7,25
小寵純 天然 台灣 小米 粟黃米 穗 栗米 穗 小米 穗 鸚鵡鳥 倉鼠 飼料,30
台灣 現貨 小米 手環 3456 通用 精鋼 錶 帶 小米 手環 4 替換 米蘭尼,5
小米 12S12X12LITEULTRA11TP,5
台灣 小米 公司 貨蝦 皮代開 發票 小米 掃 拖 機器 人 2Pro,20
小米 11TPro12G256G667 吋,5
小米 當鋪 小米 有品 Tritan 透明 彈跳杯 蓋 運動杯 620,15
小米 官方 旗艦館 小米 掃 拖 機器 人 2 原廠 公司 貨含 保固,35
免運 現貨 小米 手環 6 台灣 小米 公司 貨台灣 小米 原廠 保固 一年,15
小米 路由器 AC1200 小米 官方 旗艦 館網,5
LOOK 米家 有品 九旬 多功能 戶外 折疊刀 小米 折疊刀 小米,5
小米 掃 拖 機器 人 2Pro 小米 官方 旗艦店,330
Xiaomi 小米 電視 棒 4K 小米 官方 旗艦店,60
小米 XiaomiPad5WiFi11 吋 螢幕,5
現貨速發 小米 手環 7 小米 手環 6 小米 手環 5 原廠 磁吸 充電線,10
小米 USBtypectotypec 傳輸線 C,5
台灣 公司 貨 小米 手表 保護殼 小米 手 錶 保護 貼 殼 小米 手環,20
小米 Xiaomi11T5G8G256G 網,5
台灣 小米 公司 貨蝦 皮代開 發票 小米 刮 鬍 刀 S700 電動 刮,30
小米 手環 7 台灣 小米 公司 貨現 貨聯強 保固 手環 7 小米 手,5
小米 音箱 PLAYHD,5
小米 手環 7 小米 手環 6 小米 手環 5 現貨 小米 手環腕 帶 小米,5
小米 Xiaomi11T11TProRingke,5
台灣 公司 貨 小米 手環 錶 帶 小米 錶 帶 小米 腕帶 小米 小,180
現貨 附發 票台 灣 小米 公司 貨 小米 手環 5 原廠 錶 帶 小米 5 錶 帶,20
小米 WiFi 訊號 延伸 器 AC1200 小米 官方 旗艦店,65
Q 哥 小米 紅米 非 滿版 玻璃 貼 保護 貼 適用 小米 1210C,50
台灣 出貨 小米 手環 5 錶 帶 小米 手環 6 小米 手環 4 錶 帶 通用,595
後 山寶食 小米,10
小米 智慧 攝影機 2K 雲台 版 小米 米家 智慧 攝影機 台灣 公司,10
台灣 新 小米 電源 10000 二代 小米 官方 電源 支援 iphone7,5
現貨 高清 螢幕 保護膜 小米 手環 7 小米 手環 6 小米 手環 5 屏,35
小米 手環 7 台灣 小米 公司 貨現 貨聯強 保固 手環 7NCC 認,40
小米 有品 小米 行動 電源 32000,15
小米 小米 有品 雲麥 YUNMAI 智能 訓練 跳 繩 跳 繩智,5
小米 智慧 家用 電鑽 小米 官方 旗艦店,5
台灣現 貨速發 小米 米家 插 電夜 燈 小米 插電夜 燈夜 燈,5
XiaomiWatchS1Active 編織 錶 帶 小米,10
小米 酒 600ml,5
小米 米家 智慧 攝影機 1080P 夜視版 小米 監視器 米家 攝,20
Ringke 小米 POCOX3ProFusion,5
小米 12S12X121110S10PROUL,5
現貨 小米 手環 錶 帶 小米 手環 5 錶 帶 小米 手環 4 錶 帶 小米 手,5
小米 米家 小米 無線車 充汽,5
台灣 熱銷 小米 米家聲 波電動 牙刷 T500 小米 電動 牙刷 小米,20
小米 紅米 Note105G6G128G,10
小米 優品 小米 路由器 AX6000 黑色,5
台灣 現貨 小米 手環 56 錶 帶 小米 手環 5 小米 手環 6,15
聊聊 領高額 折價卷 小米 有品 小米 米家悅 米 一體式 K 歌麥,5
小米 手環 7 小米 5 小米 手環 6 矽膠 錶 帶 小米 手環 56,35
小米 商品 小米 生態 鏈行 車記 錄器 1S 夜視 語音 聲控 小米,5
小米 小米 米 家小 白 智能 攝像 機戶 外雲台 版 N4 非國際版,5
小米 小米 有品 米家 小米 小夜 燈 小米 夜燈 夜燈 Yeeli,10
小米 體重計 2 小米 官方 旗艦店,240
台灣 小米 公司 貨蝦 皮代開 發票 小米 智慧 家用 電鑽電 鑽,10
代收 代付 小米 手環 7 專用 炫彩 裝甲 錶 帶 小米 手環 7,5
小米 手環 7 小米 官方 旗艦 館網,155
台灣 現貨 小米 手環 5 小米 手環 6 小米 手環 7 反扣 運動 錶 帶,50
台灣 小米 公司 貨蝦 皮代開 發票 小米 手 錶 運動版 血氧檢測 運,50
小米 米家 電動 刮 鬍 刀 S500 台灣現 貨免 運 小米 刮 鬍 刀,5
小米 小米 電視 棒 1080p 國際版,15
米 布斯 小米 手環 3456 代矽膠 撞色 X 錶 帶 小米 智能 手環,40
XiaomiBookS124Keyboard 小米 官,10
特級 廚娘 小米 麻 糬,20
小米 Xiaomi11TPro5G12G256G,20
有 發票 小米 手環 7 小米 手環 6 小米 手環 5 單色 錶 帶 單色腕,85
殼 膜 一體 適用 於 小米 手環 7654 小米 錶 帶 3,30
小米 小米 米家 智慧 雷射 測距儀 LCD 螢幕 測距 儀測 距,5
紅米 10CNote11S5G11Pro 小米 1,5
台灣 公司 貨聯強 保固 小米 攝影機 2kpro 小米 攝影機,55
小米 米家 感應 夜燈 2 藍牙版 3 號電池 無 需 網關 柔和 光 小米,15
小米 租賃 法雅 客,505
小米 紅米 Note105G6G128GRed,5
Ringke 小米 Mi10TMi10TPro,5
去 殼 小米 小米 仁無殼 小米 F12 佳昱興 寵物 百貨 寵物 鳥,10
小米 液晶 手寫 板 台灣 小米 公司 貨商務 液晶 手寫 板 135 吋,5
小米 磁吸 錶 帶 小米 手環 7 小米 手環 6 小米 腕帶 5 小米 手環帶,10
Xiaomi 小米 手環 7 小米 官方 旗艦店,1050
小米 支架 式 自 拍桿 小米 官方 旗艦店,150
小米 延長 線 小米 官方 旗艦館,10
小米 手環 6 小米 手環 5 心型 金屬 手 鍊 小米 手環 4 小米 手環 3,5
小米 XiaomiRedminote11Pro5,5
台灣 現貨 變色 小米 手環 6 小米 手環 5 變色 錶 帶陽 光幻,5
現貨速 發台灣 小米 公司 貨 保固 一年 MI 小米 支架 式 自 拍桿,20
現貨當 日出 貨 官方 正品 小米 無線 車充 20W 小米 車,5
小米 米家 小米 手環 6 標準 版,5
小米 手環 7 錶 帶 小米 手環 76543 腕帶 米 7 米,15
小米 手環 錶 帶 7 代米蘭 磁吸 錶 帶 小米 手環 6 小米 手環 5,10
代收 代付 小米 體重計 2 保固 一年 台灣版 小米 體重機,5
適用 小米 手環 5 小米 手環 6 小米 手環 4 水凝膜 TPU 膜,5
台灣現 貨免 運 小米 米家 電動 打氣機 1S 米家 充氣 小米 打,5
耆盛 糯 小米 400g,15
現貨當 日出 貨 官方 正品 小米 電視 音響 藍牙 音箱 小米,10
小米 Xiaomi1212G256G 贈 小米 藍牙耳機,5
小米 11Lite5GNE8G128G65,10
小米 充電頭 20W30W33W36W65W 台灣 小米,35
N012915519 小米 手環 5 小米 手環 6 小米 手環 7 拼色 時,5
台灣 現貨 小米 手環 5 小米 手環 6 小米 手環 7 專用 副 廠 磁,10
小米 紅米 Note11Pro5G6128,15
小米 酒,5
小米 11Lite5GNE8G128G 加,5
登豐 糯 小米,40
3C 代貼 專區 小米 手環 7 小米 手環 6 小米 手環 5LS0,5
現貨 小米 手環 7 台灣 小米 原廠 貨聯強 保固 小米 手 錶 7mi,5
MIKO 米 可手 機館 小米 MI 小米 智慧 投影 機 2 便 攜式,5
Xiaomi 小米 智慧 除濕機 CSJ0110DM 小米 官方 旗,175
小米 盒子 S 小米 官方 旗艦 館網,5
小米 POCOX4M4X3M3F3GTPRO,5
小米 Redmi 手 錶 2Lite 白,5
小米 兔安撫 奶嘴 鏈,5
現貨 附電子 發 票台 灣 小米 公司 貨 全新 未 拆封 小米 電動 起子,5
棉花田 有機 小米,30
小米 XiaomiBuds3TPro 降噪 藍,5
小米 redmi 玻璃 貼 適用 於 紅米 小米 1111T5G,45
小米 小米 有品 小米 香薰 機 精油 機 小米 精油 機 小米 香薰 小,5
小米 筋膜 按摩 槍 小米 官方 旗艦 館網,5
小米 XiaomiWatchS1Active 海,5
小米 攝影 機米家 智慧 攝影 機雲台 版 2K 小米 攝影機 2K 小米,5
小米 小米 指甲刀 指甲剪 米家 指甲刀 Seemagic 電,5
強尼拍 賣 Imak 小米 1212X 小米 12Pro,10
台灣 現貨 小米 手環 5 小米 手環 6 小米 手環 7 花色 錶 帶,25
小米 路由器 4C,15
小米 USB30HUB 小米 官方 旗艦店,105
限定 優惠 小米 手環 7pro 小米 手環 7pro 內建 G,15
小米 平板 鋼化膜 小米 平板 5 小米 平板 5Pro 玻璃 鋼化,10
現貨免 運費 小米 有線 耳機 小米 活塞 耳機 電腦 耳機 小米,35
小米 米家 手持 無線 吸塵器 G9 小米,15
期待 小米 長 大,20
小米 唱歌 大,5
小米 便 攜 相片 印表 機 小米 官方 旗艦店,30
小米 當鋪 小米 RedmiAirDots 超值版 藍牙耳機,5
台灣出 貨免 運 小米 錶 帶 345 代原廠 尺寸 小米 手 錶 透氣尼龍,5
小米 戶外 藍牙 喇叭 16W 小米 官方 旗艦店,160
台灣 現貨 小米 手環 5 小米 手環 6 小米 手環 7 防 丟失 副 廠 錶,25
小米 兔 食物 剪刀,5
LOVE 愛心 適用 小米 手環 7 小米 手環 6 小米 手環 錶 帶 小,5
現貨附 保固 小米 無線 藍牙 雙模 滑鼠 靜音版 小米 滑,5
小米 小米 有品 小米 化妝鏡 佐敦 朱迪 檯 視化妝鏡 台式 le,5
小米 手環 6 小米 官方 旗艦店,785
Xiaomi 小米 手環 7,5
小米 小米 無線 車充 PRO50WMAX 無線 急速 閃充,10
小米 行動 電源 310000mAh 快 充版 小米 官方 旗艦店,390
現折 25 元 小米 手環 6NFC 小米 NFC 版 小米 手環,5
小米 體重計 2 小米 官方 旗艦 館網,10
小米 小米 米家 智能 檯 燈 3 可語音 操作,5
小米 手環 6 小米 原廠 2021 新款 睡眠 心率 血氧 偵測 3,45
MI 小米 手機 小米 11LiteNE5G8GB,5
小米 紅米 Redmi102022464,10
小米 65 型 小米 智慧 顯示器 L65M55ASP,15
小米 2021 年 新款 小米 驅蚊器 小米 滅蚊 小米 驅蚊器 2 驅,10
小米 Xiaomi125G12G256G,5
小米 高清 1080P 米家 小米 攝影 機雲台 版 Y2 夜視 超廣角,10
嬰兒 棒 脆妮妮 瑞思寶寶 小米 條 20g 寶寶 小米 條米餅 米,15
液態 矽膠 軟殼 適用 於 小米 11 小米 12pro5G 紅米,10
小米 悅米 K 歌麥克風 lite 小米 有品 無線 麥克風 藍,15
小米 當鋪 小米 手環 4 小米 4 小米 手環 3 小米 3 小米 腕帶,5
小米 Redmi 手 錶 2Lite 藍,5
台灣 小米 公司 貨蝦 皮代開 發票 小米 米家 音波 電動 牙刷 T5,10
小米 有品 小米 有品 FED 多功能 拉筋 鞋拉筋 運動 瘦,5
博的 台灣 代理商 小米 博 的 真空 保鮮箱 小米 米桶 真空 保鮮,30
小米 手環 錶 帶米蘭 磁 吸金 屬 錶 帶 適用 於 小米 765,10
小米 行動 電源 2 萬 50W 台灣 小米 保固 QC30PD 充,5
6934177783500 小米 手環 7,115
MI 小米 小米 無線 雙模 滑鼠 靜音版 WXSMSBMW02,5
小米 Xiaomi11TPro5G12G256,10
10000 小米 行動 電源 3 快 充版 小米 官方 旗艦 館網,5
全新 小米 RedmiNote11Pro5G8G,5
小米 智慧 顯示器 P150 型 小米 官方 旗艦店,100
小米 XiaomiWatchS1 黑色,5
小米 智能 攝影機 2KPro 雲台 版 小米 官方 旗艦店,285
小米 紅米 RedmiNote11Pro5G6G,10
小米 12S12X121110T1098PR,5
GOR9H 小米 10T10TPro10TLite,5
NILLKIN 小米 1111Pro11Ultr,5
不 鏽 鋼 小米 穗架 零食 架 覓 食器 可 放 小米 穗 水果 蔬菜 籃鸚鵡 玩,10
台灣 現貨 小米 手環 5 小米 手環 6 小米 手環 錶 帶 小米 錶,25
衝破價 台灣 小米 官方 貨 小米 AirDots 真無線,5
現貨 小米 溫濕度計 2 台灣 小米 公司 貨聯強 保固 小米 藍牙溫,10
小米 小衛質品 泡沫 洗手液 3 入組 小米 米家 有品 補 充液,10
小米 Xiaomi12X5G 旗艦 8G256G 小米,10
小米 USBC 傳輸線 編織線 版 100cm 黑色 小米 官,175
現貨速 發台灣 小米 公司 貨 保固 一年 2022 最新版 小米 電動,140
小米 MI11LiteNE5G8GB128GB,55
IMAK 小米 12S12X1211TPRO9C,10
小米 紅米 RedmiNote11S5G66 吋 三,5
附 RFID 晶片 小米 濾 芯米家 小米 1 代 2 代 2SPr,5
現貨米家 空氣淨 化器 4 聯強 保固 台灣 小米 公司 貨 小米 空氣 清淨,5
小米 手環 6 標準 版 黑,15
MI 小米 手機 小米 11T8G256G,5
台灣 公司 貨 小米 二合一 傳輸線 100CM 小米 傳輸線 充電,15
美樂蒂 卡通 小米 錶 帶 小米 手環 76543 小米 手環 7,5
14001411937 小米 手環 6,25
享免 運 小米 手環 7NFC 版 小米 手環 7NFC 版 小米 手環,5
小米 無線 雙模 滑鼠 靜音版 小米 官方 旗艦店,205
小米 小米 義 大利 BINNIFA 回音壁 客廳 電視 音響 Play6,15
小米 手環 7 代碳 纖維紋 印花 小米 手環 34567 適用,5
適用 小米 7 小米 手環 76543 小米 手環 6 小米,30
熱銷 超取 免運 小米 加濕器 4L 米家加 濕器 24L 小米,25
小米 手環 765 代 錶 帶,5
台灣 現貨 小米 手環 7 小米 手環 56 小米 手 錶 Ridmi,20
MyStyleforXiaomi 小米 11TPr,5
現貨速 發台灣 小米 公司 貨蝦 皮代開 發票 小米 洗手 機米家 自動,65
生活 總務 小米 手環 56 通用 錶 帶 小米 錶 帶 五代 六代 錶,5
小米 手環 7 台灣 小米 公司 貨現 貨聯強 保固 手環 7NCC,225
好 穀 栗脫 穀 小米 300g,5
原廠 小米 牙刷 頭 T500T300 公司 貨非 副 廠 小米,30
小米 手環 7 手環 6 台灣 小米 公司 貨現 貨聯強 保固 手環 7,25
小米 手環尼龍 錶 帶 24 款 小米 手環 錶 帶 適用 小米 手環 5 小米,5
台灣 現貨 適用 小米 手環 6 小米 手環 5 錶 帶 小米 手環 5,15
優惠中 小米 柴犬存 錢 筒,5
小米 負離子 吹 風機 H300 小米 官方 旗艦店,250
CNAIER 小米 智能 門鈴 2 現貨 當天 出貨 小米 貓眼,5
DUXDUCIS 小米 11T11TProSKIN,10
小米 跳舞,10
台灣 出貨 小米 水質 TDS 檢測筆 小米 水質 檢測器 小米 測水筆,5
小米 米家 有品 小米 臺 式 LED 化妝鏡 佐敦 朱迪 台式 智能 LED 化,5
小米 11TPro5G,5
小米 12S12X1211T11X11i11P,10
微醺 小米 酒,10
台灣 出貨 小米 手環 6 小米 手環 5 小米 手環 4 水凝膜 滿版,5
小米 POCOC40X4PROM4M3F4F3,5
MI 小米 無線鍵 鼠套 裝台灣 現貨 小米 無線鍵 盤無線 滑鼠,5
台灣 出貨 小米 手環 7Pro 小米 手環 內建 GPS 支援,5
Xiaomi 小米 無線 吸塵器 G11 小米 官方 旗艦店,40
米家 無線 吸塵器 mini 台灣 小米 公司 貨 小米 吸塵器 無線 吸塵,10
小米 紅米 Redmi10C4GB64GB671,5
東太陽 小米 酒 400ML,5
台東 小米,5
台灣 公司 貨電子 發票 小米 便 攜 相片 印表 機 小米 口袋 照片 打印,30
黃 金 小米 饅頭,10
米 家人 體感 應器 台灣 小米 公司 貨台灣 小米 保固 全新 未 拆,15
小米 手環 6 腕帶 錶 帶 台灣 小米 公司 貨 全新 未 拆 現貨,15
小米 WiFi 訊號 延伸 器 AC1200 台灣 小米 公司 貨 W,5
現貨米家 空氣淨 化器 4Pro 聯強 保固 台灣 小米 公司 貨 小米,5
小米 便 攜 相片 印表 機 小米 官方 旗艦 館網,5
原廠 現貨 小米 米家 智能 寵物 餵 食器 乾燥 盒 套裝 3 入裝 小米 餵,5
Xiaomi 小米 12Lite5G8G256G,5
小米 唱歌 100m,10
現貨有 發票 最新版 台灣 小米 公司 貨台灣版 小米 手 錶 Red,5
免運 台灣 現貨 謝謝 大家 支持 小米 手環 7pro 小米 手環,5
小米 1099T8LITEPROMAX3MIX,5
專賣 小米 小米 米家 藍牙溫 濕度計 2 附牆 貼 智能 聯動 小米,5
N012916285 小米 手環 5 小米 手環 6 小米 手環 7 彩虹 棉,5
現貨 小米 手環 6 小米 手環 7 台灣版 聯強 保固 小米 智慧 手 錶,5
小米 手環 3 小米 手環 4 彩色 腕帶 小米 手環 3 小米 手環 4 皮腕 帶,5
