item_name,item
統一 多多 牛奶 170ml6 組 816595,5
統一 多多 300ml,495
統一 多多 原味 6 入,5
統一 多多 原味 300ml 瓶 300ml 瓶,425
統 一大 多多 170g,895
統一 多多 牛奶 170m6 入,635
福樂 鈣 多多 雙麥 牛乳 936ml936ml,100
肉 多多 租賃樂 多多,450
維義單 元 多多 冷壓 香油 3L 瓶,75
統一 多多 原味 170ml6 組 170ml6 瓶組,590
爭鮮 多多 君,930
統一 多多 原味,31585
Mcdodo 麥 多多 雙 TypeCPDLightnin,10
統一 原味 多多 300m,18850
Mcdodo 麥 多多 PDLightningTypeC,40
統一 牛奶 多多 原味 170ml,505
統一 牛奶 多多 草莓 170ml,55
統一 多多 草莓 多多,200
微醺 D 鳳梨 多多,265
統一 多多 草莓 170ml 瓶 170ml 瓶,90
iseLect 多多 綠茶 650ml,90
統一 330 好菌 多多,15
統一 多多 草莓,31950
比菲多 無糖 軟糖 69g 牛奶 多多,670
米森 C 多多 草莓 脆片 青荷,60
福樂 鈣 多多 全脂 牛乳 936ml 盒 936ml 盒,1500
鈣 多多 牛奶 全脂 2L,5
爭鮮 多多 君買 一送 一 30,30
ASAHI 精神 多多 乳,60
統記 黑糖 甜麥仁 120g 美日 多多,10
統一 100 牛奶 多多,5
統一 LP33 益敏優 多多,10
紙巾 多多 多多 多,5
台灣 公司 現貨麥 多多 二分 三 PDLightningTy,40
統一 多多 牛奶 多多,160
統一 多多 牛奶 170cc,5
0272170538 福樂 鈣 多多 雙麥 牛乳 4,5
6 款 Mcdodo 麥 多多 iPhoneLightning,5
多多,5
4714379955446 米森 C 多多 草莓,5
分批 取活益 比菲多 益生菌 無糖 軟糖 牛奶 多多 69g,45
芭樂 多多,5
惠香益 菌 多多 果,40
柳橙 多多,5
福樂 鈣 多多 贈 20 點,110
歐可 茶葉 蜜桃 檸檬 多多 單包組,90
統 牛奶 多多,5
統一好 菌 多多 330,5
統一 草莓 多多 大,10
Mcdodo 麥 多多 雙孔 LightningTypeC,5
多多 龍有 機晶圓 梨 M 樂樂,10
CUISIPRO 超 吸力 泡沫 多多 洗手 乳罐,5
統一 100 好菌 多多,5
統一 多多 牛奶 816595,10
