item_name,item
比菲多 原味 1177ml,1220
活益 比菲多 原味 1177ml 瓶 1177ml 瓶,445
活益 比菲多 發酵 乳 原味,100805
比菲多 發酵 乳 原味 1177,585
比菲多 益生菌 小 Q 果凍 280g 原味,345
活益 比菲多 原味 160ml6 瓶組 160ml6 瓶組,200
活益 比菲多 乳酸菌 發酵 乳 原味 160mlx6,600
比菲多 益生菌 小 Q 果凍 原味 280g 康是 美,60
活益 比菲多 原味,33090
活益 比菲多 原味 1177cc,5
活益 比菲多 原味 1795ml 瓶 1795ml 瓶,950
原味 比菲多 乳酸菌 370cc,5
活益 比菲多 原味 軟糖 30g,805
活益 比菲多 原味,470
活益 比菲多 原味 471447270,5
比菲多 軟糖 30g 原味,770
比菲多 比菲多 冰棒 原味 纖維經典 比菲多 乳酸 風味,35
現貨 48hr 出貨 活益 比菲多 軟糖 30g 草莓 原味 益,20
活益 比菲多 原味 135619,10
比菲多 原味 160g6,25
活益 比菲多 發酵 乳 原味 x10,10
比菲多 原味 發酵 乳,100
比菲多 軟糖 75g 原味,1610
比菲多 益生菌 小 Q 果凍 280g 原味,50
活益 比菲多 原味 1250G,5
比菲多 原味 瓶 471ml 瓶,120
活益 比菲多 活性 乳酸菌 發酵 乳 原味,255
比菲多 益生菌 小 Q 果凍 原味 280g,190
活益 比菲多 發酵 乳 原味 471ml,4695
比菲多 無糖 軟糖 69g 原味,590
500 比菲多 原味,5
活益 比菲多 乳酸菌 發酵 乳 原味,340
活益 比菲多 冰棒 原味 纖維 80g5 入,215
活益 比菲多 活菌 發酵 乳 原味,245
比菲多 發酵 乳 原味 1900,5
活益 比菲多 原味 212082,10
活益 比菲多 活菌 發酵 乳 原味 1177ml,160
活益 比菲多 稀釋 活性 發酵 乳 減糖 配方 原味 110ml9 入,260
比菲多 原味 無糖 軟,2210
比菲多 原味 1900G,5
比菲多 發酵 乳 原味 500g,5
比菲多 1900 原味,5
ICE 比菲多 原味,20
比菲多 乳酸菌 原味,95
比菲多 活菌 原味 471ml,10
比菲多 發酵 乳 原味 471ml,10
比菲多 乳酸菌 原味 1795L,5
原味 比菲多 乳酸菌 2L,5
比菲多 原味 500,5
0250031436 比菲多 發酵 乳 原味 中,5
活益 比菲多 原味 160ml6 瓶組 53872,5
