item_name,item
比菲多 新 纖順暢,44460
比菲多 減糖 降卡 370ml,1010
活益 比菲多 益生菌 軟 糖原 味 75g,170
比菲多 減糖 471ml,270
活益 比菲多 新 纖順暢 1177ml 內含 固形物 17g,450
比菲多 益生菌 軟 糖原 味 30g 康是 美,255
活益 比菲多 順暢 1177ml,240
活益 比菲多 471ml,3840
活益 比菲多 減糖 1650ml,300
活益 比菲多 益生菌 軟糖 葡萄 75g,130
活益 比菲多 減糖 1650ml,35
比菲多 發酵 乳 減糖 纖維 1795ml 瓶 1795ml,1435
活益 比菲多 減糖 配方,168900
比菲多 稀釋 活性 發酵 乳 減糖 纖維 471ml,1420
比菲多 新 纖順暢 發酵 乳 370ml,150
比菲多 順暢 發酵 乳 370m,785
活益 比菲多 減糖 配方 乳酸菌 發酵 乳 1650ml,1930
活益 比菲多 活菌,15010
活益 比菲多 稀釋 活性 發酵 乳減 糖原 味,545
活益 比菲多 減糖 降卡 蘋果 口味 164385,10
活益 比菲多 減糖 降卡 479469,10
比菲多 發酵 乳 減糖,2030
比菲多 發酵 乳 減糖 纖維,15
活益 比菲多 新 纖順暢,247665
活益 比菲多 乳酸,12285
比菲多 益生菌 小 Q 果凍 280g 葡萄,210
比菲多 益生菌 小 Q 果凍 280g 葡萄,40
比菲多 可可 好 朋友 乳飲品 1300ml,515
活益 比菲多 益生菌 軟糖 葡萄,155
比菲多 減糖 110ML9 入,300
比菲多 發酵 乳減,28980
M 活益 比菲多 綠 茶多酚 370ml,130
活益 比菲多 新 纖順暢 370ml,14655
比菲多 順暢 370ML,40
比菲多 益生菌 小 Q 果凍 荔枝 280g,5
比菲多 減糖 370ml,25
比菲多 減糖 降卡 蘋果,1865
活益 比菲多 減糖 配方 370ml,5350
比菲多 稀釋 活性 發酵 乳綠 茶多酚 370ml,255
比菲多 減糖 纖維 471ml,355
比菲多 發酵 乳 減糖 1795,650
比菲多 益生菌 小 Q 果凍 280g 荔枝,70
比菲多 減糖 纖維中,32345
活益 比菲多 減糖 降卡 1650ml 瓶 1650ml 瓶,690
活益 比菲多 葡萄 軟糖 30g,15
比菲多 軟糖 30g 葡萄,325
比菲多 益生菌 小 Q 果凍 280g 蜜桃,210
比菲多 比菲多 軟糖 草莓 30g 包愛買,10
一次 取活益 比菲多 稀釋 活性 發酵 乳 減糖 纖維 1795ml,70
比菲多 每日 順暢 370,15
比菲多 減糖 降卡,34520
活益 比菲多 稀釋 活性 發酵 乳減 糖原 味 160ml6 入,760
活益 比菲多 稀釋 活性 發酵 乳 減糖,290
活益 比菲多 發酵 乳 減糖,10
比菲多 益生菌 小 Q 果凍 葡萄 280g 愛買,5
活益 比菲多 1177,30
比菲多 益生菌 小 Q 果凍 荔枝 280g 康是 美,10
比菲多 比菲多軟 糖原 味 75g 包愛買,20
活益 比菲多 益生菌 無糖 軟糖 牛奶 多多,45
比菲多 發酵 乳 減糖 6 入,430
比菲多 稀釋 活性 發酵 乳 減糖 配方 370ml,1515
比菲多 發酵 乳 減糖 纖維 471ml,40
比菲多 牛奶 無糖 軟,535
活益 比菲多 益生菌 軟 糖原 味,200
比菲多 發酵 乳 減糖 纖維 1795ml 瓶 447177,5
比菲多 可可 好 朋友 乳飲品 2620ml,25
活益 比菲多 新 纖順暢 乳酸菌 發酵 乳 1177ml,520
比菲多,5
活益 比菲多 減糖 低卡 370cc,5
每日 比菲多 綠茶 350cc,10
分批 取活益 比菲多 益生菌 無糖 軟 糖原 味 69g,50
活益 比菲多 減糖 配方 370ml,10
活益 比菲多 綠 茶多酚 370ml 兩入 組,15
活益 比菲多 綠 茶多酚 兩入 組 139P,15
活益 比菲多 減糖 降卡 370ml 兩入 組,10
比菲多 益生菌 軟糖 葡萄,5
N 活益 比菲多 新 纖順暢,10
活益 比菲多 綠 茶多酚 379269,15
比菲多 稀釋 活性 發酵 乳新 纖順暢 568155,5
M 活益 比菲多 減糖 綠茶 370ml,65
活益 比菲多 減糖 配方 乳酸菌 發酵 乳 1650ml,10
一次 取活益 比菲多 減糖 配方 乳酸菌 發酵 乳 1650ml,85
活益 比菲多 新 纖順暢 乳酸菌 發酵 乳 1177ml,5
比菲多 發酵 乳減 100m9,35
比菲多 減糖 降卡 1650ml,5
比菲多 減糖 蘋果 1650ml,10
比菲多 稀釋 活性 發酵 乳 減糖 綠茶 1650ML,150
比菲多 蘋果 好 朋友 300g,10
比菲多 可可 好 朋友 1355cc,5
比菲多 稀釋 活性 發酵 乳新 纖順暢,5
活益 比菲多 減糖 發酵 乳 370g,5
