item_name,item
開心 成長 可爾 必思 乳酸菌 飲料 160MLx6 鋁箔 包組,235
可爾 必思 開心 成長 飲 160ml 蘋果 乳酸菌,315
可爾 必思 梅子 酢 乳酸菌 300ML,30
可爾 必思 乳酸菌 飲 6 入,100
可爾 必思 蔬果 乳酸菌 飲料 PET500,30
可爾 必思 蘋果 乳酸菌 160ml6 愛買,35
可爾 必思 乳酸菌,2110
可爾 必思 乳酸菌 發酵 乳 飲料 500ml 瓶 500ml,560
可爾 必思 精神 多多 乳酸菌 飲料 300ml,85
可爾 必思 乳酸菌 寶特 原味,1755
可爾 必思 蔬果 500ml,5
可爾 必思 葡萄 乳酸菌,420
可爾 必思 發酵 乳,4830
現貨 日本 可爾 必思 L92 乳酸菌 兒童 專用 養樂多 葡萄,10
可爾 必思 乳酸 發酵 乳 500ML,30
ASAHI 朝日 可爾 必思 贅澤 乳酸菌 飲料 490mlx24 入,5
可爾 必思 乳酸菌 飲料 組合箱 500ml24 入內 含 原味 葡,40
商品 可爾 必思 12oz,2285
可爾 必思 蔬果 乳酸菌 飲料 500ml,50
可爾 必思 開心 成長 乳酸菌 飲料 160mlx4 組共 24 入,75
可爾 必思 原味 乳酸菌 發酵 乳 500mlX1 入,195
可爾 必思 蔬果 乳酸菌 飲料 500ml24 入,10
可爾 必思 糖果 27g,15
促銷 優惠 可爾 必思 乳酸菌 發酵 乳 500ml,10
可爾 必思 乳酸菌 寶特蘿 蔔,470
可爾 必思 發酵 梅子 酢 飲料 季限 300ml,200
可爾 必思 梅子 酢 乳,15
可爾 必思 乳酸菌 發酵 乳濃縮,205
可爾 必思 蔬果 乳酸菌 飲料 500mlx24 入箱,25
可爾 必思 乳酸菌 500ml 原味,4900
可爾 必思 開心 成長 乳酸菌 飲料 160MLx6 鋁箔 包 原味 蘋果,25
可爾 必思 開心 成長 乳酸菌 飲料 鈣 160ml 包,5
可爾 必思 蘋果 乳酸菌 160mlx6 愛買,25
可爾 必思 開心 成長 乳酸菌 飲料 160mlx24 家樂福,5
團可爾 必思 梅子 酢 乳酸菌 飲料,315
開心 成長 可爾 必思 乳酸菌 飲料 1,5
開心 成長 可爾 必思 蘋果 乳酸菌 發酵 乳 1,40
12AsahiMINTIA 糖果 7g 可爾 必思,150
可爾 必思 乳酸菌 發,10
可爾 必思 乳酸菌 飲 24 入,5
可爾 必思 發酵 BLEND 梅子 醋 乳酸菌 飲料 300ml24 入,5
SBisco 必思 可 可可 乳酸菌,20
可爾 必思 葡萄 乳酸菌 飲料 500mlx24 入箱,10
可爾 必思 開心 成長 乳酸菌 蘋果,5
可爾 必思 乳酸菌 160ml6 入 蘋果,5
可爾 必思 乳酸菌 發酵 乳 500ml 愛買,5
N011006814 可爾 必思 乳酸菌 發酵,5
可爾 必思 乳酸菌 發酵 乳 飲料,5
爆買 日本 夏日 消暑 CALPIS 可爾 必思 乳酸菌 飲品,5
可爾 必思 葡萄 乳酸菌 500ML 店出 Citysu,5
可爾 必思 葡萄 乳酸菌 飲料 500ml,5
可爾 必思 開心 成長 乳酸菌 飲料 2 種 口味 任選 原味 蘋果 24,10
可爾 必思 可爾 必思 飲料 原味 便利 包 300ml,20
