item_name,item
義美寶吉 蘋果 125m6 入,100
妤 美人 spa 館 兌換券,10
拾釀 雙萃 梅精,5
LCA506 活酵 乳,2795
代銷 私 品茶 元 飲品 口味 任,45
大拇指 60cc 試飲杯 50 入 50 入,55
軟質 77 乳加 415g415G,1690
維維樂 R3 活力 平衡 飲品 PLUS 草莓 奇異果 500ml,35
S26 奶粉 金愛兒樂 LF 無 乳糖 400g,125
Vittel 法維多 天然 礦 泉水 330ml,20
4713517167758 曼寧風味 台灣,5
原萃錫蘭 無糖 紅茶 580mlx24 入箱 愛買,140
貝納頌 2 合 1 曼特,850
Solone 蘋果 肌紅潤 腮紅 08 蜜橙暖 茶,60
統一 LP33 益敏 優多,9785
allin 乳清 分離 濃縮 乳清,15
休誇 香草 牛奶 風味餅 36,20
貝納頌 極品 2 瓶贈 30 點,25
光泉 牛乳 果汁 936ml 瓶 701338,5
佐藤 司多安 止咳,45
MONIN 莫西 多糖 漿果 露 MojitoSyrup 分,10
品 木屋 二代 牛奶 匙 K045924,15
光泉 果汁 牛乳 200ml 毫升 x6 家樂福,25
漱夏蔓 越莓,15
統一 LP33 益敏 優多 170mlx6 組 170mlx6 瓶,555
萊 D 樂天 Tico 可可 脆皮 香草,10
光泉 富維 他 牛乳 200MLx6 入愛買,45
nip 德國環 保乳膠 櫻桃 奶嘴 6 個 月 以上 2 入 5 色 母乳,5
林鳳營 草莓 特濃 優格,2375
光泉 佶梅 綠茶 600cc,5
4713517167260 曼寧 有機 蜜桃,5
養樂多組,20
維 娜斯 美學 Spa 兌換券,70
比菲多軟 糖原 味 30g,50
比菲多軟 糖原 味,1775
免運 35 包綜合 乳清 1111ALLin 乳清 力宴,15
酸梅 湯入 包 25,20
法國 波爾多 貝迪 拉斯堡 紅酒 750ml,20
維維樂 R3 幼兒 活力 平衡 飲品 草莓 奇異果 350ml,20
肌研 極潤 乳霜 50g,10
活沛 多 OPC 活妍 葡萄籽 膠囊 60 粒,50
富維礦 泉水 500,395
四益 乳膏 22g,85
Suntory 三 得利 比菲德氏菌 乳寡 醣 比菲禦 力菌 TA,10
伊藤藍莓 風味塔 736g,30
Vittel 法維多 天然 礦 泉水 500ml,20
活潑 寶寶,30
伊藤藍莓 塔 736g,40
卡瑪 生活 館特 濃梅 精球 素食 特濃梅 精球 軟糖梅,15
養樂多 100cc,80
ALOHA 美安莓果 配方 粉末 1680 滿 3500 免運,20
提提 研瞬白酷 涼 黑 面膜 5 入,25
統一 UniWaterPET550,5
Lorenz 多,5
Goudas 高達 荷蘭 傳統 糖漿 煎餅 250g,10
NAILTONE 持久 引力 指甲油 肉桂 烤奶 10mLN05,45
義 美好 菌 多 100 活,810
澎澎 MAN 胺基酸 麝香 瑪卡 洗面乳 100,2120
活動 贈品 22 周年 生日 慶滿額 贈 活動 單筆 消費滿 999 即,15
建鹽 美味 深礦 鹽,30
光泉 牛乳 蘋果 936ml 瓶 936ml 瓶,270
嗜香氛 夏翠絲 酵母 萃取 控油 洗 髮 300ml,15
77 乳加 益生菌 8 入,60
蘭 鑽 氧 生乳 霜 50ml,120
附發票 日本 朝日 AsahiMINTIA 涼糖 可爾 必思,5
羅 多倫 咖啡 香醇,175
可爾必 思鐵罐 160g,490
雀巢 茶品 雪梨 茶 530mlx4 入瓶組 530mlx4 入瓶,80
純萃 喝曼 特寧 275ml 瓶 275ml 瓶,305
韓國 Ogam 蜜糖 麥香餅 100g,20
當天 出貨 現貨 日本 SUNTORY 三 得利 蜂王乳 芝麻,90
森活 奶油 刀 3 入,55
初飲 初樂青 葡萄 風味 燒酒 360ml 瓶,115
加量 130g 包裝 日本 原裝 進口 牛乳 石鹼 Skinlife 滋卿,20
allin 乳清 100 分離式 乳清 奶茶,10
Fees 法 緻 煥 采 智能 乳液 100ml,5
羅 多倫 咖啡 濃郁,10
代銷 私 品茶 元 飲品 任選,410
allin 乳清 100 分離 乳 清白 桃烏龍,5
適膚克林 純水 濕巾 小麥 購物 24H 出貨 台灣 現貨 S045,595
HH 蔓越 莓益菌 青春 膠囊 超值 2 入組,15
新益 美 L 初乳 嚼 錠 120 顆,5
發票 含稅 多倍 瑞士 有粉 無粉 乳膠 手套 有粉 乳,10
紅牛 康健 奶粉 15kg 初乳 配方 葉黃素 益生菌 DHA,55
ORIGINS 品木 宣言 一飲 而 盡 嘟嘟 唇 組酪 梨 唇 膜 15g,25
Cholimex 檸檬 胡椒 鹽小麥 購物 24H 出貨 台灣 現貨,55
限時 加碼 風味果 露 drinkmate 犀牛 機 410,5
Tatua 酸 乳脂,5
LP33 機能 優酪 乳 500ml,5
森活 原木 牛奶 匙 WB109,5
韓多露 燒酒 360ml 荔枝 風味,85
澳洲 奶協會 全脂 牛奶 1000ml 毫升 x12 家樂福,5
舒味思 薑 汁 汽水 330mlx4 入愛買,5
929 全飲品 折 10 元,25
927 全飲品 折 10 元,30
鎮痛 乳膏 35,10
9789864295951 活力 成語 100 分 二年 級,5
光泉 高鈣 牛乳 無糖 200mlx24 入箱 愛買網,25
ColledelTartufo 柯爾德義 大利 黑松 露菇,10
鑫耀 生技 Panda 藻精 蛋白 乳鐵 蛋白 乳糖 寶 DHA 比菲益,30
法國 Vittel 法維多 天然 礦 泉水 33,25
3 點 1 刻減 糖原 味 奶茶 50 入 效期 20240604,10
Sprite 雪碧 即期 品寶特瓶 600mlx24 入箱,5
台灣 天貝天 貝益菌 脆餅 咖哩 130g,10
BULKHOMME 本客 乳液 100g,90
黃 金曼 特寧 2in1 風味 咖啡 13gx15 包袋,50
9789575325060TOEICLRTEST 多益,35
BOURBON 卡通 礦 泉水 500ml,20
MONIN 香草 糖漿 果露 VanillaSyrup 分,15
HEALTHNATURE 即期 品 蜂王乳 膠囊 1000mg,15
統一 AB 乳果 100,35
LP33 益敏 優多,36125
YBC 安 多利 香草 味 夾心餅 148g,15
棕欖 自然 之選 香皂 牛乳 嫩膚 115gX6 愛買,65
富維礦 泉水 1500,485
波爾茶 葡萄柚 口味 320ml6 罐組 320ml6 罐,160
樂客 思奶 濃巧 酥 雪糕 78gX4 支盒 78gX4 支盒,15
朝沁 百香 多,7870
黑松 柳橙 C300ml6 入愛買,40
富華高達 乳酪 200g,5
DueItalian 兌換券,35
QUAKER 桂格 羊奶 幼兒 多力 1350g6 罐,30
DashingDiva 薄型 美 甲片 蜜糖 拿 鐵,90
普拿疼 肌立 酸痛 乳膠 30g,15
韓國 EDIYACOFFEE 特調 重乳,15
統一好 菌 多 一點 170ml,60
初飲 初樂 藍莓 風味 燒酒 360ml,20
多愛膚 10x10,20
萊姆風味 糖漿 750ml 瓶,40
統一 AB 乳果 優格 100gx3 入,1180
免運 發票 整箱 蒙牛 純甄 酸奶 原味 酸奶 香草 酸奶 團,5
益壽多 速食 咖哩 甘味 110g,75
光泉 富維 它 調乳 2006,45
DashingDiva 薄型 美 甲片 香蕉 牛奶 短,5
MOOIMOM 沐 伊孕 哺手動 真空 吸力 集乳器 吸乳器 擠 乳,20
啡 卡 FIKAFIKACAFE 咖啡 飲品 七折 品,25
光泉 牛乳 果汁 1857ml 瓶 1857ml 瓶,510
M2 輕 次方 超 能 奶昔 草莓 蔓越莓 7 入,5
統一 PowerMate 可可 麥芽 牛奶 能量 B 群 一箱 2,10
4713025620752 台東 初鹿 100 生乳,5
大 韓屋 韓國 MIPPEUMNFC100 酸 櫻桃汁,5
亞諾 ROSENBORG 特濃奶味 藍乾,15
香草 集 JustHerb 蔓越莓 多酚 無 糖果 乾茶 散裝 260,5
SecomaSECO 歐蕾 風味 咖啡 500ml,10
韓多露 燒酒 荔枝 風味,5
大拇指 360cc 咖啡杯 20 入 20 入,170
雀巢 多趣 酷思 咖啡 膠囊 熱銷 口味 組合,5
Tayas 筆管 酸味 軟糖 35g 草莓 風味,5
清惠舒 尤加利 油膠 囊 10 粒盒 保健食品 類 保健 養生 80 大頭兒 草本 暖宮 貼 3 入 日用 百貨類 民生 紙品 515 御護晶晰 金盞 花葉黃素 120 錠 保健食品 類 保健 養生 755 御護 xHAC 海藻 鈣 D3 複 方錠 120s 保健食品 類 保健 養生 420 塔 莉雅 兒童 用護 唇膏 26g 草莓 日用 百貨類 民生 紙品 30 艾爾絲 成人 立體 醫用 口罩 丹寧 牛仔 15 入 保健食品 類醫材 藥品 15 萬 特力 護具 高 透氣型 腳踝 M 保健食品 類醫材 藥品 20 海鮮 五味 搵 醬 民生 食材類 料理 調味 5965 美國 特選 背 肩 牛肉 片冷凍 食品 類冷凍 海鮮 120 阿薩姆雙 茶會 奶茶 飲料 類茶 飲 235 黑貓 油性 殺蟲劑 日用 百貨類 家庭 清潔 用品 1935 雪之戀 草莓 煉乳濃 牛奶 餅點心 零食 類餅 乾 70 星巴克 經典 巧克力 飲 咖啡 類罐 裝瓶裝 咖啡 5AHC 逆時 全臉 眼霜 保健食品 類美 肌纖體 35 悠斯晶 花漾 柚子 花護 手霜 50g 日用 百貨類 家庭 清潔 用品 15 紀陽退 熱貼 薄荷 4 枚 入 K2117 烘焙 甜點類 麵 包 15 維維樂 R3 幼兒 活力 平衡 飲品 草莓 奇異果 口味 350ml,245
M2 輕 次方 超 能 奶昔 窈窕 組合 芒果 鳳梨 3 草莓 優格 2,15
豐力 富高 優質 純 生乳 奶粉 18K,5
天 仁 喫 茶 趣 TOGO50 元 飲品 兌換券 蝦 蝦 果園 活動品,10
統一 AB 乳果 100gx3 個組 689013,25
漫活 美學 home 兌換券,10
禾 法頌 波爾多梅 多克,15
即期 雪芙蘭 牛奶 胜肽 美膚 身體 乳液 300g202307,5
GUERLAIN 嬌蘭 皇家 蜂王乳 蜜露 40ml2 全新 改版,5
瑞特 血糖 儀 GM55020178 活動 組合,5
9786260061852 松花 釀酒 全,5
黑松 蜜桃 C300ml 包 300ml 包,5
74311 涼感 12 襪梅粉,65
BIOMAINPOWER 倍 而冕益 3 合 1 乳鐵益 菌 3 入組,10
養樂多 100 蘋 果汁 200ml6 入,50
貝親 Pigeon 寬口 母乳 實感 PPSU 奶瓶 多款 可選安琪,5
黑松 百香果 C300mlx6 包組 PKL300mlx6 包組,260
思達 茶 無 咖啡因 草本 茶 19g20 入 芒果,30
義美寶吉 蘋橙 125M6 入,45
BLS 多元 極效潤 白晶 雙晶 限定,110
24 韓國 Mammos 養樂 多糖 80g,10
AGFBLENDY 無糖 黑 咖啡 30 本,5
N010655023Funsport 彼拉 提斯乳,5
LOccitane 歐舒丹 乳油 木 牛奶 皂 250g,15
活動品 飲料 提袋 活動 贈品 活動品,5
貝納頌 極品 黑 咖啡 490mlx24 入箱 愛買,10
紅牛 100 全脂奶粉 21kg 現貨超 取限 2 罐紅 牛奶,10
Nescafe 大人 褒美 咖啡 拿鐵味,5
活力 媽媽 衝乳量 組合汝倍 多 葫蘆 巴茶 組合 蝦 皮代,55
統一 AB 乳果 100g,4295
喜多 雙耳學 飲杯 藍,10
義美 全脂 鮮乳 1750ml 盒 638165,30
多特 1000S,10
統一國際統 一國際 該樓,40
遠東 FareastOil 乳瑪琳 Milkmarrine 原,5
妍 渄 SPA 舒活館 兌換券,60
麗仕 香皂 80G 煥活 冰爽,35
樂購 屋 現貨 Loccitane 歐舒丹 乳木果 護唇,15
現貨 日本 辻利 抹 茶 牛奶 含糖 日本 原裝進,5
CHOOSY 唇膜 香草,25
貝納頌 375 一組贈 30 點,35
ECM 買奧 利多 碳酸 飲料 x24 入,10
可 刷卡 24H 出貨 SUNTORY 三 得利 蜂王乳 芝麻 明,10
上 和 活力 羊乳 片,10
多美 062LaFerrari,5
藥鎮痛 乳膏 94g,25
痛得 貼藥 膠布 6 片 保健食品 類醫材 藥品 740 限時 優惠 野村 煎 豆 4 連美樂 圓餅 120g 點心 零食 類 糖果 15 贈品 Pril 淨麗小蘇 打 高效 洗碗 精檸檬 100ml 日用 百貨類 家庭 清潔 用品 85 黑松 茶 尋味 台灣 青茶 590ml4 瓶組 349116 飲料 類茶 飲 10 魔術靈 地板 除菌 EX 草本 香補 充包 1800ml 日用 百貨類 家庭 清潔 洗劑 5 麥斯 威爾特濃 三合一 咖啡 13gx40 入 咖啡 類 沖 泡式 咖啡 25 推健達 河馬五入 盒點心 零食 類餅 乾 15 玖 肆伍 3C 館萬用 清潔布 鏡頭布 眼鏡布 電腦 擦 鏡布鍵 盤 日用 百貨類 家庭 清潔 用品 20 熊寶貝 香氛 袋繽紛 花果 7g3 日用 百貨類 家庭 清潔 用品 140 代收 代付 雪之戀 穀 麥妃 妃 棒 160g 原味 黑芝麻 點心 零食 類餅 乾 15 限 今日 付款 亞培 公司 貨安素 高鈣安素菁選 香草 少甜原 保健食品 類 保健 養生 5 京醬 豬肉絲 附斤餅 20220918j2yo5lg7 點心 零食 類肉 乾肉紙 5 蜜醬 叉 燒餐 鮮食 類米 飯類 45 起司 牛肉 可頌 20220904c5waexka 鮮食 類漢堡 5 大薯 霸 EC 烘焙 甜點類 其他 甜食 60 熊寶貝柔 軟護衣 精補 充包 日用 百貨類 家庭 清潔 洗劑 480 歡享 經典餐 20220924uncmnugo 烘焙 甜點類 其他 甜食 5 現貨 24H 出貨馬桶 清潔錠 單顆 販售馬桶 清潔劑 日用 百貨類 家庭 清潔 洗劑 35 盛香 珍斯娜 普 奶酥 165g 袋 928 福利社 烘焙 甜點類 其他 甜食 10500 華麗糖 芯日 拋隱形 眼鏡 10 片裝 焦糖 拿 鐵 保健食品 類醫材 藥品 60 赤柯山 伊禾 茶 金萱 茶 包 20 入 烘焙 甜點類 其他 甜食 5 清秀佳人 低腰 免洗 褲 L5 日用 百貨類 民生 紙品 1005 防滑 衣架 日用 百貨類 洗衣 用具 195 嬰兒 棒亞 培安素 237ml 原味 安素 香草 減甜安素 香草 保健食品 類 保健 養生 25 大王 嬰褲 敏感 肌 系列 黏貼 型 S50 片包 日用 百貨類 民生 紙品 5 星巴克 大 杯 焦糖 瑪奇朵 兌換 冰熱任 選活 動品 咖啡 類現 做 咖啡 飲品 4210CNP 膠原 玻 尿酸 彈力 密度 精華組 3015ml2 入彈 珠精 保健食品 類美 肌纖體 70 日本 帶殼生 蠔 600g 包冷凍 食品 類冷凍 海鮮 5 白帥帥 抗病毒 防 蟑 天然 地板 清潔劑 2000g 日用 百貨類 家庭 清潔 洗劑 15 上 野物 產 Q 彈 爽脆 小肉豆 500g 土 10 包 x1 包冷凍 食品 類冷凍 蔬菜 20 台灣 現貨 日式 起泡 網 肥皂 網洗 臉 專用 肥皂 網 香皂 網袋 日用 百貨類 家庭 清潔 洗劑 25 台灣現 貨退 熱貼 降溫 神器 清涼 消暑 降溫 退 熱冰涼 貼 水果 味 保健食品 類醫材 藥品 10 協乘 紫心 甘藷 粉 150g450g1000g 紫薯 粉烘點 心 零食 類餅 乾 50 分開 包裝 10 黑胡椒 鮮食類 小菜 滷 味 5 切 8 片 謝謝 保健食品 類 保健 養生 10 台灣出 貨除 濕包 超強 可 掛式 除溼 袋 除溼 除溼 袋 防潮 日用 百貨類 家庭 清潔 用品 210 張君雅 蝦 酥脆 拉 麵 條餅 點心 零食 類餅 乾 145 順易利 幼幼 口罩 醫療 順易利 兒童 醫療 立體 口罩 幼幼 口罩 小童 口 保健食品 類醫材 藥品 3603M 百利 香氛 馬 桶 刷 2 柄 9 補充 包刷頭 馬 桶 刷 日用 百貨類 家庭 清潔 用品 25 天地 合補 單位 葡萄糖 胺 龜鹿 雙寶穩立 強化 配方 68ml 保健食品 類 保健 養生 205 那堤 20220909f0lap4c0 烘焙 甜點類 其他 甜食 5 華麗糖 芯日 拋隱形 眼鏡 10 片裝 冰霧 灰 500 保健食品 類醫材 藥品 35 豌豆 飴 250 克 全素 點心 零食 類 糖果 25 難 吃 的 瓜子 原味 葵花籽 500g500 公克 點心 零食 類堅果 20 贈潤 滑液 杜蕾斯 保險套 AIR 輕薄幻 隱潤 滑裝 飆風碼 超 保健食品 類醫材 藥品 25Cocodor 春季 水仙花 室內 擴香瓶 120ml 香氛 香味 日用 百貨類 家庭 清潔 用品 5 新品 上市 TPLINKRE315AC1200Me 烘焙 甜點類 蛋糕 25 十全 iOiO 食在 愛我 元素 蒟 蒻 維生素 蘋果 膠原 蛋白 蜜桃 保健食品 類 保健 養生 145 橘子 工坊 天然 濃縮 洗衣 精制 菌力 13 組 1800mlx1 日用 百貨類 衣物 清潔 75 享食 尚黃金 組合 益生菌 眠 30 入盒 第四代 PY109 益生菌 保健食品 類 保健 養生 30 生活 良好 深焙 芝麻 沙拉 醬 民生 食材類 料理 調味 135 伊藤園 焙茶 530ml24 入箱 飲料 類茶 飲 125 楓康 鹹 酥 脫殼 蠶豆 酥 20 點心 零食 類堅果 270 那堤 20220916p93jduxi 烘焙 甜點類 其他 甜食 5 威猛 先生 浴室 全效 組噴槍 瓶 500g 補充 瓶 500g 愛買 日用 百貨類 家庭 清潔 用品 5 飛牛 冰淇淋 鮮奶 100g 烘焙 甜點類 其他 甜食 5 旺仔 小 饅頭 105g 點心 零食 類餅 乾 105VIVISPA 兌換券 生鮮 食品 類生鮮 水果 25 中衛滅 菌 棉棒 15cm10mm10 入 保健食品 類醫材 藥品 410 台灣現 貨免 運熱敏 紙塗 改液 保密 神器 消除 液熱 感紙 塗 改液 保健食品 類醫材 藥品 160 大量 現貨費 列羅 金沙 巧克力 費列羅 榛果 巧克力 金莎 進口 婚慶點 心 零食 類 巧克力 15 竹筒 飯鮮 食類 米 飯類 60 璞澤 家居 日本 製 六角 耐高溫 彩色 防滑 筷子 洗碗 機 日用 百貨類 家庭 清潔 洗劑 103M 超舒淨 6 坪 負離子 空氣 清淨機 FAM12 舒服 藍 日用 百貨類 家庭 清潔 用品 165 大 丸子 現貨速 出雞 仔牌 洗衣 槽 清潔 專用 日用 百貨類 洗衣 用具 155 波浪 地瓜 條大份 點心 零食 類餅 乾 165Lovita 愛維 他 蜂膠 滴液 18 生物 類黃酮 30ml 保健食品 類 保健 養生 90 光泉 高鈣 牛乳 200mlx24 入 乳品 類 保久乳 30 桂格 完膳 營養素 50 鉻 配方 糖尿病 適用 250MLx24 罐 保健食品 類 保健 養生 15 達摩 本草 美國 專利山 苦瓜 胜月 太 x5 盒 90 粒盒 穩定 平衡 保健食品 類 保健 養生 50 昇 田 鹹 蛋 麥芽餅 500g 包 500g 包點心 零食 類餅 乾 45 霓淨思 AC 雙粹 賦 活潤澤 精華 30ml 官方 旗艦店 保健食品 類美 肌纖體 10Heartfelt 用心 餅乾 蜂蜜 檸檬鳳梨紅茶 紫米 椰子 葡點心 零食 類餅 乾 40 中埔鄉 石蓮花 果汁 960mlx12 瓶 飲料類 果汁 果醋 飲 5 冷藏 肉豬 里肌肉 排意 公斤 冷凍 食品 類冷凍 肉品 75 川崎 健康 居家 拖鞋 粉 日用 百貨類 家庭 清潔 用品 860 火腿 培根 蛋華頌 套餐 20220913y0tc0254 鮮食 類漢堡 5DasMarchen 德國童 話 香甜 蘋 果茶 100g 盒 烘焙 甜點類 蛋糕 15NIVEA 妮維雅 純萃 保養 天然 有機 身體 水 凝乳 350ml 日用 百貨類 家庭 清潔 用品 145ACESUPERKIDS 維他 命 D 軟糖 點心 零食 類 糖果 190 綜合菇 200 有機 生鮮 食品 類生鮮 蔬菜 465 台灣現 貨買 五送 一 天然 盤香 4 小時 艾草 沉香 薰香 臥 日用 百貨類 家庭 清潔 洗劑 5SDW 超導 遠紅外 線護 手腕 一對 ML 保健食品 類醫材 藥品 5LAMER 海洋 拉娜 完美 潤色 防護 乳 SPF3040ML 日用 百貨類 家庭 清潔 洗劑 5 女王蜂 台灣 特選 純龍眼 蜂蜜 x3 盒 800gX2 瓶盒 民生 食材 類果 醬 抹 醬 10 即期 品中 興米 中興 履歷 無 洗米 15KGCNS 二等 生鮮 食品 類生鮮 水果 40 東鳩 比諾 豌豆 脆條 奶油 大蒜 60g 點心 零食 類餅 乾 15 經典 特調 冷萃 咖啡 20220914i0tr3lag 咖啡 類罐 裝瓶裝 咖啡 5 抗菌 紗布 毛巾 綠 日用 百貨類 家庭 清潔 用品 20 冰燕麥奶 焦糖 瑪奇朵 x220220904i5hu0 烘焙 甜點類 其他 甜食 5 午 後 小食 光 地瓜 條 地瓜 脆條 天然 蔬果 脆片 120g 點心 零食 類餅 乾 20 大醫生 技黑 醋栗 葉黃素 複 方膠 囊 700 元乙瓶 買 3 送 1 瓶 500 保健食品 類 保健 養生 115 金時 地瓜 冠軍生鮮 食品 類生鮮 水果 20 棉棒勤 達 得意 3 消毒 10s 日用 百貨類 民生 紙品 170SENGI 叮 不到 防蚊液 日用 百貨類 家庭 清潔 用品 65 胡麻 油 650ml 虎尾 生鮮 食品 類生 鮮海鮮 45 起司 炙燒 豚 丼 鮮 食 類 米 飯 類 525 丹麥 ARLA 鮮 奶油 200ML 乳品 類鮮 乳類 10 台 灣 製 造 固 得 牌 藍 地球 封箱 膠帶 48mm90yOP 日用 百貨類 家庭 清潔 用品 60 綜合 礦物質 發泡 錠 保健食品 類 保健 養生 60 馬 玉山 特濃 核桃 黑芝麻糊 37gx50 包盒 飲料類 沖 泡類 飲品 20 盛花園 日本 原裝 進口 新 包裝 九州 產 100 大麥 若 葉青汁 50 入 保健食品 類 保健 養生 25 鹹 蛋 蟹 黃 風味 蠶豆 人 60G 點心 零食 類堅果 10 聖藏 買 S 大有機 濃豆漿 無加 豆米 漿 植物 奶豆漿 450 一匙 靈 抗菌 EX 除菌 去 漬 液 日用 百貨類 家庭 清潔 洗劑 20 青 花椒 香麻 咔 啦 雞腿堡 雙人餐 辣 20220916a 鮮食 類漢堡 5 無調 味小魚 點心 零食 類堅果 1115 丸莊 香菇 素 蠔油 1 加 侖 桶 45kg 桶 民生 食材類 料理 調味 280 玉米 罐頭易 開罐 玉米粒 甜 玉米粒 玉米 罐頭波 爸玉 民生 食材類 罐頭 415 那堤 20220916c1aq9bjq 烘焙 甜點類 其他 甜食 5 海鮮 煎餅 20220918f3zsvacn 點心 零食 類餅 乾 5 公司 貨代開 發票 DRWU 超逆齡 緊 緻 精 華 露 輕 角 鯊 精 華 乳 精 華 保健食品 類美 肌纖體 25 買 扒 扒 飯 泰椒醬 260g 鮮食 類米 飯類 30 特盛 翠玉 牛 丼 套餐 20220912z0id62a1 鮮食 類米 飯類 5 減加 壹 4447100 荷蘭 高脂 可可粉 2024 乳品 類發酵 乳 536 法郎 典藏 咖啡 240ml 拿 鐵 咖啡 類罐 裝瓶裝 咖啡 145 現貨 日本 小林 製 藥 垃圾桶 除臭 貼 27mL 廚餘 除臭 貼垃 日用 百貨類 家庭 清潔 用品 10 家樂氏 什錦果 麥 葡萄乾 杏仁 果 口味 375g 早餐 穀 物脆 片 買 飲料類 沖 泡類 飲品 5 新東陽 辣味 牛肉乾 點心 零食 類肉 乾肉紙 3290 冰特燕 可可 瑪朵 中 咖啡 類現 做 咖啡 飲品 60 桂格 雙效 大燕麥片 700g 豆米 漿 植物 奶豆漿 345 光泉 冷泡 烏龍 茶 飲料 類茶 飲 15e 冷藏 肉 台糖 豬 梅花 火鍋片 300g 盒 300g 盒 冷凍 食品 類冷凍 肉品 15 難 吃 的 瓜子 焦糖 味 葵花籽 500g500 公克 點心 零食 類堅果 155 農純鄉 滴 雞 精 50mlx8 包盒 保健食品 類 保健 養生 54713837022393 統 一生 機 果然 優 核桃 150g 點心 零食 類堅果 80 超 便宜 特價 日本 原裝 進口 小白兔 暖 暖 包 手握 式 24 小時 1 包 保健食品 類醫材 藥品 10 美天 健葉酸錠 100tables 保健食品 類 保健 養生 10 伯朗 精品 咖啡 衣索 比亞 240ml6240ML6 咖啡 類罐 裝瓶裝 咖啡 55 洽洽 葵珍葵 瓜子 110g 點心 零食 類餅 乾 35PP 波瑟楓 妮 二代 石墨 烯 懶人 塑崩褲 2 件 組 日用 百貨類 洗衣 用具 10 醇 濃抹 茶 那堤 20220919r6jssip0 烘焙 甜點類 其他 甜食 5 福吉茶 那堤 20220912lgmuq97u 烘焙 甜點類 其他 甜食 5 抹 茶 那堤 20220912g6xgdh21 烘焙 甜點類 其他 甜食 5 糖鼎 黑糖 薑 母 7 入點心 零食 類 巧克力 20 代收 代付 小兒 利撒 爾樂膚 LOVE 藍莓 口味 咀嚼 錠 60 保健食品 類 保健 養生 10CSD 中衛 醫療 口罩 玩色 系列 深丹寧 炫 霓 紫 1 盒入 3 保健食品 類醫材 藥品 105 超值 大容量 防蚊液 防蚊 小黑 蚊防 蚊液 天然 精油 防蚊液 1 日用 百貨類 家庭 清潔 用品 10 每日 優果 辣 芒果乾 180g 點心 零食 類堅果 60 優源 好食 黑芝麻 杏仁 飲 300ml 保健食品 類 保健 養生 15 薯餅 HashBrown20220907s1xi 烘焙 甜點類 其他 甜食 5 雞肉 飯 便 當加鮮 煎蛋 加飲料 鮮食 類米 飯類 140Lotte 樂天 BINCH 巧克力 餅乾金幣 巧克力 蘇珊 小姐 點心 零食 類 巧克力 55 大研 生醫舒敏 益生菌 膠囊 30 粒盒 嚴選 5 隻 國際 文獻 實證 保健食品 類 保健 養生 5 那堤 20220906n1f8sj3e 烘焙 甜點類 其他 甜食 5 那堤 20220912b1skea00 烘焙 甜點類 其他 甜食 5 麗滋 檸檬 三明治 點心 零食 類餅 乾 14835Stoneridge 濃縮 酸 櫻桃汁 473ml1 瓶 3 瓶裝 日用 百貨類 家庭 清潔 洗劑 10 綜合 水果 禮盒 999 生鮮 食品 類生鮮 水果 195 沐 木屋 防風 打火 機 每支 2 元 日用 百貨類 家庭 清潔 用品 30 嬰兒 棒 愛樂恩 大象 機噴霧器 鼻腔 吸引 瓶 鼻涕 吸引 瓶愛樂恩 日用 百貨類 家庭 清潔 用品 140PaMi 曾 拌 麵 香蔥椒 麻麻 油椒香 胡麻 醬香 任選 3 袋 4 民生 食材類 泡 麵 460 多功能 雙面 吸水 毛巾 台灣 公司 貨擦車 毛巾 雙面 使用 強力 吸水 日用 百貨類 家庭 清潔 用品 105 奶瓶 刷 五件套 5 件套 360 度旋轉 嬰兒 用品 360 度 海棉 奶 日用 百貨類 家庭 清潔 用品 35 林太太 魚 鬆 調 味 蝦 即食 蝦 酥脆 蝦 蝦 干 蝦子 蝦仁 蝦 冷凍 食品 類冷凍 海鮮 5 萬家 香味 醂 1500ml6 瓶箱 箱購 民生 食材類 罐頭 15 青橄欖紐 西蘭有 機綠色 奇異果 禮盒 3612 入生鮮 食品 類生鮮 水果 10 可果 美 OTOMATE100 蕃茄 檸檬汁 飲料類 果汁 果醋 飲 130 豬肉 起司 炊米堡 20220906e71gn0g9 鮮食 類漢堡 5 鮪 魚 玉米 磚壓 三明治 20220916aw8nr2cs 鮮食類 三明治 5 喵 咪 法式 吐司 20220908b4ufkwqy 烘焙 甜點類 麵 包 5 巧益 書 包型 原味 優格 蒟 蒻 凍 200g 點心 零食 類 糖果 5 婕 樂纖高 機能 益生菌 三盒 入 一身 好菌益 生聯 三合一 JE 保健食品 類 保健 養生 20 雞肉 飯 便 當加 胭脂 梅花 肉 20220904y2xqj1 鮮食 類米 飯類 5 拿 鐵 Latte8oz 咖啡 類罐 裝瓶裝 咖啡 25 樂伊妥 膠囊 28 顆 益生菌 丹 麥 製 造 保健食品 類 保健 養生 10 義美 100 柳丁 汁 飲料類 果汁 果醋 飲 50 柳橙 鮮果 風味 綠茶 20220914tae7djdp 飲料類 果汁 果醋 飲 5 卡滋菲力豬 排 丼 20220923pruz73xw 鮮食 類米 飯類 5 超強 清潔力 魔術靈 日本 原裝 去 霉劑 噴槍 瓶 400M 日用 百貨類 家庭 清潔 洗劑 55 黃 金 薑 黃 精華 30ml 預防 肌膚 老化 BB 強化 肌膚 日用 百貨類 民生 紙品 15 樂雅樂 橫濱 牛肉 咖哩 調理包 200g 民生 食材類 料理 調味 150 奇暢 L 型 清潔 刷刷 杯子 杯刷 奶瓶 刷洗 杯刷 保溫 瓶 清 日用 百貨類 家庭 清潔 用品 5 雀巢 金牌 咖啡 補充 包 120g 咖啡 類 沖 泡式 咖啡 115 垂坤 Q 心豆 干純素 340g 點心 零食 類 糖果 10 小獅 王旋 轉式 奶瓶 刷尼龍 軟毛 日用 百貨類 家庭 清潔 用品 15 黑松 茶 尋味 新 日式 綠茶 1230ml 家樂福 飲料 類茶 飲 5 鋼針 耳環 6 入 水果 拼盤 生鮮 食品 類生鮮 水果 10 大雞魯飯 20220920y3vgklup 鮮食 類米 飯類 5 楓康 烘培 料理 紙 30cmx10m20220911u 日用 百貨類 家庭 清潔 用品 5 原味 蛋撻 2 顆 20220923z9tim60t 烘焙 甜點類 麵 包 5 香酥 紅 糟肉 點心 零食 類肉 乾肉紙 5ND 精油 木質 調 精油 檜木西 印度 檀香 雪松 肖楠 花梨木 日用 百貨類 家庭 清潔 洗劑 40 青春 爆水凝露 組 保健食品 類美 肌纖體 125 義美 檸檬薄餅 夾心 144g 點心 零食 類餅 乾 150 健康 廚房 泰式 甜辣 醬 20 民生 食材類 料理 調味 275 味全 每日 CPLUS 維生素 A100 綜合 果蔬汁 飲料類 果汁 果醋 飲 615 富麗 美乾濕 兩用 防滑 衣架 藍 10 入 日用 百貨類 洗衣 用具 200 配件 手持 噴霧 藥杯 組噴霧器 手持 藥杯 組吸 鼻器 噴霧器 適用 日用 百貨類 家庭 清潔 用品 30 愛台灣 在 地 小 農種 的 新鮮 天然 小米 穗 黃 米 穗 紅米 穗 10 民生 食材類 米 10 台灣現 貨康朵 水垢 尿垢潔淨 噴霧 400ML 清潔 浴室 用 日用 百貨類 家庭 清潔 洗劑 5Giurlani 促銷 老樹純 橄欖油 禮盒 組 1000mlx 民生 食材類 料理 調味 20 理膚 寶水多 容安舒緩 保濕化妝水 400ml 升級 版 修護 保濕 保健食品 類美 肌纖體 175 義 大利 佳樂錠 牛奶 片 100g 牛奶 巧克力 草莓 好市 多 必點心 零食 類餅 乾 10Dyson 前置 濾網 日用 百貨類 家庭 清潔 用品 40 溫莎公煮 7 種 口味 雪 Q 餅點心 零食 類餅 乾 5 中秋 烤肉 海產 教父 紐西蘭 進口 牧場 嫩 肩 牛排 100g 生鮮 食品 類生鮮 肉品 5 台歐 XLINE 摩貼 舒傷口 敷料 8 片盒 58CM 傷口 保健食品 類醫材 藥品 160 日本 境內 王子 Whito 純白 超薄 長 效紙 尿褲 褲型 LXL 號 日用 百貨類 民生 紙品 5 賢者 之食 桌纖維 粉末 包 6g30 入 保健食品 類 保健 養生 25 日本 Drywell 涉井 萃取 蘆薈 元素 無色 無味長 效潤 滑 保健食品 類 保健 養生 10 日本 版 PGBOLD 本格 消臭 衣物 芳香 粒 2020 限定版 香 日用 百貨類 衣物 清潔 15 良心 桌球 小 舖 德國陽光 高級 清潔海 綿海綿 擦 日用 百貨類 家庭 清潔 用品 25 發票價 金牌 龍牌 金門 一條 根 精油 霜溫 熱型 頂級 版水 保健食品 類醫材 藥品 50 盛 籐 蜜糖 系列 成人 平面 醫療 用 口罩 1 包 10 入 款式 可選 保健食品 類醫材 藥品 55 有機 發芽 無 加糖 黃 豆漿 1000ml 稻屋 M 點心 零食 類 糖果 510 日清拉 王豚 骨醬 油風味袋 麵 97g 民生 食材類 料理 調味 30 新 錸 家居 旋轉 拖把 超細 纖維 拖布 6 入 360 度 拖 把手 壓式圓 日用 百貨類 家庭 清潔 用品 105Earth 製 藥 免 水洗 冷氣 清潔劑 無香 藍 日本 日用 百貨類 家庭 清潔 洗劑 5 樂台羽 茶茶 羽茶 冰 一次性 塑膠杯 適用 飲料 類現 做 茶 飲品 285BK7889Bakingsoda 雙效 菜瓜布 日用 百貨類 家庭 清潔 用品 240 澳佳 寶維生素 BC60 錠 保健食品 類 保健 養生 2700Fuchs 福紅 綜合 水果 穀 物脆 片野莓 穀 麥片 蘋果 燕麥片 豆米 漿 植物 奶豆漿 10 乳 砵 磨藥 砵 3LFF1,5
拜維佳維 生命 B 群發 泡錠 15 錠 柳橙 口味,10
919 全飲品 折 10 元,40
肌立 乳膠 30,10
福樂 超能 蛋白 牛乳,285
龜甲萬 豆乳 香蕉 風味,1030
926 全飲品 折 10 元,45
羊乳 片小麥 購物 24H 出貨 台灣 現貨 A123 羊 乳糖 乳片,50
NAILTONE 金純 植萃 指緣 油 8ml 檸檬草 香,30
皇家 極品 麝香 咖啡 600ml,15
21PLUS21 風味館 兌換券,2565
統一好 菌 多 一點 6 入,5
QUAKER 桂格 高鐵高 鈣 奶粉 7 倍 膠原 蛋白 1500gX1 罐,120
9789575324773NEWTOEICTEST 多益 一,5
9789575324780NEWTOEICTEST 多益 一,5
桂格 三益菌 成長 奶粉 1500G 愛買,85
美康 乳膏 16G,25
現貨開 發票 日本 牛乳 石鹼 無 添加 卸妝乳 150ml,10
LOccitane 歐舒丹 乳油 木 牛奶 皂 100g,35
丹麥 FRIGG 奶嘴 Daisy 花型 奶嘴 天然 乳膠款 1,20
15 元 飲品 抵用券 B,45
VISA 飲品 第二杯 6 折,40
工研 咖哩 125g 辣味 中辣 蘋果 蜂蜜 素食 兒童 甘味,10
四合 一頂級 天然 礦物 培菌柱 火山岩 麥飯 石 石英石 沸石 多孔,20
原萃錫蘭 無糖 紅茶 580mlx24 入箱 愛買網,5
Contrex 法國 礦翠 即期 品 天然 礦 泉水 500mlx24,15
S 統 一生 機星 米果 牛奶 風味,1065
NARUKO 牛爾買 1 送 1 茶樹 痘痘 粉刺 調理 晚安 凍膜 80,55
239 小時 內出 貨附 發票 丹尼 堂岩 鹽 糖 檸檬味岩 鹽 糖,5
DyDomistio 葡萄 風味 碳酸 飲料 500ml,25
酷爽 涼片 68g 西柚味,55
Trewa 夏多內,55
樺富 樺 達 奶茶 飲品 七折 品,35
MadamJans 多層次 純素 植物 奶 豆乳 優格 雙重,5
多一點,10
allin 乳清 100 分離式 乳清 麥芽 牛奶,10
多一些,5
日本 牛乳 石鹼 無 添加 卸妝油 150ml,5
4713517167772 曼寧風味 台灣,15
電子 發票 現貨達 摩 本草 專利蔓 越莓益菌 法國 專利 rocy,25
贈法蘭絨 布倍力 BlueBay 澳蜜 多 寵恩素 娜塔 花蜜,105
國太樓 柳橙 風味 伯爵 紅茶 增量 版 576g,35
大 正 止咳 糖漿,5
法國 Vittel 法維多 天然 礦 泉水 750ml750ml 玻璃,5
思高 活齡 滋養 乳液 200ml,60
藥潔 芙樂 乳膏 20g,15
9789575325077TOEICLRTEST 多益,25
久保 雅司 VitaCran 蔓越莓 粉 活菌 王 胺基酸 蔓越莓,15
allin 乳清 分離 濃縮 乳清 綠 豆沙,5
掬水 軒營 養口 糧 140g 超取 限 30 包,30
卡瑪 生活 館 MORINAGA 森永 牛奶糖 森永牛,55
OTC 益可膚 乳膏 22g,35
豐台灣 薏仁 牛奶 柔白 蠶絲 面膜 5 入,10
林鳳營 草莓 特濃 優格,2245
ON 分離 乳清 香草,170
雅方 AKEMI 冰炫 果酸 70gx5 支盒 70gx5 支盒,25
林鳳營 特濃重 乳 優格,240
920 全飲品 折 10 元,55
現貨轉 讓 維納斯 咖啡 維納斯 奶茶 維納斯 可可 高纖 蔬果 粉,40
HonFaith 韓斐 韓國 hylabs 養樂多 益生菌,5
法國 Vittel 法維多 天然 礦 泉水 500ml500ml,25
7APP 咖啡 活動 任選 2 杯 55 折,30
綠泉 新纖 酵素 360 錠 達觀,45
TarnJuQ10 緊實 乳液 500ml,35
乳香 世家 純特價 94,10
卡瑪 生活 館 臺 灣極味 酵素 梅 200g 抹 茶梅 蔬,5
嶼 姜 姜茶 濃縮 飲蔓 越莓 口味,5
雀巢 茶品 檸檬茶 530mlx4 瓶組 530mlx4 瓶組,130
CocaCola 香草 可,5
R 瑞安 健特膚 乳膏 20gm,175
菊泉堂 胡麻 道樂 200g,15
SLOWCOW 酷牛 火龍果 柑橘 風味 碳酸 飲料 250ml,5
日本 AGFLATORY 沖 泡 飲 牛奶 可可 拿 鐵風味 日本 原裝,5
維維樂 R3 活力 平衡 飲品 草莓 奇異果 350ml,35
椒 鹽 多 一點 吸管,5
多,160
愛不 囉 嗦 X 麻吉貓 牛萌王 超濃 乳酪 絲 100 牛奶 製 作,5
5E8L 乳霜 15ml,15
免運送 2 包瓜哥 乳清 Allin 乳清 cp 乳清,160
922 全飲品 折 10 元,60
Yakult 蕃 爽麗茶,30
貝納頌 3 合 1 曼特,430
別 蚊 我 草本 驅蚊 貼片 15 枚 保健食品 類醫材 藥品 75 船井 burner 倍 熱極 纖錠 夜 孅 胺基酸 EX 日夜 代謝加 強組 保健食品 類美 肌纖體 50 依洛嘉 勞拉蜜兒 膠原 蛋白 修護 保濕 唇膜紅 5 入網 保健食品 類美 肌纖體 10 現貨 發票 纖濃紅豆 水大 寮 紅豆 無糖 紅豆 水大 寮 農點心 零食 類即 飲 甜品 50 益壽多 辣味 速食 咖哩 125g 盒 125g 盒 民生 食材類 料理 調味 270 五木馬祖 老酒 麵 線 4 入 民生 食材類 料理 調味 10 代收 代付 必安住 水蒸 式 殺 蹣滅 蟑劑 15g 水煙式 殺蟲劑 日用 百貨類 家庭 清潔 用品 5591 量 大多 件 賣場 台灣現 貨免 運費 一點絕 5g 蟑螂 藥 日用 百貨類 家庭 清潔 用品 60 明治 白巧克力 片裝點 心 零食 類 巧克力 70Farcent 花仙子 衣物 香氛 袋 粉戀 櫻花 晨露 香氛 玫 日用 百貨類 家庭 清潔 用品 5 上 好生 醫 成人 櫻 花粉 50 入裝 醫療 防護 口罩 保健食品 類醫材 藥品 135ScottyBear 那 隻 熊 Z02029 新款 韓版 IN 點心 零食 類 糖果 5MaximMochagoldLight 摩卡 減糖 經典 三點心 零食 類堅果 25 善存維 他命 C 甜嚼錠 30 錠 60 錠 保健食品 類 保健 養生 20 悅氏礦 泉水 22Lx8 入箱 愛買 飲料 類茶 飲 55YuKi 可可 風味 喜馬拉雅鹽 夾心餅 152g 點心 零食 類 糖果 100 福伯 特濃 咖啡 糖 500 克馬來 西 亞 製 袋 裝 奶 素 點 心 零食 類 糖果 10M00440453795 飲料 類茶 飲 5VITESSE 嚴選 神奇 海綿 神奇 奈米 魔力 擦 科技 海綿奈米 日用 百貨類 家庭 清潔 用品 35 伯爵 茶 那堤 20221123s5xz2uqq 烘焙 甜點類 其他 甜食 5 彩蔬 鮮菇 比薩獨 享餐 20221123z6bs34dd 點心 零食 類豆 乾 5 履歷 歐式 綜合 萵苣 紅橡皺 葉生鮮 食品 類生鮮 蔬菜 210 澳洲 紅皮馬鈴薯 生鮮 食品 類生鮮 水果 10MISURA 餅乾 120g 六種 穀 物點心 零食 類 糖果 15 清潔布 纖維布 超細 纖維布 超纖維萬用 抹布 抽取 式 抹布 抽取 日用 百貨類 家庭 清潔 用品 5CHIFUR E化 妝水 乳液 組合 CHIFURE 官方 旗艦店 保健食品 類美 肌纖體 5 雙層 豬肉 瑪芬堡 加蛋 20221115n3ea5uwb 鮮食 類漢堡 5 小朋友 咖哩 20221117f6kxg7gs 點心 零食 類 糖果 5PG 補充 包 衣物 芳香 顆粒 消臭 抗菌 430ml 日用 百貨類 衣物 清潔 5 現貨 WOOWAY 冬季 絨毛 高密度 熱 水袋 附絨套 暖 手袋 保健食品 類醫材 藥品 5 台灣 現貨 不 鏽 鋼 衣架 衣架 防滑 曬 衣架 防風 曬 衣架 防滑 日用 百貨類 洗衣 用具 15 限 今日 付款 完成 春風 抽取 式 廚房 紙巾 一秒 抽秒廚 120 抽 日用 百貨類 民生 紙品 35 水溶性 情趣 潤滑液 隨身 包 6ml 情趣用品 成人 用品 飛機杯 保健食品 類醫材 藥品 50 韓國 原裝 進口 韓國濟州島 Rarita 頂級 24k 純 金海 馬 逆齡面 飲料 類茶 飲 90 紙巾 包 5 日用 百貨類 民生 紙品 5HAOFA 氣密型 99 防護 醫療 N95 口罩 彩耳款 桃紅 10 入 保健食品 類醫材 藥品 35 活益 比菲多 益生菌 小 Q 果凍 原味 280g 點心 零食 類 糖果 5 飯友 地瓜 粉 太白粉 200g 薯粉 小包 裝 民生 食材類 料理 調味 10 黑師傅 比樂口 捲 心 酥 牛奶 點心 零食 類 糖果 15 星巴克 太妃 核果 風味 拿 鐵 咖啡 膠囊 12 顆盒 適用 於 點心 零食 類即 飲 甜品 95 尖叫 油壺噴 油瓶 醋瓶 油瓶 醋瓶 醬 油瓶 米 酒瓶 調味料 瓶 民生 食材類 料理 調味 20CICA 搬運工 VT 老虎 積雪草 面膜 玻 尿酸 黃 金 蜂蜜 保健食品 類美 肌纖體 10FMD 現貨 日本 花王 Quickle 除塵 拖把 馬 桶 日用 百貨類 家庭 清潔 用品 115 樂天 小熊 餅 巧克力 風味點 心 零食 類 巧克力 10 加厚 洗衣袋 衣物 洗衣袋 護洗袋 內衣 洗衣袋 洗衣 網 多款 選擇 日用 百貨類 洗衣 用具 25 勃金 女用 快感 提升 液 提升 凝露 15ml 保健食品 類醫材 藥品 5LGPuriCare 口罩 型 空氣 清淨機 UV 消毒 充電盒 PW 日用 百貨類 家庭 清潔 用品 10 黑松 綠洲 100 蘋果 還原 果汁 250ml24 入組 飲料 類茶 飲 15 嚴選 台東 綜合米 民生 食材類 米 50 自然 素材 媽 媽 鬆 煎 餅 蜂蜜 雞蛋 80G 良品 小 倉點心 零食 類 糖果 54550344596593MUJI 無 印良品 壓克力 膠帶 台點心 零食 類 糖果 10 瑞穗 全脂 290ml 乳品 類鮮 乳類 5 義美燕麥 脆莓果 豆米 漿 植物 奶豆漿 515 台鹽 十益菌 保健食品 類 保健 養生 80 細節 刷洗 車刷 gogoro 清潔刷 krvforc 日用 百貨類 家庭 清潔 用品 30 極品 奶 清茶 飲料 類茶 飲 5M00425475789 飲料 類茶 飲 5M00426458301 飲料 類茶 飲 5M00426792122 飲料 類茶 飲 5M468142396 飲料 類茶 飲 5M468255621 飲料 類茶 飲 5M471516241 飲料 類茶 飲 5M494075970 飲料 類茶 飲 5 魚鱗紋 清潔 抹布 抹布 清潔布 擦 手巾 洗碗 擦拭 不留 水痕 日用 百貨類 家庭 清潔 用品 15 世界 GO 日本 兼吉無籽 干梅 無籽 干梅梅 干 原味 160g 點心 零食 類 糖果 100272170049 生活 泡沫 紅茶 330ml 飲料 類茶 飲 170 熊寶貝 竹萃 淨味 除臭 清新 噴霧 日用 百貨類 家庭 清潔 用品 40 現貨供 應 小林 製 藥 馬 桶 除臭 香氛 花瓣 型 凝膠 28gBL 日用 百貨類 家庭 清潔 洗劑 5 聖誕節 梨汁 軟糖 糖果 零食 聖誕節 糖果 軟糖 點心 零食 類 糖果 90 蝦皮 最低 價現 貨免 運 地板 清潔片 多效 合一 地板 清潔片 除垢 清 日用 百貨類 家庭 清潔 洗劑 5 義美 巧克力 球 三角 包 超大 葡萄乾 巧克力 球 144g 杏仁 巧克球 1 點心 零食 類 巧克力 10 二合一 滅蚊器 日用 百貨類 家庭 清潔 用品 50 新 百果山 蜜餞 無糖金 鑽鳳 梨果 乾 水果 乾 專賣 點心 零食 類果 乾 10 大 文蛤 已吐沙 生鮮 食品 類生鮮 水果 30 盛香珍 芥茉 青豆 240g 點心 零食 類堅果 140 統 一生 機有 機黃豆 380g 保健食品 類 保健 養生 20 義美 乳酪 捲 65g6 入 乳品 類優酪 乳 40 鮭魚 肚冷凍 食品 類冷凍 海鮮 115 利全 甘草 瓜子 250g 生鮮 食品 類生鮮 水果 15 糖醋 魚 保健食品 類 保健 養生 35BV 康視騰 彩色 日 拋 10 片裝 熠光 棕 0225 日用 百貨類 家庭 清潔 用品 5TANITABC730WH 九 合一 體組成 計白 保健食品 類醫材 藥品 5 安滿 孕婦 奶粉 900G 日用 百貨類 民生 紙品 25 旺旺 金澎派 351g 點心 零食 類 糖果 25 雷達 速效 蟑螂 螞蟻 葯 無味 550ml 日用 百貨類 家庭 清潔 用品 85 麥當勞 12 塊 辣味 麥脆 x9DC4 腿 12 塊 麥克 x9D 豆米 漿 植物 奶豆漿 60 舒潔 女性 專用 濕式 衛生紙 10 抽 x3 包組 日用 百貨類 民生 紙品 560 洗樂 雙層 洗衣袋 角型 5050cm 日用 百貨類 洗衣 用具 615 珍珠 風自動夾 日用 百貨類 家庭 清潔 用品 60 雙格 瀝水 收納 香皂 海棉 菜瓜布 日用 百貨類 家庭 清潔 用品 70 桂格敏兒 HA 麥精纖果 保健食品 類 保健 養生 160 桃樂絲 自動 把手 寬口 葫蘆 小 奶瓶 蜜桃 日用 百貨類 家庭 清潔 洗劑 5 環潔 平底 薰衣草 香氛 清潔袋 小 日用 百貨類 家庭 清潔 用品 95 牛肝菌 菇 洋芋片 點心 零食 類餅 乾 180 義美生 機繽紛 水果 12g 生鮮 食品 類生鮮 水果 485 魷魚 乾 110g 點心 零食 類肉 乾肉紙 115LOTTE 千層 派 盒裝 巧克力 點心 零食 類餅 乾 4610Panasonic 國際牌 FP50HH 清淨機 專用 原廠 濾網 日用 百貨類 家庭 清潔 用品 20 熊寶貝柔 軟護衣 精補充 包沁 藍 海洋 香 184Lx12 包箱 日用 百貨類 家庭 清潔 洗劑 70 台灣 TRYALL 無 添加 分離 乳清 蛋白 MSG 分裝 5 保健食品 類 保健 養生 130 妙 管家 芳香 除濕劑 淡雅 薰衣草 400ml4 日用 百貨類 家庭 清潔 用品 360 可清 沖 洗用 食鹽 水 15ml8 瓶 日用 百貨類 家庭 清潔 洗劑 80 經典 茄汁 義 大利 麵 鮮食類 麵 食類 220 大拇指 水性 矽利康 透明 270g 支 日用 百貨類 家庭 清潔 洗劑 70 黑糖 冬瓜茶 磚 575g 飲料類 沖 泡類 飲品 290 大拇指 漂浮 內衣 洗衣袋 1715 公分 10 日用 百貨類 洗衣 用具 245 黑松沙士 330mlx24 罐箱 330mlx24 罐箱 飲料類 碳酸 汽水 175 安地斯山 紅鹽 研磨 罐 民生 食材類 料理 調味 20 寶幸 柚子 胡椒 鯖魚 190g 民生 食材類 罐頭 5 生活 運動 飲料 790ml 飲料 類運動 飲料 535 麻豆文旦 柚生鮮 食品 類生鮮 水果 1115 台榮 鰹 魚味 噌 500g 民生 食材類 罐頭 60 溢旺 梅子 葡萄乾 三角 30 點心 零食 類果 乾 80 川崎 健康 居家 拖鞋 淺綠 日用 百貨類 家庭 清潔 用品 335 舒膚 貼 抗菌 人工 皮 2 入 1010cm 保健食品 類醫材 藥品 1010 雷達佳 兒護電 蚊香 補充 瓶 45ml2 入 薰衣草 日用 百貨類 家庭 清潔 用品 450 義美生 醫小資 膠原 蛋白 30 包 保健食品 類 保健 養生 95 統一藥品 DIY 自我 檢測驗 孕試紙 保健食品 類醫材 藥品 2785 嬌生 嬰兒 純水柔 濕巾 棉柔 加厚型 80 片 x12 入箱購 日用 百貨類 民生 紙品 65 雞 胗 原味 125g 鮮食類 小菜 滷 味 35 餅乾濃 巧克力 點心 零食 類餅 乾 5 泰國 Lobo 椰奶 紅 咖哩 醬 100g100g 民生 食材類 罐頭 15 營多椒 麻雞 風味 炒 麵 100g 鮮食類 麵 食類 15 立頓 茶佐茶 無糖 烏龍紅 535ml 瓶 535ml 瓶 飲料 類茶 飲 50OMORY 氣炸鍋 海綿 清潔刷 3 入 日用 百貨類 家庭 清潔 用品 380 藍莓 慕斯 切片 蛋糕 烘焙 甜點類 其他 甜食 70 多滿 自慢 淡麗 純米 點心 零食 類餅 乾 10 薯條 大 烘焙 甜點類 其他 甜食 514640 好侍 佛蒙特 咖哩 甜味 230g 盒 230g 盒 民生 食材類 罐頭 1915 芙賀 茶 覆盆子 烘焙 甜點類 其他 甜食 10H412 型 雙面 乳膠 手套 2 雙 S 日用 百貨類 家庭 清潔 用品 15 澎湖 伯 麻辣 魷魚 絲點心 零食 類魷魚 絲 35e 紐西蘭 富士 蘋果 約 260 克 10 粒 749574 生鮮 食品 類生鮮 水果 35 貼身 寶貝 L5 入產婦 褲 日用 百貨類 民生 紙品 340 樂品 三明治 收納 洗衣 兩用袋 272012 日用 百貨類 洗衣 用具 300 稑 禎 麥 卡 多 鹽 味 薯 條 27g 點心 零食 類餅 乾 2865 來 舒 衣物 消毒 劑 清新 亞麻 日用 百貨類 家庭 清潔 洗劑 10 柔繪筆 黑 日用 百貨類 民生 紙品 55F130 三味 盒組 保健食品 類 保健 養生 15 無塵氏 冷氣 空氣 濾網 日用 百貨類 家庭 清潔 用品 20CW 大蒜 餅乾點 心 零食 類餅 乾 2605 芳香 豆 薰衣草 補 日用 百貨類 家庭 清潔 用品 1435 春日 井 黑糖 飴點心 零食 類 糖果 135 藥國安無糖 烘焙 甜點類 其他 甜食 5 北 日本 奶油 捲 心餅 點心 零食 類餅 乾 150 北 日本 餅乾 酥 點心 零食 類餅 乾 200 口罩 調節 帶 3 入 保健食品 類醫材 藥品 15 明太子 鮭魚 生鮮 食品 類生 鮮海鮮 33205 台灣 e 食餅 白胡椒 餅 190g 點心 零食 類餅 乾 965 調一福堂 入 麻辣 肉脯 餅點心 零食 類餅 乾 75 左岸 昂列 奶茶 4C 飲料 類茶 飲 40245 烤 雞 燻 腸雙 拼 焗 飯鮮 食類 米 飯類 390 亞培 葡勝納 SR 菁選 原味 纖維 200ml30 罐箱 保健食品 類 保健 養生 230 紅豆 紫 米粥 飲料類 沖 泡類 飲品 10430 柏克金小麥 飲料 類茶 飲 170 維義初 榨 橄欖油 民生 食材類 料理 調味 4005 冷藏 美國 帶肉 牛筋 冷凍 食品 類冷凍 肉品 90 真露燒 酎 750ml 鮮食 類米 飯類 25 虎 你 旺 虎皮 蛋糕 烘焙 甜點類 蛋糕 120AiseLect 拿 鐵 咖啡 400ml 咖啡 類罐 裝瓶裝 咖啡 285N012119868 統 一生 機 日式 咖哩 民生 食材類 料理 調味 5 美國棒 腿 提貨 生鮮 食品 類生鮮 肉品 5 有機 奧勒岡點 心 零食 類餅 乾 15 珍珠 芭樂 生鮮 食品 類生鮮 水果 8925 大研 視易 適葉黃素 軟膠 囊 30 粒盒 保健食品 類 保健 養生 455 日本 味王 蔓 越莓口 含錠 升級 版 60 粒盒 60 粒盒 保健食品 類 保健 養生 504 件 超值 組好 神 拖 專利 拖把 日用 百貨類 家庭 清潔 用品 10Ruta 露特 75 暖 薑 黑 巧克力 點心 零食 類 巧克力 10 義美生 機燕麥 脆片 蜂蜜 芒果 160g 飲料類 沖 泡類 飲品 15LottePepero 杏仁 巧克力 脆皮 雪糕 360 公克 6 點心 零食 類餅 乾 60 倍潔雅 無 漂白 3 層 抽衛 PEFC100 抽 8 包 495762 日用 百貨類 民生 紙品 30 萬家香 穀 物醋 600ml 瓶 600ml 瓶 民生 食材類 料理 調味 155 仕馬 管道 疏通 劑 24H 內出 貨仕馬 管道 疏通 劑 管道 清潔劑 日用 百貨類 家庭 清潔 洗劑 10 公司 貨附 發票 龍 金牌 金門 一條 根滾珠 凝露 40ml 保健食品 類醫材 藥品 30 紅 茶花 伝 太妃糖 風味岩 鹽 奶茶 寶特瓶 470ml4 入組 飲料 類茶 飲 45Watsons 隱 形式 胸貼 5 入 2 包 日用 百貨類 民生 紙品 10 泰山 冰鎮 水果 茶 535mlx4 入生鮮 食品 類生鮮 水果 30LANCOME 蘭蔻 奶茶 吐司 刷具 組刷 具清潔 海綿 日用 百貨類 家庭 清潔 用品 5 日本 金鳥 渦卷 蚊香 日用 百貨類 家庭 清潔 用品 35MITSUEI 日本 製 洗碗 精 600mlC132 植物性 日用 百貨類 家庭 清潔 洗劑 5 錦湖 虱目 魚丸 鮮食類 關東 煮 15AF 螺肉 點心 零食 類肉 乾肉紙 90 超強 吸水 抹布 現貨 日本 製 垣 谷 纖 維 備 長 炭 白雪 拭巾 日用 百貨類 家庭 清潔 用品 10 日本 製 桌面 掃 把 組 桌上型 小掃 把 組 白日 用百貨類 家庭 清潔 用品 5 室內 擴香竹 40cm 日用 百貨類 家庭 清潔 洗劑 10 免運電子 發票 鱈魚 香絲 新竹 福源 芝麻 芥末 魷魚 絲點心 零食 類肉 乾肉紙 85 齋之味 純素 墨西哥 紅腸 500g4 大條 入全 素日 用百貨類 民生 紙品 10 德國 Dalli 達麗 官方 直營 蘆薈超 濃縮 洗碗 精 1L 日用 百貨類 家庭 清潔 洗劑 10Glico 格力 高 Pocky 百奇 PRETZ 百力 滋 9 點心 零食 類餅 乾 90 百事 可樂 330mlx6 入 x4 組飲料類 碳酸 汽水 40 菜瓜布 小 嗶 購物 24H 出貨 台灣現 貨廚 房百潔布 海綿 擦 刷 日用 百貨類 家庭 清潔 用品 110 義美香濃 牛奶 小泡 芙 隨手 包點心 零食 類餅 乾 42035 泰山 純水 包裝 飲 用水 350mlx24 瓶水類 礦 泉水 120 耆盛 脫殼 綠豆 民生 食材類 米 515 附 糖醋 醬 民生 食材類 料理 調味 15 米森有 機無麩 質麥片 400g 野莓 保健食品 類 保健 養生 70 代收 代付 佑 合成 人 平面 醫用 口罩 未滅菌 莫蘭迪色 系列 保健食品 類醫材 藥品 80KTBIKER 砂石 濾網 洗車 水桶 砂石 過濾 網隔 沙網 日用 百貨類 家庭 清潔 用品 55 台灣現 貨免 運 多功能 清潔 慕斯 安全帽 清潔劑 泡沫 乾洗 日用 百貨類 家庭 清潔 洗劑 55 熊寶貝 清新 噴霧 100ml 免運附 發票 最新 效期 草本 清新 日用 百貨類 家庭 清潔 洗劑 10 桂格 健康 三益菌 配方 成長 奶粉 3 號 14 歲 1500g 保健食品 類 保健 養生 75 球桿 馬 桶 刷 小麥 購物 24H 出貨 台灣 現貨 Y059 矽膠 馬 桶 日用 百貨類 家庭 清潔 用品 80 現貨上 新納米 洗碗 清潔 海綿 擦 廚房 洗碗 雙面 菜瓜布 家 日用 百貨類 家庭 清潔 用品 5CureQ 兒 活性 水素 水去 角質 凝露 250ml 日用 百貨類 家庭 清潔 洗劑 10 羅 氏 家用 新冠 病毒 抗原 自我 檢測 套組 鼻腔 5 入 保健食品 類醫材 藥品 275UdiLife 生活 大師馬桶 漂白 清潔粉 柑橘 30g 日用 百貨類 家庭 清潔 洗劑 10DUREX 杜蕾斯 超潤 滑裝 保險套 12 入 2 組 保健食品 類醫材 藥品 20 農純鄉 滴 雞 精常溫 8 入盒 保健食品 類 保健 養生 5 築地 一番 鮮 特大 無 CO 外銷 生食 鯛 魚清 肉片 8 片 15020 冷凍 食品 類冷凍 海鮮 5 惠香 原始 風味 益生菌 軟糖 90g 養樂多 口味 寶寶軟 糖 小包 點心 零食 類 糖果 90 煉乳丹 麥 鬆 餅 烘焙 甜點類 麵 包 75 多益 得 Allclean 地板 亮光 抗污 清潔劑 1000ml 日用 百貨類 家庭 清潔 洗劑 20 萬田 小小 兵兒童 海苔 酥 隨身 包 10gx7 包點心 零食 類餅 乾 100 生發號 綜合 鐵蛋 保健食品 類 保健 養生 420 北極 熊 台 製 醫 用 口罩 奧斯 口罩 醫療 口罩 外科 口罩 平面 口 保健食品 類醫材 藥品 245 澳洲 bbox 二 代替 換 吸管 升級 版 水杯 替換 吸管 2 入清潔 日用 百貨類 家庭 清潔 用品 110 碧蘿 村小 黃 瓜 烘焙 甜點類 蛋糕 45 抹 茶 奶霜星 冰樂 20220903f1sq4kg3 烘焙 甜點類 其他 甜食 5 水果 大福 草莓 216g 生鮮 食品 類生鮮 水果 145 橘之屋 海綿 菜瓜布 1 入 11633cm 日用 百貨類 家庭 清潔 用品 1120 焦糖 可可 碎片 星冰樂 20220915e6vfhnt5 烘焙 甜點類 其他 甜食 5 醇 濃抹 茶 那堤 20220908e1vn6y2o 烘焙 甜點類 其他 甜食 5 尼古清 口腔 吸入 劑 日用 百貨類 家庭 清潔 洗劑 35 三多 女性 芝麻 鎂 複 方錠 60 錠 保健食品 類 保健 養生 5 真好家 咖哩粉 30g 民生 食材類 料理 調味 180 蔬菜 20220914bq01unul 冷凍 食品 類冷凍 蔬菜 5 藜 麥 海洋 珍珠 堡 組合餐 20220923f7qne2f 烘焙 甜點類 其他 甜食 5NITORI 宜 得利 家居 布質 沙發床 MULTIFUNC 日用 百貨類 家庭 清潔 用品 10 咕咕 雞堡 鮮食 類漢堡 55 楓康 特級 油 麵 250g 民生 食材類 料理 調味 155 日香量 販冬 筍餅 330g 點心 零食 類餅 乾 5 威化 卷 巧克力 圓罐 點心 零食 類 巧克力 5 可果 美 蕃茄 醬 340g 中 24 生鮮 食品 類生鮮 水果 60 義美蓬 萊寶養 米 15KG 點心 零食 類堅果 30 韓式 泡菜 燒肉 比薩獨 享餐 20220906z1knz2 鮮食 類米 飯類 5 厚切 培根 牛肉 堡 組合餐 20220924f7cl9cl 鮮食 類漢堡 5 正品 帶 發票 Denkmit 馬 桶 水垢 鐵 鏽 清 潔 劑 750ml 日用 百貨類 家庭 清潔 洗劑 20 台灣 現貨 火山石 3L 園藝 專用 氣根 植物 栽種 排水 性 日用 百貨類 家庭 清潔 洗劑 20 現貨免 運折疊 網狀 洗衣 籃 洗衣 籃折 疊 髒 衣 籃 家用 壁掛 式 髒 日用 百貨類 洗衣 用具 60FLAIROSOL 荷蘭 專利 手動 增壓 噴霧 瓶 160ml 日用 百貨類 家庭 清潔 用品 80 康寶田園 南瓜 蔬菜 粥 民生 食材類 料理 調味 50 正品 現貨植 萃護甲液 淨甲護 指液 EXPLUS 灰 保健食品 類醫材 藥品 501971106 帥 sunVenus 美國 專利 葉黃素 20 顆 保健食品 類 保健 養生 5 齋藤珈 琲 店 神戶 咖啡 香醇 8gx10 入袋 咖啡 類 沖 泡式 咖啡 25 歐可茶 葉真 奶茶 F30 巧克力 歐蕾 瘋 狂福箱 40 包箱 飲料 類茶 飲 20 慶祝 單人餐 20221113u4crs1dx 民生 食材類 罐頭 5 慶祝 單人餐 20221115m3yqwuf5 民生 食材類 罐頭 5 慶祝 單人餐 20221116l8fl08ic 民生 食材類 罐頭 5 慶祝 單人餐 20221119n5teao7j 民生 食材類 罐頭 5 棠 素香 仙楂餅 600 公克 包點心 零食 類 糖果 15OilalaPGI 巴薩 米克 醋 民生 食材類 料理 調味 60 勺子 好食 猴頭菇 梅干醬 民生 食材類 料理 調味 15APP 楓康陽光 胡蘿 蔔 生鮮 食品 類生鮮 蔬菜 50 開發票 100 超新 鮮極 純淨業界 唯一 印加 果油 膠囊法 民生 食材類 料理 調味 15 可樂果 原味 組合包 192G 愛買 點心 零食 類 糖果 85 熊寶貝柔 軟護衣 精補 充包 x6 入組 多款 可選氣質 小 蒼蘭 日用 百貨類 家庭 清潔 洗劑 15 重拿鐵 咖啡 熱大厚 咖啡 類現 做 咖啡 飲品 55 海岩 咖啡 冰中厚 咖啡 類現 做 咖啡 飲品 50 蜜醬叉燒 500g 民生 食材 類果 醬 抹 醬 15 義美亞 麻籽 薏仁粉 360g 罐 360g 罐點心 零食 類 糖果 20 精固力 990 克 葡萄糖 胺液 保健食品 類 保健 養生 10M00483554989 飲料 類茶 飲 5M00483720843 飲料 類茶 飲 5M00484747104 飲料 類茶 飲 5M00485622385 飲料 類茶 飲 5M00486156076 飲料 類茶 飲 5 杜老爺 甜筒 雙倍 巧克力 冰淇淋 86gx4 支 冰品 類 冰淇淋 10 盛香珍 濃厚 巧克力 法國 酥 110g 包 官方 旗艦 店點心 零食 類 糖果 20 便器 椅輪子 便器 椅輪子 零件 單入 有 輪 便器 椅輪子 保健食品 類醫材 藥品 5175 寵愛 彩色 日 拋隱形 眼鏡 10 片裝 薄紗 保健食品 類醫材 藥品 15 依 鈦 抗菌 噴霧劑 抗菌 液 歐盟 德國 防疫 認證 Aeth 日用 百貨類 家庭 清潔 用品 5Dapple 玩具 清潔 噴霧 500ML 日用 百貨類 家庭 清潔 洗劑 5 魯肉 飯 便 當加 溏 心蛋 20221110f5jhopzs 鮮食 類米 飯類 5 艾爾絲 成人 平面 醫療 口罩 30 片 超值 4 盒 組莫蘭迪 系列 多款 保健食品 類醫材 藥品 50 禾坊 藥局 吉樂兒 哆 啦 A 夢 益生菌 Q 軟糖 120g75g 無 保健食品 類 保健 養生 15 不 二家 麵 包 超人 水果 QQ 糖 50G 點心 零食 類 糖果 10M16106403528 飲料 類茶 飲 5M431464597 飲料 類茶 飲 5nutella 能多益 榛果 可可 醬 180g 良品 小 倉點心 零食 類 巧克力 10 志 烜 玉米 濃湯 玉米 濃湯 棒 CandyStorm 糖果 風暴 飲料類 沖 泡類 飲品 15 台灣 牛蒡 茶 牛蒡 茶 牛蒡 黑豆 茶 黑豆 茶首 烏 黑豆 茶 嚴選台 飲料 類茶 飲 10 全新 白蘭動力 配方 洗碗 精檸檬 28kg 愛買 日用 百貨類 家庭 清潔 洗劑 25MYCOLOR 任選 2 入組 二合一 隙 縫 地板 清潔刷 多功 日用 百貨類 家庭 清潔 用品 15 現貨 不必 等果 凍色 後 掀四拉 鍊 款 新 上市 熊貓 雨罩 foodp 點心 零食 類 糖果 10 波士 多大 麻花 獨享 包糖 麻花 特大 麻花 大 麻花 捲 糖 酥 點心 零食 類餅 乾 5 普惠 30 色 成人 韓版 KF94 醫用 口罩 魚型 4D 立體 單 保健食品 類醫材 藥品 55M452910994 飲料 類茶 飲 5M453077328 飲料 類茶 飲 5 雞肉 玉米 蛋 炒 飯 230g 鮮食類 關東 煮 15 嚴選 SHOP 韓式 裱花 專用 刮刀 調色 彎頭 刮刀 擠花 刮刀 日用 百貨類 家庭 清潔 用品 15 折扣 碼 澳洲 TheraLady 大金瓶 大銀瓶 100 飲料 類茶 飲 5 森永 牛奶糖 牛奶糖 糖果 生日 婚禮 喜宴 點心 零食 類 糖果 90 豆油 伯 500ml 醬油 一入 包裝 空盒 也 可裝 醬料 2 瓶 民生 食材類 料理 調味 5 當天 出現 貨三層 熔噴布 口罩 1 包 50 入兒童 口罩 一次性 防護 保健食品 類醫材 藥品 10 優秀 推薦 日本 製 DAICEL 超極細 纖維眼 鏡布 擦 保健食品 類醫材 藥品 5 蘭諾 衣物 抗菌 芳香 豆陽 光森 日用 百貨類 家庭 清潔 用品 20PITTAMASK 新升級 高密 合可 水洗 口罩 粉薰 紫 S 良品 保健食品 類醫材 藥品 5 莊園級 拿 鐵 20221114u58xvfze 飲料 類茶 飲 5P 沙茶 炒蘿 蔔 糕 米 腸尬 蛋 套餐 20221101vqr0 鮮食類 關東 煮 5750 妮娜 娣 月 拋 彩色 隱形 眼鏡 單片 裝棕 155BH 保健食品 類醫材 藥品 20 在 台 現貨 D3250 顆 400IU 維他 命 D 非 活性 膠 保健食品 類 保健 養生 125 卜蜂 柚 檸風味 法式 香草 川椒義式 黑胡椒 即食 嫩 雞 胸肉 生鮮 食品 類生鮮 肉品 355 耆盛 糯 小米 400g 小米 煮 小米粥 養生 粥 甜品 粥 甜 民生 食材類 料理 調味 5 非 油炸 蝦味 先 原味 香 辣味 80g 點心 零食 類餅 乾 10 牛頭牌 咖哩 炒醬 360g 民生 食材類 料理 調味 70TIGERXDRAGON 龍虎戀 人 8 飲料 類茶 飲 10 野櫻 藍莓 腰果 日式 腰果 全素 壹 豆 讚 點 心 零食 類堅果 25 日本 花王 浴室 強力 除霉 泡沫 噴霧 清潔劑 廚房 泡沫 清潔劑 40 日用 百貨類 家庭 清潔 用品 10 日系匠 之 菓 選 150g 豆 果子 什錦豆 綜合豆 果子 零食 圈點心 零食 類堅果 5 現貨 日本 雞 仔牌 垃圾桶 異味 消臭力 2 入 臭味 消除 除臭 日用 百貨類 家庭 清潔 用品 10 蒂斯 貝尼 留香 珠 39 護衣 衣物 香水 洗衣 凝珠 洗衣 球香 氛顆 日用 百貨類 衣物 清潔 335Persil 寶瀅 強效 淨垢護色 洗衣 凝露 1Lx8 瓶箱 日用 百貨類 家庭 清潔 用品 5183 口罩 醫材宏瑋 4DC 型 醫療 口罩 時尚 版宏瑋 一 保健食品 類醫材 藥品 740 澳洲 GM 維他 命 E 羊毛脂 皮膚 滋養護 手霜 100g 支 2 保健食品 類美 肌纖體 5 樂創 雞蛋 仔粉 2 包入 1kg 包 保健食品 類 保健 養生 5 零星 好食 光現 貨團購 批發 零食 泡 麵 雜貨 韓國樂 天點心 零食 類 糖果 15Flormar 辣呼呼 霧面 唇 釉 09 喀什 飲料 類茶 飲 10 現貨 秒 出 DELIA 海 茴香 修護 濃縮安瓶 5ml 美 白光 安瓶 日用 百貨類 家庭 清潔 洗劑 65 每日 新 鮮 製 作 手 作 土耳其 軟糖 Lokum 開心果 玫瑰 花瓣 軟糖 點心 零食 類 糖果 50 代收 代付 202211 亞培 葡勝納 SR 菁選 配方 香草 保健食品 類 保健 養生 25 官方 直營 AHC 瞬效 保濕 B5 微導 玻 尿酸 精華 30ML2 保健食品 類美 肌纖體 40 妙 管家 瞬淨 洗衣 精 除臭 抗菌 1800g2 入補包 130 日用 百貨類 家庭 清潔 洗劑 5 雀巢 醇品 咖啡 補充 包 500g 咖啡 類 沖 泡式 咖啡 50Oishi 辣味 蝦餅 198579 點心 零食 類肉 乾肉紙 5 波特 醫療 口罩 成人 10 入 藍 保健食品 類醫材 藥品 45 洗衣 機專用 除黴劑 除霉凝膠 墻 面除 霉 滾筒 洗衣 機除 霉 除菌 日用 百貨類 家庭 清潔 用品 10 法式 第戎 牛肉 堡 可樂餐 x220220913posc 鮮食 類漢堡 15 那堤 20220913n4lxlhkt 烘焙 甜點類 其他 甜食 5 歡享 經典餐 20220913z6xohswz 烘焙 甜點類 其他 甜食 5 歡享 經典餐 20220913z7md42j6 烘焙 甜點類 其他 甜食 5 玫瑰 蜜 香茶 那堤 20220918e1vnqk1f 烘焙 甜點類 其他 甜食 5 網狀 火腿 切片 生鮮 食品 類生鮮 肉品 185 家樂氏纖 穀 脆 330g 超級 莓果 飲料類 沖 泡類 飲品 435 莫蘭迪 綠厚質 清潔 手套 清潔 防護 居家 清潔 綠大師 日用 百貨類 家庭 清潔 用品 10 九福動 物餅 動物 造型 餅乾 乳酸菌 口味 牛奶 口味 岩鹽 口味 點心 零食 類餅 乾 90 卡辣姆久 平切 洋芋片 勁辣 唐辛子 口味 75g 包點心 零食 類餅 乾 25 紅藜 全 穀 宜蘭 三星 文晴 農場 紅藜 蛋 捲 280G 紅藜 麵 380G 烘焙 甜點類 蛋糕 5 加豬 排生鮮 食品 類生鮮 肉品 15 現貨 波麗青 提味口 含錠 綠 葡萄 口氣 清新 糖果 口服 錠 點心 零食 類 巧克力 5 紜 妹寵物 小館 黏式 家用 垃圾袋 鏟 屎 官 垃圾袋 車用 垃圾袋 可 日用 百貨類 家庭 清潔 用品 5 耳掛 口罩 繩護套 口罩 耳掛 神器 護耳 神器 耳掛 護套 口罩 護耳矽 保健食品 類醫材 藥品 15JPGO 日本 製 HAPICA 電動 牙刷 3 歲 以上 適用 每日 用百貨類 家庭 清潔 用品 45 菲力 家族 菲力 寶寶超 純水 嬰兒 濕紙 巾 80 抽 一般 型 有 蓋型 超商 最多 日用 百貨類 民生 紙品 190 現貨 JA01 除霉膏 除霉凝膠 防黴 清潔劑 矽利康 除霉 日用 百貨類 家庭 清潔 用品 5SCHEREE 四益 乳膏 22g,130
克寧 100 純 生乳 奶粉 22kg 家樂福,10
S 柳橙 風味 特價 34,10
3 點 1 刻減 糖原 味 奶茶 50 入,5
4713517167154 曼寧有 機蜜 蘋,5
香梅汁 360ml 潤泉,85
味丹竹 碳 多喝水 700cc,110
波士 多現 貨免 運發票 恰好 香香 豆統記 恰好 香香 豆統記 香香,10
R 永信 允 消膚帝 乳膏 20gm,95
Magmag 曼曼芒 芒果乾 50g,1135
9789862284414NEWTOEIC 新制 多益 高效 得分,5
4713517166300 曼寧 藍莓 果茶 2gx15 入,5
老 北京 御品 酸梅 湯 900ml 瓶,45
龜甲 萬紅茶 風味 豆乳 200mlDonki 日本 唐吉訶德,20
悠斯晶 A 乳霜 120g 紫蘇 乳液 12ml 限定 組,5
豐力 富高 優質 純 生乳 奶粉 22KG 愛買,40
多美 017 法拉利 Roma,5
山多力 SLEP868,40
黑松 柳橙 C300ml24 愛買,20
BEETLEFUNKOPOP 維爾 特利 鮑達斯梅賽 德斯,5
開發票 當天 出貨 現貨 MAGICOM34 胺基酸 洗面乳,20
LAYS 酸味 特價 129,20
米粒 森 Laneige 蘭芝唇 膜 唇膜蘭芝 睡眠 睡眠 唇,25
京城 之霜 10 效不老 全能 乳組,20
新養樂 多,130
波爾茶 檸檬 口味 320ml6 罐組 320ml6 罐組,45
團 Aji 酸子 糖原 味 400g,60
R 足爽 乳膏 15g,125
活力 Ohiyo 芝麻,1100
MagMag 曼曼芒 芒果乾 50g,80
羅 多倫 咖啡 歐蕾 260ml24 入,10
豐力 富高 優質 純 生乳 奶粉 22kg22kg,60
韓多露 燒酒 葡萄 風味,10
陽光 贅澤蘋 果汁 王林 風味,10
PK250 點 HOT 燒組,410
漱夏蔓 越梅 伏特加 風味酒 500 毫升,5
烏梅汁 1000ml 潤泉,230
AUSLIFE 澳思萊 蜂王乳 緊 緻 全能 霜 40ml 蜂王乳,5
促 商品 展 Readmoo 活動 促銷 88 折,5
澎澎 MAN 胺基酸 麝香 瑪卡 洗面乳 100g,45
藥 佐藤 司多安,20
ON 分離 乳清 香草,1835
菊泉堂 胡麻 道樂,5
雅可樂 多 養樂多 優酪 乳 125mlx4 入,105
義美 果汁 糖 系列 小麥 購物 24H 出貨 台灣 現貨 A027QQ,30
光泉 茉莉 茶園 茉 香柚 茶 245mlx24 入箱 愛買,135
現貨 日本 ALOBABY 牛奶 潤膚 乳液 150ml,5
促 DrHUANG 海 葡萄 極潤亮 白 面膜 5 入特價 339 元,5
豐力 富高 優質 純 生乳 奶粉 18kg18kg,15
FreshO2XPONY 烏龍 纖長 睫毛膏 咖,10
香草 系香蘭 葉糖漿,515
禁請購 S 韓國 SEOJU 葡萄 風味酸 軟糖 40g,5
美之舍 頂級 拉 提無瑕 乳霜 50ml,5
義美寶吉 葡萄 QQ 糖 50g,1490
貝納頌 經典 曼特寧深 焙 3 入 290ml3 瓶,330
毛寶兔 超活 氧 洗衣 槽 除菌 去污 劑 250g 日用 百貨類 洗衣 用具 45PUKU 水果 拇指 型 初生 安撫 奶嘴 粉,5
黑松 蜜桃 C300mlx24 家樂福,5
PALMERS 帕瑪氏 天然 可可 脂無瑕 美肌 乳液 250ml,5
天天 出 Costco 好市 多代 購樂天 優格 風味 碳酸 飲 250,205
本位 誠現 乳酥餅 4 入 68g,5
日本 Kose 雪肌粹 洗面乳 80gx3 入樂 天馬拉松限時 特賣,10
香 吉士 12,5
統一麥 香 奶茶 300cc6 入組,145
味全 極品 限定 高鈣 牛乳 200MLx6 入愛買,15
羅 多倫 咖啡 歐蕾,145
整 NS1019 貝納頌 10 瓶 2,25
UCC 無糖 咖啡 185g 罐 185g 罐,10
黑松 柳橙 C300ml,5
義美 咖啡 凍 160g4 盒組 160g4 盒組,385
日本 AGFBlendyCAFELATORY 即 飲 沖,10
Swanson 斯旺森 左旋 酪胺 酸 LTyrosine5,25
現貨 日本 辻利 抹 茶 抹 茶 拿 鐵 即 飲 4 入,5
FRUDIA 藍莓 保濕任 2 件 5 折望莓 止渴 藍莓 補水 乳霜,10
TheOrdinary 杜鵑花 酸乳 霜 30ml,20
NIVEA 妮 維雅絲 滑瑩亮 乳液 400ml5 入,15
Shes 加強 型 乳液 700ml,25
青木 藏人 赤味 噌 750g,5
KISSME 奇士 美 FERME 持久 完美 遮 瑕 乳 12g,10
9789865752644 愛 哺乳,5
N011545392BHKs 孕媽 咪 倍 乳素,5
私 品茶 元 飲品 口味 任選,5
法國 Vittel 法維多 天然 礦 泉水 75,5
柳松菇 65,50
SKII 晶 緻 活 膚 乳液 100g,5
L 可樂 一瓶 兌換序,5
上 和 益生菌 羊乳 片 90g,5
TheOrdinary 甘醇 酸化 妝水 240ml,15
義美 抹 茶 拿 鐵 18g16 包袋 18g16 包袋,35
現貨 日本 AGF 無糖 黑 咖啡 隨身 包 100 入箱,15
光泉 富維 它 調味 乳 200M,5
整 0921 貝納頌 10 瓶 259,45
整 NS0406 貝納頌 6 瓶 16,10
CASTELLO 卡司 得洛 即期 品義 大利 天然 礦 泉水 1000,5
夏 和 檸檬酸 350g 緣屋 百貨 天天 出貨 天然 檸檬酸 150g,15
代收 代付 貝納頌 2 合 1 咖啡 無糖 經典 曼特寧 13g10 入,5
韓國 MIPPEUMNFC 百分百 酸 櫻桃汁 70ml,15
7APP 咖啡 活動 任選 2 杯 7 折,5
e 世紀 活力 蛋 10 粒入,10
樺富 樺 達 奶茶 飲品 正價品,4280
龜甲萬 豆乳 200ml 香蕉 風味,70
澳洲 THINS 海鹽 酸,15
14001412395NotoriousSelect 濃縮 乳,10
N012796518 日本 CHANIDA 乳香,5
現煮 飲品 加購 折 10 元,17455
8710739492411 高達 荷蘭 傳統 糖漿,5
鎮痛 乳膏 94,5
9789575325503NewTOEICTEST 多,15
夕香亭 柚子 風味,5
山多力 SLEC3520W,20
螺旋 皮筋 組珍奶 兔 兔 2 入粉 黃,25
WatermansGrowMeShampoo 瓦特 曼斯,30
舒芙乳霜 60ML,5
av 活 泉水 502,5
試喝 包 RELOVE 馬 甲纖 SO 飲莓果 風味 男女皆可,35
瑪莉羊 DHC 成長 乳鈣 2024 天然 乳鈣 限量 特,5
統一 AB 乳果 3 入,5
RICHELL 卡通 離乳食 分裝盒 1,15
9789862487525NEWTOEIC 多益 新,5
9789575326043NewTOEICTEST 多,5
統一森永派 20,10
黑松 葡萄 C300ml 包 300ml 包,15
多愛膚 1515,55
Vittel 法維多 天然 礦 泉水 1500ml,10
乳香 世家 超優鮮,1750
A 每朝 健康 雙纖綠茶 PET650,85
團可爾 必思 梅子 酢,175
e 台灣 木耳 300g5 盒 300g5 包,10
風味 牛奶 調味粉 多種 口味 早餐 飲品 用 財神 市集 沖 泡 飲品,5
22AP 活泉 酷,15
寀 竑 店 現貨 嚴選 羊乳 風味片 120g 奶素 羊奶 片 羊乳,5
038000200748 家樂氏 SpecialK 香脆 麥,5
MVT 黃 金 蜂蜜 細白 緊膚 睡眠 面膜 20 入,5
林鳳營 特濃重 乳 優格,2565
藥健 特膚 乳膏 20GM,10
多酚 橄欖茶,5
任 2 件 享 85 折達摩 本草 印加 果油藜 麥 活力 綜合 B 群納,5
烏梅汁 360ml 潤泉,295
滿 90 送 10 溢乳墊 CP 值高 品質 優溢 乳墊 哺乳 媽,5
Bifolacto 丹麥 比樂多 40 億 益生菌 D3 隨身 包,5
BIOMAINPOWER 倍 而冕益 3 合 1 乳鐵益 菌 每瓶 60,5
自然 甜堅 果核 桐麥 膳食 纖維 礦物質 維生素 等 元素 多多,10
咳得 憐糖漿 120ml,5
歐 母牛 烘 吐司 60 飲品 緯創 80,10
紅牛 100 全脂奶粉 21kg 現貨超 取限 1 罐紅 牛奶,20
崇德 發 葡萄 鮮飲 酢 350mlx24 入箱 愛買,10
悠活 原力 小悠 活脆 Q 軟糖 10 粒包 柳橙 C 葡萄 葉黃素 乳,85
林鳳營 特濃重 乳優,235
林鳳營 特濃重 乳 優格 400g,25
爆買 日本 ASAHICALPIS 可爾 必思 水果糖 10,20
林鳳營 特濃重 乳 優格,725
現貨 不用 等 葡萄籽 萃取 多酚 花青素 90Grape,35
BH 富 吉多,5
SOYJOY 日本 原裝 大豆 營養 棒 30g 藍莓 蘋果 草莓 葡萄,15
OZIO 蜂王乳 舒活 瑞肌水 120g,105
順泰益 酢 梅 180G,35
allin 乳清 100 分離式 乳清 花生 芝麻,5
泰凱冰 火山 營養 美味 溏 心蛋 x40 顆免 運組,10
天空 之 月 酸橙梅 酒 500ml,10
saki 清涼 脫脂 乳 飲料 250ml,20
Tnb 飲品 概念 館 兌換券,5
統一 LP33 益敏 優多 341568,5
N012797397 日本 CHANIDA 乳香,5
久保 雅司 美國 VitaCran 蔓越莓 活菌 粉益菌生 IS2 活菌,10
MUJI 無印良 品義 大利 燉 飯 起司 1 人份 90g,15
Yakult 養樂多 優格 蘇打 300mlDonki 日本 唐吉,10
現貨 韓國 NUTRIDDAY 享 SO 藤黃果 黑 咖啡 30,5
瑪莉羊 DHC 成長 乳鈣 2024 天然 乳鈣 9 月 特,5
角落 小夥伴 乳香 小 饅頭 牛奶 口味 150g,5
綾鷹 抹 茶 拿 鐵 440mlDonki 日本 唐吉訶德上 林春松,10
伯朗 PURE 醇 飲 冷萃 無糖 加糖 拿 鐵 咖啡 490mlx4 入,10
WildJarMason 梅森 罐寬口 瓶 組合 買 一送 一,5
任性 玫瑰 可可 飲,25
Tryall 全分 離 乳清 蛋白 35g 法式 香草,5
比菲多軟 糖原 味 30g,5
22MD 活泉 激,5
9789295366138TOEICLRTEST 多益,10
UCC 職人 咖啡 910ml12 無糖,15
ILOHAS 桃子 風味水 555ML,15
妮 維雅絲 滑瑩亮 乳液 乾中 400ml,5
林鳳營 特濃重 乳 優格 草莓 400g,95
代銷 私 品茶 元 飲品 口味 任,225
葡萄 王 Q10 蔓越莓 復 方膠 蘘 90 粒,5
好市 多 2022 現貨 香港 美心 蛋 捲 448,5
LOVESHOPDavines 達 芬尼 斯特 芬莉 能量,5
京 田 製 菓 波力 酸乳 風味 飲料 220ml 多款 任選,10
舒芙乳霜 30ML,5
莉婕 薄荷 亞麻灰,85
多美 060 本田 e,5
出清維納斯 咖啡 維納斯 奶茶 維納斯 草莓 牛奶 維納斯 可可,20
船井 burner 倍 熱食事 對策 PLUS 白 腎豆 大餐 雙饗 組,5
0180927 紅限 1 伊頌 天然 草本 橙萃 極致 三重奏 益生,5
菊泉堂 胡麻 道樂 200g,5
經典 香 濃煉 乳,40
Sesedior 東方 魅力 梅蘭 竹菊 身體 乳任 選 3 瓶,5
法國 波爾多 侯高堡 紅酒 750ml,5
美 加 摩根 活力 四色 99g,5
心樸員工 飲品,5
光泉 健 益高 鈣 400ml,5
免運 台灣現 貨可開 發票 夢 巴黎 牛奶 咖啡 襪純 棉 襪素,10
超商 99 免運卷 牛乳 石鹼 cow 柚子 果香 玫瑰花 香,5
ASAHI 朝日 即期 品可爾 必思蘇 打 完熟 鳳梨 500mlx,5
DIEBOLTVALLOIS 香檳塞 波爾多紅,5
豐力 富高 優質 純 生乳 奶粉 22K,5
崇德 發 葡萄 鮮飲 酢 350ML 愛買,5
西德 利膚麗疤 乳膏 20g,5
鞏德 COMTE 乳酪 30,5
菊泉堂 胡麻 道樂餅 16 入,45
LP33 機能 優酪 乳 50,5
紐西蘭 初乳 LinsCare 初 乳粉 原裝 進口貨 450,5
樂可思,65
悠斯晶 紫 蘇乳霜 38g,10
藥 SCHEREE 四益 乳膏 22g,20
9789575325527NewTOEICTEST 多,5
義美 芝麻 包 60gX6 粒愛買 冷凍,15
多特 500S,5
羊羊 SHOP 現貨 美孕嘉溢 乳墊 1 片入 哺乳 溢乳單 片入,5
WatermansGrowMoreElixir 瓦特 曼,5
康玥 美容 舒活館 兌換券,5
妮維雅 純萃 保養潤 唇膏 天然 有 機藜 麥籽油 48G 任 2 件 5 折,5
養樂多 吸管,5
0190927 紅限 1 伊頌 天然 草本 橙萃 極致 三重奏 益生,15
JPZ 活妍 沖 泡 飲 雙週 挺胸 蜂王乳 250mg 肌醇 葉酸促,10
Kanebo 佳麗 寶 DEWS 潤活 雙皂 7 折特別 限定 組,5
現貨 促銷 日本 ALOBABY 牛奶 潤膚 乳液 150ml,5
蜜田本 舖 鮮果 Q 軟糖 30g 蜂蜜 桑椹,15
維素 香椿 醬 280g,5
不 二家 LOOK 蜜瓜 風味 可可 43g,5
樂 多糖 漿,5
養樂多 酵母 乳,5
Jurlique 茱莉蔻 活能 再生 發亮 乳 50ml,5
勁香團 哥倫比亞 梅德琳 Supremo1718 水洗 豆,5
9789869224284100 保養級 娜娜 媽乳 香皂 35,5
多一點,5
新 生活 N2 元素 酵素 多 口味 鳳梨養 樂多 優格 檸檬 百香,10
A 養樂多 100cc5 罐裝,5
JT 純粹 草本 綜合 5 風味 茶 包 15gx20 入,5
allin 乳清 分離 乳清,70
CaPheSuaDa 冰煉 乳 咖啡 份量 升級,5
9789575325510NewTOEICTEST 多,5
REDCOW 紅牛 脫脂 高 鈣 奶粉 2kgX8 包,15
國農 牛乳 豆漿 超取 最多 4 組 VK 生活用品,30
UCC 職人 咖啡 910ml12 加糖,10
舒芙乳霜 60ML,5
福利品 可口 可樂 即期 品纖維寶特瓶 600mlx4 入,65
販促 活動,30
Babycoccole 寶貝 可可 麗 天然 果膠 牙膏 草莓 7,5
雙 10 加購 35 元 飲品,20
蜜田本 舖 鮮果 Q 軟糖 30g 蜂蜜 百香果,15
金萱 多酚,5
加拿大 JOE 楓糖漿,10
買 1 送 1 曼寧 玫瑰 纖 奶茶 25g6 包盒 效期 至 20,5
台糖 沙士 24 入,10
4901525602204 日本 牛乳 石鹼 無 添加 卸妝乳 150,5
莫爾露 黑糖,15
SlowCow 酷牛 火龍果 柑橘 風味 碳酸 飲料 250 毫升,10
藥足爽 乳膏 15g,5
森吉小 舖 現貨泰國養 養央央 yumyum 冬蔭功 香濃,5
3 統一 Metamin 健康 3D,5
GUERLAIN 嬌蘭 皇家 蜂王乳 蜜露 15mlx3 入,5
MONIN 愛爾蘭 糖漿 果露 IrishSyrup 分裝,5
沛 特斯 茶樹 特價 229,5
光泉 木瓜 調味 乳 400ml,5
活力 京都 活力 京都 虎屋 他 樓,5
團入 清爽 零發酵 乳,1380
台北 益昌 搭 特定 工具 100 元加 購德國 METABO100,5
N012620707miniware 天然 聚乳酸,5
Bathclin 發泡湯 360g 美人 乳白,5
統一 培根 170g,5
4715168013576 永信 HAC 檸檬酸,5
義美 全脂 鮮乳 2000ml 瓶 190970,5
開立 發票 贈品 轉售妮 維雅純萃 保養潤 唇膏 天然 有機 巴西 莓籽,5
BOBE 便利 士泰國 皇家 牛乳 片 25g,5
現貨特 價莉彤 小 舖 好市 多代 購 514510 露得清,5
Calbee 香蕉 風味 早餐 脆片 600g,10
宮崎農協 日 向 夏鹽 柑橘 風味 飲料 490ml,15
4713837030091 統 一生 機 玫瑰,5
義美寶吉 蘋果 125m24 入,15
即期 雪芙蘭 牛奶 胜肽 美膚 身體 乳液 300g202309,5
PONDSBB 魔法 粉亮 牛奶 蜜粉 50gHi,10
LP33 機能 優酪 乳 90,10
即期 最促 銷免 運開 發票 糖鼎 黑糖 磚 x 冰糖 蜂蜜 檸檬,10
4710418903195Dripo 日本 牧場 印度 茶 牛乳,15
BeautyBuffet 美麗蓓菲 北海道 自然 純淨 牛奶 豐,5
MlesnA 曼斯 納 甜橙 肉桂 紅茶 OrangeC,5
葡萄糖 胺 MSM 關護 乳膏,5
真露燒 酎 1 瓶贈 100 點,15
DRMorita 森田藥 粧 極奢華黃 金特 濃保濕 面膜 5 入,5
代購 現貨 多特 瑞檸檬 薄荷 茶樹 各 15ml,5
4710446822888 贈品 MAYBELLINE 媚比,10
京湛 SPA 兌換券,10
紅牛 奶粉 隨手 包下 殺 10 元起 奶素 可食 葡萄糖 胺 初乳 益生菌,15
統一 麵 2 組贈 脆 麵 55g2,15
9789295387829TOEICLRTEST 多益,5
松 竹北 二街 51 號 5,10
FIDA 菲達菲達 無糖莓果 軟糖 90g,10
藥賜連 乳膏 20GM,5
N012709572BHKsPACs 蔓越 莓益,10
4905427300015 菊泉堂 胡麻 道樂 200g,5
海龍 王特 濃風味 羊 乳糖 80G,5
鹽 可頌 5 入,5
未鹼化 100 頂級 天然 無糖 純 可可粉 2KG 平袋 裝美國經 農殘,5
日本 原裝 黑菌汁 分享 瓶 100ml 觀葉 植物 塊 根多肉 植物,5
SangariaSAN 碳酸 飲料 葡萄 風味 248ml,15
Ocean 肯雅愛爾蘭 咖啡杯 230mlWUZ 屋子,5
4902505550355PILOT 健握 新色 41 多,5
藥鎮痛 乳膏 35g,5
泰國 皇家 牛奶 片 25g 佳瑪,5
HighTea 纖美 香橙 瑪黛茶 12 入袋,5
Swanson 斯旺森 Guarana 瓜拿納 500mg,15
義美鮮奶 保久乳 賞味 期限 202307 月,10
Richell 日本 利其爾 TLI 柔軟 離乳 湯匙 離乳 餐具 209,5
現貨免 運附 發票 AGFBlendy 柔香 即 溶 咖啡,30
夢夢水 飲品 白桃 風味 60ml28 入箱,10
ACE 酸 櫻桃乾 108g,5
可樂 纖維 PLUS 寶特瓶 600ml,5
此 商品 48 小時 內 快速 出貨 汪 喵 星球 香醇 零 乳糖 牛乳,5
味之棒口 愛 羊乳 片 130g,5
好市 多 現貨 22 瓶特價 VitalProteins,5
TheMapleTreat 加楓 饗 味蜜 琥珀 100 純楓,5
KOSE 極上 活妍 緊 緻 淨 斑 乳 霜 100g,5
蕃茄 醬 6 包可樂 一,5
