clusterName_0,clusterNum_0,clusterName_1,clusterNum_1,clusterName_2,clusterNum_2,clusterName_3,clusterNum_3,clusterName_4,clusterNum_4,clusterName_5,clusterNum_5,clusterName_6,clusterNum_6,clusterName_7,clusterNum_7,clusterName_8,clusterNum_8,clusterName_9,clusterNum_9
LP33,46490,比菲多,630145,乳酸菌,10255,比菲多,151770,多多,92005,乳酸,55450,原味,21465,必思,19760,乳酸,7525,發酵,1331115
益敏,46470,活益,474535,可,2930,原味,151700,統一,85610,啵,42330,麵,9930,可爾,19425,原味,7525,活菌,1168075
優多,46470,纖順暢,307925,必思,2910,活益,143605,原味,51960,樂樂,42290,金拉,9905,乳酸菌,12190,飲,5895,乳,1147340
飲品,23905,新,307915,飲料,2225,發酵,108080,草莓,32370,飲料,42225,鐵蛋,2500,原味,6945,風味,5725,多多,943015
10,23270,減糖,256180,香草,1810,乳,108080,300m,18850,235ml,25970,記香,2465,500ml,6095,健酪,1635,統一,840425
元,18480,配方,177800,SBisco,1795,471ml,4835,936ml,3000,草莓,23100,LCA506,2460,發酵,6090,飲料,1620,原味,569375
折,17795,發酵,42135,奶油,1790,軟糖,3795,盒,3000,藍莓,20155,活菌,2460,乳,5690,金車,950,萊爾富,544840
加購,17475,降卡,38120,夾,1775,瓶,3030,牛奶,2105,味,8970,優酪,1960,商品,2285,1450ml,395,即,544840
