item_name,item
青 花椒 香麻脆 雞絕 配餐,1985
青 花椒 香麻 咔 啦 雞 腿 堡絕 配餐 辣 20221228z3,5
青 花椒 香麻 咔 啦 雞 腿 堡絕 配餐 辣 20221224bf,5
青 花椒 香麻 咔 啦 雞 腿 堡絕 配餐 辣 20230217b8,5
青 花椒 香麻 咔 啦 雞 腿 堡絕 配餐 辣 20230115b9,5
青 花椒 香麻 咔 啦 雞 腿 堡絕 配餐 辣 20230227z5,5
青 花椒 香麻 咔 啦 雞 腿 堡絕 配餐 辣 20230220z3,5
青 花椒 香麻 咔 啦 雞 腿 堡絕 配餐 辣 20230203b8,5
青 花椒 香麻 咔 啦 雞 腿 堡絕 配餐 辣 20230115a9,5
青 花椒 香麻 咔 啦 雞 腿 堡絕 配餐 辣 20230214cd,5
青 花椒 香麻 咔 啦 雞 腿 堡絕 配餐 辣 20230304cd,5
青 花椒 香麻 咔 啦 雞 腿 堡絕 配餐 辣 20230426b8,5
青 花椒 香麻 咔 啦 雞 腿 堡絕 配餐 辣 20230306z3,5
青 花椒 香麻 咔 啦 雞 腿 堡絕 配餐 辣 20230302b8,5
青 花椒 香麻 咔 啦 雞 腿 堡絕 配餐 辣 20230318z3,5
肉 鬆 脆 雞 絕 配餐,3080
青 花椒 香麻 咔 啦 雞 腿 堡絕 配餐 辣 20230409a9,5
青 花椒 香麻 咔 啦 雞 腿 堡絕 配餐 辣 20230228cd,5
青 花椒 香麻 咔 啦 雞 腿 堡絕 配餐 辣 20230307z3,5
青 花椒 香麻 咔 啦 雞 腿 堡絕 配餐 辣 20230304b8,5
青 花椒 香麻 咔 啦 雞 腿 堡絕 配餐 辣 20230416z3,5
青 花椒 香麻 咔 啦 雞 腿 堡絕 配餐 辣 20230223z5,5
青 花椒 香麻 咔 啦 雞 腿 堡絕 配餐 辣 20230308a9,5
青 花椒 香麻 咔 啦 雞 腿 堡絕 配餐 辣 20230322a9,5
青 花椒 香麻 咔 啦 雞 腿 堡絕 配餐 辣 20230120b8,5
青 花椒 香麻 咔 啦 雞 腿 堡絕 配餐 辣 20230329z3,5
青 花椒 香麻 咔 啦 雞 腿 堡絕 配餐 辣 20230113b9,5
青 花椒 香麻 咔 啦 雞 腿 堡絕 配餐 辣 20230113b8,5
青 花椒 香麻 咔 啦 雞 腿 堡絕 配餐 辣 20230105z5,5
青 花椒 香麻 咔 啦 雞 腿 堡絕 配餐 辣 20230122z5,5
青 花椒 香麻 咔 啦 雞 腿 堡絕 配餐 辣 20230111z3,5
