item_name,item
垂坤 黑胡椒 切片 鱈魚 風味 370g,10
orionjako 韓國 麻油 風味 海苔 12 入 42g,400
白巧克力 草莓 風味 夾心 糖,895
小 老板 海苔 棒棒 捲 BBQ 風味 3gX9 入盒,40
ACE 白桃 風味 蒟 蒻 果凍 140g,20
晶晶 象 皮糖 可樂 風味 袋裝 420 公克,260
日本 甘樂華麗 玫瑰 風味 夾餡 糖 美少女 戰士版,5
Wany 水果 風味 蒟 蒻 果凍 400gDonki 日本 唐吉訶德,5
DELI 香草 風味 夾心 蛋糕 108 公克,75
日本 早川 水果 風味 夾心 糖 68g,620
韓國 麻油 風味 海苔 42g,30
阿Q 桶 麵 雞汁 排骨 風味 12 碗箱,30
NISSIN 日清 巧克力 風味 玉米片 80g,20
康寶 奶油 風味 獨享 杯 盒 4 入 x3 盒,360
MUJI 無 印良品 夾心餅 乾 可可 風味 67g,55
布朗 尼 先生 咖啡 風味 蛋糕 200g,20
EVERVITAPLUS 韓國維生素 發泡 錠 石榴 風味 20,40
ORIHIRO 葡萄 風味 蒟 蒻 果凍 日本 製 袋 裝 120 克,5
波爾無糖 酷涼錠 檸檬 薄荷 風味 14g,380
10 春日 井軟 糖 102g 綜合 水果 風味,30
滋露 奶油 風味 糖果,5655
12orionjako 韓國 海苔 4g12 入 麻油 風味,15
旺旺 浪味 炒 麵 南洋 風味 80gx5 包,60
4550182603477MUJI 無 印良品 抹 茶 奶油 風味 棉,25
派恩 梅子 風味 喉糖,110
獅賣 特實體 店面 彩虹 棉花 糖 黑 可可 風味 彩虹 棉花 糖 棉花 糖,30
Bourbon 北 日本 草莓 巧克力 風味 蝴蝶 餅 46g,5
10 北 日本 一口 洋芋片 40g 豌豆 風味,555
4550344584408MUJI 無 印良品 奶油 風味 夾心餅,235
森永 焦糖 牛奶糖 風味 夾心 蛋糕 168g,195
MUJI 無 印良品 一口 可可 夾心 酥 可可 奶油 風味 110g,395
不 二家 Look 黃 金桃 風味 可可,80
S 買 芙瓦多 巧克力 風味 夾心 蛋糕 9,200
代收 代付 蜂蜜 風味 乳酪 絲 250G 大包 裝 每日 優果,10
葡萄 蘇打 風味 棉花 糖,80
麗業 活力 草莓 風味 夾心,20
旺旺 吸 C 凍 葡萄 果汁 風味 90gx6 入,5
巧益 紅蔥 風味 鱈 魚片 90g,5
伊藤 北海道 哈密瓜 風味 夾心餅 乾 1272gDonki 日本,25
M 雙盟 草莓 酥 棒 草莓 風味 100g,1800
12 春日 井軟 糖 102g 熱帶 水果 風味,100
MUJI 無 印良品 捲 心 酥 可可 奶油 風味 50g,240
Bourbon 北 日本 一口 大蒜 洋蔥椒 鹽 風味 蝴蝶 脆餅 40g,15
NabatiSiip 金磚 玉米棒 碳 烤 玉米 風味 100g,10
Hata 古早 味彈 珠 汽水 藍莓 風味 200ml,15
食尚 三味 香濃 乳酪 絲 墨西哥 風味 乳酪 絲高 鈣 香濃 乳酪 絲,5
限時 優惠龜 甲萬龜 甲 萬 豆乳 紅茶 風味 200ml,40
ORIHIRO 青 葡萄 風味 蒟 蒻 果凍 120g,90
盛香珍 濃厚 巧克力 風味 法國 酥 110 克袋 裝台 灣 製,60
波爾無糖 酷涼錠 14g 檸檬 薄荷 風味,65
10 春日 井軟 糖 107g 白 葡萄 風味,80
北 日本 巧克力 風味 夾心餅,20
4550344584392MUJI 無 印良品 奶油 風味 夾心,95
CHUNMYONG 海鮮 風味 海苔 酥 40g,190
義美小泡 芙 經典 巧克力 風味 香濃 牛奶 風味 泡 芙 隨手 包 3,45
4550512040620MUJI 無 印良品 綜合 水果 風味,330
卡迪 那 95 度 C 北海道 風味 薯條 海苔 18gx5 包,155
YBC 可可 風味 夾心餅 140g,5
風倍 清織物 除菌 消臭 噴霧 無 香型 370ml 日用 百貨類 家庭 清潔 用品 180 艾唯倪 穀 物 棒棒 起司 風味 40g 盒,10
12 北 日本 蛋 捲 52g 奶油 風味,20
盛香珍 蒟 蒻 椰果 果凍 荔枝 風味 1000g,25
MUJI 無 印良品 即食 迷你 拉 麵 泰式 酸辣 風味 120g,475
9 北 日本 一口 餅乾 58g 黑 可可 風味,725
9 北 日本 一口 夾心餅 56g 草莓 風味,780
CocaCola 櫻桃 風味,1310
龜甲萬 豆乳 紅茶 風味 日本 歧阜縣,5
牛奶糖 風味 大福,615
191 巧克力 風味 軟餅 葡萄 300g 蝦 皮團購,5
爆 Preferred 重 奶油 風味 微波 爆米花 85g,25
寶寶辣雞 風味 豆餅,5
可可 風味 布朗 尼,145
江戶 物語 森永 乳酸菌 錠 糖 優格 風味 檸檬味 森永 乳酸 糖,5
北海道 奶油 風味 牛奶糖,335
北 日本 黑 可可 風味 迷你 夾心餅,35
Eta 紐西蘭 波浪 厚切 洋芋片 海鹽 酸 醋 風味 150g,20
Nissin 日清拉 王袋 麵 辛辣 風味 95g,10
卡迪 那 95 松露 風味 薯條 18Gx5 包,180
寶幸 日式 沙丁魚 梅子 風味 140g,10
舞味本 舖 日 清 牛奶 可可 風味 脆片 可可 味 玉米 脆片 可可 風味脆,95
ORIHIRO 葡萄 風味 蒟 蒻 果凍 120g,105
MUJI 無 印良品 即食 迷你 拉 麵 韓式 泡菜 風味 120g,350
M 寶 製 鹽 奶油 風味 夾心餅 乾 137g,105
盛香珍 蒟 蒻 椰果 小果 凍量 販箱 6kg 綜合 風味 約 220 顆,75
享味 食光 雞汁 風味 5 入袋,10
伊藤 北海道 哈密瓜 風味 夾心餅 乾 1272g,1030
MUJI 無 印良品 即食 迷你 拉 麵 雞汁 風味 120g4 入,290
旺旺 浪味 炒 麵 南洋 風味 80g5 包,75
垂坤 麻辣 切片 鱈魚 風味 370g,30
伊藤 香草 風味 夾心餅 132g,5
森永經典 糖 漿楓 糖 風味,20
寶 製 果 橫 濱 奶油 風味 夾心餅 乾 126g,15
寶 製 橫 濱 奶油 風味 夾心餅 乾 129g,25
不 二家 牛奶糖 風味 飲料 260g,10
鱈魚 風味 紅片 18 公斤 袋裝 大田 海洋,40
低卡 蒟 蒻 果凍 富士 蘋果 麝香 葡萄 風味 蒟 蒻 低卡果 凍果 凍 蒟,5
8 北 日本 一口 酥餅 57g 可可 風味,210
S 森永彈 珠 汽水 風味 糖錠 袋裝 4,2465
Sorionjako 韓國 麻油 風味 海苔 12,1705
Bourbon 北 日本 長 條軟 糖 葡萄 風味 50g,20
MUJI 無 印良品 即食 迷你 拉 麵 麻辣 風味 120g4 入,75
MUJI 無 印良品 奶油 可可 風味 夾心餅 乾 可可 2 入 x6 袋,100
TOMICA 棉花 糖 乳酸 優格 風味 60g12 入裝,30
韓味 不二 蒟 蒻 果凍 飲 荔枝 風味 150ml,5
KOPIKO 咖啡 糖 咖啡 風味 糖果 韓劇 爆紅海村 恰恰 恰文,15
元 本山 海苔 堅果 夾心 黑 穀 杏仁 風味 40g,60
YBC 阿爾 卑斯山 岩鹽 風味 玉米 餅 75gDonki 日本 唐吉,10
S 森永彈 珠 汽水 風味 糖錠,75
韓味 不二 蒟 蒻 果凍 飲青 葡萄 風味 150ml,5
MAMEE 小怪 獸 洋芋片 BBQ 風味 100g,25
天福 迷你 脆薯 鹽 酥 風味 30g 全素,30
CONFEX 草莓 風味 棉花 糖 115g,20
盛香珍 零卡小果 凍量 販盒 1500g 綜合 水果 風味 約 56 顆,15
MUJI 無 印良品 即食 迷你 拉 麵 韓式 泡菜 風味 120g,485
15 樂天 小熊 餅 37g 濃黑 巧克力 風味,515
9 北 日本 一口 餅乾 45g 芝士 風味,25
維力 素飄香 麻辣 燙 風味 麵 90g 克 x5 家樂福,15
小 叮叮 巧克力 風味 玉米 酥,260
ORIHIRO 白桃 風味 蒟 蒻 果凍 120g,80
MUJI 無 印良品 一口 可可 夾心 酥 香草 奶油 風味 110g,1165
orionjako 韓國 麻油 風味 海苔 42g 袋 12 入 X8,25
國長 條軟 糖 可樂 風味,340
池重 食品 海苔 風味 煎餅 145g,10
伊藤 LANGULY 夾心 方餅 香草 風味 132gDonki,5
韓國 寶海 水蜜桃 風味 燒酒 360ml,735
JellyBelly 綜合 水果 風味 雷根 糖 70g,40
元 本山 朝鮮 海苔 湖鹽 風味 30 枚 包,80
12NoBrand 奶油 風味 夾心餅 乾 190g 花生,10
YBC 贊澤 洋芋片 綜合 起司 風味,50
12 樂天 鹽味 小梅 糖 806g 檸檬 梅子 風味,30
薯條 番茄 風味,125
森永經典 糖 漿楓 糖 風味 200g,205
限時 優惠 不 二家 奶油 風味 酥餅 96g,5
比夫 迷你 櫻桃 風味 蛋糕 180g,20
阿桶 麵 蒜 香珍肉 風味,35
喬莉羊 跳跳 棉花 糖粉 可樂 風味 22g,65
旺旺 吸 C 凍 可 吸果 凍 葡萄 果汁 風味 90g,90
MORE 蜜桃 風味,60
MUJI 無 印良品 即食 迷你 拉 麵 泰式 酸辣 風味 120g,135
YBCchipstar 雞汁 風味 洋芋片 50g,80
YBC 番薯 風味 捲 心餅 588g,5
YuKi 夾心餅 乾 花生 口味 可可 風味 喜馬拉雅鹽 起司 風,35
不 二家 白桃 風味 飲,5
CANDYPOPPY 菓 糖 爆米花 法式 烤布蕾 風味,35
倍 洛蒂 威化 餅雙重 可可 風味 250g,10
饗 米 日本 芥末 風味 55g,10
Sour3 沙瓦 350ml 水蜜桃 風味,270
笠 小丸 甘甜 醬香 風味 米果 90g 包,25
LOTTE 硬軟 糖 水蜜桃 風味,65
旺旺 吸 C 凍 葡萄 果汁 風味 80g,205
0923 第 20 標綜合 風味 咖啡 糖 一包,15
Bourbon 北 日本 愛麗絲 北海道 牛奶 風味 夾心 酥 57,5
東承果 凍粉 葡萄 風味,10
HERSHEYS 柑橘 風味 夾心餅 乾 100G,30
越南 DELI 鹽 香草 香草 草莓 抹 茶 風味 夾心 蛋糕 10,10
聖凍 買 S 自然 風味 黃 金雞翅義,25
維力 真爽 豬肉 風味 麵 90g3 入組 90g3 入 組豬 肉產,30
2S 科學 麵 香辣 風味 5 包入,20605
龜甲萬 豆乳 紅茶 風味 1000ml,20
現貨 越南 Oishi 起司 風味 玉米 脆片 39gKorn,5
魚皮 酸辣 風味,35
爆買 日本 特價 ELISE 愛麗絲白 可可 草莓 風味,5
MINTIA 糖果 冰涼 薄荷 風味,10
Lion 柚子 風味 喉糖 702g,5
盛香珍 濃厚脆 捲 系列 180g 芋頭 牛奶 巧克力 風味 花生,5
靜思書軒 香積 麵 蕃茄 風味 5 入袋網,10
旺揚 乳兒 蛋 酥 水果 風味,15
S 買帕瑪 草莓 風味 夾心餅 乾,5815
蜂蜜 蛋糕 濃郁 風味 90g,5
團韓國 太妃糖 風味,5
臻 御行 蒙古 烤肉 風味 魚片 150g,5
殷茂 起士 風味 派 180g,30
樂事 四重 風味 鹽 49g,660
薄荷 風味 摩卡 20221116e5wqucw2,5
日本 山 內 製 菓 牛奶 風味 蛋糕 捲 160g 現貨 蝦 皮直 送,25
北 日本 巧克力 風味 夾心 酥 1106g,40
龜甲萬 豆乳 紅茶 風味 200mlx18 入,5
orionjako 韓國 麻油 風味 海苔 12 入 42g,55
乖乖 玉米 脆果 春之莓果 風味 40g,50
元 本山 海苔 堅果 夾心 芝麻 核桃 風味 40G,75
素香 風味 麵 包,15
世起 草莓 可可 風味 大福 360g,5
ChupaChups 加倍 佳東京 限定 風味 棒棒糖 買 1 送,55
12 北 日本 一口 羅 曼地 草莓 風味 酥餅 47g,255
Orionjako 韓國 麻油 風味 海苔 42g,10
小谷 穀 物 OSK 博士 茶 迷迭香 洋甘菊 風味,30
CHUNMYONG 海鮮 風味 海苔 酥 40g,45
CHUHI 調酒 抹 茶 風味,35
卡士 達 風味 小泡 芙 大袋,40
九福動物 造型 餅 乳酸菌 風味 200g200g 袋,25
HERSHEYS 綠茶 風味 夾心餅 乾 100G,25
維力素 飄香素 麻辣 燙 風味 麵 5 包袋 x2,50
黃 金桃 風味 可可,30
海鹽 風味 起士,10
龜甲萬龜 甲 萬 豆乳 綜合 水果 風味 200ml18 入,10
國 S 買 LoveFarm 蜂蜜 風味 檸檬,465
PocoLoco 起士 風味 玉米片 200G 愛買,5
OYATSU 優雅食 饗 米 法國 松露 風味 五入 分享 包 110g,30
OYATSU 優雅食 饗 米 日本 芥末 風味 五入 分享 包 110g,20
Lotte 樂天 韓國樂天 字母 香草 風味 可可 餅乾 130g,10
爆買 日本 野村 美樂餅 乾 草莓 牛奶 風味 130g 美樂圓,10
Lays 樂事 組合 包意合 組合包 洋芋片 多力 多滋鹽 風味,10
晶晶 蜜蜜象 皮糖 象 皮糖 可樂 原味 風味 1 片 4 入,25
DyDo 贅澤 桃子 風味 香茶 500ml,15
韓國樂天 優格 風味 碳酸 飲 250ml,5
Tootsie 同校 樂 迷你 水果 風味 棒棒糖 100g,5
WAKECUP 生活 風味 系列 5am 小 清醒 濾掛,5
韓國 Lovint 脆餅 風味 可可 棒 54g,5
CHIMEI 奇美 港式 小點 鮮肉 燒賣 蟹 黃 風味 燒賣,10
盛香珍 濃厚脆 捲 系列 巧克力 風味 180g,10
12 日本 甘樂華麗 玫瑰 風味 夾餡 糖 525g,45
Bourbon 北 日本 長 條軟 糖 可樂 風味 50g,5
伊藤 先生 宇治 抹 茶 風味 夾心餅 乾 6 入 636g,15
北 日本 一口 白巧克力 風味 夾心,215
純和果 凍 時間 白桃 風味,430
OYATSU 優雅食 薄燒 脆片 甜 奶油 風味 50g,10
甘樂 玫瑰 風味 夾餡 糖,10
Kabaya 鹽錠 葡萄柚 風味,5
ORIHIRO 袋裝 蒟 蒻 果凍 白桃 風味 6 入,30
S 盛香珍 濃厚 巧克力 風味 法國 酥 11,14780
北 日本 黑 可可 風味 夾心餅,45
蜂蜜 奶油 洋芋片 起士 風味 60g,20
YBCchipstar 九州 醬油 風味 洋芋片 115g,30
YBCchipstar 芝麻油 風味 洋芋片 50g,45
FRUTA 綜合 水果糖 葡萄 橘子 風味,30
米 之 珍品 花蓮富 里 農會 福猩米餅 玉米 濃湯 海鹽 風味,10
北 日本 甘鹽 香草 風味 夾心餅 乾,25
味覺 糖苦 焦糖 風味 甘藷 片,60
薄荷 風味 摩卡 20221108v7tfqblk,5
薄荷 風味 摩卡 20221129y1ijz3pa,5
森永鹽 焦糖 風味 牛奶糖 828g,5
大阪 前 田 製 果 豆乳 風味 小蛋 酥 70g,5
旺旺 吸 C 凍 可 吸果 凍 乳酸 多 果汁 風味 90G6 入盒,15
Lago 萊可 巧克力 風味 威化 夾心 酥 125g,5
卡迪 那 95 北海道 風味 薯條 原味 18gx5 包,75
MAMEE 小怪 獸 洋芋片 紫薯 風味 100g,45
杜拜 杭特上 選 手工 洋芋片 白松露 風味,10
4550344295717MUJI 無 印良品 PET 蘋果 風味,110
井村 屋果 凍條 薄荷 風味,15
Poco 海鹽 風味 玉米片 200g,10
西班牙 布朗 尼 先生 咖啡 風味 8 入,50
KALIFORES 草莓 果醬 奶油 風味,45
維 大力 蘋果 風味 氣水 2000ML 愛買,5
維力 迷你 麵 25g4 入輕辣 風味,35
orionjako 韓國 麻油 風味 海苔 12 入 42gX8 袋,35
0903 第 20 標 焦糖 風味 爆米花 一次 兩包,15
元 本山 海苔 堅果 夾心 黑 穀 杏仁 風味 40g,290
爆米花 奶油 雞肉 咖哩 風味 200gMUJI 無 印良品,35
S 買 芙瓦多 奶油 風味 夾心 蛋糕 90g,185
台灣 Tryall 蛋白 花生 脆皮 捲 可可 風味 30gX4 包,5
黃 金桃 風味 可可,335
旺旺 吸 C 凍 可 吸果 凍 葡萄 果汁 風味,95
蒙古 烤肉 風味 魚片,5
附發票 小 食堂 富士 蘋果 風味 蒟 蒻 低卡果 凍 麝香 葡萄 風味,25
寶寶魚 風味 豆餅,30
維力 素飄香 麻辣 燙 風味 麵 90g5 包 6 組箱,5
TOHATO 手指 圈圈 餅馬鈴薯 奶油 風味 65g,20
旺旺 吸 C 凍 可 吸果 凍 草莓 果汁 風味 90G6 入盒,15
Eta 紐西蘭 波浪 厚切 洋芋片 酸奶 洋蔥 風味 150g,15
Kenji 健司 可頌千層 派 太妃糖 脆片 風味 8 入包,10
現貨 刷卡 愛苔 玩厚切 海苔 椒 鹽 風味 30g 包 S,10
池上 百香果 風味 凍 飲 180g,75
MUJI 無 印良品 一口 夾心 酥 可可 奶油 風味 110gS,205
元 本山 海苔 堅果 夾心 芝麻 核桃 風味 40G40G,165
戰豆 鹹 蛋 黃 風味 140g,20
味覺 百 撰星 光彩 岩 水果 風味 糖星 光彩 岩 檸檬蘇 打 藍莓 可樂,10
Lotte 韓國 燒酒 芒果 風味 燒酒 3,5
饗 米 日本 芥末 法國 松露 風味 組合包 110g,25
義美蘇 打餅 夾心 奶油 風味 144g,55
DELI 抹 茶 風味 夾心 蛋糕 108 公克,35
沙士 糖 汽水 糖 可樂糖 螃蟹 泡泡糖 水蜜桃 糖 水果 風味 糖糖,15
什麼 丸 意兒 休閒 丸子 雞汁 風味 3 包入 x8 袋,5
DELI 草莓 風味 夾心 蛋糕 108G,20
樂克 起士 風味 玉米片 200g,65
愛的 小 舖 Mccormick 加州 風味 蒜 味 胡椒 623 公克,5
現貨 柑梅 風味 糖小賣 所 高 蜜柑 梅 硬糖 高級,5
食尚 三味 可樂 風味 棒棒糖 棒棒糖 三太子 棒棒糖 聖誕節 糖,10
卡滋蝦 喀鮮 蝦 餅椒 鹽 風味 60g2 包,5
ORIHIRO 葡萄 風味 蒟 蒻 果凍 120g,5
蝦皮 獨賣元 本山 聯名 三切 甘梅 風味 梅子 海苔 朝鮮 海苔 蝦,40
厚切 年 輪 蛋糕 起士 風味 225g,5
天福 迷你 脆薯 海苔 風味 30g 全素,30
買 滿腹 30 倍 風味 糖奇 異果,45
北 日本 迷你 布朗 尼 蛋糕 濃厚 可可 風味 1242G,10
12 北 日本 艾莉絲 威化 餅 144g 抹 茶 風味,15
S 買茱蒂絲 蛋 捲 巧克力 風味 100,75
麥維 他 巧克力 豆 消化 餅 焦糖 風味 276g,30
栗山 絕品 螯 蝦 風味 米果 45g,10
元 本山 湖鹽 風味 海苔 30 枚,220
M 雙盟 草莓 酥 棒 草莓 風味,20
Ito 伊藤 葡萄乾 風味 夾心餅 乾 145g,5
MONIN 榛果 風味 糖漿 250ml,75
森永 焦糖 牛奶糖 風味 夾心餅 乾,475
Fini 飛尼軟 糖 水蜜桃 風味 100g 共 2 包入,10
咖啡 糖嚼醒 咖啡因 30 瘋 搶 網紅 綜合 風味 咖啡 糖醇 香藍,75
Eta 紐西蘭 波浪 厚切 洋芋片 海鹽 風味 150g,15
優雅食 饗 米 日本 芥末 風味,15
維力 原祖 牛肉 風味 麵 70g5 包組,140
千成堂 開心果 豆 菓 子 原味 芥末 山葵 辣味 唐辛子 風味,5
稑 珍 南洋 風味 系列 脆 咖哩 餅乾輕 辣味 100g,5
MUJI 無 印良品 可可 風味 夾心餅 乾 可可 2 入 x6 袋,520
蜂蜜 蛋糕 可可 風味 90g,5
CocaCola 芬達 汽水 橘子 風味 160ml,15
D 卡迪 那 95 度 C 北海道 風味 薯條 原味 40g,225
4717095091696 午茶 夫人 荔枝 風味 紅茶 10 入,30
卡迪 那 95 北海道 風味 薯條 原味 18G5 包,300
D 樂事 四重 風味 鹽 81g,15
家福 藍 苺 風味 夾心 酥,1200
喜年 來 大金 牛角 香烤 雞汁 風味 60g,50
抹 茶 風味 牛奶糖,55
日本 海水 明太子 風味 海苔 片 85g,5
日東 白桃 風味 皇家 奶茶 140g,35
好 侍芙酪 吉 濃厚 草莓 櫻桃 風味,10
山井龍 蝦 風味 棒 150G,5
鷹 嘴豆 零食 脆片 澳洲 起司 風味 100,10
11YBC 捲 心 酥 12 枚 585g 抹 茶 風味,5
S 薄燒 脆片 起司 風味 50g,130
日本 三 立 製 菓 可可 風味 薄 燒餅 可可 白 可可 抹 茶 風味,70
樂天木 醣 醇 無糖 口香糖 草莓 薄荷 風味 261g,540
卡迪 那 95 北海道 風味 薯條 原味 18gx5 包,570
Sour3 沙瓦 350ml 梅子 風味,200
卡迪 那 95 薯條 松露 風味 18gx5 包,40
代收 代付 最 划算 肉燥 風味 拉 麵 321g 愛買,15
Bourbon 北 日本 長 條軟 糖 水蜜桃 風味 50g,5
平和 堂 烤 甜甜 圈 牛奶 風味 85g,5
芙瓦多 奶油 風味 夾心 蛋糕 24 入 432g,260
ChupaChups 加倍 佳 即期 東京 限定 風味 棒棒糖,5
華元波 的 多 洋芋片 酸奶 洋蔥 風味 43gX10 包入 箱,5
日本 伊 藤 製 果 巧克力 風味 香草 風味 抹 茶 夾心餅 6 枚 入,10
日食 北海道 優質 玉米片 巧克力 風味 215g,45
世界 GO 金大有 CC 樂 水果 味 糖果 味糖 單盒裝 水果 風味,45
苔 嗑 脆 海苔 36g 醬燒 風味,40
金必氏 星星 全麥餅 乾 4 連 可可 風味 52g,40
卡滋薯條 90g 茄汁 風味,80
卡迪 那 95 松露 風味 薯條 18G5 包,60
BIKA 烤 雞 風味 牛角 黑胡椒 70g,5
小 叮叮 巧克力 風味 玉米 酥 60g 包大買家,5
韓國樂天 Lotte 優格 風味 碳酸 飲 250ml20221,5
晶晶 蒟 蒻 果凍條 果汁 味 黑糖 珍珠 風味 無 色素 冷藏 冷凍 皆宜,5
藍 鑽 杏仁 藍莓 風味 條狀 隨手 包 4,5
D 卡滋鮮脆 薯條 茄汁 風味 90g,100
草莓 風味 蛋糕 130g,3735
倍 洛蒂 威化 餅雙重 可可 風味,5
賣場 低消 199 元 日本 伊 藤 製 果 巧克力 風味 香草 風味 哈密,5
卡迪 那 95 度 C 薯條 北海道 起司 風味 18gx5 包,90
薄荷 風味 摩卡 20221117f0qbbhwe,5
S 轉韓國 Sweetory 蜂蜜 奶油 風味,1505
九福動物 造型 餅 牛奶 風味 256g,15
Kabaya 鹽錠 葡萄柚 風味 56g 包 10 包,5
JellyBelly20 種綜合 風味 雷根 糖 70g,45
武士道 咖啡 雙層 風味 95g,5
S 老 楊 鹹 蛋 黃 魚皮 香辣 風味 90g,30
薄荷 風味 摩卡 20221104mbv8timr,5
天福 岩燒 海苔 風味 小丸子 小脆 麵 30g 全素,10
9 北 日本 一口 脆餅 58g 巧克力 風味,70
維力 什麼 丸 意兒 50g3 入 梅子 風味,35
樂天千層 派 Coolish 香草 風味,255
12 芙瓦多 夾心 蛋糕 5 入 奶油 風味,35
北 日本 長 條軟 糖 水蜜桃 風味 50g,80
維力素 飄香素 麻辣 燙 風味 麵 5 包袋,235
卡滋鮮 脆薯 條湖 鹽 海苔 風味 90g3 包,5
代收 代付 維力 素飄香 麻辣 燙 風味 麵 90Gx5 愛買,10
日清 巧克力 風味 玉米 圈 45g,25
鋐 泉古 早味彈 珠 汽水 荔枝 風味,130
咖啡 風味 糖果,2775
山本 濃厚 黑 麻油 風味 棒 麵 240G,5
Sorionjako 韓國 芥末 風味 海苔 12,775
限時 優惠 ORION 非 油炸 洋芋片 洋蔥 風味 64g,10
NabatiSiiP 金磚 玉米 一口 酥 巧克力 風味 超值 包 30,5
義美巧克 酥片 系列 140g 巧克力 風味 蝦 皮團購,5
鈴木榮 光堂 糖果 白桃 風味,210
MUJI 無 印良品 蝴蝶 碎餅 楓 糖 風味 60g,185
KIDOWafer 夾心餅 乾 奶油 風味 隨手 包 91g,1205
笠 小丸 日式 烤 雞肉串 風味 米果 90g 包,30
康寶 奶油 風味 獨享 杯 盒 4 入 x6 盒,60
韓國 不倒翁 起司 風味 拉 麵 111g4 包 111g4 包袋,75
盛香珍 醇厚 巧克力 風味 捲 180g 盒,55
正義聯盟 水蜜桃 風味,10
AcecookBaby 杯 麵 鹽 風味,75
杜拜 杭特上 選 手工 洋芋片 白松露 風味,10
素飄香 麻辣 燙 風味 麵 90g5 包入,25
石榴 風味 糖漿 750ml,15
金車 高頓 粥 51g 椒 香 牛肉 風味,60
維力 迷你 麵 雞汁 風味 25g4 入組 25g4 入組,185
不 二家 LOOK 蜜 番薯 風味 可可,20
Ginbis 星星 造型 玉米 餅鹽 香草 牛奶 風味,45
薄荷 風味 摩卡 20221102b9vywk7q,5
D 卡迪 那 95 度 C 北海道 風味 薯條 海苔 40g,55
FOUROCLOCK 加拿大 有機 石榴 風味 紫錐菊茶 18,10
YuKi 可可 風味 喜馬拉雅鹽 夾心餅 152G,5
D1 瑞士 捲 巧克力 風味 150g,135
6 北 日本 一口 米果 36g 薄燒 鹽 風味,80
日本 固力果 glico 草莓 牛奶 香草 咖啡 風味 雙味 夾心,10
元 本山 朝鮮 海苔 甘梅 風味 29 公克,35
MUJI 無 印良品 奶油 風味 夾心餅 乾 可可 2 入 x6 袋,230
AS 白桃 風味 年 輪 蛋糕 186g,15
D 卡滋鮮 脆薯 條湖 鹽 海苔 風味 90g,55
維力 迷你 麵 25g4 入雞汁 風味,90
佐賀 風味 海苔 胡椒 餅 200g,10
Bourbon 北 日本 一口 辛辣 風味 洋芋片 45g,15
NabatiSiip 金磚 玉米棒 碳 烤 玉米 風味 5g20 入,15
薄燒 脆片 甜 奶油 風味 50g,10
荷卡 廚坊 特濃湯 燕麥 綜合 風味 42gx5 包 X2 件 組,15
艾 巴斯 果凍 水蜜桃 風味,10
Bourbon 北 日本 葡萄乾 奶油 風味 夾心餅 1224,20
山武 鯛 風味 竹輪 150g,15
炒飯 元素 牛肉 風味 24g8g3 入 MUJI 無 印良品,45
藍莓 風味 糖果,25
森永小魚 造型 餅杯 可可 牛奶 風味,65
寶 製 果 橫 濱 奶油 風味 夾心餅 乾 136g 盒,5
北 日本 白巧克力 風味 夾心餅,5
健康 日誌 韓式 泡菜 風味 脆餅 408 克馬來 西 亞 製 量 販 包,5
大田 海洋 大豬 公魷魚 風味 板條 鱈 魚風味 紅片,35
薄荷 風味 摩卡 20221103fs7xo27z,5
Hata 古早 味彈 珠 汽水 草莓 風味 200ml,10
薄荷 風味 摩卡 20221111swhmbt19,5
東承果 凍粉 草莓 風味,5
雪 町 歐蕾 米果 雪餅 英式 奶茶 風味 10 入,15
CRAFTBOSS 綜合 水果 風味 歐蕾,20
ORIHIRO 期間 限定 富士 蘋果 風味 蒟 蒻 果凍 6 入,185
Aerial 玉米 脆片 旨辛 大蒜 風味,260
維力 素飄香 麻辣 燙 風味 麵 100g,90
三陽 食品 聖誕 草莓 夾心 棉花 糖約 36 顆 草莓 風味 聖誕節,10
旺旺 吸 C 凍 可 吸果 凍 葡萄 果汁 風味 90gX6,225
INTAKE 低卡 蒟 蒻 果凍 飲 山竹 風味,15
國 牛奶 可可 風味 布朗,10
orionjako 韓國 芥末 風味 海苔 12 入 42g,45
代收 代付 維力 真爽 蔥 辣 牛肉 風味 麵 75Gx5 愛買,20
CalbeeCraft 洋芋片 花藻 鹽 風味,20
義美小泡 芙 經典 巧克力 風味 香濃 牛奶 風味 泡 芙 隨手 包,5
森永夾 心餅 乾開 心果 風味 928gDonki 日本 唐吉訶,5
FOX 酸奶 洋蔥 風味 洋芋片 40g,5
S 饗 米 日本 芥末 風味 五入 分享 包 1,335
12NoBrand 奶油 風味 夾心餅 乾 190g 起司,10
FINNA 蝦片 海苔 風味 40g,220
樹飛雪大心 植美 噗 噗速酵 纖鳳梨風味 草莓 風味 蘋果 優格,10
Glico 固力果 草莓 牛奶 風味 雙味 夾心餅 乾 1892g,10
森 白 製 果 仙 貝 玉米 濃湯 風味 17g,15
韓國 農心 辛辣 白菜 風味 拉 麵 5 入 超值 包 600g,25
薄荷 風味 摩卡 20221105q7xvv5lb,5
韓味 不二 蒟 蒻 果凍 飲 葡萄柚 風味 150ml,10
OYATSU 優雅食 饗 米 櫻花 蝦 風味 五入 分享 包 110g,5
韓多露 燒酒 360ml 荔枝 風味,110
9556023224776 芙瓦多 巧克力 風味 夾心 蛋糕 24,5
真露 TOKTOK 草莓 風味 雞尾酒 350ml 罐,35
MUJI 無 印良品 奶油 風味 夾心餅 乾 起司 2 入 x6 袋,70
短星 太郎 輕條餅 黑胡椒 沙漠 湖鹽 風味 66g,65
FOUROCLOCK 加拿大 有機 覆盆 莓 奶油 風味 紅茶 2g,5
日本 桃屋 奶油 風味 蒜 酥 58g20233,5
日本 宮田 哈密瓜 風味 牛奶糖 90g,10
綠 葡萄 風味 糖果,15
純和果 凍 時間 芒果 風味,305
忍道 米餅 蛋 黃 風味,30
S 盛香珍 濃厚 巧克力 風味,455
GP 北海道 西瓜 風味 果汁 棒 90g,5
LOTTE 蛋黃派 香甜 草莓 風味 6 顆裝 132g,95
三幸 新 潟 仕選 米果 海苔 甘鹽 風味 96gDonki 日本 唐,5
卡滋鮮 脆薯 條湖 鹽 海苔 風味 90g,75
元 本山 湖鹽 風味 海苔 30 枚網,5
梅汁 風味 硬糖,20
萊可 椰子 風味 迷你 捲 心 酥 125G,5
樂天 Crunky 脆心 可可 球 哈密瓜 牛奶 風味,130
S 饗 米 日本 芥末 風味 五,15
10 迷你 黑雷 神餅 乾 分享 包 173g 巧克力 風味,6095
191 巧克力 風味 軟餅 葡萄 250g 蝦 皮團購,5
國 可可 風味 捲 心 酥,160
No1 蟹 黃 風味 蠶豆 240 克,20
CalbeeCraft 洋芋片 洋蔥 風味,15
樂得 口香糖 甜柚 風味,80
8 北 日本 一口 米果 38g 鮮蝦 風味,65
CONFEX 草莓 風味 棉花 糖 115g,5
佳 祈藥局 purafit 德寇 檸檬 百香果 風味 綜合維,15
三 立 製 果 白 可可 風味 薄 燒餅 90g,5
小 老板 海苔 棒棒 捲 3g9 入 BBQ 風味,90
BOURBON 北 日本 帕奇 拉 巧克力 風味 棒 462gDon,5
薄荷 風味 摩卡 20221110n4nonv4o,5
12 春日 井 雷根 糖 85g 綜合 汽水 風味,70
優 穀 美身 多 穀 物米餅 120g 焦糖 風味 好吃 素食 健康,5
崑 崎 哈密瓜 風味 棒 85gX8 入,10
ITOLANGULY 香草 風味 夾心餅 66g,15
旺旺 吸 C 凍 可 吸果 凍 葡萄 果汁 風味 90g 包,480
加樂 比 洋芋 條 野菜 風味,5
水蜜桃 風味 蒟 蒻 低卡果 凍 150g 包 150 公克 包,15
KSD 韓國 米酒 水蜜桃 風味 350,10
脆 紫菜 山葵 風味,225
臻 御行 蒙古 烤肉 風味 魚片 150g,55
饗 米 日本 芥末 風味,35
樂天 小熊 餅 家庭 號 牛奶 風味 195g,25
MUJI 無 印良品 蝴蝶 碎餅 酸奶 洋蔥 風味 60g,145
伊華 香草 風味 棉花 糖,85
自然 素材 牛奶 風味 骨頭 狀餅 乾 100g,5
薄荷 風味 摩卡 20221121b8ki2rk2,5
12 春日 井軟 糖 107g 水蜜桃 風味,55
名地 雞尾酒 愛媛 蜜柑 風味,20
栗山瀨戶 三種 x5869 風味 仙貝 綜合包 30 枚裝 1,5
薄荷 風味 摩卡 20221103f2snbbel,5
湖池 屋 明太子 風味 玉米 餅 60g,5
TODAY 牛奶 風味 蛋糕 45g,215
薄荷 風味 摩卡 20221102u7axritu,5
薄荷 風味 摩卡 20221107x2embjgm,5
元 本山 朝鮮 海苔 湖鹽 風味 40g 包,100
國太樓 水蜜桃 風味 伯爵 紅茶 288g,45
24 入 30 入 韓國 MAXIMKANU 多款 風味,120
太妃糖 風味 紅茶 2g10 入,10
MINTIA 糖果 清涼 薄荷 風味,35
S 盛香珍 榛果 巧克力 風味,120
懷舊 九州 熊本 蒜味 風味 拉 麵 2 人份 220g,15
華元 卡力 卡力 桶 320g 鹹 蛋 黃 風味 重量 級 隨身 罐,10
S 買東 鳩 蒙 布朗 風味 玉米 脆果 73g,960
大拇指 鱈魚 風味 黑芝麻 夾心絲 100g 大潤發,10
森永 栗子 風味 夾心 蛋糕 198g,15
山 內 製 果 黑糖 風味 蛋糕 捲 160g,5
Calbee 鋸齒 洋芋片 韓國辛 海苔 風味,115
巧益 素食 一口 蝦味 風味 脆片 130g,15
薄荷 風味 摩卡 20221108b5oqzpuj,5
Barr 覆盆子 風味 無糖,105
盛香珍 濃厚 捲 心 酥 135g 鹹 蛋 黃 風味,25
卜蜂 韓式 風味 烤 翅 腿 400g 包,35
MUJI 無 印良品 蝴蝶 碎餅 墨西哥 紅椒 風味,55
高岡 焦糖 可可 風味 糖果 150g,20
LOTTE 巧克力 派 香蕉 風味 12 顆裝 336g,85
艾唯倪 穀 物 棒棒 草莓 風味 40g,20
S 買 韓國樂天 優格 風味 碳酸 飲 250,1685
S 饗 米 日本 芥末 風味 55g,455
夢夢水 飲品 60ml 白桃 風味,480
薄荷 風味 摩卡 20221103e1qyu7rd,5
維力 迷你 麵 輕辣 風味 25g4 入,15
Orionjako 韓國 芥末 風味 海苔 12 入,5
老 楊 鹹 蛋 黃 魚皮 90g 香辣 風味,50
夾心餅 乾 可可 風味 320g 包 320g 包 P417,20
Sour3 沙瓦 350ml 蘋果 風味,175
ORIHIRO 袋裝 蒟 蒻 果凍 蘇打 可樂 風味 12 入,155
NISSIN 日清 巧克力 風味 玉米片 80gx1 包,10
維力 真爽 黑胡椒 牛肉 風味 麵 90g3 入 90g3 入組,55
波士 多可樂 糖華南 枇杷 糖 優格 風味 糖涼 薄荷糖 螃蟹 糖,25
MUJI 無 印良品 即食 迷你 拉 麵 雞汁 風味 120g,625
NabatiSiip 香 濃金磚 玉米棒 起司 口味 碳 烤 玉米 風味,5
青澤咪 菓 超濃 牛奶 風味,5
DONKI 玉米棒 濃湯 風味 30 本 Donki 日本 唐吉訶德,60
池重 食品 海苔 風味 煎餅 145g,5
平和 堂 烤 甜甜 圈 甘藷 風味 70g,5
DRJelly 低卡 蒟 蒻 果凍 葡萄 風味 水蜜桃 風味 150,5
高雄 現貨 即期 品 印尼 KOPIKO 咖啡 風味 糖果 錠 包,5
黃 金桃 風味 可,70
卡迪 那 95 薯條 北海道 起司 風味 18gx5 包,245
KidO 迷你 夾心餅 奶油 風味 7 入盒 迪士尼 小熊 維尼,10
日華 好物 穀 物棒 20 根兩款 口味 可選四神 穀 物棒洋 蔥 風味,25
維力 素飄香 麻辣 燙 風味 麵 95g12 碗箱,10
卡滋鮮脆 薯條 茄汁 風味 90g,55
日本 海水 起司 風味 海苔 片 85g,20
Kabaya 卡巴 鹽錠 葡萄柚 風味 x1 包 56g 包,10
卡迪 那 95 北海道 風味 薯條 海苔 255333,5
德國 Mivolisdm 紫蓋 熱帶 水果 風味 綜合維 他命,20
YuKi 夾心餅 乾 花生 口味 可可 風味 喜馬拉雅 鹽熱,15
旺旺 吸 C 凍 可 吸果 凍 草莓 果汁 風味 90g,60
韓國樂天 Lotte 優格 風味 碳酸 飲 250ml,5
信州 風味 天然 味 噌 300g,140
芙瓦多 奶油 風味 夾心 蛋糕 24 入 432g,10
元 本山 元 本山 朝鮮 海苔 甘梅 風味 29 公克,60
維力 素飄香 風味 麵 80g5 入 野菜 多,15
龜甲萬 豆乳 200ml 白桃 風味,30
團袋 型果 凍盒 蘋果 乳酸 風味,15
SugarloloINTAKE 低卡 蒟 蒻 果凍 飲青 葡萄 風味,35
烘焙 蜂蜜 奶油 風味 腰果 580 公克 大包 裝 每日 優果,5
薄荷 風味 摩卡 20221107e7te1jnt,5
日本 春日 井 Kasugai 芥末 風味 綜合豆 果子 133,10
寶 製 橫 濱 奶油 風味 夾心盒 裝餅 乾 136g,40
小 老板 海苔 棒棒 捲 BBQ 風味 3g9 入盒,50
Calbee 最堅 洋芋片 酸奶 洋蔥 風味,85
Haco 武士道 咖啡 雙層 風味 95g,5
延世大學 香蕉 風味 保久 調味 乳 190ml6 入裝,5
喬莉羊 跳跳 棉花 糖 紫葡萄 風味 22g,55
愛媛 蜜柑 風味 雞尾酒 350ml,10
樂事 四重 風味 鹽 63g,5
EVERVITAPLUS 韓國維生素 發泡 錠 青 葡萄 風味 2,10
西班牙 布朗 尼 先生 咖啡 風味 200g,5
M 樂天 小熊 餅 家庭 號 巧克力 風味 195g,30
薄荷 風味 摩卡 20221107e2yt8rjt,5
盛香珍 濃厚 雙味 巧克 酥 花生 巧克力 風味 145g 包官,20
FOXs 綜合 水果 風味 水晶 糖 90g,165
維力 手 打 麵 蔥 香 牛肉 風味 80gx5 入愛買,10
憶霖 鹹 蛋 黃 風味 灑粉 2gx20 包,5
薄荷 風味 摩卡 20221115x2emntah,5
道南 北海道 牛奶糖 奶油 風味,20
怪獸 海苔 麻辣 風味 18g,10
YLF 日式 鹽糖 120g 檸檬 薄荷 風味,15
糖果 薄荷糖 薄荷 風味糖 花香 風味 桂花 梔子花 櫻花 風味,25
三陽 食品 萬聖 夾心 棉花 糖約 35 個 葡萄 風味 萬聖節 糖,30
DONKI 玉米棒 芥末 風味 30 本 Donki 日本 唐吉訶德,20
HARUYA 起士 風味 米果 65g,30
盛香珍 濃厚 巧克力 風味 法國 酥 110g928 福利社,5
卡 x5EF8 那 95 薯條 松露 風味 18gx5 包,215
HELLOKITTY 造型 餅乾 60g 花生 風味 蔓 越莓,5
KOOL 鹹 蛋 炒 麵 92g 黃 蟹 風味,100
國 可可豆 風味 麻 糬,20
雪 町 歐蕾 米果 雪餅 日式 醬燒 風味 10 入,15
CROWN 皇冠 法式 薄燒 夾心餅 牛奶 風味 77g,155
BeRule 植 素食 代素 肉 乾 墨西哥 辣椒 風味 x4 包 70g,5
不 二家 LOOK 蜜 番薯 風味 可可 45g,5
不 二家 LOOK 黃 金桃 風味 可可 42g,5
韓國 不倒翁 OTTOGI 辣起司 風味 拉 麵 111g,610
卡瑪 生活 館九福豆 脆片 韓式 泡菜 風味 法式 起司 風味,5
炒飯 元素 櫻花 蝦 風味 24g8g3 入 MUJI 無印良,10
日本 北 陸 製 菓 4 連 KT 蝴蝶 結 造型 餅乾 蜜桃 牛奶 風味 64,5
YBC 甘薯 風味 夾心餅 1152g,5
九福豆 脆片 韓式 泡菜 風味 200g,5
DELI 鹽 香草 風味 夾心 蛋糕 108 公克,45
盛香珍 濃厚 捲 心 酥 135g 盒 鹹 蛋 黃 風味,15
雷神 堅果 巧克力 風味 棒,775
正哲礦 鹽蘇 打餅 香椿 風味 純素 配方 380 克,15
優雅食 辛燒 肉 風味 洋芋 脆片 61g,10
三幸 雙色 果子 起士 玉米 風味,10
松尾 聖誕節 版 綜合 可可 風味 糖杯裝,60
森永彈 珠 汽水 風味 冰棒 蘇打 葡萄 463g10 支盒,5
國太樓 伯爵 紅茶 蘋果 風味 288g,5
SANGARIASAN 碳酸 飲料 葡萄 風味 248ml,5
盛香珍 濃厚脆 捲 系列 巧克力 風味 180g 盒,10
懷舊 九州 鹿兒島 黑豬 風味 拉 麵 2 人份 210g,25
AS 麝香 葡萄 風味 蛋糕 186g,5
元 本山 朝鮮 海苔 醬燒 風味 40g,165
炒飯 元素 蟹肉 風味 21g7g3 入 MUJI 無 印良品,45
IRIS 巧克力 與 西洋梨 風味 帕內朵 尼,10
卡迪 那 95 北海道 風味 薯條 海苔 口味 18G5 包,95
樂克海 鹽 風味 玉米片 200g,20
OYATSU 優雅食 饗 米 日本 芥末 風味 55g,35
SOYJOY 大豆 營養 棒 杏仁 巧克力 風味 1 盒 12 入,30
HANAMI 脆 蝦條 胡椒 風味 60g,5
orionjako 韓 芥末 風味 海苔 12 入袋 裝韓 國 製 42,30
呷 促米 米餅 鹹 酥 雞 金針 風味 160g,5
好時 焦糖 風味 糖漿 22OZ623G,20
12 芙瓦多 夾心 蛋糕 5 入 巧克力 風味,25
MULATE 肉桂 風味 黑 巧克力 80g 任選,5
來 一客 杯 麵 牛肉 蔬菜 風味 12 杯箱,30
巧克力 風味 夾心 蛋糕,5
YBCAerial 酸奶 洋蔥 風味 玉米 餅 70gDonki,5
9556023224776 芙瓦多 巧克力 風味,5
glico 奶油 風味 夾心餅 617g,25
食物 風味 搭配 科學 3000 種食材 270 個 食材 風味輪 700,5
優 穀 美身 多 穀 物米餅 120g 薑 黃 胡椒 風味 好吃 素食,25
春日 井 芥末 風味 豌豆 酥,10
附發票 韓國 HAITAI 海太 香菇 造型 DIY 巧克力 風味,5
惠香 蜜汁 鱈魚 風味 香片 250g 包微辣,15
三幸 PARINKO 子樣 仙貝 起士 風味,10
元 本山 海苔 堅果 夾心 黑 穀 杏仁 風味 40g,45
SANGARIASAN 碳酸 飲料 哈密瓜 風味 246ml,10
嘉吉 北海道 風味 海鹽 檸檬味 夾心餅 225g,10
聖旨 到 紅蔥魯香 風味 魚燒 90g,5
青澤火燒 蝦 風味 蝦 薯條 海苔 口味 超取 限購 10 包,5
越 後 名人 米果 黃 豆粉 風味,10
馬 玉山 抹 茶 風味 紅豆 穀 脆 25gx8 入袋,5
北 日本 餅乾 909g 奶油 風味,5
S 饗 米 日本 芥末 風味 5,20
薄荷 風味 摩卡 20221118c6wlmnz3,5
Lotte 樂天 韓國樂天 優格 風味 碳酸 飲 250mlx30 入,15
乖乖 花蓮米 乖乖 柚子 風味 52g 素單 包,5
森永 可可 風味 夾心餅 90g,5
喜年 來 大金 牛角 香烤 雞汁 風味 60g,85
CW 可可豆 風味 麻 糬 餅 240g 韓國 麻 糬 軟 餅 可可,5
菓 風 小 舖 SophiscaSC 薄荷 風味 9 入,5
三島 食品 三島 鰹魚 風味 飯友 芥末 口味 20g,5
CocaCola 可口 可樂芬 達 汽水 葡萄 風味 160m,5
MUJI 無 印良品 即食 迷你 拉 麵 泰式 酸辣 風味 120g,20
YBC 濃厚巧 達 起司 風味 玉米 餅 70gDonki 日本 唐吉訶,10
濟州 JeKiss 仙人掌 風味 可可 製 品 72G,15
寶 製 菓 橫 濱 奶油 風味 夾心餅 乾 126g,10
元 本山 山葵 哇 沙米 風味 對切 312g 包,170
LOTTE 樂天 小熊 餅 巧克力 風味 37g 盒大買家,5
元 本山 山葵 哇 沙米 風味 對切 海苔 24 枚 包,135
龜田 蜂蜜 風味 小 粒米 果 110g,5
野村 煎 豆 美樂圓餅 焦糖 風味 6 包入 180g,5
元 本山 朝鮮 海苔 醬燒 風味 30 枚 包,60
維力 什麼 丸意 梅子 風味 50g,5
CANDYPOPPY 菓 糖 爆米花 黑 鑽松露 風味 2021,10
MUJI 無 印良品 炒 飯 元素 牛肉 風味,10
草莓 風味 夾心餅 智 珗 12,5
orionjako 韓國 芥末 風味 海苔 42g 袋 12 入 X8,5
元 本山 海苔 堅果 夾心 芝麻 核桃 風味,5
提拉 米 蘇 可可 風味 杏仁 夾心 糖山葵 風味 130g,15
活沛 多 穀 胱 甘肽 水光凍 10 包入 荔枝 風味,10
優雅食 薄燒 脆片 甜 奶油 風味 50g,10
Asahi 朝日 MINTIA 糖果 清涼 薄荷 風味,280
S 薄燒 脆片 起司 風味 5,10
旺旺 吸 C 凍 可 吸果 凍 草莓 果汁 風味 90gX6,130
帝王 蟹 風味 棒 10p,1740
薄荷 風味 摩卡 20221117a4pf4s1j,5
美濃 饗 米 日本 芥末 風味 55g,5
分批 取維力 素飄香 麻辣 燙 風味 麵 100g,5
MUJI 無 印良品 蝴蝶 碎餅 酸奶 洋蔥 風味 60g4 入,15
NoBrand 可可 奶油 風味 夾心餅 乾 190g190g,10
三立 紅岩 鹽 檸糖 薄荷 風味 720G,10
吉力貝 豆豆 糖 70g 雞尾酒 風味,35
艾唯倪 ivenet 多 多米 餅優格 風味 40g 寶寶 零食,5
Nobel 四種 風味 綜合 嚼 糖,25
MUJI 無 印良品 即食 迷你 拉 麵 麻辣 風味 120g,230
分批 取 黑面 蔡千層 方塊 酥 鹹 蛋 黃 風味 250g,15
北 日本 盒裝 奶油 夾心 酥 白巧克力 風味,5
旺旺 吸 C 凍 葡萄 風味 草莓 風味 乳酸 多風味 90g 新高 橋,10
日本 伊藤 杏仁 焦糖 風味 夾心餅 乾經典 香草 風味 夾心餅 乾藍莓 風,5
14001293121 池上 鄉農會 池上 甘味 之 李 果酸 風味,5
三 A 咖啡 歐蕾 風味 185ml,25
青澤咪 菓 超 濃起士 風味,5
湖池 屋 PURE 洋芋片 松露 鹽 風味,5
hyBTS 防彈 少年 團堅果 風味 摩卡 咖啡 270ml 韓購網,15
KIDO 迷你 夾心餅 奶油 風味 7 入 140g 任選 迪士尼,5
DELI 香草 風味 夾心 蛋糕 Vanillaflavor,5
芙瓦多 風味 夾心 蛋糕 18gx24 入 巧克力 提拉 米 蘇 奶油,10
龜甲萬 豆乳 紅茶 風味 1000ml6 入,15
薄荷 風味 摩卡 20221125p5xo4311,5
YBC 山崎 草莓 風味 夾心餅 194g,60
山 芳 製 菓 北海道 奶油 風味 洋芋片 50gDonki 日本 唐吉訶,45
久慈 食品 提拉 米 蘇 可可 風味 杏仁 夾心 糖原 味 900gDon,5
BINGGRAE 螃蟹 造型 餅乾 炒碼 麵 風味 70g,5
薄荷 風味 摩卡 20221130f7qtxsfv,5
爆買 日本 北陸嚕嚕 米餅 乾 可可 風味 牛奶 風味 90g,5
lush 樂喜 香濃 巧克力 風味 夾心 68g,5
ORIHIRO 青 葡萄 風味 蒟 蒻 果凍,50
盛香珍 蒟 蒻 椰果 果凍 荔枝 風味 荔枝果 凍果 凍 6KG,20
薄荷 風味 摩卡 20221110g1mk9pfi,5
乖乖 米 乖乖 椒 鹽龍珠 風味 50g,5
TOMOMASU 豐潤 白桃 風味 蘇打 300ml,5
山本 海苔 罐 浮世 繪 芥末 芝麻 風味 2,10
Kasugai 春日 井豆 果子 魷魚 風味 85gDonki,5
夾心餅 乾 花生 風味 330g 包 330g 包 P417,5
CocaCola 芬達 汽水 葡萄 風味 160ml,15
CocaCola 芬達 汽水 橘子 風味 160ml,10
泰國泰國 零食 梅干 日式 風味 梅片 120g,5
SNo1 蟹 黃 風味 蠶豆 240g,35
無國界 零食 屋 日本 三 立 製 果 SANRITSU 栗子 風味 派,5
樂天 Crunky 脆心 可可 製 品 最 中 王 夾 心 雪糕 風味,15
團軟 喉糖 水蜜桃 風味,30
常温 蟹 風味 棒,45
維力 真爽 包 麵 蔥 辣 牛肉 風味 麵 75g5 入,20
北 陸 製 果 KT 蝴蝶 結 造型 餅乾 蜜桃 牛奶 風味 42g,10
ITOLANGULY 可可 風味 夾心餅 66g,5
久慈 食品 提拉 米 蘇 可可 風味 杏仁 夾心 糖原 味 162gDon,10
MUJI 無 印良品 蝴蝶 碎餅 切達 起司 風味 60g,160
ORIHIRO 蜜柑 風味 蒟 蒻 果凍 120g,5
SWEETJOY 甜心 焦糖 風味 奶油 華夫餅 100G,10
川口 製 果 新 大粒 綜合 水果 風味 糖球 210g,255
10CW 麻 糬 餅 240g 可可豆 風味,85
國太樓 伯爵 紅茶 水蜜桃 風味 288g,5
森永 巧克力 派 草莓 風味,275
LOTTE 蛋黃派 甜 草莓 風味 22g10 入,35
ORIHIRO 聖誕 限定 葡萄 草莓 風味 蒟 蒻 果凍 12 入,210
哈馬達 香草 風味 威化 餅 40 枚,30
正心堂 果粒 茶 玫瑰 風味 300 克 600 克量 販包,5
盛香珍 蒟 蒻 椰果 凍 綜合 風味 椰果 荔枝 綜合果 凍 蒟 蒻,15
MAMEE 媽咪小怪 獸 洋芋片 紫薯 風味 100g,15
素飄香 麻辣 燙 風味 麵 100g 桶,155
卡迪 那 95 北海道 風味 薯條 海苔 90G18G5 包,210
威德 清涼果 凍 膠原 蛋白 水蜜桃 風味,15
自然 優 海苔 風味 夾心絲 130g 日華 好物,5
維力 什麼 丸 意兒 休閒 丸子 梅子 風味 3 包入 x8 袋,5
元 本山 山葵 哇 沙米 風味 對切 海苔 24 枚,295
菓 風 小 舖 SophiscaSC 優格 風味 9 入盒,5
藍莓 風味 夾心 麵 包 120g,725
九福動 物餅 牛奶 風味 200g200g 包,120
韓國 好麗友 Orion 風味 洋芋片 12 入 大盒 裝,5
維力 迷你 麵 輕辣 風味 25g4 組 25g4 入組,145
樂事 四重 風味 鹽 口味 洋芋片 70G 包,30
日本 國太樓 伯爵 紅茶 柳橙 風味 增量 版 576g,5
Kanro 綜合 水果 風味 鉛 筆糖,505
BOURBON 北 日本 長 條軟 糖 汽水 風味 50g 海外 限定,25
天福 香辣 照燒 風味 小丸子 小脆 麵 30g 全素,10
薄荷 風味 摩卡 20221117a2xxtjpc,5
湖池 屋 濃厚 衝擊 洋芋片 酸奶 洋蔥 風味 55g,10
龜甲萬 豆乳 汽水 風味 200ml,5
栗山 溫泉 蛋 咖哩 風味 仙貝,15
bourbon 長 條軟 糖 葡萄 風味 50g,10
樂天 小熊 餅 巧克力 風味 分享 包 98g14g7 入,85
YBCchipstar 雞汁 風味 洋芋片 115g,35
一百 份紅岩 鹽 檸檬糖 薄荷 風味 140g 包,190
AsahiMINTIA 糖果 冰涼 薄荷 風味 7g,10
GoldPak 果汁 冰棒 山形 櫻桃 風味,35
卡滋 爆米花 巧克力 風味 80g 司麥爾,25
NabatiSiiP 金磚 玉米 一口 酥 起司 口味 巧克力 風味,20
巧益 爆米花 焦糖 風味 80g,5
TOHATO 手指 圈圈 餅鹽 海苔 風味 66g,10
大拇指 牛奶 風味 夾心 酥 400g400g,70
三 立 製 果 源氏 派 南瓜 風味 135g,5
YBCAerial 阿爾 卑斯山 岩鹽 風味 玉米 餅 75gDo,15
S 買帕瑪 奶油 風味 夾心,205
附發票 蝦 皮代開 正哲礦 鹽蘇 打餅 香椿 風味 380 克,10
享味 食光 烤 蝦 風味 5 入袋,45
名糖 可可 鯛 魚燒 檸檬紅茶 風味,15
光南 大批 發 Siip 金磚 玉米棒 碳 烤 玉米 風味 起司 口味 1,10
北 日本 可可 風味 奶油 捲 心餅 90g,10
九福動 物餅 岩鹽 風味 200g200g 包,60
森永 牛奶糖 優格 風味,135
韓國 不倒翁 OTTOGI 辣起司 風味 拉 麵 444g,20
湖池 屋 洋芋片 海苔 風味 58g 包,15
牛奶 風味 蛋糕 捲 160g,15
TOMICA 袋型果 凍盒 蘋果 乳酸 風味 240g,5
松尾 萬聖節 版 三角 包 可可 風味 糖果,5
濃厚 捲 心 酥 鹹 蛋 黃 風味 135g135g 盒,25
風味 蛋塔 6 入 255 元,50
DAIKO 海苔 天婦羅餅 薄 鹽 風味,30
森永 牛奶糖 可可 風味 60gDonki 日本 唐吉訶德 即 溶,35
Lotte 樂天 韓國樂天 優格 風味 碳酸 飲 250mlx30,10
山井龍 蝦 風味 棒,195
團 北海道 風味 牛奶糖,70
即期 品 Bourbon 北 日本 巧克力 風味 蝴蝶 餅 48g 商,15
蝦味餅 甜辣 風味 22g 包 22g 包 P4640,45
松尾 聖誕節 版 綜合 可可 風味 糖袋裝,150
Bourbon 北 日本 帆船 迷你 栗子 風味 巧克力 餅乾 55g,120
阿Q 桶 麵 蒜 香珍肉 風味 12 碗箱,25
崑 崎 葡萄 風味 棒 68,5
崑 崎 哈密瓜 風味 棒,5
4710088832146 科學 麵 香辣 風味 5 包袋,320
聖誕節 水果 風味 糖小賣 所大賣 所 5g 聖誕節 糖果 水果糖,15
龜田 柿種 米果 芥末 風味 115g,25
日本 UHA 味覺 糖 噗 啾 條糖 乳酸菌 飲料 風味 50g 條糖,5
Calbee 卡樂 先生 4 連 黑胡椒 風味 堅脆 洋芋片 60g,15
D 薄燒 脆片 甜 奶油 風味 50g,165
薄荷 風味 摩卡 20221121jz2icbbl,5
BOURBON 北 日本 白巧克力 風味 洋芋片 36gDonki,5
大田 海洋 鱈魚 風味 紅片 700 克桶 裝台 灣 製 古 早 味,10
MUsagi 甜麥仁 焦糖 風味 80g,10
山芳 北海道 奶油 風味 洋芋片,890
Ginbis 星星 造型 玉米 餅 可可 風味 70gDonki 日,5
M 樂天 小熊 餅 家庭 號 草莓 風味 195g,40
Cocoaland 巧克力 風味 派 150g 包 150g 包,15
山 芳 製 菓 酸奶 洋蔥 風味 洋芋片 47gDonki 日本 唐吉訶德,55
S 手燒 牛奶 風味 煎餅 180g,495
宮田 花生 風味 小丸 煎餅 130g,5
得意 生機統 一生 機星 米果 牛奶 風味 50g 包,10
烘焙 蜂蜜 奶油 風味 腰果 280 公克 每日 優果,5
比夫 海鹽 風味 脆餅 300g,5
森永彈 珠 汽水 風味 糖錠 袋裝,40
代收 代付 力增 飲 18 杏仁 風味 237mlX24 罐加,5
優雅食 饗 米 櫻花 蝦 風味 五入 分享 包,10
M 巧益 一口 蝦味 風味 脆片 120g,75
泰國 阿多里 ATORI 薯條 原味 海苔 燒烤 風味 零售,25
Fukuya 福屋 鮪 魚罐 明太子 風味 70g,10
卡迪 那 95 薯條 松露 風味 18gx5 包 3 盒組,30
IAFoods 可樂 風味 蒟 蒻 果凍 120gDonki 日本,5
增量 升級 新 口味 義美巧克球 三角 包 巧克力 風味 QQ 葡,10
Befco 栗山 絕品 螯 蝦 風味 米果 45g,10
栗山瀨戶汐揚 仙貝日 向 夏 柑橘 風味 51g,10
YBC 香草 風味 夾心 薄餅 1152g,15
法國 水果 風味 棒棒,675
京都 午茶 時光 日式 抹 茶 幸福 甜點 26 種 口感 細膩 風味 濃郁,5
元 本山 山葵 哇 沙米 風味 對切 海苔 24 枚,10
滿屋 紅豆 風味 羊羹 114g,5
自然 優 芝麻 風味 夾心絲 260g 包,5
盛香珍 濃厚 巧克力 風味 法國 酥 168g 家樂福,20
bourbon 長 條軟 糖 水蜜桃 風味 50g,5
日本 帝王 蟹 風味 棒,110
盒 購馬來 西亞 芙瓦多 夾心 風味 蛋糕 18g24 入盒,10
吃貨 驛 站 附發票 現貨 富士 蘋果 風味 蒟 蒻 低卡果 凍 麝香,10
盛香珍 SNOOPY 造型 蒟 蒻 果凍 禮桶 265g 桶 草莓 風味,35
kino 蘇格蘭 風味 薄荷糖 凉糖 迎賓 糖 300 克 600 克,10
YuKi 可可 風味 喜馬拉雅鹽 夾心餅 152g,35
海洋 知家蜜 沙茶 風味 魚片 180g,10
霹靂 跳跳 糖 跳跳 糖 可樂 葡萄 柳橙 草莓 星 光彩 岩 水果 風味,10
Haco 武士道 咖啡 雙層 風味 95g 罐,5
薄荷 風味 摩卡 20221116vgx0o1zs,5
卡滋鮮 脆薯 條湖 鹽 海苔 風味 90g396737,5
Nutchies 樂脆 腰果 芥末 風味 100g,5
國太樓 伯爵 紅茶 水蜜桃 風味 288g,10
OYATSU 優雅 食星 太郎 點心 麵 波士 頓龍 蝦 風味 70g,10
SugarloloINTAKE 低卡 蒟 蒻 果凍 飲 優格 風味,20
三陽 食品 聖誕風車 棒棒糖 30 支 水果 造型 風味 聖誕節 糖,5
日本 國太樓 阿凡斯濾掛 咖啡 四種 風味 160g 現貨,10
益昌 南洋 拉 茶香 滑 奶茶 風味 40gx15 入,15
鋐 泉 彈珠 汽水 荔枝 風味 200mlDonki 日本 唐吉訶德,5
FRUTA 綜合 水果糖 葡萄 橘子 風味 185gDonk,5
北 日本 巧克力 風味 洋芋片 牛乳 口味,15
ORIHIRO 袋裝 蒟 蒻 果凍白 葡萄 風味 6 入,5
Calbee 卡樂 比 鋸齒 洋芋片 韓國辛 海苔 風味 58gDo,5
北海道 草莓 風味 牛奶糖 72G,5
日本 天 惠 製 果 草莓 風味 夾心 棉花 糖 布丁 風味 夾心 棉花 糖 11,10
春日 井 水果 風味 汽水 糖萬聖 節版 95g,10
韓味 不二 Binggrae 烤肉 風味 風味餅 乾 70g 包,5
山 芳 製 菓 北海道 帆立貝 奶油 醬油 風味 洋芋片 48gDonki,15
三 立 製 果 白巧克力 風味 薄 燒餅 90g,25
YBC 酸奶 洋蔥 風味 玉米 餅 70gDonki 日本 唐吉訶德,5
Bourbon 北 日本 愛麗絲 可可 風味 捲 心 酥 768g,5
優雅食 饗 米 日本 芥末 風味 55g,5
4717095090149 午茶 夫人 太妃糖 風味 紅茶 10 入,45
暖心 手工 手作 牛 軋 糖 夾心 蔥餅 原味 巧克力 可可 風味 一袋 10,45
芥末 風味 章魚 150g 盒,5
寶幸 蛋花 風味 速食 湯 5 入,5
三幸 起士 玉米 風味 雙色 果子 105g,5
統 一生 機星 米果 50gx3 包任 選 牛奶 風味 蒜 香 海苔,10
KS 草莓 醬 奶油 風味 KALIFORES11g4 入,20
朝日 花茶 風味 糖果,245
草莓 風味 夾心 蛋糕 108G,5
代收 代付 越南 DELI 鹽 香草 香草 草莓 抹 茶 風味,5
義竹 農會 心意 足 爆米花 美式 焦糖 牛奶 風味 甜 80gX1 包,5
聯國 食品 喬莉羊 跳跳 棉花 糖 可樂 風味 22g,20
森永開 心果 風味 夾心餅 乾 928g,35
PALDO 極辣 王蓋 拉 麵 風味 爆米花 餅乾 60g,5
韓國 Maeil 玉米 脆 3 入組 起司 風味 12 個 月 以上 適吃,5
BOURBON 北 日本 長 條軟 糖 葡萄 風味 50g 海外 限定,50
飛燕煉 乳 10g 隨身 包 草莓 風味 15 入,5
LOTTE 樂天 小熊 餅濃黑 巧克力 風味 41gDonki 日,10
SangariaSAN 碳酸 飲料 葡萄 風味 248ml,5
Costco 代購 樂天 優格 風味 碳酸 飲 250ml 罐,5
BOBE 便利 士馬來 西亞 一百 份紅岩 鹽 檸檬糖 薄荷 風味,10
YBC 山崎 全麥 可可 風味 夾心餅 1458g,20
Bourbon 北 日本 巧克力 風味 蝴蝶 餅 48g,20
帝王 蟹 風味 棒 90g,20
山芳 北海道 酸奶 洋蔥 風味 洋芋片,655
聖誕節 水果 風味 棒棒糖 小賣 所大賣 所 12g 聖誕節 棒棒糖,15
優 穀 美身 紐澳良 風味 多 穀 物 麻花 捲 120g 袋裝,35
崑 崎 葡萄 風味 棒 85gX8 入,5
森 永 製 果 草莓 風味 夾心餅 乾 45g,5
1126 第 7 標滿腹 30 倍 風味 糖加 1 就是 三種 口味 各一,15
卡迪 那 95 薯條 松露 風味 18gx5 包超 商取 貨限購,65
卡樂 先生 酸奶 油洋蔥 風味 波浪 洋芋片 56g,5
Tootsie 同笑樂 迷你 水果 風味 太妃 夾心 棒棒糖 100,25
艾唯倪 穀 物 棒棒 藍莓 風味 40g,15
薄荷 風味 摩卡 20221107k2jmhxc0,5
卡迪 那 95 海苔 風味 18gx5 包超 商取 貨限購 27 盒,35
GP 新 潟 西洋梨 風味 果汁 棒 90g,10
芙瓦多 巧克力 風味 夾心 蛋糕 90g,10
SF 濃郁 風味 蜂蜜 蛋糕 90g,5
薄荷 風味 摩卡 20221105e2ladwnl,5
舞味本 舖 奇林 巧克力 風味 糖球 草莓 巧克力 風味 糖球 日本 原裝,5
Enjoy 巧克力 風味 軟餅 杏仁 150g,5
森永 草莓 風味 夾心餅 乾 45g,5
象 皮糖 可樂 風味 1 片 4 個 5 元,15
MUJI 無 印良品 蝴蝶 碎餅 楓 糖 風味 60g,85
Tonbo 名偵 探青 葡萄 風味 碳酸 飲 360ml,5
SANGARIA 清涼 碳酸 飲料 橘子 風味 350g,15
薄荷 風味 摩卡 20221105c6rtase7,5
水蜜桃 風味 果汁 270g,10
蝦幣 10 倍 送 我 超 便宜 韓國 SUPER 雙層 草莓 風味,5
夾心 可可 風味 派,40
INESSENCE 伊森思 洋芋片 松露 風味,5
可可 風味 玉米 球,20
戀戀 蚵 仔 寮 雙層 鮭魚 風味 夾心絲 130g,5
友賓 食品 鮮 乳糖 雙轉 水果 風味 牛奶糖 雙轉 100 公克,5
卡迪 那 95 松露 風味 薯條 90g 愛買,5
卡 廸 那 95 北海道 起司 風味 薯條 18gx5 包,5
柿 原 鬆 軟 草莓 奶油 風味 夾心 蛋糕 140g,5
利口 樂喉 糖 罐 100g 檸檬 薄荷 風味,290
卡迪 那 95 北海道 風味 薯條 原味 18gx5 包網,50
食尚 三味 蘇格蘭 水果糖 蘇格蘭 風味 糖水 果味 曼陀珠 薄荷,40
DELI 草莓 風味 夾心 蛋糕 108g,5
ORIHIRO 蜜柑 風味 蒟 蒻 果凍,50
鬆 軟 草莓 奶油 風味 夾心 蛋糕 140g,5
MONIN 焦糖 風味 糖漿 700ml,25
卡滋蝦 喀鮮 蝦 餅椒 鹽 風味 60G,5
SF 可可 風味 蜂蜜 蛋糕 90g,20
大阪 前 田 製 果 豆乳 風味 小蛋 酥 70g,5
薄荷 風味 摩卡 20221103n6xvhyx9,5
日本 不 二家 麵 包 超人 棒棒糖 水果 風味 汽水 8g,30
威德 清涼果 凍維 他命 百香果 風味,5
日本 森永彈 珠 汽水 風味 糖錠 29g,5
NuttyNuts 鬧滋鬧 滋 蜂蜜 奶油 風味 腰果 6 入盒,5
日東 紅茶 皇家 奶茶 白桃 風味 140g,5
卡迪 那 95 度 C 北海道 鹽味 風味 薯條 18gx5 包,10
北 日本 長 條軟 糖 葡萄 風味 50g,55
麗 芝士 Nabati 草莓 風味 起司 威化 餅 300g,20
日本 山 內 製 菓 抹 茶 風 味 黑糖 風味 160g 蛋糕 捲,5
日本 雷神 草莓 風味 巧克力 餅乾,25
味覺 糖 ema 綜合 水果 風味 喉糖,5
三幸 越後樽燒 米果 柑橘 醋 風味,500
韓國 TomsGILIM 芥末 風味 杏仁 果 210g 韓購網 I,5
北 日本 長 條軟 糖 蘇打 風味 50g 境內版,115
高岡 藍莓 可可 風味 糖果,55
科克 蘭 奶油 太妃 風味 腰,10
味覺 糖 ema 葡萄 風味 珍珠 喉糖,5
薄荷 風味 摩卡 20221105f7mw8k2o,5
薄荷 風味 摩卡 20221121r6qhuhi2,5
夾心餅 奶油 風味,5
棋盤 可可 風味,30
即期 出 清 七尾 製 果 法 蘭 酥 夾 心 餅 草莓 風味 66g,5
益昌 南洋 拉茶 風味 香滑 奶茶 40gX15 包,35
柿 原酪 農 牛奶 風味 蛋糕 126g,45
北 日本 葡萄乾 奶油 風味 夾心餅 1224g,25
金車伯朗 巧克力 風味 咖啡 240ml6 罐 240ml6 罐組,10
Ginbis 星星 造型 玉米 餅 可可 風味 132g,20
OYATSU 優雅食 薄燒 脆片 起司 風味 50g,5
池上 鄉農會 百香果 風味 凍 飲 180 公克 包,25
YBC 球球 造型 餅乾切 達 起司 風味 70g,15
LANGULY 抹 茶 風味 夾心餅 1272g,5
RainbowPie 脆口 黑 可可 風味 彩虹 棉花 糖 彩虹 棉花 糖,35
HANAMI 脆 蝦條 泰式 酸辣 風味 60g,5
OYATSU 優雅食 三本 麵 和 風燉 牛肉 風味 75g,5
三島 食品 三島 鰹魚 風味 飯友 芥末 口味 20g,5
KOPIKO 咖啡 風味 糖果 隨身 包 每片 8 顆入,70
YBC 香草 風味 夾心 薄餅 1152g,10
麗 芝士 Nabati 草莓 風味 起司 威化 餅 300g 現貨 蝦,35
Qoo 果凍 飲 便利 包 水蜜桃 風味 130ml,5
野莓 風味 茶,5
kino 蘇格蘭 風味 薄荷糖 凉糖 迎賓 糖 糖果 3 公斤 30,5
NISSINBIG 酥脆 早餐 餅 焦糖 風味 130g,5
三 立 製 果 三 立 可可 風味 派 156g,5
倍 洛蒂 威化 餅 可可 風味 250g,10
IAFoods 哈密瓜 汽水 風味 蒟 蒻 果凍 120g,10
伊森思 蜂蜜 芥末 風味 薯片 125g,5
哈密瓜 汽水 風味 蒟 蒻 果凍 120g,5
YBC 香草 風味 夾心 捲 心餅 636g,5
盛香珍 濃厚 巧克力 風味 法國 酥 168G 愛買,30
名糖 黑 醋栗 柳橙 可可 風味 棒 318g,10
巧益 墨西哥 烤 雞 風味 洋芋片 油漆 桶 300g,10
伊藤 香草 風味 夾心餅 乾 6 入 66gDonki 日本 唐吉訶,5
Bourbon 北 日本 愛麗絲 北海道 牛奶 風味 夾心 酥 576g,25
友賓 綜合 水果 風味 棒棒糖 棒棒糖 3000 克袋裝,5
Ito 伊藤 可可 風味 夾心餅 乾 132g,5
不 二家 濃厚 蛋糕 風味 可可,130
薄荷 風味 摩卡 20221117y1nto4fp,5
薄荷 風味 摩卡 20221107o9hpvmo6,5
GP 北海道 哈密瓜 風味 果汁 棒 90g,10
台灣 迷你 脆薯 鹽 酥 風味 海苔 風 味全 素,5
bains 鷹 嘴豆 零食 脆片 澳洲 起司 風味,15
金吾堂 黑胡椒 風味 米果 80g,5
KIDOwafer 夾心餅 乾 奶油 風味 91g 隨手 包,20
日清 NISSIN 朱古力 風味 玉米片 70g,15
聯國 食品 喬莉羊 跳跳 棉花 糖 葡萄 風味 22g,15
龜田 柿種 米果 紫蘇梅 風味 105g,30
崑 崎 葡萄 風味 棒 85gx8 入,5
LAFERMIERE 黑莓 藍莓 風味,5
勝合 爆米花 奶油 風味 純素 55g8 支 鹹,5
OYATSU 優雅 食星 太郎 點心 麵 波士 頓龍 蝦 風味 70g,5
YBCCHIPSTAR 洋芋片 雞汁 風味 50g,10
薄荷 風味 摩卡 20221119q4ytbled,5
NabatiSiip 金磚 玉米棒 碳 烤 玉米 風味 100g,5
國 M 買 HISHERS 芥末 風味,10
2S 買維力 原祖 牛肉 風味 麵 5 包入,5
Nabati 麗 芝士 草莓 風味 起司 威化 餅 300g,120
比夫 迷你 香蕉 風味 蛋糕 180g18gx10 粒,5
KSD 青 葡萄 風味 米酒 350ml,5
S 夢夢水 飲品 白桃 風味,20
爆買 日本 森永 小枝 可可 餅乾棒 草莓 風味 袋裝 116g,10
不 二家 Look 黃 金桃 風味 可可,15
宮田 北海道 風味 牛奶糖,15
宮田 北海道 風味 哈密瓜 牛奶糖,10
花町愛 漂亮 千層 小米 牛奶 風味 棒 145g,5
MONIN 玫瑰 風味 糖漿 250ml,35
晶晶 梅子 風味 椰果 果凍梅 風味 椰果 果凍 蒟 蒻 心型 梅子 果,10
OK 洋芋片 洋蔥 酸奶 風味 150G,5
山芳 北海道 洋蔥 奶油 風味 洋芋片 47g,10
KitKat 草莓 起司 蛋糕 風味 可可 餅乾 10 枚,90
丸 美屋 鬼滅 甘口 風味 咖哩 160g1 枚 貼紙,35
日東 紅茶 皇家 奶茶 草莓 風味 140g,5
龜甲萬龜 甲 萬 豆乳 紅茶 風味 200ml18 入,15
卡滋卡哩 卡哩 黑胡椒 風味 95g,35
ACEMT 巧克力 風味 吉拿棒餅 乾 20gx12 包,5
NabatiSiip 香 濃金磚 玉米棒 起司 碳 烤 玉米 風味,5
嘴甜 甜蜜 蘋果 風味 薄荷糖 200 公克 包裝 糖果 系列 涼糖,10
薄荷 風味 摩卡 20221120k2bl0wou,5
聖凍 買 S 自然 風味 黃 金雞,5
S 買 HAITAI 辣 炒年糕 風味,70
日本 海水 明太子 風味 海苔 片 85g,5
野村 美樂圓餅 6 袋入 焦糖 風味,10
寶 製 菓 鹽 奶油 風味 夾心餅 乾 137g 有效期限 2022,5
爆買 日本 鈴木榮 光堂 皇家 奶茶 風味 糖 日 東白桃 風味糖 70,15
有 樂 製 果 雷 神 蛋糕 風味 棒 156g,5
超 新品 梔子花 櫻花 桂花 風味 薄荷糖 無糖 薄荷糖 網紅花,5
S 韓國 不倒翁 OTTOGI 泡菜 風味 拉,300
北 日本 長 條軟 糖 可樂 風味 50g 境內版,80
KidO 奶油 風味 迷你 夾心餅 140g,5
龜甲萬 豆乳 麥芽 咖啡 風味 日本 歧阜縣,5
DRJelly 低卡 蒟 蒻 果凍鮮 水蜜桃 風味 150g,5
天福 迷你 脆薯 甘梅 風味 25g 全素,10
薄荷 風味 摩卡 20221114b6ffnwti,5
MONIN 系列 風味 糖漿 250ml 瓶 焦糖 白桃,5
卡迪 那 95 北海道 風味 薯條 原味 18gx5 包 3 盒組,5
韓國樂天 迷你 捲 心棒 巧克力 風味 80g,5
可可 風味 花生 醬,15
盛香珍 優酪 果園 小果 凍量 販箱 6kg 綜合 水果 風味 約 170,15
YBC 番薯 風味 捲 心餅 588g,5
3052911488825MONIN 白桃 風味,5
GOODIES 元氣 舒果 潔牙骨青 蘋果 風味 13cm13,5
UHA 味覺 糖 草莓 風味 牛奶糖 72g,5
不 二家 NECTAR 碳酸 飲料 桃子 風味 380ml,20
伊森思 洋芋片 松露 風味 125 克 西班牙 製 全 素 袋 裝,5
名糖 柚子 起司 蛋糕 風味 可可,105
kino 蘇格蘭 風味 薄荷糖 凉糖 迎賓 糖 糖果,5
烤 甜甜 圈 牛奶 風味 85g,5
北海道 奶油 風味 牛奶糖 72G,5
YBC 厚切 贅澤 洋芋片 濃厚 起司 風味 55g,5
Tyrrells 英國 洋芋片 英式 煙 燻 燒烤 風味 150g,25
LANGULY 香草 風味 夾心餅 132g,5
風味 糖漿 任選,5
YBC 球球 造型 餅乾切 達 起司 風味 70g,10
垂坤魯肉 切片 鱈魚 風味 370g,10
Bourbon 北 日本 奶油 風味 捲 91g,10
吉力貝 豆豆 糖 綜合 水果 風味 70g,5
011 爭鮮 焦糖 起司 蝦 脆片 炙燒 鮭魚 風味 脆片 40g 包,5
KABAYA 布丁 風味 可可 糖,220
即期 品裕芳 食品 南洋 風味 肉干 185g 包,5
量 盛香 珍濃 巧克力 風味 薄燒,8190
韓味 不二 蒟 蒻 果凍 飲青 葡萄 風味 150ml 賞味 期限,35
Lottetico 草莓 脆皮 風味 雪糕 草莓 口味 15 入,30
Bourbon 北 日本 艾莉絲 草莓 風味 威化 餅 家庭 號 1296,10
晶晶 象 皮糖 可樂 風味 袋裝 420g,5
黑橋牌 黑豬 燒肉 風味 條子 肉 乾 單條 包裝盒 裝常溫 20,5
KidO 三明治 餅乾 草莓 風味 136gX3 入,15
春日 井萬聖節 水果 風味 汽水 糖 95g,35
奇動 百香果 風味,10
帝王 蟹 風味 棒,5
YBC 可可 風味 脆片 棒 948g,5
甘樂 抹 茶 風味 牛奶糖 70g,5
嘴甜 甜蜜 蘋果 風味 薄荷糖 100 公克 包裝 糖果 系列 涼糖,5
名糖 草莓 牛奶 風味 小蛋 酥 42g,5
金吾堂 芥末 風味 米果 80g,5
CORIS 蘇打 風味 口香糖,45
NISSIN 日清 發酵 奶油 風味 法式 餅乾 120g,5
森永 草莓 風味 夾心餅 乾 45g,35
YBC 夾心餅 乾卡芒 貝爾起士 胡椒 風味 50g,25
伊森思 洋芋片 蜂蜜 芥末 風味,5
濃厚 蛋糕 風味 可可,10
日本 宝 製 菓 橫 濱 奶油 風味 夾心餅 乾 126g 蝦 皮直 送,15
有 樂 製 果 雷 神 草莓 風味 棒 20g,25
Meito 名糖蘭姆 葡萄乾 可可 風味 棒 318g,5
無 印良品 可可 風味 夾心餅 乾 可可 114g,10
可可 風味 夾心,5
日本 tsubakisalon 北海道 雪花 餅 草莓 風味 5,5
小麻吉 家家 愛哈妮 益生菌 軟糖 乳酸 風味 草莓 風味 綜 合口味,5
bourbon 迷你 草莓 風味 夾心餅 56g,5
伊藤 LANGULY 可可 風味 夾心餅 66g,5
名糖 草莓 藍莓 風味 茶,25
海龍王 牛奶 風味 薄餅 288g,10
M 酷 豆薯 坊 薄餅 泡菜 風味 150g,5
小麻吉 家家 愛 北海道 風味 特濃 牛奶糖 小包 裝 家庭 號經濟 包,5
綜合 風味 棒棒糖,25
飛尼軟 糖 水蜜桃 風味 100g,5
蔬 孜然 風味 海鹽 洋芋片,30
KidO 三明治 餅乾 草莓 風味 136g,30
代收 代付 池上 鄉農會 池上 甘味 之 李 果酸 風味 45 克,20
葉黃素果 凍葉 黃 素果 凍條 百香果 風味,15
和 風 梅子 風味 喉糖,30
高岡 食品 生巧 風洋 果子 焦糖 風味 150g,5
寶寶 甜辣 風味 豆餅,10
3S 北歐 風味 肉桂 捲 原味,1705
bourbon 愛麗絲 可可 風味 捲 心 酥 768g,5
森 永 製 果 牛奶 風味 圓餅 乾 1134g,5
味覺 糖 ema 水蜜桃 風味 喉糖,5
買 S 森永彈 珠 汽水 風味 糖錠 袋,2165
湖池 屋 洋芋片 醋 風味 55gDonki 日本 唐吉訶德,5
有 樂 製 果 雷 神 草莓 風味 棒 20g,5
SAMJIN 切達 起司 風味 綜合 脆餅 1kg,15
名糖 牛奶 風味 小蛋 酥 42g,5
日清 NISSIN 椰子 風味 法式 餅乾 100g,5
買森永經典 糖 漿楓 糖 風味 200g,620
KidO 綜合餅 乾七淘包 奶油 風味 726g,55
柚子 風味 喉糖 73g,5
團檸檬 汽水 風味 跳跳 糖白巧克,5
YBC4 連 香草 風味 夾心餅 乾 88g,5
代收 代付 龜苓 膏軟 糖豆 之家 龜苓 膏 糖 龜苓 膏 風味 軟糖,5
三 幸 製 菓 越 後 樽 燒 米果 柑橘 醋 風味 90gDonki 日本,10
任 稑 珍 牛魔王 玉米 餅乾 南洋 風味 100g,10
魷魚 風味 板條 黑芝麻 夾心絲 海味 海鮮 零食,5
響米 櫻花 蝦 風味 5 包入,5
Calbee 卡樂 先生 雞汁 風味 洋芋片 5 入 140g,5
金車 波爾無糖 酷涼錠 薄荷 風味 14g 袋,85
YBC 球球 造型 餅乾 烤 玉米 風味 70g,10
紀州 南高梅 風味 海苔 132g,10
Nabati 麗巧克 Rolls 巧克力 風味 蛋 捲 威化 300g,15
Glico 固力果 可可 風味 杏仁 餅乾棒 462g,5
樂天 湯瑪士 軟糖條 葡萄 風味,5
OYATSU 優雅 食宅 Bar 麵 包片 起士 培根 風味 30g,10
阿斯 柏 太妃糖 太妃糖 蘇格蘭 巧克力 風味 太妃糖 太妃糖 Ca,5
山 芳 製 菓 韓 國 海苔 風味 洋芋片 55gDonki 日本 唐吉訶德,5
卡迪 那 95 北海道 風味 薯條 海苔 口味 18gx5 包,70
爆買 日本 Ensky 間諜 家家酒 草莓 風味 口香糖 32,5
Bourbon 北 日本 艾莉絲 北海道 牛奶 風味 威化 餅 576g,25
CORIS 可樂 風味 口香糖,25
龍蝦 風味 棒,10
岩鹽 糖 芒果 風味 檸檬,5
CORIS 葡萄 風味 口香糖,35
扇雀 飴 幸福 QQ 軟 糖蜜 蘋果 風味 30g,20
TOHATO 手指 圈圈 餅 奶油 風味 63g,10
北 日本 長 條軟 糖 蘋果 風味 50g,30
春日 井 綜合 水果 風味 喉糖,45
S 買北 日本 艾莉絲 草莓 風味 威化,105
Kanro 草莓 大福 風味 糖果,5
好 侍金 牛角 玉米 餅烤 玉米 風味 75g,5
卡滋 格子 脆鹽 之花 風味 300g,10
蓬萊 麵 素香 風味,5
盛香珍 蒟 蒻 椰果 果凍 綜合 風味 6KG,5
糖漿 楓 糖 風味,5
YBC 香草 風味 夾心餅 乾 1872g,5
酸子 風味 糖果 128g,5
卡迪 那 95 北海道 風味 薯條 海苔 口味 18gx5 包,5
棉花田 葡萄糖 胺 隨身 沖 泡 飲蔓 越莓 風味,45
DRJelly 低卡 蒟 蒻 果凍 富士 蘋果 風味 150g,15
Sakuma4 連 水果 風味 牛奶糖,5
Marukan 昆蟲果 凍 黑糖 風味 特大 23 入裝 日本 品,15
旺旺 吸 C 凍 可 吸果 凍 葡萄 果汁 風味 90gX6 包盒,5
NISSIN 紅豆 奶油 風味 法式 餅乾 100g,5
盛香珍 零卡 寒天 果凍白 葡萄 風味,15
伊藤夾 心餅 香草 風味 132 公克 12 枚,5
kino 蘇格蘭 風味 薄荷糖 凉糖 迎賓 糖 糖果 零售,5
優酪 果園果 凍 綜合 風味 6 公斤 量 販箱 盛香珍 水果 果凍 優,5
YBCCHIPSTAR 洋芋片 雞汁 風味 115g,5
ORIHIRO 葡萄 風味 蒟 蒻 果凍 120g,5
波士 多 39 元 可樂 糖華南 枇杷 糖 優格 風味 糖涼 薄荷糖,5
比夫 迷你 巧克力 風味 蛋糕 180g,5
七尾 法蘭 酥 夾心餅 抹 茶 風味 66g,10
orionjako 韓國 麻油 風味 海苔 12 入,15
棉花 糖 巧克力 口味 草莓 風味 香草 冰淇淋 風味 40 公克,5
日東 櫻桃 風味 飲料,5
栗山 咖哩 風味 仙貝附 貼紙 30g,30
限時 優惠 Glico 格力 高夾 心餅 奶油 風味 617g,5
旺旺 吸 C 凍 可 吸果 凍 葡萄 果汁 風味,5
三幸 越後樽燒 米果 柑橘 醋 風味 90g,20
不 二家 黃 金桃 風味 可可,5
柿 原 製 菓 鬆 軟 草莓 奶油 風味 夾心 蛋糕 140g,10
日本 柿 原 鬆 軟 草莓 奶油 風味 夾心 蛋糕 140g 蝦皮,5
野村 煎 豆 美樂圓餅 焦糖 風味 70g,10
MUJI 無 印良品 抹 茶 奶油 風味 棉花 糖 85gT,5
Hagoromo 醬油 風味 海苔 絲 8g,5
盛香珍 多格脆 百香果 風味,5
Mom 牛奶 風味 蛋糕 捲 160g,5
代收 代付 水蜜桃 蔓越莓 風味 蒟 蒻 低卡果 凍 150g 款,5
TOHATO 焦糖 玉米 脆果 宇治 抹 茶 風味 68g,5
東鳩 奶油 風味 酥餅 85g,10
YBC 球球 造型 餅乾切 達 起司 風味 70g,5
有樂雷神 蛋糕 風味 棒 156g,5
卡迪 那 95 薯條 北海道 起司 風味 18gX5 包網,5
不 二家 LOOK 蜜 番薯 風味 可可 45gDonki 日本 唐吉訶,5
IAFoods 哈密瓜 汽水 風味 蒟 蒻 果凍 120gDonk,5
春日 井萬聖節 水果 風味 汽水 糖 95g,10
三幸 三幸 米果 青海苔 芝麻 風味 912g,5
柿原 巧克力 風味 夾心 蛋糕 150g,5
森永 栗子 風味 夾心 蛋糕 198gDonki 日本 唐吉訶德,5
日本 海水 起司 風味 海苔 片 85g,5
愛炫 夾心 棉花 糖 草莓 風味 12 入,5
旺旺 吸 C 凍 可 吸果 凍 草莓 果汁 風味 112332,5
旺旺 吸 C 凍 可 吸果 凍 葡萄 果汁 風味 112182,5
不 二家 雙色 大千 層派 奶香 香料 奶茶 風味 1624g,5
旺旺 吸 C 凍 可 吸果 凍 草莓 果汁 風味 90gX6 包盒,5
活力 起士 風味 夾心餅 乾 102g,10
麗巧克 Rolls 巧克力 風味 蛋 捲 威化 330g,10
萬聖節 香橙 風味 果味 糖 500 公克,5
薄荷 風味 摩卡 20221123f7qtc1kb,5
枇杷 Q 爽喉 糖富 強森 強森 先生 羅 漢果 枇杷 潤喉 糖 風味 極佳,5
秀幸 白巧克力 草莓 風味 夾心 糖 100gDonki 日本 唐吉訶,10
日本 海水 明太子 風味 海苔 片 85g,5
RainbowPie 脆口 黑 可可 風味 彩虹 棉花 糖 澳洲 菲,5
