item_name,item
超級 大麥 燒肉 珍珠 堡 組合餐 20221208y2waf,5
超級 大麥 燒肉 珍珠 堡 組合餐 20221215ez2b3,5
超級 大麥 燒肉 珍珠 堡 組合餐 20221228f7dj1,5
超級 大麥 燒肉 珍珠 堡 組合餐 20221205f3tmk,5
超級 大麥 燒肉 珍珠 堡 組合餐 20221220crwvp,5
超級 大麥 燒肉 珍珠 堡 組合餐 20221205f8iiz,5
超級 大麥 燒肉 珍珠 堡 組合餐 20221226ufr7g,5
超級 大麥 燒肉 珍珠 堡 組合餐 20221223y3udu,5
超級 大麥 燒肉 珍珠 堡 組合餐 20221218y1yek,5
超級 大麥 燒肉 珍珠 堡 組合餐 20221209y0dho,5
超級 大麥 燒肉 珍珠 堡 組合餐 20221205ez2b3,5
超級 大麥 燒肉 珍珠 堡 組合餐 20221219y3rqi,5
超級 大麥 燒肉 珍珠 堡 組合餐 20221207y1yel,5
超級 大麥 燒肉 珍珠 堡 組合餐 20221217y1fxn,5
超級 大麥 燒肉 珍珠 堡 組合餐 20221211lraq9,5
超級 大麥 燒肉 珍珠 堡 組合餐 20221227f5mq1,5
超級 大麥 燒肉 珍珠 堡 組合餐 20221228y2bt2,5
超級 大麥 燒肉 珍珠 堡 組合餐 20221229y4wiy,5
超級 大麥 燒肉 珍珠 堡 組合餐 20221207f3tmt,5
超級 大麥 燒肉 珍珠 堡 組合餐 20221213lba2l,5
超級 大麥 燒肉 珍珠 堡 組合餐 20221224wckuc,5
超級 大麥 燒肉 珍珠 堡 組合餐 20221224y3udn,5
超級 大麥 燒肉 珍珠 堡 組合餐 20221209wekgf,5
超級 大麥 燒肉 珍珠 堡 組合餐 20221228a7ehh,5
超級 大麥 燒肉 珍珠 堡 組合餐 20221218y7oy6,5
超級 大麥 燒肉 珍珠 堡 組合餐 20221210y1fx0,5
超級 大麥 燒肉 珍珠 堡 組合餐 20221213gofnz,5
超級 大麥 燒肉 珍珠 堡 組合餐 20221211gu0hp,5
超級 大麥 燒肉 珍珠 堡 組合餐 20221225a3jzh,5
超級 大麥 燒肉 珍珠 堡 組合餐 20221203f7uzb,5
超級 大麥 燒肉 珍珠 堡 組合餐 20221207i6oz0,5
超級 大麥 燒肉 珍珠 堡 組合餐 20221215pnflv,5
超級 大麥 燒肉 珍珠 堡 組合餐 20221205m50az,5
超級 大麥 燒肉 珍珠 堡 組合餐 20221218f8xuf,5
超級 大麥 燒肉 珍珠 堡 組合餐 20221229y7mgu,5
超級 大麥 燒肉 珍珠 堡 組合餐 20221226y4ydt,5
超級 大麥 燒肉 珍珠 堡 組合餐 20221216t6awh,5
超級 大麥 燒肉 珍珠 堡 組合餐 20221214y1ye4,5
超級 大麥 燒肉 珍珠 堡 組合餐 20221218yjc23,5
超級 大麥 燒肉 珍珠 堡 組合餐 20221204f7mc4,5
超級 大麥 燒肉 珍珠 堡 組合餐 20221215f5mq7,5
超級 大麥 燒肉 珍珠 堡 組合餐 20221208gofno,5
超級 大麥 燒肉 珍珠 堡 組合餐 20221214f7uzb,5
超級 大麥 燒肉 珍珠 堡 組合餐 20221222f7uz9,5
超級 大麥 燒肉 珍珠 堡 組合餐 20221216y9be3,5
超級 大麥 燒肉 珍珠 堡 組合餐 20221226vhsqi,5
超級 大麥 燒肉 珍珠 堡 組合餐 20221219rjlsz,5
超級 大麥 燒肉 珍珠 堡 組合餐 20221221y0dhx,5
超級 大麥 燒肉 珍珠 堡 組合餐 20221224f7djm,5
超級 大麥 燒肉 珍珠 堡 組合餐 20221212f3vnu,5
超級 大麥 燒肉 珍珠 堡 組合餐 20221204f85x6,5
超級 大麥 燒肉 珍珠 堡 組合餐 20221226a4ime,5
超級 大麥 燒肉 珍珠 堡 組合餐 20221210mjkep,5
超級 大麥 燒肉 珍珠 堡 組合餐 20221215wekgk,5
超級 大麥 燒肉 珍珠 堡 組合餐 20221201y7bfk,5
超級 大麥 燒肉 珍珠 堡 組合餐 20221215uit59,5
超級 大麥 燒肉 珍珠 堡 組合餐 20221218y9beq,5
超級 大麥 燒肉 珍珠 堡 組合餐 20221212qnegs,5
超級 大麥 燒肉 珍珠 堡 組合餐 20221223y2waw,5
超級 大麥 燒肉 珍珠 堡 組合餐 20221204paas6,5
超級 大麥 燒肉 珍珠 堡 組合餐 20221202lraqx,5
超級 大麥 燒肉 珍珠 堡 組合餐 20221217y2bp8,5
超級 大麥 燒肉 珍珠 堡 組合餐 20221227y2pj3,5
超級 大麥 燒肉 珍珠 堡 組合餐 20221205wibzy,5
超級 大麥 燒肉 珍珠 堡 組合餐 20221212y0me2,5
超級 大麥 燒肉 珍珠 堡 組合餐 20221216f7djn,5
超級 大麥 燒肉 珍珠 堡 組合餐 20221230y3udf,5
超級 大麥 燒肉 珍珠 堡 組合餐 20221210y2pjj,5
超級 大麥 燒肉 珍珠 堡 組合餐 20230113y7bf1,5
超級 大麥 燒肉 珍珠 堡 組合餐 20221208y6sgu,5
超級 大麥 燒肉 珍珠 堡 組合餐 20230119f3tm4,5
超級 大麥 燒肉 珍珠 堡 組合餐 20221209un8tj,5
超級 大麥 燒肉 珍珠 堡 組合餐 20230120a6ur2,5
超級 大麥 燒肉 珍珠 堡 組合餐 20230123y2btk,5
超級 大麥 燒肉 珍珠 堡 組合餐 20230125y9bx9,5
超級 大麥 燒肉 珍珠 堡 組合餐 20221224y2jq5,5
超級 大麥 燒肉 珍珠 堡 組合餐 20230126lraqh,5
超級 大麥 燒肉 珍珠 堡 組合餐 20230128vw8xn,5
超級 大麥 燒肉 珍珠 堡 組合餐 20221212f5mqw,5
超級 大麥 燒肉 珍珠 堡 組合餐 20230101y5xqq,5
超級 大麥 燒肉 珍珠 堡 組合餐 20221217y2bn3,5
超級 大麥 燒肉 珍珠 堡 組合餐 20221225y3rqy,5
超級 大麥 燒肉 珍珠 堡 組合餐 20221226vw8x4,5
超級 大麥 燒肉 珍珠 堡 組合餐 20221228f1tqa,5
超級 大麥 燒肉 珍珠 堡 組合餐 20230116f7uzs,5
超級 大麥 燒肉 珍珠 堡 組合餐 20230103f1sjs,5
超級 大麥 燒肉 珍珠 堡 組合餐 20221220olgdp,5
超級 大麥 燒肉 珍珠 堡 組合餐 20230214o3l25,5
超級 大麥 燒肉 珍珠 堡 組合餐 20230209vhsqq,5
超級 大麥 燒肉 珍珠 堡 組合餐 20221210a6ur9,5
超級 大麥 燒肉 珍珠 堡 組合餐 20221220lm12w,5
超級 大麥 燒肉 珍珠 堡 組合餐 20221206y1fxi,5
超級 大麥 燒肉 珍珠 堡 組合餐 20221219f1tqi,5
超級 大麥 燒肉 珍珠 堡 組合餐 20221222mwero,5
超級 大麥 燒肉 珍珠 堡 組合餐 20221210y2tsw,5
超級 大麥 燒肉 珍珠 堡 組合餐 20230106f1sj6,5
超級 大麥 燒肉 珍珠 堡 組合餐 20221215lwubq,5
超級 大麥 燒肉 珍珠 堡 組合餐 20221205f1mfg,5
超級 大麥 燒肉 珍珠 堡 組合餐 20221205f7uzx,5
超級 大麥 燒肉 珍珠 堡 組合餐 20221214f1sje,5
超級 大麥 燒肉 珍珠 堡 組合餐 20221204y3rqn,5
超級 大麥 燒肉 珍珠 堡 組合餐 20221229y1yew,5
超級 大麥 燒肉 珍珠 堡 組合餐 20221212f9urh,5
超級 大麥 燒肉 珍珠 堡 組合餐 20221217y1yeb,5
超級 大麥 燒肉 珍珠 堡 組合餐 20230203yjc2v,5
超級 大麥 燒肉 珍珠 堡 組合餐 20221211y4lt4,5
超級 大麥 燒肉 珍珠 堡 組合餐 20230107vhsq6,5
超級 大麥 燒肉 珍珠 堡 組合餐 20221225y3zys,5
超級 大麥 燒肉 珍珠 堡 組合餐 20230130f1tqv,5
超級 大麥 燒肉 珍珠 堡 組合餐 20230111f1tqr,5
超級 大麥 燒肉 珍珠 堡 組合餐 20221228f6wag,5
超級 大麥 燒肉 珍珠 堡 組合餐 20230118y4ltb,5
超級 大麥 燒肉 珍珠 堡 組合餐 20230115d7soq,5
超級 大麥 燒肉 珍珠 堡 組合餐 20221203y1ye1,5
超級 大麥 燒肉 珍珠 堡 組合餐 20221218f7uzu,5
超級 大麥 燒肉 珍珠 堡 組合餐 20230115z0om1,5
超級 大麥 燒肉 珍珠 堡 組合餐 20221206y1noz,5
超級 大麥 燒肉 珍珠 堡 組合餐 20221226u2rh9,5
超級 大麥 燒肉 珍珠 堡 組合餐 20221229f5nu5,5
超級 大麥 燒肉 珍珠 堡 組合餐 20221228y1fxy,5
超級 大麥 燒肉 珍珠 堡 組合餐 20221214f1tqa,5
超級 大麥 燒肉 珍珠 堡 組合餐 20221203y2jq4,5
超級 大麥 燒肉 珍珠 堡 組合餐 20221203f5mqr,5
超級 大麥 燒肉 珍珠 堡 組合餐 20221221f8xu4,5
超級 大麥 燒肉 珍珠 堡 組合餐 20230126z0omj,5
超級 大麥 燒肉 珍珠 堡 組合餐 20230123k95qx,5
超級 大麥 燒肉 珍珠 堡 組合餐 20230126y1yer,5
超級 大麥 燒肉 珍珠 堡 組合餐 20230210fs1vm,5
超級 大麥 燒肉 珍珠 堡 組合餐 20230212y2cky,5
超級 大麥 燒肉 珍珠 堡 組合餐 20230214fs1ve,5
超級 大麥 燒肉 珍珠 堡 組合餐 20230205z2rdv,5
超級 大麥 燒肉 珍珠 堡 組合餐 20230125k95qm,5
超級 大麥 燒肉 珍珠 堡 組合餐 20230107y3ao9,5
超級 大麥 燒肉 珍珠 堡 組合餐 20230123fzanr,5
超級 大麥 燒肉 珍珠 堡 組合餐 20230109fzanv,5
超級 大麥 燒肉 珍珠 堡 組合餐 20230111f5qji,5
超級 大麥 燒肉 珍珠 堡 組合餐 20230214y4sx8,5
超級 大麥 燒肉 珍珠 堡 組合餐 20230201f0xh9,5
超級 大麥 燒肉 珍珠 堡 組合餐 20230122z0om8,5
超級 大麥 燒肉 珍珠 堡 組合餐 20221216wua5v,5
超級 大麥 燒肉 珍珠 堡 組合餐 20230211y7iqk,5
超級 大麥 燒肉 珍珠 堡 組合餐 20230201f9ur3,5
超級 大麥 燒肉 珍珠 堡 組合餐 20230219rjo1u,5
超級 大麥 燒肉 珍珠 堡 組合餐 20221209wekg8,5
超級 大麥 燒肉 珍珠 堡 組合餐 20221206f5mq1,5
超級 大麥 燒肉 珍珠 堡 組合餐 20221203qnegl,5
超級 大麥 燒肉 珍珠 堡 組合餐 20221206lm12v,5
超級 大麥 燒肉 珍珠 堡 組合餐 20230111lraq2,5
超級 大麥 燒肉 珍珠 堡 組合餐 20230117paasa,5
超級 大麥 燒肉 珍珠 堡 組合餐 20230105wua5i,5
超級 大麥 燒肉 珍珠 堡 組合餐 20230219f85x4,5
超級 大麥 燒肉 珍珠 堡 組合餐 20230225pmm3d,5
超級 大麥 燒肉 珍珠 堡 組合餐 20230121y1noj,5
超級 大麥 燒肉 珍珠 堡 組合餐 20230222f3jy5,5
超級 大麥 燒肉 珍珠 堡 組合餐 20221208y1fx5,5
超級 大麥 燒肉 珍珠 堡 組合餐 20230126y7kuo,5
超級 大麥 燒肉 珍珠 堡 組合餐 20230102a6ure,5
超級 大麥 燒肉 珍珠 堡 組合餐 20230227f8pjg,5
超級 大麥 燒肉 珍珠 堡 組合餐 20230101y4wix,5
超級 大麥 燒肉 珍珠 堡 組合餐 20230104lraqx,5
超級 大麥 燒肉 珍珠 堡 組合餐 20230104wua5a,5
超級 大麥 燒肉 珍珠 堡 組合餐 20230217y1omd,5
超級 大麥 燒肉 珍珠 堡 組合餐 20230105mr1f9,5
超級 大麥 燒肉 珍珠 堡 組合餐 20230211a3jzy,5
超級 大麥 燒肉 珍珠 堡 組合餐 20230122y9uzl,5
超級 大麥 燒肉 珍珠 堡 組合餐 20230224y2jqh,5
超級 大麥 燒肉 珍珠 堡 組合餐 20230201y9uz8,5
超級 大麥 燒肉 珍珠 堡 組合餐 20230203gofna,5
超級 大麥 燒肉 珍珠 堡 組合餐 20230219y3udj,5
超級 大麥 燒肉 珍珠 堡 組合餐 20221214wibzu,5
超級 大麥 燒肉 珍珠 堡 組合餐 20230225f3vnt,5
超級 大麥 燒肉 珍珠 堡 組合餐 20230228wekg5,5
超級 大麥 燒肉 珍珠 堡 組合餐 20221210y7mg8,5
超級 大麥 燒肉 珍珠 堡 組合餐 20230206y9bxv,5
超級 大麥 燒肉 珍珠 堡 組合餐 20230110f5mqc,5
超級 大麥 燒肉 珍珠 堡 組合餐 20221216f7uzx,5
超級 大麥 燒肉 珍珠 堡 組合餐 20221206q6hsj,5
超級 大麥 燒肉 珍珠 堡 組合餐 20230207f7djg,5
超級 大麥 燒肉 珍珠 堡 組合餐 20230209wekgp,5
超級 大麥 燒肉 珍珠 堡 組合餐 20221215y4lt0,5
超級 大麥 燒肉 珍珠 堡 組合餐 20221202f7ym9,5
超級 大麥 燒肉 珍珠 堡 組合餐 20230113pcdqz,5
超級 大麥 燒肉 珍珠 堡 組合餐 20221221d1jp6,5
超級 大麥 燒肉 珍珠 堡 組合餐 20221217y1yeu,5
超級 大麥 燒肉 珍珠 堡 組合餐 20230210f2dna,5
超級 大麥 燒肉 珍珠 堡 組合餐 20230209f3jya,5
超級 大麥 燒肉 珍珠 堡 組合餐 20230209y2pjl,5
超級 大麥 燒肉 珍珠 堡 組合餐 20221220y1ye3,5
超級 大麥 燒肉 珍珠 堡 組合餐 20230106y1yeh,5
超級 大麥 燒肉 珍珠 堡 組合餐 20230115k9ayv,5
超級 大麥 燒肉 珍珠 堡 組合餐 20230226wekg3,5
超級 大麥 燒肉 珍珠 堡 組合餐 20221206y1nog,5
超級 大麥 燒肉 珍珠 堡 組合餐 20230222y2jqh,5
超級 大麥 燒肉 珍珠 堡 組合餐 20230218m50at,5
超級 大麥 燒肉 珍珠 堡 組合餐 20230224yjc2r,5
超級 大麥 燒肉 珍珠 堡 組合餐 20221225y6dxj,5
超級 大麥 燒肉 珍珠 堡 組合餐 20230117z4t2h,5
超級 大麥 燒肉 珍珠 堡 組合餐 20230103y2wam,5
超級 大麥 燒肉 珍珠 堡 組合餐 20230217wbf1d,5
超級 大麥 燒肉 珍珠 堡 組合餐 20230103a4imu,5
超級 大麥 燒肉 珍珠 堡 組合餐 20230222lraq0,5
超級 大麥 燒肉 珍珠 堡 組合餐 20230123f7dje,5
超級 大麥 燒肉 珍珠 堡 組合餐 20230209f9ura,5
超級 大麥 燒肉 珍珠 堡 組合餐 20230105y7vt0,5
超級 大麥 燒肉 珍珠 堡 組合餐 20230107a3jzb,5
超級 大麥 燒肉 珍珠 堡 組合餐 20230217f7djr,5
超級 大麥 燒肉 珍珠 堡 組合餐 20230223d1jpb,5
超級 大麥 燒肉 珍珠 堡 組合餐 20230113f7uzf,5
超級 大麥 燒肉 珍珠 堡 組合餐 20230213a4imc,5
超級 大麥 燒肉 珍珠 堡 組合餐 20230212f5nuc,5
超級 大麥 燒肉 珍珠 堡 組合餐 20230107f7cly,5
超級 大麥 燒肉 珍珠 堡 組合餐 20230121k95qo,5
超級 大麥 燒肉 珍珠 堡 組合餐 20230110f6wa7,5
超級 大麥 燒肉 珍珠 堡 組合餐 20230223s7co4,5
超級 大麥 燒肉 珍珠 堡 組合餐 20230221zo1ue,5
超級 大麥 燒肉 珍珠 堡 組合餐 20230212vhsqh,5
超級 大麥 燒肉 珍珠 堡 組合餐 20230222krrh5,5
超級 大麥 燒肉 珍珠 堡 組合餐 20230211f7dj0,5
超級 大麥 燒肉 珍珠 堡 組合餐 20221223y3qu9,5
超級 大麥 燒肉 珍珠 堡 組合餐 20230117zo1un,5
超級 大麥 燒肉 珍珠 堡 組合餐 20230120y3qum,5
超級 大麥 燒肉 珍珠 堡 組合餐 20230209ms3jm,5
超級 大麥 燒肉 珍珠 堡 組合餐 20230208lraqo,5
超級 大麥 燒肉 珍珠 堡 組合餐 20230223y2pjv,5
超級 大麥 燒肉 珍珠 堡 組合餐 20221208f2dnz,5
超級 大麥 燒肉 珍珠 堡 組合餐 20221219wekgc,5
超級 大麥 燒肉 珍珠 堡 組合餐 20230207a6urz,5
超級 大麥 燒肉 珍珠 堡 組合餐 20230208mjken,5
超級 大麥 燒肉 珍珠 堡 組合餐 20230216y1no5,5
超級 大麥 燒肉 珍珠 堡 組合餐 20230222ufr7k,5
超級 大麥 燒肉 珍珠 堡 組合餐 20230210f6wa4,5
超級 大麥 燒肉 珍珠 堡 組合餐 20230223y2btv,5
超級 大麥 燒肉 珍珠 堡 組合餐 20230116z4t25,5
超級 大麥 燒肉 珍珠 堡 組合餐 20230218f5qji,5
超級 大麥 燒肉 珍珠 堡 組合餐 20230223mr1f7,5
超級 大麥 燒肉 珍珠 堡 組合餐 20230202y3rqy,5
超級 大麥 燒肉 珍珠 堡 組合餐 20230227y1fxg,5
超級 大麥 燒肉 珍珠 堡 組合餐 20230201y8ku7,5
超級 大麥 燒肉 珍珠 堡 組合餐 20230203y2jqd,5
超級 大麥 燒肉 珍珠 堡 組合餐 20230217a6ur4,5
超級 大麥 燒肉 珍珠 堡 組合餐 20221225f3vn4,5
超級 大麥 燒肉 珍珠 堡 組合餐 20230206f1tq7,5
超級 大麥 燒肉 珍珠 堡 組合餐 20230221cq06e,5
超級 大麥 燒肉 珍珠 堡 組合餐 20230211y3rqs,5
超級 大麥 燒肉 珍珠 堡 組合餐 20230227d0tyk,5
超級 大麥 燒肉 珍珠 堡 組合餐 20230210f3vnd,5
超級 大麥 燒肉 珍珠 堡 組合餐 20230204f7xul,5
超級 大麥 燒肉 珍珠 堡 組合餐 20230204y1xnt,5
超級 大麥 燒肉 珍珠 堡 組合餐 20230122o3l20,5
超級 大麥 燒肉 珍珠 堡 組合餐 20230313mqzej,5
超級 大麥 燒肉 珍珠 堡 組合餐 20230320i6ozf,5
超級 大麥 燒肉 珍珠 堡 組合餐 20230310ufr7b,5
超級 大麥 燒肉 珍珠 堡 組合餐 20221214y2bny,5
超級 大麥 燒肉 珍珠 堡 組合餐 20230318oyrqw,5
超級 大麥 燒肉 珍珠 堡 組合餐 20230205y5kl7,5
超級 大麥 燒肉 珍珠 堡 組合餐 20230308y1fxm,5
超級 大麥 燒肉 珍珠 堡 組合餐 20221216olgdk,5
超級 大麥 燒肉 珍珠 堡 組合餐 20230203f7djq,5
超級 大麥 燒肉 珍珠 堡 組合餐 20230315rjo1v,5
超級 大麥 燒肉 珍珠 堡 組合餐 20230223eqxqi,5
超級 大麥 燒肉 珍珠 堡 組合餐 20221205gu0h7,5
超級 大麥 燒肉 珍珠 堡 組合餐 20230224y3udt,5
超級 大麥 燒肉 珍珠 堡 組合餐 20230216y7mgh,5
超級 大麥 燒肉 珍珠 堡 組合餐 20230108f9yvy,5
超級 大麥 燒肉 珍珠 堡 組合餐 20230305f6viu,5
超級 大麥 燒肉 珍珠 堡 組合餐 20230311kvoqo,5
超級 大麥 燒肉 珍珠 堡 組合餐 20230313gu0hi,5
超級 大麥 燒肉 珍珠 堡 組合餐 20230322mqzex,5
超級 大麥 燒肉 珍珠 堡 組合餐 20221209f7yml,5
超級 大麥 燒肉 珍珠 堡 組合餐 20230204x58p1,5
超級 大麥 燒肉 珍珠 堡 組合餐 20230226y1nob,5
超級 大麥 燒肉 珍珠 堡 組合餐 20230214gkack,5
超級 大麥 燒肉 珍珠 堡 組合餐 20221223lba2g,5
超級 大麥 燒肉 珍珠 堡 組合餐 20221220f7pa4,5
超級 大麥 燒肉 珍珠 堡 組合餐 20230225v8ngu,5
超級 大麥 燒肉 珍珠 堡 組合餐 20230110z2rdn,5
超級 大麥 燒肉 珍珠 堡 組合餐 20230106f85xm,5
超級 大麥 燒肉 珍珠 堡 組合餐 20230212y5klq,5
超級 大麥 燒肉 珍珠 堡 組合餐 20230211f6wak,5
超級 大麥 燒肉 珍珠 堡 組合餐 20230223f6wau,5
超級 大麥 燒肉 珍珠 堡 組合餐 20230203glni8,5
超級 大麥 燒肉 珍珠 堡 組合餐 20230208wekg2,5
超級 大麥 燒肉 珍珠 堡 組合餐 20230225y3bi9,5
超級 大麥 燒肉 珍珠 堡 組合餐 20230114slhnh,5
超級 大麥 燒肉 珍珠 堡 組合餐 20230107y2bn0,5
超級 大麥 燒肉 珍珠 堡 組合餐 20230420y5klm,5
超級 大麥 燒肉 珍珠 堡 組合餐 20230201f7dj0,5
超級 大麥 燒肉 珍珠 堡 組合餐 20230210f7djc,5
超級 大麥 燒肉 珍珠 堡 組合餐 20230404x52v1,5
超級 大麥 燒肉 珍珠 堡 組合餐 20230215y4lt3,5
超級 大麥 燒肉 珍珠 堡 組合餐 20230213f6iay,5
超級 大麥 燒肉 珍珠 堡 組合餐 20230121y5klq,5
超級 大麥 燒肉 珍珠 堡 組合餐 20230105a6urm,5
超級 大麥 燒肉 珍珠 堡 組合餐 20230221y9bxd,5
超級 大麥 燒肉 珍珠 堡 組合餐 20230205extlc,5
超級 大麥 燒肉 珍珠 堡 組合餐 20230210olgd8,5
超級 大麥 燒肉 珍珠 堡 組合餐 20230202m50a0,5
超級 大麥 燒肉 珍珠 堡 組合餐 20221224gofny,5
超級 大麥 燒肉 珍珠 堡 組合餐 20230205y4lt3,5
超級 大麥 燒肉 珍珠 堡 組合餐 20230205f1tqd,5
超級 大麥 燒肉 珍珠 堡 組合餐 20230416tvhl0,5
超級 大麥 燒肉 珍珠 堡 組合餐 20230207f85xn,5
超級 大麥 燒肉 珍珠 堡 組合餐 20221230olgdr,5
超級 大麥 燒肉 珍珠 堡 組合餐 20230418f2on7,5
超級 大麥 燒肉 珍珠 堡 組合餐 20221209y1ye7,5
超級 大麥 燒肉 珍珠 堡 組合餐 20230128f7djh,5
超級 大麥 燒肉 珍珠 堡 組合餐 20230310y4sxw,5
超級 大麥 燒肉 珍珠 堡 組合餐 20230313mjkeu,5
超級 大麥 燒肉 珍珠 堡 組合餐 20230107f6iai,5
超級 大麥 燒肉 珍珠 堡 組合餐 20230330y2jqo,5
超級 大麥 燒肉 珍珠 堡 組合餐 20230204y4cqg,5
超級 大麥 燒肉 珍珠 堡 組合餐 20230103f8jtb,5
超級 大麥 燒肉 珍珠 堡 組合餐 20230223y3ud6,5
超級 大麥 燒肉 珍珠 堡 組合餐 20230227y3udj,5
超級 大麥 燒肉 珍珠 堡 組合餐 20230402y0glj,5
超級 大麥 燒肉 珍珠 堡 組合餐 20230427eqxqc,5
超級 大麥 燒肉 珍珠 堡 組合餐 20230329tvhlv,5
超級 大麥 燒肉 珍珠 堡 組合餐 20230220f5mqz,5
超級 大麥 燒肉 珍珠 堡 組合餐 20230215f3jye,5
超級 大麥 燒肉 珍珠 堡 組合餐 20230301crwv9,5
超級 大麥 燒肉 珍珠 堡 組合餐 20230317f6wa4,5
超級 大麥 燒肉 珍珠 堡 組合餐 20230312z2rdz,5
超級 大麥 燒肉 珍珠 堡 組合餐 20221225iazau,5
超級 大麥 燒肉 珍珠 堡 組合餐 20230420eqxq4,5
超級 大麥 燒肉 珍珠 堡 組合餐 20230411f7qnp,5
超級 大麥 燒肉 珍珠 堡 組合餐 20221217y2bna,5
超級 大麥 燒肉 珍珠 堡 組合餐 20230402y0wql,5
超級 大麥 燒肉 珍珠 堡 組合餐 20230210y5vpe,5
超級 大麥 燒肉 珍珠 堡 組合餐 20230201paasu,5
超級 大麥 燒肉 珍珠 堡 組合餐 20230131aidvd,5
超級 大麥 燒肉 珍珠 堡 組合餐 20230225z9dg3,5
超級 大麥 燒肉 珍珠 堡 組合餐 20230105tvhle,5
超級 大麥 燒肉 珍珠 堡 組合餐 20230221y2bp9,5
超級 大麥 燒肉 珍珠 堡 組合餐 20230407eqxqr,5
超級 大麥 燒肉 珍珠 堡 組合餐 20230214mjke4,5
超級 大麥 燒肉 珍珠 堡 組合餐 20230317f3tmc,5
超級 大麥 燒肉 珍珠 堡 組合餐 20230215f6iao,5
超級 大麥 燒肉 珍珠 堡 組合餐 20221212lm12l,5
超級 大麥 燒肉 珍珠 堡 組合餐 20230203f7pah,5
超級 大麥 燒肉 珍珠 堡 組合餐 20230224y7iqe,5
超級 大麥 燒肉 珍珠 堡 組合餐 20230319y2btp,5
超級 大麥 燒肉 珍珠 堡 組合餐 20230216wua5g,5
超級 大麥 燒肉 珍珠 堡 組合餐 20230410k9ayz,5
超級 大麥 燒肉 珍珠 堡 組合餐 20230430f3vnp,5
超級 大麥 燒肉 珍珠 堡 組合餐 20230208y2pji,5
超級 大麥 燒肉 珍珠 堡 組合餐 20230414krrhj,5
超級 大麥 燒肉 珍珠 堡 組合餐 20230418y3rqk,5
超級 大麥 燒肉 珍珠 堡 組合餐 20230420f5qjk,5
超級 大麥 燒肉 珍珠 堡 組合餐 20221205olgd8,5
超級 大麥 燒肉 珍珠 堡 組合餐 20230208cq06b,5
超級 大麥 燒肉 珍珠 堡 組合餐 20230201a3jzp,5
超級 大麥 燒肉 珍珠 堡 組合餐 20230204z4t2p,5
超級 大麥 燒肉 珍珠 堡 組合餐 20230213m50au,5
超級 大麥 燒肉 珍珠 堡 組合餐 20230201y7oyj,5
超級 大麥 燒肉 珍珠 堡 組合餐 20230219f1tq0,5
超級 大麥 燒肉 珍珠 堡 組合餐 20230321hzsv2,5
超級 大麥 燒肉 珍珠 堡 組合餐 20230325y7oy9,5
超級 大麥 燒肉 珍珠 堡 組合餐 20230405gofn7,5
超級 大麥 燒肉 珍珠 堡 組合餐 20230310rjlsq,5
超級 大麥 燒肉 珍珠 堡 組合餐 20221225a4imm,5
超級 大麥 燒肉 珍珠 堡 組合餐 20230406yb6ni,5
超級 大麥 燒肉 珍珠 堡 組合餐 20230225y2jq0,5
超級 大麥 燒肉 珍珠 堡 組合餐 20230426y2wa7,5
超級 大麥 燒肉 珍珠 堡 組合餐 20230416nh939,5
超級 大麥 燒肉 珍珠 堡 組合餐 20230423f1tqq,5
超級 大麥 燒肉 珍珠 堡 組合餐 20221211mqzep,5
超級 大麥 燒肉 珍珠 堡 組合餐 20221214vhsq9,5
超級 大麥 燒肉 珍珠 堡 組合餐 20230307zo1ui,5
超級 大麥 燒肉 珍珠 堡 組合餐 20230328z4mpk,5
超級 大麥 燒肉 珍珠 堡 組合餐 20230220y4wii,5
超級 大麥 燒肉 珍珠 堡 組合餐 20230302yevb9,5
超級 大麥 燒肉 珍珠 堡 組合餐 20230312y3rqg,5
超級 大麥 燒肉 珍珠 堡 組合餐 20230323cq06x,5
超級 大麥 燒肉 珍珠 堡 組合餐 20230402extlp,5
超級 大麥 燒肉 珍珠 堡 組合餐 20230401y1yeq,5
超級 大麥 燒肉 珍珠 堡 組合餐 20230109f3tms,5
超級 大麥 燒肉 珍珠 堡 組合餐 20230108f8iio,5
超級 大麥 燒肉 珍珠 堡 組合餐 20230305a6urh,5
超級 大麥 燒肉 珍珠 堡 組合餐 20230304y2btv,5
超級 大麥 燒肉 珍珠 堡 組合餐 20230305olgd2,5
超級 大麥 燒肉 珍珠 堡 組合餐 20230415gu0hi,5
超級 大麥 燒肉 珍珠 堡 組合餐 20230324f2dnp,5
超級 大麥 燒肉 珍珠 堡 組合餐 20230315y7wik,5
超級 大麥 燒肉 珍珠 堡 組合餐 20230121f1sj9,5
超級 大麥 燒肉 珍珠 堡 組合餐 20221215f85xw,5
超級 大麥 燒肉 珍珠 堡 組合餐 20230427mwerc,5
超級 大麥 燒肉 珍珠 堡 組合餐 20230408eqxqo,5
超級 大麥 燒肉 珍珠 堡 組合餐 20230114y7oyg,5
超級 大麥 燒肉 珍珠 堡 組合餐 20230312y6wmr,5
超級 大麥 燒肉 珍珠 堡 組合餐 20230331y9be7,5
超級 大麥 燒肉 珍珠 堡 組合餐 20230423f3tmx,5
超級 大麥 燒肉 珍珠 堡 組合餐 20230311y3zyk,5
超級 大麥 燒肉 珍珠 堡 組合餐 20230201f1tqo,5
超級 大麥 燒肉 珍珠 堡 組合餐 20230207y0gl7,5
超級 大麥 燒肉 珍珠 堡 組合餐 20230321y7iqj,5
超級 大麥 燒肉 珍珠 堡 組合餐 20230331krrhh,5
超級 大麥 燒肉 珍珠 堡 組合餐 20230307y3udc,5
超級 大麥 燒肉 珍珠 堡 組合餐 20230317y9uz1,5
超級 大麥 燒肉 珍珠 堡 組合餐 20230403fzang,5
超級 大麥 燒肉 珍珠 堡 組合餐 20230406y5wmg,5
超級 大麥 燒肉 珍珠 堡 組合餐 20230421yb6nj,5
超級 大麥 燒肉 珍珠 堡 組合餐 20230110bf8y3,5
超級 大麥 燒肉 珍珠 堡 組合餐 20230127zfncu,5
超級 大麥 燒肉 珍珠 堡 組合餐 20230308blm1p,5
超級 大麥 燒肉 珍珠 堡 組合餐 20230210f7ym2,5
超級 大麥 燒肉 珍珠 堡 組合餐 20230311mjwjj,5
超級 大麥 燒肉 珍珠 堡 組合餐 20230314fzang,5
超級 大麥 燒肉 珍珠 堡 組合餐 20230225y9bxp,5
超級 大麥 燒肉 珍珠 堡 組合餐 20230202f2oni,5
超級 大麥 燒肉 珍珠 堡 組合餐 20230402mjkej,5
超級 大麥 燒肉 珍珠 堡 組合餐 20230405y1fxp,5
超級 大麥 燒肉 珍珠 堡 組合餐 20230208bf8ye,5
超級 大麥 燒肉 珍珠 堡 組合餐 20230106iaza1,5
超級 大麥 燒肉 珍珠 堡 組合餐 20230313olgd9,5
超級 大麥 燒肉 珍珠 堡 組合餐 20230201f1sj9,5
超級 大麥 燒肉 珍珠 堡 組合餐 20230410d0tya,5
超級 大麥 燒肉 珍珠 堡 組合餐 20230306z4t2u,5
超級 大麥 燒肉 珍珠 堡 組合餐 20230317f2dne,5
超級 大麥 燒肉 珍珠 堡 組合餐 20230226y4ltm,5
超級 大麥 燒肉 珍珠 堡 組合餐 20230417y0dhb,5
超級 大麥 燒肉 珍珠 堡 組合餐 20230403f1tq4,5
超級 大麥 燒肉 珍珠 堡 組合餐 20230424y4wiu,5
超級 大麥 燒肉 珍珠 堡 組合餐 20230120f7dj3,5
超級 大麥 燒肉 珍珠 堡 組合餐 20230402wckuq,5
超級 大麥 燒肉 珍珠 堡 組合餐 20230109y7bf2,5
超級 大麥 燒肉 珍珠 堡 組合餐 20230205y3zyr,5
超級 大麥 燒肉 珍珠 堡 組合餐 20230306wekgx,5
超級 大麥 燒肉 珍珠 堡 組合餐 20230309eqxqm,5
超級 大麥 燒肉 珍珠 堡 組合餐 20230421vhsqm,5
超級 大麥 燒肉 珍珠 堡 組合餐 20230213a6ur0,5
超級 大麥 燒肉 珍珠 堡 組合餐 20230215gofna,5
超級 大麥 燒肉 珍珠 堡 組合餐 20230403f7ymi,5
超級 大麥 燒肉 珍珠 堡 組合餐 20230418olgd1,5
超級 大麥 燒肉 珍珠 堡 組合餐 20230422f2dnq,5
超級 大麥 燒肉 珍珠 堡 組合餐 20230401y9bke,5
超級 大麥 燒肉 珍珠 堡 組合餐 20230414y7vtl,5
超級 大麥 燒肉 珍珠 堡 組合餐 20230406f3vnl,5
超級 大麥 燒肉 珍珠 堡 組合餐 20230326y5kla,5
超級 大麥 燒肉 珍珠 堡 組合餐 20230220f1tqs,5
超級 大麥 燒肉 珍珠 堡 組合餐 20230130y7kup,5
超級 大麥 燒肉 珍珠 堡 組合餐 20230401y1fx5,5
超級 大麥 燒肉 珍珠 堡 組合餐 20230208wibzk,5
超級 大麥 燒肉 珍珠 堡 組合餐 20230404lraq1,5
超級 大麥 燒肉 珍珠 堡 組合餐 20230122f0cmw,5
超級 大麥 燒肉 珍珠 堡 組合餐 20230428afljx,5
超級 大麥 燒肉 珍珠 堡 組合餐 20230128a6ur1,5
超級 大麥 燒肉 珍珠 堡 組合餐 20230427f3tm4,5
超級 大麥 燒肉 珍珠 堡 組合餐 20230216a4imx,5
超級 大麥 燒肉 珍珠 堡 組合餐 20230415hzsvs,5
超級 大麥 燒肉 珍珠 堡 組合餐 20230116y3pyz,5
超級 大麥 燒肉 珍珠 堡 組合餐 20230211f1tqr,5
超級 大麥 燒肉 珍珠 堡 組合餐 20230409d0ifw,5
超級 大麥 燒肉 珍珠 堡 組合餐 20230205d7so3,5
超級 大麥 燒肉 珍珠 堡 組合餐 20230201y2jqn,5
超級 大麥 燒肉 珍珠 堡 組合餐 20230205y1eex,5
超級 大麥 燒肉 珍珠 堡 組合餐 20230404y9bku,5
超級 大麥 燒肉 珍珠 堡 組合餐 20230405ehqdz,5
超級 大麥 燒肉 珍珠 堡 組合餐 20230424ehqdo,5
超級 大麥 燒肉 珍珠 堡 組合餐 20230409y5wmr,5
超級 大麥 燒肉 珍珠 堡 組合餐 20230316f2dnb,5
超級 大麥 燒肉 珍珠 堡 組合餐 20230408tvhld,5
超級 大麥 燒肉 珍珠 堡 組合餐 20230208f0xh4,5
超級 大麥 燒肉 珍珠 堡 組合餐 20230323y1dd4,5
超級 大麥 燒肉 珍珠 堡 組合餐 20230324y2mvy,5
超級 大麥 燒肉 珍珠 堡 組合餐 20230417f0xhd,5
超級 大麥 燒肉 珍珠 堡 組合餐 20230325z2rd3,5
超級 大麥 燒肉 珍珠 堡 組合餐 20230328imoxt,5
超級 大麥 燒肉 珍珠 堡 組合餐 20230317pnflc,5
超級 大麥 燒肉 珍珠 堡 組合餐 20230321eqxqx,5
超級 大麥 燒肉 珍珠 堡 組合餐 20230222ccefp,5
超級 大麥 燒肉 珍珠 堡 組合餐 20230217f3tmm,5
超級 大麥 燒肉 珍珠 堡 組合餐 20230220z4mpw,5
超級 大麥 燒肉 珍珠 堡 組合餐 20230118f0cm9,5
超級 大麥 燒肉 珍珠 堡 組合餐 20230414y4sxm,5
超級 大麥 燒肉 珍珠 堡 組合餐 20230417f2dnm,5
超級 大麥 燒肉 珍珠 堡 組合餐 20230218y1yet,5
超級 大麥 燒肉 珍珠 堡 組合餐 20230425l4pfl,5
超級 大麥 燒肉 珍珠 堡 組合餐 20230401duf5w,5
超級 大麥 燒肉 珍珠 堡 組合餐 20230406pcdqs,5
超級 大麥 燒肉 珍珠 堡 組合餐 20230402f0xhv,5
超級 大麥 燒肉 珍珠 堡 組合餐 20230316y3rqm,5
超級 大麥 燒肉 珍珠 堡 組合餐 20230402y3rqk,5
超級 大麥 燒肉 珍珠 堡 組合餐 20230307f7xuh,5
超級 大麥 燒肉 珍珠 堡 組合餐 20230213olgdr,5
超級 大麥 燒肉 珍珠 堡 組合餐 20230217extlb,5
超級 大麥 燒肉 珍珠 堡 組合餐 20230223f7uz0,5
超級 大麥 燒肉 珍珠 堡 組合餐 20230319y3rq6,5
超級 大麥 燒肉 珍珠 堡 組合餐 20230124f7mcs,5
超級 大麥 燒肉 珍珠 堡 組合餐 20230406s7co2,5
超級 大麥 燒肉 珍珠 堡 組合餐 20230202y3rq1,5
超級 大麥 燒肉 珍珠 堡 組合餐 20230204z2rd2,5
超級 大麥 燒肉 珍珠 堡 組合餐 20230428y9bkq,5
超級 大麥 燒肉 珍珠 堡 組合餐 20230419pmm36,5
超級 大麥 燒肉 珍珠 堡 組合餐 20230131f7uz7,5
超級 大麥 燒肉 珍珠 堡 組合餐 20230416y7mg6,5
超級 大麥 燒肉 珍珠 堡 組合餐 20230222y2pjj,5
超級 大麥 燒肉 珍珠 堡 組合餐 20230227y9bkk,5
超級 大麥 燒肉 珍珠 堡 組合餐 20230401f7djw,5
超級 大麥 燒肉 珍珠 堡 組合餐 20230323y3zyr,5
超級 大麥 燒肉 珍珠 堡 組合餐 20230222f7xui,5
超級 大麥 燒肉 珍珠 堡 組合餐 20230422f7dj9,5
超級 大麥 燒肉 珍珠 堡 組合餐 20230311y5vp6,5
超級 大麥 燒肉 珍珠 堡 組合餐 20230411y1sji,5
超級 大麥 燒肉 珍珠 堡 組合餐 20230403y2qzw,5
超級 大麥 燒肉 珍珠 堡 組合餐 20230408y1yei,5
超級 大麥 燒肉 珍珠 堡 組合餐 20230419a3jzh,5
超級 大麥 燒肉 珍珠 堡 組合餐 20230223y7kuk,5
超級 大麥 燒肉 珍珠 堡 組合餐 20230421y3ki4,5
超級 大麥 燒肉 珍珠 堡 組合餐 20230420f7ym4,5
超級 大麥 燒肉 珍珠 堡 組合餐 20230304y5vpu,5
超級 大麥 燒肉 珍珠 堡 組合餐 20230207y7ku2,5
超級 大麥 燒肉 珍珠 堡 組合餐 20230206f85x8,5
超級 大麥 燒肉 珍珠 堡 組合餐 20230314hzsvz,5
超級 大麥 燒肉 珍珠 堡 組合餐 20230312hzsvw,5
超級 大麥 燒肉 珍珠 堡 組合餐 20230305mr1ft,5
超級 大麥 燒肉 珍珠 堡 組合餐 20230301y7oy2,5
超級 大麥 燒肉 珍珠 堡 組合餐 20230310y4x1f,5
超級 大麥 燒肉 珍珠 堡 組合餐 20230311d0ifl,5
超級 大麥 燒肉 珍珠 堡 組合餐 20230318y1eeq,5
超級 大麥 燒肉 珍珠 堡 組合餐 20230427x52vs,5
超級 大麥 燒肉 珍珠 堡 組合餐 20230408y3aoh,5
超級 大麥 燒肉 珍珠 堡 組合餐 20230412gofn9,5
超級 大麥 燒肉 珍珠 堡 組合餐 20230410cq06b,5
超級 大麥 燒肉 珍珠 堡 組合餐 20230304f7mcm,5
超級 大麥 燒肉 珍珠 堡 組合餐 20230319z4t2v,5
超級 大麥 燒肉 珍珠 堡 組合餐 20230226lraq0,5
超級 大麥 燒肉 珍珠 堡 組合餐 20230315y9bxi,5
超級 大麥 燒肉 珍珠 堡 組合餐 20230319y9bkm,5
超級 大麥 燒肉 珍珠 堡 組合餐 20230308aidv7,5
超級 大麥 燒肉 珍珠 堡 組合餐 20230404eqxqk,5
超級 大麥 燒肉 珍珠 堡 組合餐 20230422y2bp1,5
超級 大麥 燒肉 珍珠 堡 組合餐 20230317f5qjv,5
超級 大麥 燒肉 珍珠 堡 組合餐 20230327y0eye,5
超級 大麥 燒肉 珍珠 堡 組合餐 20230418f7ymz,5
超級 大麥 燒肉 珍珠 堡 組合餐 20230302y2pjp,5
超級 大麥 燒肉 珍珠 堡 組合餐 20230318nh93p,5
超級 大麥 燒肉 珍珠 堡 組合餐 20230410y6wm2,5
超級 大麥 燒肉 珍珠 堡 組合餐 20230304y0dhb,5
超級 大麥 燒肉 珍珠 堡 組合餐 20230205y2wa1,5
超級 大麥 燒肉 珍珠 堡 組合餐 20230418f1tqi,5
超級 大麥 燒肉 珍珠 堡 組合餐 20230412y2wa0,5
超級 大麥 燒肉 珍珠 堡 組合餐 20230426f2onb,5
超級 大麥 燒肉 珍珠 堡 組合餐 20230316y7iq3,5
超級 大麥 燒肉 珍珠 堡 組合餐 20230426ij9qi,5
超級 大麥 燒肉 珍珠 堡 組合餐 20230310y1fdm,5
超級 大麥 燒肉 珍珠 堡 組合餐 20230316y1nos,5
超級 大麥 燒肉 珍珠 堡 組合餐 20230221y5wmj,5
超級 大麥 燒肉 珍珠 堡 組合餐 20230321f1tq5,5
超級 大麥 燒肉 珍珠 堡 組合餐 20230312f9urg,5
超級 大麥 燒肉 珍珠 堡 組合餐 20230408f9urh,5
超級 大麥 燒肉 珍珠 堡 組合餐 20230203f85x1,5
超級 大麥 燒肉 珍珠 堡 組合餐 20230319extlb,5
超級 大麥 燒肉 珍珠 堡 組合餐 20230423a3jzq,5
超級 大麥 燒肉 珍珠 堡 組合餐 20230412slhnc,5
超級 大麥 燒肉 珍珠 堡 組合餐 20230412f2dna,5
超級 大麥 燒肉 珍珠 堡 組合餐 20230304f1sjl,5
超級 大麥 燒肉 珍珠 堡 組合餐 20230324f0cmf,5
超級 大麥 燒肉 珍珠 堡 組合餐 20230219ufr70,5
超級 大麥 燒肉 珍珠 堡 組合餐 20230316y3udw,5
超級 大麥 燒肉 珍珠 堡 組合餐 20230320mqzec,5
超級 大麥 燒肉 珍珠 堡 組合餐 20230325f5qj5,5
超級 大麥 燒肉 珍珠 堡 組合餐 20230404yb6ni,5
超級 大麥 燒肉 珍珠 堡 組合餐 20230422f3tmm,5
超級 大麥 燒肉 珍珠 堡 組合餐 20230328y9bkd,5
超級 大麥 燒肉 珍珠 堡 組合餐 20230414y2jq4,5
超級 大麥 燒肉 珍珠 堡 組合餐 20230420y9bk7,5
超級 大麥 燒肉 珍珠 堡 組合餐 20230310beyec,5
超級 大麥 燒肉 珍珠 堡 組合餐 20230320f0xh2,5
超級 大麥 燒肉 珍珠 堡 組合餐 20230328y5xqp,5
超級 大麥 燒肉 珍珠 堡 組合餐 20230309a3jzp,5
超級 大麥 燒肉 珍珠 堡 組合餐 20230403y2bty,5
超級 大麥 燒肉 珍珠 堡 組合餐 20230325olgdb,5
超級 大麥 燒肉 珍珠 堡 組合餐 20230225f2on5,5
超級 大麥 燒肉 珍珠 堡 組合餐 20230407t6awt,5
超級 大麥 燒肉 珍珠 堡 組合餐 20230404olgd1,5
超級 大麥 燒肉 珍珠 堡 組合餐 20230115a6urb,5
超級 大麥 燒肉 珍珠 堡 組合餐 20230318f7xur,5
超級 大麥 燒肉 珍珠 堡 組合餐 20230403lm12r,5
超級 大麥 燒肉 珍珠 堡 組合餐 20230303f3vnz,5
超級 大麥 燒肉 珍珠 堡 組合餐 20230317f6isu,5
超級 大麥 燒肉 珍珠 堡 組合餐 20230322y3udx,5
超級 大麥 燒肉 珍珠 堡 組合餐 20230406y3udp,5
超級 大麥 燒肉 珍珠 堡 組合餐 20230402eqxqw,5
超級 大麥 燒肉 珍珠 堡 組合餐 20230403wua5p,5
超級 大麥 燒肉 珍珠 堡 組合餐 20230424beyef,5
超級 大麥 燒肉 珍珠 堡 組合餐 20230406bf8y1,5
超級 大麥 燒肉 珍珠 堡 組合餐 20230417y0nul,5
超級 大麥 燒肉 珍珠 堡 組合餐 20230317d0ifs,5
超級 大麥 燒肉 珍珠 堡 組合餐 20230426a3jz2,5
超級 大麥 燒肉 珍珠 堡 組合餐 20230406vhsqt,5
超級 大麥 燒肉 珍珠 堡 組合餐 20230418y9uze,5
超級 大麥 燒肉 珍珠 堡 組合餐 20230305y3udb,5
超級 大麥 燒肉 珍珠 堡 組合餐 20230421f1tqi,5
超級 大麥 燒肉 珍珠 堡 組合餐 20230311wua59,5
超級 大麥 燒肉 珍珠 堡 組合餐 20230425y7oy3,5
超級 大麥 燒肉 珍珠 堡 組合餐 20230318vhsqm,5
超級 大麥 燒肉 珍珠 堡 組合餐 20230303d1jpa,5
超級 大麥 燒肉 珍珠 堡 組合餐 20230215a3jzd,5
超級 大麥 燒肉 珍珠 堡 組合餐 20230116y7iq4,5
超級 大麥 燒肉 珍珠 堡 組合餐 20230225f3tm7,5
超級 大麥 燒肉 珍珠 堡 組合餐 20230421f7cl9,5
超級 大麥 燒肉 珍珠 堡 組合餐 20230403y7kug,5
超級 大麥 燒肉 珍珠 堡 組合餐 20230418lraqs,5
超級 大麥 燒肉 珍珠 堡 組合餐 20230419mwer5,5
超級 大麥 燒肉 珍珠 堡 組合餐 20230201ehqdp,5
超級 大麥 燒肉 珍珠 堡 組合餐 20230403f7xu3,5
超級 大麥 燒肉 珍珠 堡 組合餐 20230319gu0hf,5
超級 大麥 燒肉 珍珠 堡 組合餐 20230423z4t26,5
超級 大麥 燒肉 珍珠 堡 組合餐 20230204y1xnn,5
超級 大麥 燒肉 珍珠 堡 組合餐 20230325f1sj9,5
超級 大麥 燒肉 珍珠 堡 組合餐 20230406f0xhv,5
超級 大麥 燒肉 珍珠 堡 組合餐 20230123a4im9,5
超級 大麥 燒肉 珍珠 堡 組合餐 20230324y1fx8,5
超級 大麥 燒肉 珍珠 堡 組合餐 20230311f5mqh,5
超級 大麥 燒肉 珍珠 堡 組合餐 20230327y3udw,5
超級 大麥 燒肉 珍珠 堡 組合餐 20230314f2dne,5
超級 大麥 燒肉 珍珠 堡 組合餐 20230417d1jp2,5
超級 大麥 燒肉 珍珠 堡 組合餐 20230223y5wmo,5
超級 大麥 燒肉 珍珠 堡 組合餐 20230429eqxqi,5
超級 大麥 燒肉 珍珠 堡 組合餐 20230326y7vtm,5
超級 大麥 燒肉 珍珠 堡 組合餐 20230204lraqn,5
超級 大麥 燒肉 珍珠 堡 組合餐 20230305a4imq,5
超級 大麥 燒肉 珍珠 堡 組合餐 20230422f1tq8,5
超級 大麥 燒肉 珍珠 堡 組合餐 20230323tvhlh,5
超級 大麥 燒肉 珍珠 堡 組合餐 20230206f85xf,5
超級 大麥 燒肉 珍珠 堡 組合餐 20230304ez2bu,5
超級 大麥 燒肉 珍珠 堡 組合餐 20230315aidvc,5
超級 大麥 燒肉 珍珠 堡 組合餐 20230114f85xm,5
超級 大麥 燒肉 珍珠 堡 組合餐 20230312k95qs,5
超級 大麥 燒肉 珍珠 堡 組合餐 20230421y7vtk,5
超級 大麥 燒肉 珍珠 堡 組合餐 20230422i946w,5
超級 大麥 燒肉 珍珠 堡 組合餐 20230422s7coa,5
超級 大麥 燒肉 珍珠 堡 組合餐 20230301eqxqz,5
超級 大麥 燒肉 珍珠 堡 組合餐 20230121rjo15,5
超級 大麥 燒肉 珍珠 堡 組合餐 20230308olgdu,5
超級 大麥 燒肉 珍珠 堡 組合餐 20230404f1tqp,5
超級 大麥 燒肉 珍珠 堡 組合餐 20230423y7bf6,5
超級 大麥 燒肉 珍珠 堡 組合餐 20230416f8xu5,5
超級 大麥 燒肉 珍珠 堡 組合餐 20230316y7oy2,5
超級 大麥 燒肉 珍珠 堡 組合餐 20230426uja3k,5
超級 大麥 燒肉 珍珠 堡 組合餐 20230314iaza5,5
超級 大麥 燒肉 珍珠 堡 組合餐 20230403ms3jt,5
超級 大麥 燒肉 珍珠 堡 組合餐 20230423f7qnz,5
超級 大麥 燒肉 珍珠 堡 組合餐 20230423zfncv,5
超級 大麥 燒肉 珍珠 堡 組合餐 20230314d1jpd,5
超級 大麥 燒肉 珍珠 堡 組合餐 20230313y0nui,5
超級 大麥 燒肉 珍珠 堡 組合餐 20230313y9bkc,5
超級 大麥 燒肉 珍珠 堡 組合餐 20230321f7uzo,5
超級 大麥 燒肉 珍珠 堡 組合餐 20230329aidv0,5
超級 大麥 燒肉 珍珠 堡 組合餐 20230423f8pjy,5
超級 大麥 燒肉 珍珠 堡 組合餐 20230401f3vn8,5
超級 大麥 燒肉 珍珠 堡 組合餐 20230404y2bt4,5
超級 大麥 燒肉 珍珠 堡 組合餐 20230415extl8,5
超級 大麥 燒肉 珍珠 堡 組合餐 20230315y2tsv,5
超級 大麥 燒肉 珍珠 堡 組合餐 20230201y7mgk,5
超級 大麥 燒肉 珍珠 堡 組合餐 20230410y7mgi,5
超級 大麥 燒肉 珍珠 堡 組合餐 20230426y4rvs,5
超級 大麥 燒肉 珍珠 堡 組合餐 20230109y3zy7,5
超級 大麥 燒肉 珍珠 堡 組合餐 20230107f7djy,5
超級 大麥 燒肉 珍珠 堡 組合餐 20230127lm12v,5
超級 大麥 燒肉 珍珠 堡 組合餐 20230417gkacg,5
超級 大麥 燒肉 珍珠 堡 組合餐 20230401y6dxm,5
超級 大麥 燒肉 珍珠 堡 組合餐 20230102f6wak,5
超級 大麥 燒肉 珍珠 堡 組合餐 20230105y1yeb,5
超級 大麥 燒肉 珍珠 堡 組合餐 20230120un8ty,5
超級 大麥 燒肉 珍珠 堡 組合餐 20230107y4ydk,5
超級 大麥 燒肉 珍珠 堡 組合餐 20230311f1mf0,5
超級 大麥 燒肉 珍珠 堡 組合餐 20230124un8tt,5
超級 大麥 燒肉 珍珠 堡 組合餐 20230105lraqt,5
超級 大麥 燒肉 珍珠 堡 組合餐 20230112y9yfb,5
超級 大麥 燒肉 珍珠 堡 組合餐 20230126f9urr,5
超級 大麥 燒肉 珍珠 堡 組合餐 20230211m50af,5
超級 大麥 燒肉 珍珠 堡 組合餐 20230401y3quo,5
超級 大麥 燒肉 珍珠 堡 組合餐 20230415wwpfv,5
超級 大麥 燒肉 珍珠 堡 組合餐 20230417yjc2i,5
超級 大麥 燒肉 珍珠 堡 組合餐 20230412f5qj8,5
超級 大麥 燒肉 珍珠 堡 組合餐 20230415f3tmt,5
超級 大麥 燒肉 珍珠 堡 組合餐 20230312ez2bi,5
超級 大麥 燒肉 珍珠 堡 組合餐 20230312s7co3,5
超級 大麥 燒肉 珍珠 堡 組合餐 20230312mjker,5
超級 大麥 燒肉 珍珠 堡 組合餐 20230317x58po,5
超級 大麥 燒肉 珍珠 堡 組合餐 20230319fzanp,5
超級 大麥 燒肉 珍珠 堡 組合餐 20230309aidvf,5
超級 大麥 燒肉 珍珠 堡 組合餐 20230318y5kl2,5
超級 大麥 燒肉 珍珠 堡 組合餐 20230325y0eyr,5
超級 大麥 燒肉 珍珠 堡 組合餐 20230317m50au,5
超級 大麥 燒肉 珍珠 堡 組合餐 20230305f7uzd,5
超級 大麥 燒肉 珍珠 堡 組合餐 20230308y0dhh,5
超級 大麥 燒肉 珍珠 堡 組合餐 20230330yb6nm,5
超級 大麥 燒肉 珍珠 堡 組合餐 20230424f7clr,5
超級 大麥 燒肉 珍珠 堡 組合餐 20230423f3vn5,5
超級 大麥 燒肉 珍珠 堡 組合餐 20230312fzano,5
超級 大麥 燒肉 珍珠 堡 組合餐 20230405f6war,5
超級 大麥 燒肉 珍珠 堡 組合餐 20230305y3qub,5
超級 大麥 燒肉 珍珠 堡 組合餐 20230317f1tq6,5
超級 大麥 燒肉 珍珠 堡 組合餐 20230310y9bxa,5
超級 大麥 燒肉 珍珠 堡 組合餐 20230417y5klk,5
超級 大麥 燒肉 珍珠 堡 組合餐 20230415y9bks,5
超級 大麥 燒肉 珍珠 堡 組合餐 20230103f9yvf,5
超級 大麥 燒肉 珍珠 堡 組合餐 20230407f6wax,5
超級 大麥 燒肉 珍珠 堡 組合餐 20230310f85xu,5
超級 大麥 燒肉 珍珠 堡 組合餐 20230320y3ud7,5
超級 大麥 燒肉 珍珠 堡 組合餐 20230312f1tqd,5
超級 大麥 燒肉 珍珠 堡 組合餐 20230402f1tqa,5
超級 大麥 燒肉 珍珠 堡 組合餐 20230312i6ozy,5
超級 大麥 燒肉 珍珠 堡 組合餐 20230319ehqdn,5
超級 大麥 燒肉 珍珠 堡 組合餐 20230401ozudi,5
超級 大麥 燒肉 珍珠 堡 組合餐 20230414f85x0,5
超級 大麥 燒肉 珍珠 堡 組合餐 20230424y2btq,5
超級 大麥 燒肉 珍珠 堡 組合餐 20230416f1tqi,5
超級 大麥 燒肉 珍珠 堡 組合餐 20230404uit5i,5
超級 大麥 燒肉 珍珠 堡 組合餐 20230108y0dhn,5
超級 大麥 燒肉 珍珠 堡 組合餐 20230422y2jqz,5
超級 大麥 燒肉 珍珠 堡 組合餐 20230117f7djm,5
超級 大麥 燒肉 珍珠 堡 組合餐 20230313lraqo,5
超級 大麥 燒肉 珍珠 堡 組合餐 20230321lraq7,5
超級 大麥 燒肉 珍珠 堡 組合餐 20230317hzsvs,5
超級 大麥 燒肉 珍珠 堡 組合餐 20230201duf5c,5
超級 大麥 燒肉 珍珠 堡 組合餐 20230201tvhl8,5
超級 大麥 燒肉 珍珠 堡 組合餐 20230420f1mfj,5
超級 大麥 燒肉 珍珠 堡 組合餐 20230429f3vn9,5
超級 大麥 燒肉 珍珠 堡 組合餐 20230406y3bip,5
超級 大麥 燒肉 珍珠 堡 組合餐 20230326y9bk6,5
超級 大麥 燒肉 珍珠 堡 組合餐 20230316y1yem,5
超級 大麥 燒肉 珍珠 堡 組合餐 20230406a3jzj,5
超級 大麥 燒肉 珍珠 堡 組合餐 20230423f1tqu,5
超級 大麥 燒肉 珍珠 堡 組合餐 20230306tvhll,5
超級 大麥 燒肉 珍珠 堡 組合餐 20230316d0if2,5
超級 大麥 燒肉 珍珠 堡 組合餐 20230311mjke5,5
超級 大麥 燒肉 珍珠 堡 組合餐 20230409y3rq4,5
超級 大麥 燒肉 珍珠 堡 組合餐 20230427f8cj4,5
超級 大麥 燒肉 珍珠 堡 組合餐 20230122f5qj9,5
超級 大麥 燒肉 珍珠 堡 組合餐 20230115vw8xo,5
超級 大麥 燒肉 珍珠 堡 組合餐 20230110y2jqv,5
超級 大麥 燒肉 珍珠 堡 組合餐 20230102y8ku3,5
超級 大麥 燒肉 珍珠 堡 組合餐 20230114mr1fc,5
超級 大麥 燒肉 珍珠 堡 組合餐 20230119y5xqo,5
超級 大麥 燒肉 珍珠 堡 組合餐 20230114f3tmw,5
超級 大麥 燒肉 珍珠 堡 組合餐 20230129k9ayc,5
超級 大麥 燒肉 珍珠 堡 組合餐 20230125f1tq5,5
超級 大麥 燒肉 珍珠 堡 組合餐 20230112vhsq0,5
超級 大麥 燒肉 珍珠 堡 組合餐 20230107d0ife,5
超級 大麥 燒肉 珍珠 堡 組合餐 20230103mjwja,5
超級 大麥 燒肉 珍珠 堡 組合餐 20230119y7bf4,5
超級 大麥 燒肉 珍珠 堡 組合餐 20230122x58p1,5
超級 大麥 燒肉 珍珠 堡 組合餐 20230108ehqd3,5
超級 大麥 燒肉 珍珠 堡 組合餐 20230103vhsq9,5
超級 大麥 燒肉 珍珠 堡 組合餐 20230316lm120,5
超級 大麥 燒肉 珍珠 堡 組合餐 20230316ccefx,5
超級 大麥 燒肉 珍珠 堡 組合餐 20230318mjkel,5
超級 大麥 燒肉 珍珠 堡 組合餐 20230117qnegw,5
超級 大麥 燒肉 珍珠 堡 組合餐 20230101zfnc4,5
超級 大麥 燒肉 珍珠 堡 組合餐 20230321z4mpx,5
超級 大麥 燒肉 珍珠 堡 組合餐 20230311beyei,5
超級 大麥 燒肉 珍珠 堡 組合餐 20230117a6urg,5
超級 大麥 燒肉 珍珠 堡 組合餐 20230319f9yvp,5
超級 大麥 燒肉 珍珠 堡 組合餐 20230108a6ur8,5
超級 大麥 燒肉 珍珠 堡 組合餐 20230309pnflv,5
超級 大麥 燒肉 珍珠 堡 組合餐 20230315t72gq,5
超級 大麥 燒肉 珍珠 堡 組合餐 20230311y3rqn,5
超級 大麥 燒肉 珍珠 堡 組合餐 20230128f7xuf,5
超級 大麥 燒肉 珍珠 堡 組合餐 20230317oyrq5,5
超級 大麥 燒肉 珍珠 堡 組合餐 20230104y4lt4,5
超級 大麥 燒肉 珍珠 堡 組合餐 20230318wibz0,5
超級 大麥 燒肉 珍珠 堡 組合餐 20230323z2rdh,5
超級 大麥 燒肉 珍珠 堡 組合餐 20230308wekg0,5
超級 大麥 燒肉 珍珠 堡 組合餐 20230118vw8xa,5
超級 大麥 燒肉 珍珠 堡 組合餐 20230118z4t2w,5
超級 大麥 燒肉 珍珠 堡 組合餐 20230314y1omk,5
超級 大麥 燒肉 珍珠 堡 組合餐 20230320y3bix,5
超級 大麥 燒肉 珍珠 堡 組合餐 20230308y0mer,5
超級 大麥 燒肉 珍珠 堡 組合餐 20230324y1omi,5
超級 大麥 燒肉 珍珠 堡 組合餐 20230328y9yfs,5
超級 大麥 燒肉 珍珠 堡 組合餐 20230417f1mfp,5
超級 大麥 燒肉 珍珠 堡 組合餐 20230120y4cqp,5
超級 大麥 燒肉 珍珠 堡 組合餐 20230126zfnc8,5
超級 大麥 燒肉 珍珠 堡 組合餐 20230116aidvi,5
超級 大麥 燒肉 珍珠 堡 組合餐 20230124bf8yf,5
超級 大麥 燒肉 珍珠 堡 組合餐 20230112f1mfc,5
超級 大麥 燒肉 珍珠 堡 組合餐 20230108gu0hx,5
超級 大麥 燒肉 珍珠 堡 組合餐 20230123f7ym2,5
超級 大麥 燒肉 珍珠 堡 組合餐 20230101f3vnq,5
超級 大麥 燒肉 珍珠 堡 組合餐 20230310y7bfw,5
超級 大麥 燒肉 珍珠 堡 組合餐 20230320f85xu,5
超級 大麥 燒肉 珍珠 堡 組合餐 20230411ufr7b,5
超級 大麥 燒肉 珍珠 堡 組合餐 20230301y7bft,5
超級 大麥 燒肉 珍珠 堡 組合餐 20230111f7xun,5
超級 大麥 燒肉 珍珠 堡 組合餐 20230129gofn4,5
超級 大麥 燒肉 珍珠 堡 組合餐 20230124y1no1,5
超級 大麥 燒肉 珍珠 堡 組合餐 20230102y2pji,5
超級 大麥 燒肉 珍珠 堡 組合餐 20230420f1mfx,5
超級 大麥 燒肉 珍珠 堡 組合餐 20230118wekg9,5
超級 大麥 燒肉 珍珠 堡 組合餐 20230320y0wqw,5
超級 大麥 燒肉 珍珠 堡 組合餐 20230313krrh7,5
超級 大麥 燒肉 珍珠 堡 組合餐 20230316y0eyk,5
超級 大麥 燒肉 珍珠 堡 組合餐 20230123mjked,5
超級 大麥 燒肉 珍珠 堡 組合餐 20230106a3jzi,5
超級 大麥 燒肉 珍珠 堡 組合餐 20230102f5mqz,5
超級 大麥 燒肉 珍珠 堡 組合餐 20230109vw8x4,5
超級 大麥 燒肉 珍珠 堡 組合餐 20230101f5qjz,5
超級 大麥 燒肉 珍珠 堡 組合餐 20230124y7oyn,5
超級 大麥 燒肉 珍珠 堡 組合餐 20230319eqxq8,5
超級 大麥 燒肉 珍珠 堡 組合餐 20230128a4imb,5
超級 大麥 燒肉 珍珠 堡 組合餐 20230111f3tm1,5
超級 大麥 燒肉 珍珠 堡 組合餐 20230119y4rv7,5
超級 大麥 燒肉 珍珠 堡 組合餐 20230120d0tyv,5
超級 大麥 燒肉 珍珠 堡 組合餐 20230120p07rr,5
超級 大麥 燒肉 珍珠 堡 組合餐 20230308d7soi,5
超級 大麥 燒肉 珍珠 堡 組合餐 20230312vhsqs,5
超級 大麥 燒肉 珍珠 堡 組合餐 20230318lraqn,5
超級 大麥 燒肉 珍珠 堡 組合餐 20230318z2rdm,5
超級 大麥 燒肉 珍珠 堡 組合餐 20230119gofno,5
超級 大麥 燒肉 珍珠 堡 組合餐 20230101d7soq,5
超級 大麥 燒肉 珍珠 堡 組合餐 20230127a4im1,5
超級 大麥 燒肉 珍珠 堡 組合餐 20230101a7ehi,5
超級 大麥 燒肉 珍珠 堡 組合餐 20230109f8ii2,5
超級 大麥 燒肉 珍珠 堡 組合餐 20230104f6waq,5
超級 大麥 燒肉 珍珠 堡 組合餐 20230106y4cqn,5
超級 大麥 燒肉 珍珠 堡 組合餐 20230106y9bko,5
超級 大麥 燒肉 珍珠 堡 組合餐 20230122y9bxt,5
超級 大麥 燒肉 珍珠 堡 組合餐 20230119y2bp3,5
超級 大麥 燒肉 珍珠 堡 組合餐 20230108f3vn3,5
超級 大麥 燒肉 珍珠 堡 組合餐 20230315fzanv,5
超級 大麥 燒肉 珍珠 堡 組合餐 20230123f1sjj,5
超級 大麥 燒肉 珍珠 堡 組合餐 20230311hzsvh,5
超級 大麥 燒肉 珍珠 堡 組合餐 20230111y1yef,5
超級 大麥 燒肉 珍珠 堡 組合餐 20230127f1tqj,5
超級 大麥 燒肉 珍珠 堡 組合餐 20230123y9bem,5
超級 大麥 燒肉 珍珠 堡 組合餐 20230326y1eev,5
超級 大麥 燒肉 珍珠 堡 組合餐 20230418y7bfl,5
超級 大麥 燒肉 珍珠 堡 組合餐 20230101mr1fb,5
超級 大麥 燒肉 珍珠 堡 組合餐 20230110f3jyv,5
超級 大麥 燒肉 珍珠 堡 組合餐 20230314y0eyw,5
超級 大麥 燒肉 珍珠 堡 組合餐 20230322y7iq7,5
超級 大麥 燒肉 珍珠 堡 組合餐 20230315a9yxn,5
超級 大麥 燒肉 珍珠 堡 組合餐 20230319f7dj1,5
超級 大麥 燒肉 珍珠 堡 組合餐 20230322f6wav,5
超級 大麥 燒肉 珍珠 堡 組合餐 20230105kguwb,5
超級 大麥 燒肉 珍珠 堡 組合餐 20230318wekgd,5
超級 大麥 燒肉 珍珠 堡 組合餐 20230318v8ngm,5
超級 大麥 燒肉 珍珠 堡 組合餐 20230306y7kub,5
超級 大麥 燒肉 珍珠 堡 組合餐 20230317krrhx,5
超級 大麥 燒肉 珍珠 堡 組合餐 20230310y3zy4,5
超級 大麥 燒肉 珍珠 堡 組合餐 20230404f5qj5,5
超級 大麥 燒肉 珍珠 堡 組合餐 20230320y2jq7,5
超級 大麥 燒肉 珍珠 堡 組合餐 20230330pnfl4,5
超級 大麥 燒肉 珍珠 堡 組合餐 20230311ufr7v,5
超級 大麥 燒肉 珍珠 堡 組合餐 20230426lba2d,5
超級 大麥 燒肉 珍珠 堡 組合餐 20230403wwpf4,5
超級 大麥 燒肉 珍珠 堡 組合餐 20230306ehqdm,5
超級 大麥 燒肉 珍珠 堡 組合餐 20230102crwvw,5
超級 大麥 燒肉 珍珠 堡 組合餐 20230123lwubq,5
超級 大麥 燒肉 珍珠 堡 組合餐 20230123y4lte,5
超級 大麥 燒肉 珍珠 堡 組合餐 20230110beyes,5
超級 大麥 燒肉 珍珠 堡 組合餐 20230119y9bxm,5
超級 大麥 燒肉 珍珠 堡 組合餐 20230108y1xni,5
超級 大麥 燒肉 珍珠 堡 組合餐 20230102f6ia2,5
超級 大麥 燒肉 珍珠 堡 組合餐 20230127a6urf,5
超級 大麥 燒肉 珍珠 堡 組合餐 20230101f0cm0,5
超級 大麥 燒肉 珍珠 堡 組合餐 20230109y0dht,5
超級 大麥 燒肉 珍珠 堡 組合餐 20230325tvhli,5
超級 大麥 燒肉 珍珠 堡 組合餐 20230120v8ngh,5
超級 大麥 燒肉 珍珠 堡 組合餐 20230105d0ifx,5
超級 大麥 燒肉 珍珠 堡 組合餐 20230116y1yep,5
超級 大麥 燒肉 珍珠 堡 組合餐 20230119f9urg,5
超級 大麥 燒肉 珍珠 堡 組合餐 20230101y2jqw,5
超級 大麥 燒肉 珍珠 堡 組合餐 20230313y2jqj,5
超級 大麥 燒肉 珍珠 堡 組合餐 20230123f1tqs,5
超級 大麥 燒肉 珍珠 堡 組合餐 20230120gu0h9,5
超級 大麥 燒肉 珍珠 堡 組合餐 20230119z4t2j,5
超級 大麥 燒肉 珍珠 堡 組合餐 20230123y1nop,5
超級 大麥 燒肉 珍珠 堡 組合餐 20230310y5wms,5
超級 大麥 燒肉 珍珠 堡 組合餐 20230323extll,5
超級 大麥 燒肉 珍珠 堡 組合餐 20230330f0xha,5
超級 大麥 燒肉 珍珠 堡 組合餐 20230319mr1fm,5
超級 大麥 燒肉 珍珠 堡 組合餐 20230331a3jzq,5
超級 大麥 燒肉 珍珠 堡 組合餐 20230314gofnv,5
超級 大麥 燒肉 珍珠 堡 組合餐 20230320y0nui,5
超級 大麥 燒肉 珍珠 堡 組合餐 20230313lm12r,5
超級 大麥 燒肉 珍珠 堡 組合餐 20230129slhnt,5
超級 大麥 燒肉 珍珠 堡 組合餐 20230329d1jpt,5
超級 大麥 燒肉 珍珠 堡 組合餐 20230330wua5c,5
超級 大麥 燒肉 珍珠 堡 組合餐 20230328wwpfo,5
超級 大麥 燒肉 珍珠 堡 組合餐 20230312f7dj1,5
超級 大麥 燒肉 珍珠 堡 組合餐 20230116r3tgi,5
