item_name,item
起司 玉子燒,150
金家 春川 起司 辣 炒 雞 包,5940
玉米 起司,75
Wooyang 冷凍馬鈴薯 起司 魚香腸 熱狗 4 入,5
起司 火腿 玉 子串,415
桂冠 起司 洋芋 燒 120g 包,2580
薄餅 辣肉 醬德腸 起司,5
CJ 起司 魚糕 熱狗,635
大舊 金山 臘腸 起司,17930
桂冠 起司 海鮮飯 410g,3355
桂冠 起司 洋芋 燒 150920,20
WASUKA 特級 起司 威化 捲 600g,15
桂冠 德式 起司 香腸 120g 包 120g 包,4255
捲 餅辣肉 醬德腸 起司,50
單松露 起司 玉子 捲,20
桂冠 德式 起司 香腸 冷凍 679081,25
米堡 豬肉 起司,9680
萊 D 鮮綠 生活 起司 蝦 捲,20
德式 香腸 起司 串,5
起司 玉 子串,400
海鮮 起司 丸,4060
扇屋 起司 鱈 魚條,540
舞味本 舖 起司 鱈 魚條 扇 屋 鱈魚 起司 DHA 鱈魚 起司 扇 屋 鱈,410
米特 米餅 焗 烤 起司 口味 1206,10
起司 鱈魚,40
丸玉 辣味 起司 魷魚 棒 2 入,1700
西北 碳 烤 麻吉燒 起司,445
桂冠 起司 海鮮飯,2460
一榮 烤 墨魚 起司,10
起司 饅頭 6 入,455
起司 菜,75
起司 蔥 抓餅 x3,10
家福 磚塊 起司,40
BISKITOP 蔬菜 起司 棒 BISKITOP 金黃,30
台糖 肉 酥 起司 捲 150g 家樂福,10
Olbaan 起司 魚丸,345
起司 鯛 魚燒,45
小薄臘腸 起司,715
CJbibigo 冷凍 韓式 起司 魚糕 脆皮 熱狗 2 包組,5
玉米 起司 吐司 85,15
舞味本 舖 起司 魚板條 50 入 北海道 起司 魚板 直接 食用 當 零食,580
最新 到貨 日本 函館 北海道 起司 魚板 起司 魚板 起司 魚板條,5
光泉 北海道 原味 起司 棒 220g22 入,155
米 香 捲 雞 蛋 起司,10
廚德式 香腸 起司 派 221125,670
起司 魚板 棒 辣味,235
起司 捲 雙人餐 20221211a6lz5y5l,5
桂冠 起司 海鮮飯 400g,10
起司 捲 雙人餐 20221209z2nyel4v,5
9789570861457 荷蘭 阿克 馬 起司 市場,5
南門 魚丸店 起司 明太,140
起司 瑞典 小 肉丸 麵 包,590
起司 捲 雙人餐 20221223z4qk5j6t,5
芝心 起司 丸,110
黑牛 起司 豬排,140
明太子 起司,60
起司 捲 雙人餐 20221209z7mdknx1,5
起司 捲 雙人餐 20221207b8bt6x9l,5
桂冠 起司 洋芋 燒 120g 盒,5
KKLife 起司 肉 捲 任選,50
起司 鯛 魚燒 3 隻,20
起司 捲 雙人餐 20221202b7phv9sx,5
起司 捲 雙人餐 20221207ihq2354g,5
起司 捲 雙人餐 20221229z4lb71hz,5
派 對 薑 燒鱈魚 雙人餐,805
薑 燒鱈魚 雙人餐,2605
起司 捲 雙人餐 20221209z2vyq52c,5
起司 捲 雙人餐 20221211a5mxbxqy,5
奇多 Cheetos 隨口脆 單包 販售區 起司 雞汁 海苔 玉,160
起司 捲 雙人餐 20221210y7ijiutk,5
起司 捲 雙人餐 20221210l65094lu,5
舞味本 舖 魚板 丸玉章 魚魚 板 干貝魚 板 辣味 起司 魷魚 板 日,50
桂冠 起司 洋芋 燒冷凍 150920,25
起司 捲 雙人餐 20221213z0zzgvvj,5
MrHottest 玉米 脆條 起司 風味 60g,520
團購 TOMMI 起司 鮭,65
魚肉 香腸 起司,310
起司 辣味 魚 肉棒,9510
起司 捲 雙人餐 20221221k6kl7ywb,5
起司 干貝,25
PetVillage 魔法 村超 美味 小 饅頭 草莓 起司 菠菜,10
起司 熱狗 魚肉 香腸,380
岩 塚 起司 米果 明太子 風味,140
起司 捲 雙人餐 20221209uncmpice,5
起司 捲 雙人餐 20221215a1lnbrsq,5
南瓜 起司 餅量,20
起司 捲 雙人餐 20221220y7pf7aup,5
起司 丸 專櫃景,60
起司 蛋黃芋 丸,10
日本 函館 起司 魚板條 北海道 起司 魚板 起士 魚板 條起司 魚肉腸,5
辣 炒 起司 年糕,5
起司 捲 雙人餐 20221207z2tn8kmo,5
魚板 丸玉章 魚魚 板 干貝魚 板 辣味 起司 魷魚 板 日本 原裝,170
起司 捲 雙人餐 20221211z2xgn110,5
中 寮 農會 手工 脆皮 起司 爆米花 100g 包,10
VONO 濃湯 大 集合 4 入 玉米 起司 馬 鈴薯 南瓜,125
起司 捲 雙人餐 20221209zimgfzly,5
起司 捲 雙人餐 20221226y7ijyksl,5
起司 捲 雙人餐 20230118y4mlfqfj,5
煙 燻 起司 魷魚,260
起司 捲 雙人餐 20221211z9vcf8c8,5
HeroMama 倆 小丁雙 拼凍 乾 鮭 魚丁 X 起司 丁,20
起司 捲 雙人餐 20221204uncmdj58,5
名取 起司 魚板條 232g,225
Wooyang 起司 熱狗 魚肉 香腸 80g,155
起司 捲 雙人餐 20221217k6klw0s7,5
起司 捲 雙人餐 20221228b8jvwrd9,5
丸玉 辣味 起司 魷魚 棒,40
手工 蠟腸 起司 三重,5
起司 捲 雙人餐 20221211i30cp5dx,5
干貝 起司,90
小舊 金山 臘腸 起司,485
團黃金 起司 地瓜 球,360
起司 魚板 棒,195
起司 魚香腸 熱狗,585
米特 米餅 焗 烤 起司 口味 1216,5
KKLife 起司 肉 捲 十條 組和風 牛 美式 雞 泡菜 牛胡,70
起司 捲 雙人餐 20221228y7eer74g,5
起司 捲 雙人餐 20230212uffdj8f6,5
起司 捲 雙人餐 20221209z0vtd8tg,5
9Maeil 玉米花 25g 三重 起司 味,95
起司 捲 雙人餐 20230113y4gx8izk,5
滬尾 南瓜 起司 紅藜 麥餅 300g 包,30
納 多利 起司 魚板 棒 232g,35
起司 捲 雙人餐 20230217z4qkf562,5
起司 辣 豬豬 嫩豆腐 鍋,5
起司 捲 雙人餐 20230113z7pr3a53,5
起司 捲 雙人餐 20230218z4lb319y,5
起司 捲 雙人餐 20230115y1zmzmad,5
起司 捲 雙人餐 20230118uncmcudq,5
起司 捲 雙人餐 20230217z4lb9389,5
魔法 村 PetVillagePV 超 美味 小 饅頭 起司 牛奶 草,5
日式 起司 棒 927306,15
起司 捲 雙人餐 20230107z4tj5qt2,5
INABA 汪啾 嚕 雞肉 起司 14g4 入,40
起司 捲 雙人餐 20230227l65057r5,5
起司 捲 雙人餐 20230115y0gsaa2v,5
米特 米餅 焗 烤 起司 口味 1204,5
桂格 濃湯 燕麥洋 蔥 起司 風味 47G5 包,460
山榮 起司 鰹魚,85
起司 捲 雙人餐 20230219ihq2yy2m,5
起司 捲 雙人餐 20230210b8btvmm3,5
起司 捲 雙人餐 20221208z7md4m8d,5
起司 捲 雙人餐 20230214b8jvzfv6,5
起司 捲 雙人餐 20230201z1em0jpk,5
起司 捲 雙人餐 20230211z1tx33fb,5
起司 捲 雙人餐 20230111b8jvtj5l,5
高雄空 廚員 起司 豬排 蛋包 飯,1420
起司 捲 雙人餐 20230225a8udpr9i,5
起司 捲 雙人餐 20221222g5sdi3ug,5
起司 捲 雙人餐 20230225y1zmi6kb,5
起司 捲 雙人餐 20230208y1lcu7ej,5
光泉 北海道 起司 棒 220g,15
爆漿 起司 燻 腸 捲 餅,105
起司 捲 雙人餐 20230214b7phjdpn,5
起司 捲 雙人餐 20230224z2tnexup,5
起司 捲 雙人餐 20230222y7ne1v4q,5
預 D 起司 地瓜 燒,5
起司 捲 雙人餐 20230226y7eeqxs1,5
起司 捲 雙人餐 20230212bf8t9biz,5
起司 捲 雙人餐 20230225y2hc0ynw,5
起司 捲 雙人餐 20230202z3peivfj,5
起司 捲 雙人餐 20230223a1lnr7os,5
起司 捲 雙人餐 20230215z0zz5dva,5
起司 捲 雙人餐 TwisterBuddyCombo,195
日本 NATOPI 北海道 函館 起司 魚板 8 入,5
紅龍 起司 雞肉 捲 8 入喬 大海 鮮屋,10
起司 捲 雙人餐 20221215z4crq4yb,5
起司 捲 雙人餐 20230225z2tn1gjp,5
起司 捲 雙人餐 20230208b4nola4n,5
起司 菠菜 焗 烤 蝦,70
請給 我 起司 粉辣,5
起司 捲 雙人餐 20230208z6xot52d,5
丸大俠 爆漿 起司 牛肉丸 300g 包,40
起司 捲 雙人餐 20230220a0dj64y8,5
起司 捲 雙人餐 20230403z7prhh26,5
起司 捲 雙人餐 20230305b3ixwkbu,5
起司 捲 雙人餐 20230429z7pr3kee,5
起司 捲 雙人餐 20230415y6enpay4,5
起司 捲 雙人餐 20230219z0zzh5qf,5
起司 捲 雙人餐 20230423g5sdpcm2,5
起司 捲 雙人餐 20230208y7pfia5p,5
起司 捲 雙人餐 20230206y7pfw04e,5
BOWWOW 起司 香腸 14 入 包狗 零食,5
桂冠 起司 洋芋 燒 120g,5
起司 饅頭 5 入,5
起司 肉 醬薯 瓣,1830
起司 肉 醬薯 瓣 2 份 g,1620
起司 捲 雙人餐 20230319z4vcezlt,5
團 威海 Q 年糕 起司 魚蛋,25
起司 捲 雙人餐 20230415alibtwkj,5
Kirara 魚子 醬海膽 風味 起司 米果 卷 42 公克,35
南瓜 起司 紅藜 麥餅 150g,10
馬 來 西亞 Oriental 東方起 司球 起司 圈 30 克,15
起司 捲 雙人餐 20230429z7xgttsx,5
美味 狗罐 90g 鮮雞肉 起司,5
起司 捲 雙人餐 20230107z7tm2yi8,5
起司 捲 雙人餐 20230412y2hc67wf,5
M 阿中 丸子 起司 牛肉丸 200g8 入包,5
桂冠 起司 洋芋,10
起司 捲 雙人餐 20230328z1emsw2a,5
起司 捲 雙人餐 20230311sigyl4m6,5
起司 捲 雙人餐 20230318z9vrlx7r,5
函館 起司 魚板條 辛辣味 232g,5
起司 捲 雙人餐 20230331z8ub1htl,5
起司 捲 雙人餐 20230310a8tvx2wa,5
起司 捲 雙人餐 20230118uncm6u50,5
起司 捲 雙人餐 20230301z7vt4yl6,5
起司 捲 雙人餐 20230114z0zz0qq8,5
起司 捲 雙人餐 20230109g5sddbou,5
起司 捲 雙人餐 20230108a6lzto15,5
起司 捲 雙人餐 20230330z7tma528,5
起司 捲 雙人餐 20230305a0dj90xq,5
起司 捲 雙人餐 20230109zimg393e,5
亨源生 機黃金 玉米 起司 包,5
起司 捲 雙人餐 20230109a8tvsran,5
起司 玉子燒 145 元,10
起司 捲 雙人餐 20230110z4tjtlpu,5
起司 捲 雙人餐 20230116y1zmdpda,5
您好 3 個臘腸 起司,5
起司 捲 雙人餐 20230314z2tne017,5
原味 起司 燻 雞 捲 多 菜,5
洋卡龍 起司 薄餅 德式 辣味 香腸,5
