clusterName_0,clusterNum_0,clusterName_1,clusterNum_1,clusterName_2,clusterNum_2,clusterName_3,clusterNum_3,clusterName_4,clusterNum_4,clusterName_5,clusterNum_5,clusterName_6,clusterNum_6,clusterName_7,clusterNum_7,clusterName_8,clusterNum_8,clusterName_9,clusterNum_9
超級,4425,桂冠,614245,和,27910,苦瓜,6335,貢丸湯,15205,起司,82020,包,1235,肉桂,392855,胡椒,2425,香菇,176555
大麥,4425,捲,433310,風章,27910,封,5645,餛飩,1285,金山,18415,胡椒粉,1185,捲,392820,包,1395,鮮,102895
燒肉,4425,黃,424420,魚燒,27910,排骨,685,紫菜,205,臘腸,18415,5,225,入,91755,鹽,720,桂冠,30300
珍珠,4425,豆皮,282740,個,15635,原盅,680,蘿,180,包,18165,3,210,旋風,79620,淡水,600,燕餃,22365
堡,4425,金魚,264295,人芝心,15635,湯,680,蔔,180,大舊,17930,2,200,5,54420,林家,600,貢丸,21635
組合餐,4425,翅,242715,比薩獨,12255,炒,5,黃,150,桂冠,12750,10,185,2,37335,包子,600,嘉楠,12730
20221208y2waf,5,豆腐,229790,享餐,12255,鹹,5,瓜,150,辣味,11710,4,105,經典,20880,馬,600,丸,8585
20221215ez2b3,5,勁辣,214935,JapaneseTakoyakiP,4915,蛋,5,鵝肉,40,120g,11100,8,90,加旋風,12145,告,600,600g5,8010
