item_name,item
鮮綠 生活 紐西蘭菲力 牛 150G,5
鮮綠 生活 飛魚 卵 雞肉 小香腸 250g 包共 3 包凍,30
鮮綠 生活 野生 海蘆 蝦仁 200g,40
鮮綠 生活 魷魚 一夜 干買 一送 一,15
鮮綠 生活 美式 賣場 帶 尾 特大 無毒 割 背 蝦仁 3140800g,445
鮮綠 生活 干貝生 蠔 奢侈 五星 級 海陸組 12 件 組約 8 人份,45
低溫 快 配鮮 綠 生活 午仔魚 一夜 干 230g10 片共,15
鮮綠 生活 野放 活凍 大白 蝦 600g 一盒 約 2430 尾,20
鮮綠 生活 野生 小白 鯧魚 4 隻 入,35
鮮綠 生活 水 鯊 腹肉 300G,30
鮮綠 生活 大扇 貝約 910 顆買 1 送 1,65
鮮綠 生活 小資首 選高 cp 值 烤肉 免運 組加碼 贈 好禮,20
鮮綠 生活 無 漂白 南方澳 生凍 吻 仔魚 200g10 包共,80
鮮綠 生活 爆卵 熟凍 大 紅 蟳 240g10 隻 2 隻 包,115
低溫 快 配鮮 綠 生活 嚴選鮮切 大 比目 魚 切片 250g10,5
鮮綠 生活 季節 限定 台灣 鯖魚 200g10 片共 8 片,20
鮮綠 生活 薄鹽 鮭魚 下巴 500g,5
鮮綠 生活 熟凍 海瓜子 清肉,35
鮮綠 生活 無毒 特大 生凍 白蝦 后 600g10 盒約 16,50
野 生活 凍軟絲,5
鮮綠 生活 嚴選炙燒 台灣 一口 吃 烏魚子 禮盒裝 75g 盒共約,135
鮮綠 生活 船凍 基隆 當季 野生 現撈 小卷 300g10 盒,120
鮮綠 生活 頂級 和 牛雙 饗 宴組 日本 A5 和 牛 澳洲 巧克力 和 牛,25
鮮綠 生活 當季 船 釣鮮 甜 七度 卷透 抽 300g10 包約,80
鮮綠 生活 在 地鮮 蚵 捲 300g5 盒 10 條盒 共,65
鮮綠 生活 北海道 花魚 一夜 干,75
低溫 快 配鮮 綠 生活 嚴選白 帶魚 中段 300g10 包,25
低溫 快 配鮮 綠 生活 嚴選 霸王 大草 蝦 250g10 盒,15
鮮綠 生活 熱賣 商品 海金 鑽 府城 蝦 捲 300g10 條入,135
鮮綠 生活 神奇 粹 魯 100g,100
鮮綠 生活 嚴選白 帶魚 中段 300g10 包共 6 包,10
鮮綠 生活 人氣 爆表 牛肉 烤肉 組 7 件 組約 5 人份 凍,10
鮮綠 生活 日本 北海道 干貝 感恩 回饋價,55
鮮綠 生活 金 鑽 蝦 枝花丸 獨售 丸 類界 LV,135
加購 野 生活 凍鮮 嫩 龍 蝦 5 尾入 500g,20
鮮綠 生活 野生 船凍 七度 卷 野生 稀有 規格 6 號,55
低溫 快 配鮮 綠 生活 船凍 基隆 當季 野生 現撈 小卷 300g1,70
低溫 快 配鮮 綠 生活 嚴選鮮 凍草 蝦 250g10 盒 1,20
低溫 快 配鮮 綠 生活 北海道 花魚 一夜 干 250300g1,20
低溫 快 配鮮 綠 生活 無 漂白 南方澳 生凍 吻 仔魚 200g10,55
鮮綠 生活 野生 小白 鯧魚 2 隻 入,55
鮮綠 生活 當季 野生 挪威 薄鹽 鯖魚 S 毛重 135170g 片,90
鮮綠 生活 北海道 頂級 4S 生干貝禮 盒裝 200g10 盒,150
低溫 快 配鮮 綠 生活 美式 賣場 帶 尾 特大 無毒 割 背 蝦仁 3140,205
鮮綠 生活 甘鯛 馬 頭魚 買 一送 一,30
鮮綠 生活 甘鯛 馬 頭魚 250g10 隻 共 5 包,10
鮮綠 生活 美式 賣場 爆卵母 香魚,55
鮮綠 生活 台灣 白帶 魚切 塊 300g,25
低溫 快 配鮮 綠 生活 北海道 頂級 4S 生干貝禮 盒裝 200g,85
鮮綠 生活 美式 賣場 嚴選 爆卵母 香魚 800g10 包 8,30
鮮綠 生活 黃魚 一夜 干,45
鮮綠 生活 挪威 薄鹽 鯖魚 185g 無紙板 規格 16p,35
急鮮 配鮮 綠 生活 無 漂白 南方澳 生凍 吻 仔魚 200g10,80
鮮綠 生活 雙 11 限定 北海道 花魚 一夜 干大 250g300,15
鮮綠 生活 極鮮 去 刺 虱目 魚里 肌魚 柳條 300g10 包,200
鮮綠 生活 PRIME 等級 美國 背 肩燒 烤肉 片 250g,20
鮮綠 生活 熟凍 爆卵母 紅 蟳 15010 隻 2 隻 包,90
悅 生活 鮮 市集 黃 金公香魚 1000g5 盒 4 盒 組急,5
鮮綠 生活 P 級 鮭 魚骨 1kg10 包共 8 包,5
鮮綠 生活 台灣 金目 鱸 魚片 200300g 片共 8 片,100
鮮綠 生活 智利 鮭 魚頭 剖半,15
鮮綠 生活 台灣 金目 鱸 魚片,90
鮮綠 生活 挪威 鯖魚 一夜 干 275g,5
鮮綠 生活 挪威 鮮凍 爆卵 柳葉魚 200g10 包約 9 尾,25
鮮綠 生活 特大 泰國 公蝦 600g,10
低溫 快 配鮮 綠 生活 當季 野生 挪威 薄鹽 鯖魚 S 毛重 1351,75
鮮綠 生活 美國 骰子 牛 200g10 包共 5 包,40
鮮綠 生活 台灣 野生 船凍 小卷 規格 3 排,20
鮮綠 生活 挪威 鯖魚 一夜 干 275g10 片共 10 片,10
低溫 快 配鮮 綠 生活 美式 賣場 天然 無毒白 蝦仁 100200,30
鮮綠 生活 美式 賣場 天然 無毒白 蝦仁 100200800g,20
鮮綠 生活 日本 北海道 干貝 精裝盒 全家 超取 免運組 蝦 皮,5
鮮綠 生活 台灣豬 里肌肉 片 200g,125
鮮綠 生活 嚴選 霸王 大草 蝦 250g10 盒 5 尾盒,85
鮮綠 生活 日本 全殼生 蠔 5 顆每顆 約 10 公分,35
直野 生活 凍軟絲,5
低溫 快 配鮮 綠 生活 北海道 花魚 一夜 干大 250g300g,35
急鮮 配鮮 綠 生活 船凍 基隆 當季 野生 現撈 小卷 300g10,85
鮮綠 生活 台灣 金目 鱸 魚片 200300g 片共 12 片,330
鮮綠 生活 霸王 級 挪威 巨大 薄鹽 鯖魚 185g10 包無,175
鮮綠 生活 美國 Prime 級 骰子 牛,15
鮮綠 生活 熟凍 紅 蟳 2 隻 入 人工 挑選 每 隻 擁有 飽 滿蟹 膏,15
鮮綠 生活 丸 類界 的 LV 金 鑽 蝦 枝花 丸 300g10,90
鮮綠 生活 爆卵 熟凍 大 紅 蟳 240g 隻 買 1 送 1 共 2,45
鮮綠 生活 無毒 特大 生凍 白蝦 后 600g10 盒約 1,790
鮮綠 生活 宮廷 月 圓蝦餅 150g10 片 3 片 包共,50
低溫 快 配鮮 綠 生活 無毒 野放 活凍 超大 白蝦 600g10,155
鮮綠 生活 午仔魚 一夜 干 230g10 片共 6 片,10
急鮮 配鮮 綠 生活 當季 野生 挪威 薄鹽 鯖魚 S 毛重 13517,105
鮮綠 生活 獨家 研發 風味 飛魚 卵 花枝 餅 3 片包,10
鮮綠 生活 爆卵 熟凍 大 紅 蟳 215g10 隻 2 隻 包,60
鮮綠 生活 黃魚 一夜 干 210g10 片共 7 包,85
鮮綠 生活 鮮美蟹 腳肉 中 管肉,65
鮮綠 生活 西班牙 松阪豬 300g10 包共 3 包,10
鮮綠 生活 虱目 魚 里肌肉,80
低溫 快 配鮮 綠 生活 當季 船 釣鮮 甜 七度 卷透 抽 300g10,50
低溫 快 配鮮 綠 生活 無毒 特大 生凍 白蝦 后 600g10,330
鮮綠 生活 季節 限定 台灣 鯖魚 200g10 片共 12 包,40
鮮綠 生活 嚴選鮮切 大 比目 魚 切片 250g10 片共 8,5
鮮綠 生活 智利 剖半 鮭 魚頭 550g10 包共 3 包,20
鮮綠 生活 黑虎大草 蝦 5 尾裝,10
急鮮 配鮮 綠 生活 美式 賣場 帶 尾 特大 無毒 割 背 蝦仁 3140,415
鮮綠 生活 金鑽炸 魷魚 圈,45
鮮綠 生活 海金 鑽 府城 蝦 捲 300g10 盒 10 條盒,65
鮮綠 生活 去 刺 鮮美 虱目 魚皮 300g10 包共 8 包,85
鮮綠 生活 宜蘭 公香魚 12 尾盒 920g5 共 2 盒,5
鮮綠 生活 美式 賣場 帶 尾 特大 無毒 割 背 蝦仁 3140 再 送 大 蝦,10
鮮綠 生活 無膨發 健康 白蝦 仁 沒 有 添加 任何 化學 藥劑 的 小 蝦仁,60
鮮綠 生活 頂級 直輸 日本 整尾 蒲燒 烤 鰻魚 200g,10
鮮綠 生活 美國 Prime 級 骰子 牛買 1 送 1,50
鮮綠 生活 香嫩 雞 胸肉 補充 滿滿 的 蛋白 質,150
鮮綠 生活 智利 剖半 鮭 魚頭 550g10 包共 10 包,35
鮮綠 生活 薄鹽 鮭魚 下巴 500g10 包 34 隻 包,5
鮮綠 生活 干貝生 蠔 奢華 五星 級 海陸組 12 件 組約 8 人份,185
鮮綠 生活 雙 11 限定 爆卵 熟凍 大 紅 蟳 215g10 隻,50
鮮綠 生活 去 刺 鮮美 虱目 魚皮 300g10 包共 12 包,15
急鮮 配鮮 綠 生活 富貴 大黃魚 45450g10 包共,20
鮮綠 生活 台灣 嚴選白 帶魚 中段 300g10 包共 5 包,5
鮮綠 生活 養生 藜 麥 毛豆 200g5 包共 7 包凍,20
鮮綠 生活 在 地鮮 蚵 捲 10 條入,80
鮮綠 生活 台灣東 北角 野生 船凍 小卷 2 號 300g10 包,70
鮮綠 生活 雙 11 限定 台灣 巨無霸 金目 鱸 魚片加 大量 版 300,825
鮮綠 生活 超 好吃 經典 麻油 粉肝 200g3 包共 10 包,15
鮮綠 生活 挪威 薄鹽 鯖魚 135g170g,90
急鮮 配鮮 綠 生活 無毒 野放 活凍 超大 白蝦 600g10,20
急鮮 配鮮 綠 生活 野生 肉魚 500g10 包 4 隻 包,30
鮮綠 生活 經典 原味 細薯 300G 風迷 上市,50
鮮綠 生活 金 鑽 蝦 枝花 丸,20
鮮綠 生活 手路師 獨家 秘方 極厚 台式 排骨,85
鮮綠 生活 無毒 巨無霸 白蝦 皇 600g10 盒約 91,130
鮮綠 生活 麻油 猴頭菇湯 350g,75
鮮綠 生活 挪威 薄鹽 鯖 魚規格 S135g170g,70
品鮮 生活 極品 野生 紅 松子 1 入 168g,10
萊 D 活凍 草蝦 鮮綠 生活,10
鮮綠 生活 雙 11 限定 無毒 野放 活凍 超大 白蝦 600g10,70
鮮綠 生活 紹興醉 蝦 特選大 蝦 製 作,45
急鮮 配鮮 綠 生活 台灣 巨無霸 金目 鱸 魚片加 大量 版 3004,490
鮮綠 生活 滿料 魚翅海鮮 羹 1kg,80
鮮綠 生活 爆卵 熟凍 大 紅 蟳 2 隻 入 買 1 送 1 共 2 包免 運,70
鮮綠 生活 嚴選炙燒 台灣 一口 吃 烏魚子 禮盒裝 75g 盒約 1,305
鮮綠 生活 雙 11 限定 霸王 級 挪威 巨大 薄鹽 鯖魚 185g1,50
急鮮 配鮮 綠 生活 巨霸 挪威 薄鹽 鯖魚 185g10 包,55
鮮綠 生活 爆卵 熟 凍母 紅 蟳 15010 隻 2 隻 包,45
鮮綠 生活 煙 燻 去 骨鳳爪 200g5 包共 6 包凍,10
鮮綠 生活 南方澳 生凍 吻 仔魚 200g10 包,30
鮮綠 生活 鮮甜熟 凍白 蝦 5160 毛重 12Kg 淨重 950,10
鮮綠 生活 大 尺寸 鮮美蟹 腳肉 150g45 包共 3,30
鮮綠 生活 手路師 台灣 極厚 台式 排骨 150g10 包,10
鮮綠 生活 天婦羅炸 蝦 200g10 盒 8 隻 盒 共 4,30
鮮綠 生活 天婦羅炸 蝦 200g10 盒 8 隻 盒 共 2,50
鮮綠 生活 台灣 金目 鱸 魚片 200300g 片共 6 片,25
鮮綠 生活 季節 限定 台灣 特級 鯖魚 200g,125
鮮綠 生活 爆卵 熟凍 大 紅 蟳 買 1 送 1 共 2 隻,95
鮮綠 生活 南方澳 生凍 吻 仔魚 200g,5
鮮綠 生活 超高 cp 值 野生 肉魚 4 尾包,70
野 生活 凍軟絲,40
急鮮 配鮮 綠 生活 當季 船 釣鮮 甜 七度 卷透 抽 300g10,110
急鮮 配鮮 綠 生活 美式 賣場 嚴選 爆卵母 香魚 共 10 隻 800g,15
聚吃鍋 滿 1111 送野 生活 凍鮮 嫩 龍 蝦 1205 乙尾,5
鮮綠 生活 雙 11 限定 大 尺寸 超厚 正 挪威 薄鹽 鯖魚 M 毛重 17,200
鮮綠 生活 功夫 雞湯 23KG,20
鮮綠 生活 嚴選大顆 熟凍 蛤蜊 500g10 包共 4 包,5
鮮綠 生活 雙 11 限定 無毒 特大 生凍 白蝦 后 600g10,85
鮮綠 生活 雙 11 限定 北海道 頂級 4S 生干貝禮 盒裝 200g,25
鮮綠 生活 超級 鮮 蚵 300g,25
鮮綠 生活 金剛 大王 白蝦,40
鮮綠 生活 鮮甜 熟白 蝦 規格 5160950G,5
船東 契作 漁港 直送野 生活 凍小卷 瘋 狂組,25
鮮綠 生活 雞塊 先生 600g 含肉率 高達 80 鮮嫩 多,60
鮮綠 生活 宮廷 月 圓蝦餅 3 片包 蝦仁 與 魚漿 的 完美 比例,25
鮮綠 生活 船凍 刺 鯧肉魚,5
鮮綠 生活 獨家 口味 魷魚 圈 解凍 即食 癮 香 麻辣 魷魚 圈 五味,35
鮮綠 生活 嚴選鮮 凍草 蝦 250g10 盒 1416 尾,15
急鮮 配鮮 綠 生活 美式 賣場 天然 無毒白 蝦仁 1002008,115
品鮮 生活 極品 野生 紅 松子 168gx6 入組,5
鮮綠 生活 國民銅板 美食 挪威 薄鹽 鯖魚 毛重 135170,5
鮮綠 生活 熟凍 帶殼 海瓜子 500g 約 5160 顆宵,10
鮮綠 生活 野生 肉魚 500g10 包 4 隻 包共 14,100
鮮綠 生活 一甲子 復 刻 經典 豐盛海 陸團 圓年 菜組 101 件 組,95
鮮綠 生活 癮 香 麻辣 牛肉 爐 12k,20
鮮綠 生活 台灣 野生 船凍 大尾小卷 規格 2 排,45
鮮綠 生活 季節 限定 爆卵 透 抽 250G3 隻 入,25
鮮綠 生活 格陵蘭厚切 大 比目 魚 250G 另一面 有 肚洞,10
鮮綠 生活 飛魚 卵 雞肉 香腸 250g,55
鮮綠 生活 雙 11 限定 特級 龍膽 石斑 菲力 龍虎 石斑 全魚 龍膽,30
鮮綠 生活 去 骨 雞 腿 排 190g10 包共 15 包凍,5
聚吃鍋 滿 1212 送野 生活 凍鮮 嫩 龍 蝦 1205 乙尾,20
品鮮 生活 極品 野生 紅 松子 168gx2 入組,15
急鮮 配鮮 綠 生活 野生 鮮凍 紅目 鰱 500g10 包 4,10
鮮綠 生活 特級 龍膽 石斑 菲力 275g10 包共 6 包,10
鮮綠 生活 北海道 花魚 一夜 干大 250g300g10,35
鮮綠 生活 煙 燻 去 骨鳳爪 200g5 包共 10 包,5
鮮綠 生活 活凍 草 蝦,25
鮮綠 生活 川辣煙 燻 去 骨鳳爪 200g5 包共 5 包,5
鮮綠 生活 美國 板腱 肉片 250g,10
組合野 生活 凍鮮 嫩 龍 蝦 5 尾入 500g,15
鮮綠 生活 美國 巨無霸 沙朗 牛排 16oz450g10 片,5
鮮綠 生活 26 公斤 大 份量 薑 母 鴨 嚴選紅面 番 鴨,15
鮮綠 生活 豐盛團 聚高級 牛肉 饗 宴 烤肉 組 9 件 組約 8 人份,5
鮮綠 生活 金鑽貝枝 花丸 300g10 包共 4 包,5
鮮綠 生活 熟凍 帶殼 鮑魚 25g10 顆 10 顆包 共,20
生活 工場 QQ 海底 炸蝦 玩偶 中,20
鮮綠 生活 甘鯛 馬 頭魚 250g10 隻 共 10 包,15
鮮綠 生活 美國 頂級 牛 五花肉 片 250g10 包共 10 包,35
鮮綠 生活 特級 龍膽 石斑 菲力 275g10 包共 4 包,15
急鮮 配鮮 綠 生活 北海道 花魚 一夜 干 250300g10,35
鮮綠 生活 熟凍 爆卵母 紅 蟳 150g10 隻 2 隻 包,5
鮮綠 生活 野生 土 魠 魚 250g 包,10
急鮮 配鮮 綠 生活 北海道 花魚 一夜 干大 250g300g,10
鮮綠 生活 煙 燻 去 骨鳳爪 200g5 包共 11 包凍,15
團購 鮮綠 生活 蝦枝花 丸 300g,5
鮮綠 生活 蝦枝花 丸 300g,5
鮮綠 生活 台灣 金目 鱸 魚片 200300g10 包共,25
鮮綠 生活 鮮甜 熟白 蝦 規格 2630950G,5
悅 生活 鮮 市集 船凍 爆甜免 剝殼 蟹 管肉 200g5 盒 4,5
鮮綠 生活 野生 肉魚 500g10 包 4 隻 包加碼 共,5
鮮綠 生活 野生 土 魠 魚 250g10 片共 10 片,5
鮮綠 生活 黑虎草 蝦 8 尾 全台 價格 最 殺,10
鮮綠 生活 龍虎 石斑 魚整 尾 550g10 包共 5 尾,15
鮮綠 生活 獨特 起司 雞塊 500g,5
鮮綠 生活 正 挪威 薄鹽 鯖 魚淨重 185g 買 12 片送 4 片,5
鮮綠 生活 煙 燻 去 骨鳳爪 200g5 包共 5 包,15
鮮綠 生活 御品 皇鼎首 選佛 跳 牆 57 人份,55
鮮綠 生活 野生 大白 鯧 500g10 尾共 2 尾,95
鮮綠 生活 雞塊 先生 600g10 包共 10 包,10
鮮綠 生活 野放 活凍 大白 蝦 600g 一盒 約 2430 尾,30
鮮綠 生活 年 菜 豐盛 團員辦 桌組 之 御善團 圓年 菜免 運組,50
鮮綠 生活 季節 限定 台灣 鯖魚 200g10 片共 14 片,10
生活 工場 元家 智利 生凍 帝王 蟹 切盤,10
急鮮 配鮮 綠 生活 黃魚 一夜 干 210g10 包共 4 包,20
鮮綠 生活 極鮮 野生 小白 鯧魚 400g10 包包 冰率 3,25
急鮮 配鮮 綠 生活 現流 手工 去 刺 白帶 魚清肉 500g10,5
鮮綠 生活 台灣 金目 鱸 魚片 400500g 包共 6 包,5
鮮綠 生活 金鑽貝枝 花丸 300g10 包共 8 包,5
鮮綠 生活 野生 鮮凍 紅目 鰱 4 隻 入,25
鮮綠 生活 超 好吃 經典 麻油 粉肝 200g3 包共 6 包,5
鮮綠 生活 野生 肉魚 500g10 包 4 隻 包共 1 包,20
鮮綠 生活 金鑽炸 魷魚 圈 300g 包共 6 包,10
鮮綠 生活 巨無霸 挪威 薄鹽 鯖魚 185g10 包無紙 板,80
急鮮 配鮮 綠 生活 嚴選 霸王 大草 蝦 250g10 盒 5,5
鮮綠 生活 養生 藜 麥 毛豆 200g5 包共 14 包凍,5
野 生活 凍鮮 嫩 龍 蝦 5 尾入,10
鮮綠 生活 雞塊 先生 600g10 包共 5 包,5
鮮綠 生活 台灣 金目 鱸 魚片 400500g10 包共,20
鮮綠 生活 在 地鮮 蚵 捲 300g5 盒 10 條盒 共 7,5
鮮綠 生活 台南 去 刺 虱目 魚肚免 運組,5
鮮綠 生活 鮮美蟹 腳肉 大管 肉,20
鮮綠 生活 智利 剖半 鮭 魚頭 550g10 包共 6 包,5
鮮綠 生活 古早 味 排骨 酥 200g,10
鮮綠 生活 龍蝦 干貝 鮑魚 高 CP 值生 年 菜 組 8 件 組約 5 人份,5
鮮綠 生活 北極蘭花 蚌 300g10 包共 4 包,10
鮮綠 生活 超 好吃 經典 麻油 粉肝 200g3 包共 6 包,5
鮮綠 生活 美國 板腱 肉片 250g10 包共 8 包,5
鮮綠 生活 季節 限定 爆卵 透 抽 250g3 隻 入 包,10
22969 生活 市集 父親,10
鮮綠 生活 麻油 猴頭菇湯 350g5 包共 5 包,10
鮮綠 生活 鮮凍龍 蝦 350590G 免運組,20
鮮綠 生活 白帶 魚切 塊 300G 印尼,15
鮮綠 生活 熟凍 紅 蟳 170g2 隻 入 買 3 送 2 共 5 包免,5
鮮綠 生活 CHOICE 頂級 牛 五花 片 油花 豐富炭 烤 必 吃,5
鮮綠 生活 鮮嫩 野生 白 鯧魚 270g10 包 2 隻 包,5
新 生活 鮮乳 936ml,670
生活 King 抽疊樂 智慧 積木 60 片,5
鮮綠 生活 午仔魚 一夜 干 230g10 片共 8 片,5
鮮綠 生活 巧克力 和 牛沙朗 350g10 片共 2 片,5
新 生活 鮮乳 936cc,5
鮮綠 生活 熟凍 海瓜子 清肉 300g10 包共 12 包,5
低溫 快 配鮮 綠 生活 無膨發 小白 蝦仁 200g10 包,5
生活 市集 父親 22954,25
鮮綠 生活 台灣 鯛 魚菲力 150g,5
鮮綠 生活 川辣鳳 爪,5
鮮綠 生活 野生 花龍大龍 蝦 350g10 隻 共 2 隻,5
急鮮 配鮮 綠 生活 鮮凍 帶殼 鮑魚 25g10 顆 10 顆,10
團購 鮮綠 生活 雞塊 先生 600g,5
生活 家電 Outlet,5
鮮綠 生活 手路師 重本 啤酒 蝦,10
鮮綠 生活 千絲 蝦 捲 150g 口感 多層次 吃 的 到 整尾 蝦仁,5
綠 生活 巨霸 蛋,5
低溫 快 配鮮 綠 生活 智利 剖半 鮭 魚頭 450g10 包,5
鮮綠 生活 帶卵 香魚 干貝生 蠔雙 霸王 頂級 海陸 烤肉 組下單 再 送,5
上 野物 產當 季野 生活 凍 霸王 草蝦 300g 盒,5
鮮綠 生活 野生 花龍大龍 蝦 590g10 隻 共 1 隻,5
旺旺 生活 Mr 凍乾貓 用 天然 原肉 凍 乾 100 新鮮食 材 製,30
鮮綠 生活 豐 富海 鮮生 年 菜 組免 運,15
生活 家電 Outlet,80
生活 日月潭 紅茶 590ml,50
鮮綠 生活 超大 尺寸 超厚 正 挪威 薄鹽 鯖魚 L 毛重 200g23,15
低溫 快 配鮮 綠 生活 現流 手工 去 刺 白帶 魚清肉 500g10,5
鮮綠 生活 滿料 魚翅海鮮 羹,10
低溫 快 配鮮 綠 生活 熟凍 帶殼 鮑魚 25g10 顆 10,5
低溫 快 配鮮 綠 生活 無膨發 大白 蝦仁 200g10 包,10
Line 社群 專屬 鮮綠 生活 美式 賣場 嚴選 爆卵母 香魚 共 10 隻,20
鮮綠 生活 無膨發 大白 蝦仁 200g10 包共 10 包,5
急鮮 配鮮 綠 生活 嚴選鮮 凍草 蝦 250g108 尾盒,5
鮮綠 生活 甘鯛 馬 頭魚 250g10 隻 共 4 包凍,5
温好 鮮水產野 生活 紅 蟳 2 隻 附發票,5
鮮綠 生活 智利 剖半 鮭 魚頭 450g10 包共 10 包,10
急鮮 配鮮 綠 生活 黃魚 一夜 干 210g10 包共 8 包,10
鮮綠 生活 無膨發白 蝦仁大 200g,5
鮮綠 生活 現流 手工 去 刺 白帶 魚清肉 500g10 包共,5
生活 King 章魚 燒烤 盤 12 孔,5
生活 King 多用途 止滑 地 墊 4 片組,5
鮮綠 生活 超級 鮮 蚵 300g10 包共 9 包,5
安酷 生活 贈 乾燥 劑 10 包 170025002ml,5
生活 良好 鮮蝦,175
鮮綠 生活 透 抽扇 貝派 對 生猛 海陸 烤肉 組 7 件 組約 5 人份,10
鮮綠 生活 巨無霸 鱸 魚菲力 x5 超厚切 台式 排骨 x4 台灣 之光,5
急鮮 配鮮 綠 生活 巨無霸 挪威 薄鹽 鯖魚 185g10 包,15
低溫 快 配鮮 綠 生活 野生 海蘆 蝦仁 200g10 包共,5
鮮綠 生活 嚴選鮮 凍草 蝦 250g10 盒 8 尾盒 共,5
鮮綠 生活 嚴選鮮 凍草 蝦 250g10 盒 10 尾盒,10
鮮綠 生活 野生 肉魚 500g10 包 4 隻 包共 8 包,5
鮮綠 生活 去 骨 雞 腿 排 190g10 包共 35 包,5
鮮綠 生活 龍蝦 蝦 后 干貝 生猛 海陸 火鍋組 11 件 組約 8 人份,10
鮮綠 生活 甘鯛 馬 頭魚 250g10 隻 共 8 包凍,5
鮮綠 生活 野生 大白 鯧 500g,5
鮮綠 生活 爆卵 透 抽 250g10 包 3 隻 包共 3 包,5
鮮綠 生活 野生 花龍大龍 蝦 350g10 隻 共 4 隻,10
鮮綠 生活 優級 栗香 地瓜 1KG2 件 免運組,10
鮮綠 生活 野生 鮮凍 紅目 鰱 500g10 包 4 隻 包,5
鮮綠 生活 超 好吃 經典 麻油 粉肝 200g3 包共 20 包,5
低溫 快 配鮮 綠 生活 黃魚 一夜 干 210g10 包共 8,10
急鮮 配鮮 綠 生活 熟凍 海瓜子 清肉 300g 包 10 共,5
好好 生活 盛 籐 萬 聖 節 限定 POLIKitty 凱蒂貓,5
鮮綠 生活 特選龍 虎 石斑 魚 550g,5
急鮮 配鮮 綠 生活 智利 剖半 鮭 魚頭 550g10 包共,5
