item_name,item
CQL 嚴選 挪威 鮭魚 尾,25
3XL 特大 厚切 挪威 鮭魚,5
智利 厚切 鮭魚,565
美威 鮭魚 鮭 魚漢堡 排 x6 包 270g 包,10
海洋 知家 鮭魚 風味 切片 180g 切片 魚片 年 節禮盒,25
CQL 嚴選 挪 鮭魚 薄片,240
頂級 煙 燻 鮭魚 切片 100g10 包阿家 海鮮,5
優鮮配 嚴選 中段 厚切 鮭魚 約 420g 片凍 momo,20
田裡 甜舒肥 鮭魚 天然 鹽 麴,155
鮭魚 切片 短切款,20
任頂 達 生鮮 熱銷 大規格 鮭魚 260g 包,15
嚴選 鮭魚,120
一手 鮮貨 頂級 厚切 智利 鮭魚 6 片組 330g10 嚴選,5
米 血 切片,10
低溫 快 配鮮 綠 生活 智利 頂級 原料 煙 燻 鮭魚 切片 100g1,15
上 野物 產 智利 進口 鮮美 智利 頂級 鮭魚 切片 220g240,440
三頓 飯 挪威 肥嫩 厚切 3XL 鮭魚 6 片 420g 片,10
東森 農場 智利 頂級 厚切 整尾 鮭魚 4KG10 尾,130
鮮綠 生活 智利 頂級 鮭魚 切片 300g10 片共 1 片,105
智利 鮭魚 切片 300g,5
小川 漁屋 鮮凍 鮭魚 切片 12 片,70
海之醇 嚴選去 刺 鮭 魚菲力 去 刺 鱸 魚排 任選 10 片組 鮭魚 2,60
三頓 飯 挪威 肥嫩 厚切 3XL 鮭魚 3 片 420g 片,5
鮭魚 去 刺 魚排 真空,155
永谷園 平袋 鮭魚 茶漬 6 袋 58g 袋,20
金澤旬 鮮屋 挪威 鮮凍 鮭魚 肚條 4 包 200g 包,5
鮮綠 生活 智利 頂級 鮭魚 切片 300g10 包包 冰率 2,10
優鮮配 中秋 烤肉 嚴選 中段 厚切 鮭魚 8 片約 420g 片 m,5
温好 鮮水產 每日 新鮮 現切 肥美 鮭魚 生魚 片中 肚清肉 附發,30
鮭魚 請 勿 生食 公斤 kg 水產 銷售,140
挪威 鮮 鯖魚 切片,16320
RealShop 真食 材本 舖 厚切 鮭魚 350g5 片,5
海之醇 優質 智利 鮭魚 尾排 8 包組 300g10 包 2,5
優鮮配 嚴選鮮魚 拼盤 20 片 鮭魚 10 片大 比目 魚 10 片,30
優鮮配 嚴選 中段 厚切 鮭魚 10 片約 420g 片 momo 老,160
優鮮配 嚴選 優質 中段 輪切 鮭魚 9 片 250g 片凍,70
海產 教父 智利 進口 鮭魚 小 切片 100g 片薄切 鮭魚 太平,240
智利 鮭魚 切片 300g,390
鮮綠 生活 智利 頂級 鮭魚 切片 220g10 包共 11 包,260
挪威 鮭魚 肚條 無 去鱗 大鼎 澄形,30
優鮮配 中秋 烤肉 嚴選 中段 厚切 鮭魚 10 片約 420g 片,10
買 木 製 切切 樂金槍 魚蝦 鮭魚 魷魚,50
挪威 鮭魚 輪切 CAS 凍品 凍鮮,235
鮭魚 腹 刺身,165
智利 鮮嫩 鮭 魚厚 切片,40
鮭魚 刺身 7 片,35
築地 一番 鮮嚴 選 中段 厚切 鮭魚 4 片 420g 片網,10
美威 鮭魚 BBQ 系列 四入 組精選 鮭 魚厚切 下巴 排薄 鹽 口味,5
築地 一番 鮮嚴 選 中段 厚切 鮭魚 14 片約 420g 片 momo,25
築地 一番 鮮嫩切 煙 燻 鮭魚 6 包約 100g 包,5
鮮綠 生活 智利 頂級 原料 煙 燻 鮭魚 切片 250g10 包,195
海產 教父 智利 進口 鮭魚 小 切片 600g6 片薄切 鮭 魚大,80
海味 嚴選 鮭魚 尾段 薄切 箱 6kg1500 免運 智利,20
鮮綠 生活 帝王 級 特厚 智利 鮭魚 切片 380g20 片共,330
珍珍 鮭魚 香絲 50gx2 入,5
安心 鮭魚 下巴,150
進 嗨 鮮 鮭魚 腹鰭肉 500g5,15
智利 鮭魚 切片 170g10 包喬 大海 鮮屋,35
挪威 鮮凍 鮭魚 肚條,220
田食 原 智利 頂級 鮭魚 370g420g450g 超值 份量,20
智利 鮭魚 切片,860
功夫 鮭魚 骰子 魚丁,285
水產 系列 鮭魚 下巴,10
德國 好 立善 純淨 深海 鮭魚 油 2 入組 120 粒 2,110
美威 鮭魚 精選 鮭 魚菲力 川香 剁 椒,10
大江 生鮮 智利 鮭魚 小 切片 100g 片薄切 鮭魚 太平洋 鮭,390
築地 一番 鮮買 10 送 10 嚴選鮮魚 拼盤 20 片 鮭魚 10 片大,35
優質 智利 鮭魚 輪切 250g,10
海味 嚴選 鮭魚 薄 切片 2 入 200g1500 免運 智利,115
極鮮配 智利 鮭魚 包冰 15170g10 片,45
鮭 鱈 鮮魚 組格陵蘭大 比目 魚 VS 智利 鮭魚 赤豪 家庭 私廚,15
海之醇 8 片組 A 級 優質 智利 鮭魚 270g10 片,50
鮭魚 尾菲力 400g 袋,15
無敵 好 食煙 燻 鮭魚 切片 x5 包 100g 包,10
築地 一番 鮮嚴 選 中段 厚切 鮭魚 8 片 420g 片網,15
鮮綠 生活 超厚 智利 鮭魚 切片 330g10 片 包冰率 2,575
祥鈺水產 智利 鮭魚 切片 超厚 400g5 片,10
薄鹽 鮭魚,5
智利 鮮嫩 鮭 魚厚 切片 250g,25
鮮綠 生活 鮮嫩 智利 鮭魚 切片 家庭版 特厚 小資版 的 規格 都 有 喔,25
低溫 快 配鮮 綠 生活 智利 頂級 原料 煙 燻 鮭魚 切片 250g1,20
大王 生鮮 智利 進口 鮭魚 切片 220g240g 片海,5
團媽 獨享 巨大 厚切 鮭魚 5 片 450g,5
築地 一番 鮮嚴 選 中段 厚切 鮭魚 6 片 420g 片網,20
海之醇雙 11 限定 7 片組 A 級 優質 智利 鮭魚 300g1,10
頂級 厚切 鮭魚 300g 無包 冰現 貨電子 發票,10
美威 鮭魚 美威 鮮嫩 全魚 組整 尾 分切 約 5 公斤 尾,5
頂級 厚切 鮭魚 300g360g 無包 冰現 貨電子 發票,5
美威 鮭魚 精選 鮭 魚菲力,135
鮭魚 腹肉 刺身,10
甲上 生鮮 智利 進口 鮭魚 小 切片 600g6 片薄切 鮭魚 太,25
大規格 扁 鱈 鮭魚 鱸魚 任選,5
祥鈺水產 智利 厚切 鮭魚 切片 400g5 片,130
好 食 讚 海 之 味 鮮 凍 智利 鮭魚 勁,5
天和鮮物 智利 鮭魚 輪 切片 200g5 包,5
冰鮮 挪威 鮭魚 不定,1305
挪威 鮭魚 下巴,2950
優鮮配 中秋 烤肉 重量 級 鮮魚 超值 任選 6 片扁 鱈厚切 鮭魚,10
急鮮 配鮮 綠 生活 智利 頂級 原料 煙 燻 鮭魚 切片 250g10,20
美威 鮭魚 輕 鬆 特 選 八 入 組 精 選 鮭 魚 菲 力 法式 香蒜 2 義式,15
刺身 用 鮭魚 腩 100g,200
優鮮配 嚴選 優質 無肚洞 小 鮭魚 20 片 80100g 片,15
超厚實 大西洋 智利 鮭魚,5
海之醇雙 11 限定 贈 1 包鮭 魚肚條 嚴選 挪威 鮭魚 肚條 去 刺 鮭,15
海之醇 優質 智利 鮭魚 尾排 7 包組 300g10 包 2,5
優鮮配 嚴選 中段 厚切 鮭魚 6 片約 420g 片凍 mo,455
德國 好 立善 純淨 深海 鮭魚 油 120 顆蝦 皮代開 電子 發票,20
明太子 鮭魚,4295
德國 好 立善 純淨 深海 鮭魚 油 3 入組 120 粒 x3 盒,130
厚切 鮭魚,15
海之醇 挪威 鮭魚 肚條 10 包組 300g10 包網,30
水產 系列 小家庭 專用 3 片 組合價 120 智利 鮭魚,5
代收 代付 智利 厚切 鮭魚 350g 片,5
鮭魚 卵 軍艦,20
船山 舒食 超 方便 舒肥 鮭魚,25
加築 地 一番 鮮嚴 選 中段 厚切 鮭魚 420gx1 片,15
鮭魚 切片 智利,10
鮭魚 切片 200g 片 200g 片 包冰 20,40
空運 鮭魚 切片,12530
鮮綠 生活 鮮嫩 智利 鮭魚 切片 160g300g,65
元家 鮭魚 腹鰭,5
鮭魚 切片 智利 280g,10
三頓 飯 挪威 肥嫩 厚切 3XL 鮭魚 10 片 420g 片,35
美威 鮭魚 精選 鮭 魚菲力 義式 香草,15
美威 鮭魚 美威 鮮嫩 全魚 組整 尾 分切 約 45 公斤 尾,5
阿家 海鮮 極嫩 鮭魚 肚條 300g10 包,5
小川 漁屋 嚴選 家常 鮭魚 大比,15
KUMADO 頂級 煙 燻 鮭魚 切片 1000g10 包阿,5
現切 去 刺 鮭魚 切片,10
築地 一番 鮮嚴 選 中段 厚切 鮭魚 6 片 420g 片 隱藏版網,5
海之醇 7 片組 A 級 優質 智利 鮭魚 300g10 片,70
ACANA 豐盛 漁 獲貓 低 GI 配方 18Kg 野生 鮭魚 鱈魚,70
鮮綠 生活 鮮嫩 智利 鮭魚 切片 160g 免運組,10
鮭魚 肚條,40
優鮮 配雙 11 限定 鮭魚 清 肉排 共 10 片 225g 片,35
扁 鱈 鮭魚 鱸魚 任選 230g,5
大食 怪 鮮美 智利 鮭魚 切片 10 片組 贈紐 澳良大雞 腿 2 包 30,20
鮭魚 親子 組合,35
逸嵐 鮭魚 切片 375g 滿 1800 免運 冷凍 鮭魚 切片,15
上 億漁業 智利 嚴選 鮭魚 切片,15
海肉 管家 挪威 肥嫩 厚切 3XL 鮭魚 5 片 每片 約 420g1,5
薄鹽 鮭魚 300g 真空 包,10
海之醇雙 11 限定 8 片組 A 級 優質 智利 鮭魚 270g1,30
團購 鮭魚 去 刺 魚排,235
海之醇雙 11 限定 挪威 鮭魚 肚條 10 包組 300g10,15
賀鮮生 挪威 鮭魚 肚條,10
鮭魚,5
雙 11 限定 鮭魚 比目 魚箱 購免 運組,15
温好 鮮水產 超厚切 每片 445g495g 重大 規格 鮭魚,5
原味 巡禮 鮭魚 風味魚 排燒,25
鮮綠 生活 頂級 智利 煙 燻 鮭魚 切片 250g 限定 全家 冷凍 店取,5
張主廚 頂級 煙 燻 鮭魚 切片 100g 包全館 任選滿 20,15
水產 系列 鮭魚 肚條 1kg 真空 包裝純 腹肉條,5
鮮綠 生活 智利 頂級 鮭魚 切片 220g10 包共 14 包,1265
田食 原新鮮 智利 頂級 鮭魚 320g360g400g 超值,60
極鮮 鮭魚 滑 270g,205
鮭魚 下巴 500g,5
魚有 王 智利 鮭魚 太平洋 鮪 魚媽 媽樂特 選海產組,5
貓派 Meowpet 無膠 鮮肉 主食 罐 165g 鮭魚 雞肉 1,5
急鮮配 極鮮 配北 歐煙 燻 鮭魚 200g10 包凍,10
新萃 NS 經典 鮮肉護 毛 挑嘴 貓糧鱒魚 鮭魚 免運,5
大江 生鮮 智利 鮭魚 切片 鮮美 太平洋 鮭 大西洋 鮭厚切 去,85
挪威 鮭魚,20
三品 生魚片 鮭魚 鮪 魚旗 魚盒 盒,230
FISH4DOGS 海洋 之星 無 榖 低敏 挪威 鮭魚 迷你 犬 1,10
愛上 美味 任選 999 免運鮮 嫩 舒肥 鮭魚 1 包 胡麻 味 噌 泰,40
飯友 滿分 鮭魚 寶寶粥 150g 入 4 盒,40
超鮮 肥美 頂級 鮭魚 腹肉條 500g10 喬 大海 鮮屋,5
任海肉 管家 智利 頂級 鮭魚 1 片 每片 約 260g10,5
美安獨家 小川 漁屋 厚切 鮭魚,20
優鮮配 嚴選 中段 厚切 鮭魚 4 片約 420g 片 momo 老 饕,15
急鮮 配鮮 綠 生活 智利 頂級 鮭魚 切片 220g10 包,40
温好 鮮水產 超厚切 每片 450g470g 重大 規格 鮭魚,5
阿家 海鮮 頂級 鮭魚 超厚 輪切 500g10 片 15 包,5
丸文 食品 鮭魚 丁角 90g,5
海味 嚴選 鮭 魚菲力 200g1500 免運 智利 鮭魚 三,80
鮮綠 生活 帝王 級 特厚 智利 鮭魚 切片 380g10 片共,30
無敵 好 食新鮮 鮭魚 肚條 x3 盒 300g 盒 285g3,10
優鮮配 嚴選鮮魚 拼盤 12 片 鮭魚 6 片大 比目 魚 6 片,15
海味 嚴選 鮭魚 碎肉 1000g1500 免運 鮭魚 三文 魚,15
海洋 知家 鮭魚 風味 切片 180g,25
冷凍 鮭魚 下巴 500g5 包 500g5 包,25
海味 嚴選 鮭魚 肚條 35cm1kg1500 免運 鮭魚,25
鮭魚 輪切 300g 全國 漁會,55
智利 冷凍 鮭魚 切片 380g,10
喵 洽普貓 咪 凍 乾新鮮 鮭魚 新鮮 鱈魚 x4 入 組下標 2 件 贈,5
N011517432 優鮮 配嫩切 煙 燻 鮭魚 10 包 100g,20
海味 嚴選 鮭 魚厚切 300g1500 免運 智利 鮭魚 三,225
德國 heilusan 好立善 純淨 深海 鮭魚 油五入 組 12,35
爭鮮 鮭魚 海鮮鍋 3 包組 600g 包,5
海之醇 嚴選 挪威 鮭魚 肚條 去 刺 鮭 魚肉 任選 12 包組 肚條 30,20
戀戀 蚵 仔 寮 鱈 魚風味 鮭魚 切片 120 克,30
張主廚 鮭魚 切片 220g 全館 任選滿 2000 元免 運費,5
海之醇 貼心 去 鰓 智利 鮭魚 丁 8 包組 350g10 包,10
FISH4DOGS 海洋 之星 即期 品無 穀 低敏 挪威 鮭魚 老,5
美威 鮭魚 薄 鹽 鮭 魚肚條,5
鮮綠 生活 智利 頂級 原料 煙 燻 鮭魚 切片 100g10 包,60
海之醇 智利 優質 鮭魚 切片 8 片組 250g10 片,10
海肉 管家 挪威 肥嫩 厚切 3XL 鮭魚 8 片 每片 約 420g1,5
分批 取極鮮 鮭魚 滑約 270g 盒,50
N011870604 優鮮配 買 1 送 1 鮭魚 清 肉排 5 片 2,30
田食 原新鮮 智利 頂級 鮭魚 370g420g450g 包冰,5
雙 11 特惠 組合 柳 月 鮭魚 補丸 單入 8 片此 組 合共 五入,5
築地 一番 鮮嫩切 煙 燻 鮭魚 6 包 100g 包免 運組,5
好立善 純淨 深海 鮭魚 油 120 粒盒,10
宅配 免運 BRAVARY 焙菲力 健康 食糧 無 穀 鮭魚 7,5
好立善 純淨 深海 鮭魚 油 120 顆,1575
美威 鮭魚 精選 鮭 魚菲力,5
尾西 食品 尾西 沖 泡 即食 飯 糰 鮭魚 42g,10
急鮮配 優鮮 配嫩切 煙 燻 鮭魚 6 包約 100g 包凍,5
德國 好 立善 純淨 深海 鮭魚 油 3 入組 120 粒入,65
鮭魚 肚條 1kg10 包,10
小川 漁屋 嚴選 家常 鮭魚 大 比目 魚 切片 20 片 組無肚 洞 90g,5
ACANA 愛肯 拿 豐盛 漁 獲貓 野生 鮭魚 鱈 魚虹鱒魚 45kg,35
N011049624 優鮮配 嚴選 鮭 鱈 拼盤 12 片組 鮭魚 6 片,5
電子 發票 由 蝦 皮代 開德國 好 立善 純淨 深海 鮭魚 油 120 顆,10
張主廚 薄 鹽 鮭魚 下巴 500 克 全館 任選滿 2000 元免 運費,5
三品 生魚片 鮭魚 鮪 魚熟 大章 盒盒,10
築地 一番 鮮嚴 選優質 無肚洞 小 鮭魚 15 片 80100g 片,25
甲上 生鮮 6 片裝 智利 鮭魚 小 切片 600g 單片 約 100g,25
屏東 東港 專賣店 原味 鮭魚 切片 嘴到 不要 不要 好 好吃,10
天然 鹽 麴 鮭魚,10
嚴選砥家 智利 鮭魚 輪 切厚 片,5
大王 生鮮 智利 進口 鮭魚 小 切片 100g10 片海,10
築地 一番 鮮嚴 選優質 無肚洞 小 鮭魚 35 片 80100g 片,5
時尚 貓貓 的 傳 說 三洋 鰹魚 鮪 魚 鮭魚,20
永豐餘 生技 鮭魚 糙米 炒飯,10
賀鮮生 挪威 鮭魚 肚條 5 包組 500g 包,5
北海道 北海 鮭魚 昆布 香 鬆 15g,5
優鮮 配嫩切 煙 燻 鮭魚 6 包約 100g 包,5
heilusa 好立善 純淨 深海 鮭魚 油 2 入組 120 顆盒,15
水產 系列 小家庭 專用 智利 鮭 魚片 薄切 鮭魚 約,5
N011520635 優鮮 配嫩切 煙 燻 鮭魚 1 包 100g 包,5
台南 漁權會 鮭魚 酥 300g,10
分批 取 西西里 鮭魚 約 400g 盒,40
薄鹽 鮭魚 切片 45 片 300g10 包喬 大海 鮮,10
鹽漬 紐西蘭 鮭魚 下巴,10
鮮 食堂 嚴選 極鮮 智利 鮭魚 清 肉排 超值 10 包組,5
2 入 組紐 西蘭 ADDICTION 自然 癮 食 野生 藍 鮭魚 無 穀 幼,5
圓紐頓 NUTRAM 貓 I19 雞肉 鮭魚,5
N012906626 統 一生 機 智利 鮭魚 尾排 150g 包,10
優鮮配 日式 海鮮 超值 組任 選 多件 組 生食 級 花枝 切片 炙燒 鮭魚,25
海之醇 嚴選去 刺 鮭魚 清肉 去 刺 鱸 魚排 任選 10 包組 200,50
鮭魚 下巴 300g,5
三品 生魚片 鮭魚 鮪 魚旗 魚盒 289083,20
嘴甜 甜 鮭魚 切片 200 公克 魚漿 系列 古早 味 魚片 4 種口,5
鮮綠 生活 智利 鮭魚 切片 260g,15
美威 鮭魚 精選 鮭 魚菲力 法式 香蒜,5
ACANA 愛肯 拿 豐盛 漁 獲貓 低 GI 配方 45kg 野生 鮭魚,10
鮮綠 生活 智利 頂級 鮭魚 切片 220g10 片共 4 片,10
絕對 24 小時 內出 貨德國 好 立善 純淨 深海 鮭魚 油 120 顆,50
美威 鮭魚 美威 蒲燒 鮭 魚肚,5
阿家 海鮮鮮 嫩 煙 燻 鮭魚 碎肉 切片 1000g10 包,10
i 挪威 鮭魚 薄片,50
好立善 純淨 深海 鮭魚 油 120 粒,5
小川 漁屋 超值 鮭魚 輪切 6 片 270g10 片,5
高雄 梓官 漁會極 饌 雙層 鮭魚 夾心絲,20
船山 舒雞 舒肥 鮭魚 口味 任選 嚴選 即食 海鮮 整條 現切 12,5
元家 頂級 鮭魚 切片 360g2 片,15
代收 代付 南紡 購物 中心 十善 無毒 海鮮 鮭魚 超值 20 件,5
海之醇 8 片組 優質 智利 鮭魚 切片 270g10 片,15
最頂 規大 尺寸 帝王 級 特厚 智利 鮭魚 切片,10
e 家小 館 鮭魚 炒,2890
鮭魚 套餐 梅,50
三品 生魚片 鮭魚 鮪 魚潮 鯛 盒 盒,35
高利 水產 智利 肥嫩 厚切 鮭魚 囤貨 爆殺 組,40
急鮮 配鮮 綠 生活 帝王 級 特厚 智利 鮭魚 切片 380g10,5
爭鮮 挪威 鮭魚 邊鰭 2 包組 500G 包愛買 冷凍,20
HOKUCHIN 鮭魚 鱈魚 薄片,25
德國 好 立善 純淨 深海 鮭魚 油 2 入組 120 粒入,45
優鮮配 健身 鮮魚餐 10 片 拼盤 鮭魚 5 片 鯛 魚清肉 5 片,5
親子 御膳 坊 海帶 鮭魚 寶寶粥 150g2 入,5
保證 24 小時 內出 貨德國 好 立善 純淨 深海 鮭魚 油 120 顆,5
原 智利 鮭魚 切片,10
鮭魚 套餐 蘭,5
急鮮配 優鮮配 嚴選鮮魚 拼盤 20 片 鮭魚 10 片大 比目 魚 1,10
優鮮配 嚴選 中段 厚切 鮭魚 8 片約 420g 片,5
賣魚 的 家 嚴選鱒 鮭魚 下巴 共 6 包組 500g3 包,5
北海道 北海 鮭魚 香 鬆 15g 昆布 芝麻 現貨 蝦 皮直 送,10
北海 大 和 北海 大 和 飯友 鮭魚 風味 30g,5
鮭魚 炒 飯,40
智利 鮭魚 尾段,5
大江 生鮮 嚴選 日本 野生 秋 鮭 75g 每片 鮭魚 切片 鮭 魚排,5
鮭魚 套餐 菊,20
鮭魚 飯 糰,145
築地 一番 鮮嚴 選 中段 厚切 鮭魚 5 片 420g 片網,5
歐 呷 私廚 智利 肥美 鮭魚 肚條 2K,5
桂冠 鮭魚 炒飯 冷凍 678795,5
i 挪威 鮭魚 尾,35
尾西 沖 泡 即食 鮭魚 飯 糰,60
挪威 鮭魚 丁,3105
振味香 食品 行 鮭魚 切片,10
賀鮮生 鮮嫩 智利 鮭魚 切片 1 片 450g 片厚切 DH,5
切片 麻 糬,5
偉嘉乾 糧烤 鮭魚 三文 魚 口味 12kg 包,10
鹽漬 鮭魚 下巴,10
甲上 生鮮 智利 進口 鮭魚 小 切片 100g 片海鮮魚 扁 鱈,15
一配 鮭魚 鮭 魚卵 飯 糰,35900
N012839565 優鮮配 頂級 鮭魚 雙拼 6 包鮭 魚菲力 肚條,5
阿家 海鮮 低溫 高品 質煙 燻 鮭魚 切片 2kg10 包含,5
板橋 阿禧 鮮魚 鮭魚 輪切 無洞 一 公斤 裝,10
德國 好 立善 純淨 深海 鮭魚 油 10 入組 120 粒盒,25
嘉字號 大師 鮭魚 炒 飯 210g 包,5
鮭魚 下巴 專櫃,5
愛上 美味 鮮嫩 舒肥魚 6 包組 鮭魚 X3 巴沙 X3,10
鮭魚 肚壽司,15
幽靈 鮭貝醬 吃 土 皮蛋 醬 皮蛋 鮭魚 配飯 鮭,10
鮭魚 捲 銷,15
優鮮配 嚴選 中段 厚切 鮭魚 10 片約 420g 片,35
海味 嚴選 鮭 魚菲力 500g1500 免運 智利 鮭魚 三,5
鮭魚 輪切 智利,5
海味 嚴選 鮭魚 肚條 5cm700g1500 免運 鮭魚,5
五星 級北 歐煙 燻 鮭魚 200g10 包喬 大海 鮮屋,5
海味 嚴選 挪威 鮭 魚頭 丁 500g1500 免運 挪威 鮭魚,5
喵 洽普貓 咪 凍 乾 零食 鮭魚 鱈魚 爆蛋 毛鱗魚,10
大食 怪 鮮美 智利 鮭魚 切片 6 片組 300g 片,10
鮭魚 干貝海 鮮丸,95
挪威 產 鮭魚 煮 食用 100g,95
喵 洽普貓 咪 凍 乾 零食 鮭魚 70g,5
冰鮮 挪威 鮭魚 切片,185
優鮮配 嚴選 中段 厚切 鮭魚 6 片約 420g 片,80
海之醇 優質 鮭魚 切片 8 片組 25010 片,15
冰鮮 挪威 鮭魚 骨 200g,45
鮭魚 鮮蝦 壽司 組合,8400
海之醇 挪威 鮭魚 肚條 6 包組 300g10 包,20
海鮮主義 骰子 鮭魚 丁 250g 包,5
漁權會 鮭魚 酥 300g,5
海味 嚴選煙 燻 鱒 鮭 碎肉 500g1500 免運鱒 鮭 鮭魚,5
皇家 冰島 切片 煙 燻 鮭魚,5
板橋 阿禧 鮮魚 智利 鮭魚 4 片 550 元 3 片 550,10
鮭魚 尾段 切片 850g15 冰包 鮭 魚尾尾尾 1E7A,5
扁 鱈 鮭魚 土 魠 三 拼 任 選,5
張家 海陸 網煙 燻 虹 鱒 鮭魚 碎肉 100g 生食 可 1200 免運,5
海之醇 挪威 鮭魚 肚條 10 包組 300g10 包,20
築地 一番 鮮嚴 選 中段 厚切 鮭魚 6 片 420g 片網,10
嚴選厚切 鮭魚 切片,15
頂級 智利 鮮嫩 鮭魚 肚肉條,5
分批 取冷 燻 鮭魚 切片 約 100g 包,25
一次 取偉嘉妙 鮮包 鯖 魚及 鮭魚 85gx4 入裝,10
加購 上 野物 產 智利 鮮嫩 鮭魚 切片 100g 土 10 片 x,5
冷凍 鮭魚 切片 淨重 260g5g 片,475
KEWPIEKA5 極上 嚴選 野菜 鮭魚 泥 70g,15
美威 冷凍 蒜 烤 鮭魚,590
阿禧鮮 魚行 鮭 魚肚 一 公斤 鮭魚 鮭 魚條,5
挪威 燻 鮭魚,25
鮭魚 套餐 竹,15
莫比 無 穀 鹿肉 鮭魚 65 公斤,15
食尚 三味 鮭魚 鱈魚 切片 鱈魚 板條 鮭魚 切片 鱈 魚片 鱈魚,5
逸嵐 鮭魚 切片 350g 滿 1800 免運 冷凍 鮭魚 切片,15
築地 一番 鮮嚴 選 中段 厚切 鮭魚 4 片 420g 片免 運組,5
園芯 智利 頂級 厚切 整尾 鮭魚 極鮮組,75
ACANA 豐盛 漁 獲貓 低 GI 配方 45Kg 野生 鮭魚 鱈魚,5
E 家 鮭魚 炒 飯,5
張主廚 買 一送 一頂級 煙 燻 鮭魚 切片 250g 包買 一送,5
燻 鮭 切片,20
家樂福 鮭魚 切片 冷,320
板橋 阿禧鮮 魚行 鮭魚 肚條 鮭 魚肚 一包 一 公斤 滿 2000 免運,5
冷凍 鮭魚 切片,170
鮭魚 切片 300g 片淨重 250g 片 包冰 20,10
智利 鮭魚 切片 170g10 包,10
薄鹽 鮭魚 切片 鮭魚 日切 250g,5
超厚切 智利 鮭魚 烤肉 必備 300g 片冷凍 超商 取貨,55
FISH4DOGS 海洋 之星 即期 品無 榖 低敏 挪威 鮭魚 迷,5
冷凍 頂級 鮭魚,15
鮭魚 鮭 魚卵 10 貫,5
美威 鮭魚 干貝海 鮮丸,10
鮭魚 肚條 500g 包 鮭魚 腹肉 冷凍 超商 取貨 799 元免,5
優鮮配 頂級 鮭魚 雙拼 6 包 鮭菲力 肚條 3 包鮭 清 肉排 3 包,5
愛上 新鮮 任選 999 免運鮮 凍 智利 鮭魚 清 肉排 1 包 180g,15
薄鹽 鮭魚 炒 飯,750
切片 數 8,35
深海 鮭魚 蛋 炒 飯,5
愛上 新鮮 智利 冰鮮 輪切 鮭魚,5
鮭魚 生菜 卷,5
漁 太郎 薄鹽 鮭魚 下巴 500g10 網,10
蝦仁 鮭魚 披薩 6 吋,5
精選 鮭魚 肚條 薄 鹽 口味,5
鮭魚 飯 糰 20220829h5klgznp,5
冷凍 鮭魚 下巴 500g5 包 724108,5
築地 一番 鮮薄 鹽 鮭魚 6 包 300g4 片裝包,5
無敵 好 食煙 燻 鮭魚 切片 x8 包 100g 包,10
北海 大 和 飯友 鮭魚,20
海之醇 8 片組 A 級 優質 智利 鮭魚 300g10 片,10
滿額築 地 一番 鮮嚴 選 中段 厚切 鮭魚 420G 片,10
冰鮮 挪威 鮭魚 輪切,2580
海之醇 挪威 鮭魚 肚條 24 包組 300g10 包,5
好美 嚴選 超人 氣 智利 厚切 鮭魚 瘋 搶組,5
博多 鮭魚 切片,10
急鮮配 急 凍 饗 宴煙 燻 鮭魚 切片 約 100g 包,5
築地 一番 鮮嚴 選 中段 厚切 鮭魚 8 片 420g 片免 運組,5
RealShop 真食 材本 舖 鮭魚 350g3 片 比目 魚 3,5
空運 鮭魚 切片 組合,5
薄鹽 鮭魚 切片,5
鮭魚 粉上 好 口罩,50
温好 鮮水產 生食 等級 鮭魚 肚條 魅力 不可 擋 每日 限量 供應,5
美威 鮭魚 精選 鮭 魚菲力 奶油 檸檬,5
家小 館 鮭魚 炒 飯,10
鮮綠 生活 智利 頂級 鮭魚 切片 220g10 包共 16 包,5
扁 鱈 切片 大 比目 魚大東津 智利 鮭魚 250g,20
嚴選 中段 厚切 鮭魚 6 片 420g 片,10
築地 一番 鮮嚴 選 中段 厚切 鮭魚 420g 片免 運組,5
美威 鮭魚 精選 蒲燒 鮭 魚排,5
海味 嚴選 鮭 魚肉塊 1kg1500 免運泰國 鮭魚 鮭魚,5
第二件 送三頓 飯 超厚 智利 鮭魚 切片 6 片 340g 片,5
德國 好 立善 純淨 深海 鮭魚 油 120 粒 10 盒組,5
二品 生魚片 鮭魚 鮪 魚盒 盒,20
美威 鮭魚 輕 鬆 系列 六入 精選 鮭 魚菲力 法式 香蒜羅勒鹽 麴,10
懶惰 姐減 醣 美食 研究社 日本 極洋 銀 鮭 中骨水 煮 罐頭 鮭魚,5
愛 上海 鮮鮮凍 智利 鮭魚 24 片組,5
皇家 挪威 鮭魚,5
水產 系列 切塊 鮭 魚骨 嚴選 A 級 鮭魚 原料,5
藍躍 挪威 鮭魚 油北極 寵物 鮭 魚油 300ml,5
喵 洽普貓 咪 凍 乾 零食 鮭魚 鱈魚 爆蛋 毛鱗魚,5
DrTims 提姆 博士 阿拉斯加 野生 鮭魚 油 236ml,10
RealShop 真食 材本 舖 大西洋 特選厚切 鮭魚 約 350,5
分批 取 鮭魚 炊飯 約 620g 盒,45
臭味 滾嚴 選海鮮 系列 凍乾 50g 鮮鮮小卷 海味 鮭魚,10
阿家 海鮮 頂級 煙 燻 鮭魚 切片 100g10 包,5
阿家 海鮮 KHUMADO 頂級 煙 燻 鮭魚 切片 1000g10,5
愛上 新鮮 任選 999 免運鮮 凍 智利 鮭魚 2 片組 2 片裝 25,5
逸嵐 鮭魚 捲 210g 滿 1800 免運 鮭 魚凍 捲 鮭 魚卷,10
毛孩 日常 獨一無二凍 乾寵物 凍 干貓 咪 凍 乾 狗狗 凍干 鮭魚,5
萌 老大 萌 老大 鮭魚 海陸堡,5
鮭魚 全國 漁會,5
智利 厚切 鮭魚 切片 滿 1600 免運約 460g 尾,5
