item_name,item
黃 金蛋 禮盒,180
芝麻 蛋 捲 禮盒 如,5
阿華田蛋 捲 禮盒,1485
預購 小 倉山莊 新年 禮盒 兔年 賀禮 仙貝禮盒 仙貝仙貝,25
原味 蛋撻 禮盒 套餐,235
兔氣 揚眉 綜合 禮盒,2650
凱蒂貓 綜合米 菓 禮盒,105
北 日本 丹麥 曲奇 西點 禮盒 附 提袋,55
綜合 水果 禮盒,45
米森 有機 黑芝麻 粉鈣好 禮盒,5
DRQ 蒟 蒻 果凍 禮盒 1325g1325g 盒,430
樂米 穀 場 大地 獻禮 風味米 禮盒,5
厚燒 蛋 捲 禮盒,70
萬歲 牌 祈願 堅果 禮盒,570
芝麻 蛋 捲 花樣 禮盒,185
盛香珍 迎春 納福 綜合 堅果 禮盒 560g 盒 官方 旗艦店,5
可可 樂章 禮盒,605
孔雀 雙響 蛋 捲 禮盒,205
紅 帽子 法蘭 酥 禮盒 20 枚裝,75
龜田繽紛 九種類 米果 禮盒 4,20
4 萬歲 牌 堅果 禮盒,135
雪之戀 一口 蛋 捲 禮盒 芝麻 225g,5
義美羅曼卷 禮盒,215
生機果 乾圈 禮盒,85
1MOOMIN 奶油 酥餅 禮盒 隨機款,100
禮盒 安素 原味 8 入紅標,110
祝賀 綜合 鯛 魚燒 禮盒,40
禮盒 六入 小車隊,615
團寶可夢 拼圖 夾心 酥 禮盒,140
1 迎旺納福 綜合 米果 糖果 禮盒,25
77 經典 綜合 禮盒,730
日本 紅 帽子 20 枚 法蘭 酥 禮盒,5
柴語錄 海苔 禮盒,220
愛 D 菇 綜合 香菇 脆餅 禮盒,15
樂 天福 氣派 禮盒,1360
丹麥 酥餅 禮盒,3200
阿華田 巧克力 麥芽 蛋 捲 禮盒 180g180g,60
盛香珍 蒟 蒻 禮盒,535
小禮 大吉 禮盒,55
雙味 脆燒 手提箱 禮盒,1725
旺旺 迎旺納福 綜合 米果 糖果 禮盒 342G 年節 禮盒 送 禮自,10
好 運旺來 禮盒 蔓 越莓 酥,15
北海道 焦糖 可可 味 夾心餅 禮盒 96g,110
鳳梨 酥 禮盒,390
元 本 山野 海苔 禮盒,380
新東陽 富貴 迎春 禮盒,235
送 愛 皇家 午茶 禮盒,10
吉祥物 禮盒,15
山藥 蛋 捲 禮盒,815
故宮鳳 梨果 酥 禮盒,25
M1 元 本山 米奇 系列 韓式 海苔 禮盒,15
法蘭 酥 綜合 禮盒,55
S 買紅 帽子 12 枚 法蘭 酥 禮盒,5500
500NY10033180112 春兔 兔 曲奇 派 對 雙享 禮盒,20
北 日本 丹麥 曲奇 西點 禮盒 3108g,45
好韻 咖啡 禮盒,5
咖啡 隨行杯 禮盒 組,2030
萬歲 牌 活力 堅果 禮盒 禮盒 內 含加 贈什 穀 杏仁 堅果 飲,90
龍情 情意 禮盒,75
咖啡 小蛋 捲 禮盒,155
盛香珍 醇韻 雙味脆 捲 禮盒 450g 盒,10
比得 兔美麗 巴黎 禮盒,2130
2023 吉祥物 梅子 禮盒,40
2023 年春節 老 楊方塊 酥 禮盒,50
雪米餅 禮盒 花舞 禮,5
好事 花生 綜合 禮盒,1735
紅 帽子 藍盒 禮盒,3225
樂聚 豐年 綜合 禮盒,740
萬歲 牌 每日 堅果 禮盒 25gx20 包盒 大潤發,10
1 比得 兔厚 燒蛋 捲 禮盒,75
爆米花 倒數 禮盒,2110
百事 禮盒,3030
彼得 兔紅茶 禮盒,5
新貴派 禮盒,2390
M1MOOMIN 奶油 酥餅 禮盒 隨機款,5
PETERRABBIT 比得 兔 比得 兔雙 重奏 蝴蝶 酥 禮盒,60
盛香珍 煎餅 綜合 禮盒 470g 盒,415
金瓜 紅藜 禮盒 組,30
米果 禮盒,20
紅茶 蛋 捲 禮盒,5
雙重 蝴蝶 酥 禮盒,55
活力 堅果 酥 禮盒,825
福滿 海味 禮盒,790
元榆牧場 明星 禮盒,15
9010001242112 春 日月潭 紅茶 方塊 酥 禮盒,10
歐式 典雅 午茶 禮盒,15
岩燒 海苔 禮盒 卡通 系,20
韓國 麝香 葡萄 禮盒,105
義美 核棗 糕 禮盒,160
元 本山 海苔 禮盒,7415
紅 帽子 紅帽 禮盒 粉 2665g,35
星巴克 新年 禮盒,130
富貴 有 餘 堅果 禮盒,700
宏亞 77 新貴 派 好事 花生 綜合 禮盒,55
禮盒 乳酪,25
麗滋三麗鷗 禮盒,670
9000002181112 春 日月潭 紅茶 方塊 酥 禮盒,15
粹 脆 棗片 綜合 堅果 禮盒,1590
1HelloKitty 芝麻 蛋 捲 禮盒 花漾 粉,20
小果 醬 禮盒,80
Glico 格力 高 Pocky 午茶馬克杯 禮盒 465g,75
岩燒 海苔 禮盒 30 入,1185
比得 兔厚 燒蛋 捲 禮盒,1720
黑八寶 黑糖 禮盒,265
華元 海苔 禮盒,880
果乾 圏 禮盒,5
武藏 米果 禮盒,20
星巴克 咖啡 捲 心 酥 禮盒,240
日本 乾 香菇 禮盒,350
蜂蜜 紅棗 禮盒,50
碳 烤 一口 吃 烏魚子 禮盒,35
一口 鍋鍋 粑 脆餅 鍋巴餅 團購 美食 零食 禮盒,100
新東陽鳳 梨 酥 禮盒 500g,100
旺旺 迎旺納福 綜合 米果 糖果 禮盒 342G,20
龜田繽紛 九種類 米果 禮盒,10
武德宮 財福 滿糖 禮盒,835
團泰迪 小熊 綜合 航空 米果 禮盒,535
LINE 社群 專屬 紅帽 禮盒 3882g 送禮 禮盒,10
FoodPro 牛軋餅 禮盒,180
嚕 嚕 米 奶油 酥餅 禮盒 454g 隨機 出貨,15
法布 甜 新年 事事如意 禮盒,20
義美太陽餅 禮盒,735
代銷 隨 北海道 戀人 禮盒,70
米奇 系列 味付 海苔 禮盒,930
新東陽鳳 梨 酥 禮盒 500G 愛買,15
紅 帽子 法蘭 酥 船形 餅綜合 禮盒 35 枚裝,50
紅燒 獅子頭 禮盒,5
1 元 本山 海苔 堅果 夾心 禮盒,20
紅 帽子 法蘭 酥 綜合 禮盒,1720
堅果 食感 禮盒,970
禮盒 特選 美式,685
盛香珍 迎春 納福 綜合 堅果 禮盒 560g560g 盒,195
旺旺 WANTWANT 迎旺納福 綜合 米果 糖果 禮盒 342g,35
代收 代付 翠 菓 子 MIDO 航空 米 菓 新年 禮盒 米果 伴,20
萬歲 牌 無 調味 堅果 禮盒,1135
盛香珍 堅果 禮盒,1015
紅帽 禮盒,560
一口 鍋鍋 粑 脆餅 鍋巴團購 美食 零食 禮盒 禮物餅 乾台,1200
1 元 本山 朝鮮 海苔 禮盒,80
品客 新春 禮盒,985
膠原 蛋白 果凍 禮盒,450
monkeymars 火星 猴子 綜合 禮盒 任選 兩盒 組 限量,35
GoodSome 油品 禮盒 空盒,5
拼圖 夾心 酥 禮盒,35
老 楊福兔 迎春 綜合方塊 酥 禮盒,835
海軒 屋珍 饌 極品 禮盒,115
TGC 台灣 高山 咖啡 禮盒 50 包,15
蠟筆 小新蛋 捲 禮盒 香濃 原味 厚蛋 捲 鐵盒 附 提袋,10
專案 手工 大豆 蠟三入 禮盒 組,50
歡樂 分享 禮盒,2095
Rico 特調 養生 黑芝麻 糕 禮盒,5
小 甘菊 童話 奇想 紀念 禮盒 隨機出,515
盛香珍 瓜子 禮盒,1130
星巴克 威化 捲 心 酥 禮盒 草莓 可可 榛果,30
日式 醬油 禮盒,795
蠟筆 小新疊疊罐 分享 禮盒,1930
好 想 兔 鈣 五吉 牛乳 片 密封罐 禮盒,1115
雪米餅 禮盒 花舞 禮盒,835
阿華田 巧克力 麥芽 蛋 捲 禮盒,2130
4711257000182 星巴克 特選 系列 暖心 迎春 禮盒,165
星巴克 法蘭 酥 禮盒,19420
雪米餅 造形 筒 禮盒,910
DrQ 蒟 蒻 禮盒 綜,450
統 一生 機 一口 厚蛋 捲 禮盒 紅玉紅 茶 225g,5
義美濾掛 咖啡 禮盒,55
大吉大利 新春 禮盒,9080
柴語 錄新 摘 海苔 汪汪 筒 禮盒,2350
台灣鳳 梨 酥 禮盒,80
奇華餅 家 熊貓 曲奇 禮盒 提袋,25
義美 沖 調 飲品 禮盒,70
寶泉 太陽餅 禮盒,1170
卡娜 赫拉 新春 禮盒,310
星巴克 禮盒 組,1545
法國 薄 酥 禮盒,1890
樂米 穀 場 大地 獻禮 風味米 禮盒 提袋,5
紅 帽子 禮盒 粉,60
味付 海苔 禮盒,325
義美鳳 梨 酥 禮盒,250
雙喜 禮盒,15
迎春 禮盒,280
大城 農麥 酥 禮盒 原味,5
台灣 關廟 土鳳梨 酥 禮盒,15
蕎麥 茶 禮盒 小,15
七種類 米果 禮盒,95
有機 茶 禮盒 佳人 105g 淨源,10
1 北海道 戀人 禮盒,85
岩 海苔 禮盒,75
鹿農紅 烏龍 茶餅 禮盒,5
關於 這裡 香米 禮盒 3 入,15
日本 新款 紅 帽子 藍色 禮盒 8 款 20 入 高帽子 餅乾 零食 結婚,5
NewEnglishTeas 英格蘭紅 茶罐 經典 禮盒,10
點點 食光 奇華 蝴蝶 酥 禮盒,5
1 喜年 來 美樂蒂 原味 蛋 捲 禮盒,115
KT 雪米餅 禮盒,15
堅果 咖啡 綜合 禮盒,535
小善 存鈣 禮盒,70
旺旺 迎旺納福 綜合 米果 糖果 禮盒 342G,10
綜合鳳 梨 酥 禮盒,30
北 日本 丹麥 曲奇 西點 禮盒,15
望月 濃香 曲奇 與 蝴蝶 酥 禮盒 54 入,25
團 迪士尼 旅行 米果 禮盒,85
蛋 捲 烘焙 坊 禮盒,880
迎旺納福 綜合 米果 糖果 禮盒,1510
盛香珍 下酒菜 禮盒,1230
草莓 可可 威化 禮盒,7665
HelloKitty 芝麻 蛋 捲 禮盒 花漾 禮盒 藍 限量,5
SNACKSMAP 零食 地圖 波特 小姐 家族 原味 蛋 捲 禮盒 附,5
S 格力 高歡 樂袋 著 走 禮盒,1590
高 海拔 烏龍 茶 禮盒,50
韓多露 水果 風味 燒酒 禮盒,35
義美樂 芙 威化 捲 禮盒,5
紫皇 日式 洋香瓜 禮盒,5
大稻 埕 核桃糕 禮盒,585
雙餡 曲 奇趣 禮盒,245
元 本山 金綠片 海苔 禮盒,5025
宜蘭餅 驚 豔 禮盒,230
日式 綜合 米果 手提 禮盒,10
萬歲 牌 每日 堅果 禮盒,560
monkeymars 火星 猴子 幸福 蝴蝶 酥 禮盒,5
朝鮮 海苔 禮盒,710
日式 瓦 煎 餅長 型 禮盒 1 盒 15 片綜 合口味 送禮 大方 不失,45
桃酥 禮盒,65
糖鼎 經典 禮盒 360g 黑糖 薑 母,5
盈春 綜合 堅果 禮盒,1395
萬歲 牌杏福 有魚 堅果 禮盒 禮盒 內 含加 贈什 穀 杏仁 堅果 飲,55
盛香珍 五福 禮盒,1465
嚕 嚕 米 奶油 酥餅 禮盒 454G,5
三 叔公 漿 爆流 心蛋 捲 綜合 禮盒 花生 6 芝麻 6 超商 取貨,5
新蜜樂 芙 綜合 禮盒,1405
萬歲 牌盈春 綜合 堅果 禮盒,5
星巴克 精選 咖啡 蛋 捲 禮盒 活動品,40
水果 禮盒,85
紅 帽子 12 枚 法蘭 酥 禮盒,295
盛醇韻 雙味脆 捲 禮盒,25
4718201187135PEKOE 點心坊 三味 牛軋 糖 禮盒,15
盛香珍 法國 酥 綜合 禮盒 450g 盒,430
竹崎 高山 茶平裝 禮盒,5
翠 果子 航空 米果 綜合 禮盒 20g30 入,100
盛香珍 法國 薄 酥 禮盒,1150
脆果 豐收 堅果 禮盒,860
芝麻 蛋 捲 禮盒,15
比得 兔厚 燒蛋 捲 禮盒 228G,5
黑糖 蛋撻 禮盒,1285
嬰兒 禮盒 祝福 卡,75
買緣 起達摩青 蘋果 禮盒,5
提袋 波特 小姐 家族 蛋 捲 禮盒,5
4713139015079Moomin 嚕 嚕 米 奶油 酥餅 禮盒,10
77 經典 綜合 禮盒 4492g,275
臻 御 行臻藏 堅果 禮盒 組兩 罐入 多種 搭配 方式,10
柴語錄 財寶包 海苔 禮盒,130
1 盛香珍 法國 薄 酥 禮盒,90
咖啡 蛋 捲 禮盒 320g4 支 x5 包入,20
禮盒 促,111125
紅 帽子 紅盒 禮盒,2465
Kenji 健司生 奶油 千層 派 禮盒 80gx9 包,15
原味 蛋撻 禮盒 點心 套餐,550
美心 佳品 鋪 鋪 發酥餅 禮盒 134g,55
OREOx 可口 五福 臨門 綜合 捲 心 酥 禮盒 402g 愛買,5
台灣 名產椎茸 禮盒,65
Q 梅 手提包 禮盒,40
官方 嘎 蹦 熊煙 燻 起司 禮盒 鮮魷脆 片煙 燻 起司 藝人 熊熊,10
美樂蒂 原味 蛋 捲 禮盒,2245
1 元 本山 米奇 系列 韓式 海苔 禮盒,100
S112 萬歲 堅果 禮盒,455
盛香珍 煎餅 綜合 禮盒,535
現貨供 應 日本 若尾 枕頭貓 咪 禮盒 綜合 風味餅 可可 餅乾,15
南非 國寶茶 禮盒,115
億滋 綜合 捲 心 酥 禮盒 402 公克 過年 禮盒 春節 禮盒 送禮,5
代收 代付 龜 田七 種綜合 米果 禮盒 228G 愛買,5
活力 雙果 禮盒,460
盛香珍 每日 堅果 禮盒,55
地瓜 脆薯 禮盒,10
龜田繽紛 七種類 米果 禮盒 4,25
舞味本 舖 沖 繩南 風堂 辣味 蝦餅 仙貝 30 入 送禮 大方 禮盒,5
迎旺納福 綜合 米果 糖果 禮盒 342g,270
萬歲 牌 活力 堅果 禮盒 禮盒 內 含加 贈元 氣什 穀 杏仁 堅果 飲,20
台灣鳳 黃 酥 禮盒,80
典藏 點心 禮盒,415
加購 禮盒,10
香港 美心 美 心曲 奇薈 萃春節 禮盒,20
舞味本 舖 元祖 柿種 米果 浪花 屋鐵盒 禮盒 包裝,5
義美 法式 薄餅 綜合 禮盒,5
新年 禮盒,15
英式 煎 捲 禮盒,550
O 可麗 歡樂 分享 禮盒,20
濟州島 柚子茶 禮盒,5
月桂冠 公仔 禮盒,5
萬歲 牌 活力 堅果 禮盒,640
福義軒 手工 原味 機能 蛋 捲 禮盒 475g,20
有機 雙茶 包 手工 禮盒 洺 盛,70
2023 新春 禮盒 RITZ 麗滋三麗鷗 鹹 甜 綜合 新春 開運,10
美心 杏仁 榛子 禮盒,20
蠟筆 小 新 曲奇 禮盒,950
元 本山 朝鮮 海苔 禮盒,835
寶可夢運動 主題 方塊 酥 禮盒,1095
賀陽 禮盒,30
百香 有機 茶 禮盒,5
原味 核桃 酥 禮盒,290
義美 綜合果 禮盒,560
盛香珍 煎餅 綜合 禮盒 570g 愛買,5
4 萬歲 牌 無 調味 堅果 禮盒,55
果然 優葡蔓 禮盒,550
旺旺 迎旺納福 玉兔 迎春 禮盒 342g 綜合 米果 禮盒,10
Plus 原味 禮盒,25
原味 蛋撻 禮盒,7110
補給 站 禮盒,20
紅藜 多 穀 棒 禮盒,85
2S 翠 果子 綜合 米果 禮盒 20 包,2825
77 新新貴 派 好事 花生 禮盒,10
2023 新春 OREO 經典 綜合 禮盒 5584g 原味 夾,5
高 海拔 金萱 茶 禮盒,60
波特 小姐 原味 家族 蛋 捲 禮盒,10
俊美 鳳梨 酥 禮盒 20 入,15
萬歲 牌三珍 禮盒,845
橘平 屋味付 海苔 禮盒 卡通 系列,45
共好 同行 禮盒,30
新東陽 香菇 禮盒,20
奇華餅 家 蝴蝶 酥 雙心 禮盒 176g,10
10mois 品牌 禮盒 提袋 小,45
寶可夢 捲 心 酥 禮盒,630
綜合 米果 糖果 禮盒,250
脆笛 酥 禮盒 320g,1560
HeroMama 狗狗 年 菜 禮盒 犬貓 新年 禮盒 春節 禮盒,5
低 咖啡因 禮盒,5
PockyPocky 百 奇虎 你好 運大 賺 錢 禮盒,75
手工 牛軋餅 綜合 禮盒,15
龜田繽紛 九種 禮盒,55
Glico 格力 高歡 樂袋 著 走 禮盒,80
樂聚 豐年 禮盒,1005
Glico 格力 高 Pocky 午茶馬克杯 禮盒,325
glico 格力 高 Pocky 午茶馬克杯 禮盒,25
LINEFRIENDS 兔年 大吉 禮盒,345
迎春 納福 綜合 堅果 禮盒,25
掬 丹麥 酥餅 禮盒 鐵 45,15
好 運旺來 禮盒 鳳凰 酥,5
盛香珍 經典 巧克 酥 禮盒,25
KAKA 醬 烤 海鮮餅 乾過 年 好 食 海味 七珍 新春 禮盒,5
贈美 心曲 奇薈萃 禮盒 提袋,20
老楊 日月潭 紅茶 白巧克力 方塊 酥 禮盒,5
黑糖 桂圓 蛋糕 禮盒,5
真露 水果 燒 酎 禮盒,130
格力 高歡 樂袋 著 走 禮盒,175
天隆 好 茶 禮盒,5
viva 萬歲 牌 堅果 咖啡 綜合 禮盒,10
手信坊 滴滴 噠 心蛋 捲 禮盒 鐵盒 30 入 鹹 蛋 黃,5
北 日本 奶油 餅乾罐 禮盒 2976g,25
喜年 來 芝麻 蛋 捲 禮盒,10
荷蘭史 翠普 焦糖 煎餅 燙 金馬克杯 禮盒 250g2 盒,5
龍情 巧果 酥脆 厚奶 禮盒,10
奧利塔 葵花 禮盒,415
禮盒 活動,500
盛香珍 DrQ 蒟 蒻 果凍 禮盒 1060g 盒,55
元 本山 米奇 系列 味付 海苔 禮盒,5
萬歲 牌 堅果 咖啡 禮盒,75
萬歲 牌 吉祥 迎春 堅果 禮盒 無 調味 綜合果 x 蜜脆 雙果,5
喜年 來 原味 蛋 捲 禮盒,4025
日富 一日 禮盒,60
美心 精 緻 原味 雞蛋 捲 禮盒,815
奇華餅 家 蝴蝶 酥 禮盒,20
麻豆 柚子 酥 禮盒,15
萬歲 牌杏福 有魚 堅果 禮盒,10
翠 果子 綜合 堅果 禮盒,5
水滴 蛋 捲 手提 禮盒,115
兔年 限定 迎春 禮盒,20
KT 芝麻 蛋 捲 禮盒,35
義美蛋 捲 禮盒 旺福款,15
堅果 爆米花 雙 併 禮盒,845
SNACKSMAP 零食 地圖 過年 禮盒 比得 兔楓 糖 奶油 派,5
六月 初一 金 8 結肉 酥 酥 禮盒,15
6000380 星巴克 精選 咖啡 蛋 捲 禮盒 新春 版,275
歌法蒂 百年 紀念 禮盒 200G,25
多 果仁 煎餅 禮盒,330
好事 成雙 禮盒,340
優格 蛋 捲 禮盒,50
喜年 來 鐵盒 蛋 捲 禮盒 提袋,15
芝麻 蛋 捲 禮盒 如意 禮盒,1045
綜合 堅果 禮盒,335
春節 禮盒 濾掛 咖啡 禮盒 咖啡豆 禮盒,10
顏新發 迎春 納福展 新 顏經典 禮盒,20
龜田小 町 綜合 米果 禮盒 4,5
掬水 軒丹麥 酥餅 禮盒 450g 盒,20
義美 綜合 西點 禮盒,5
茶葉 禮盒,45
山珍 香菇 禮盒,150
海濤 客 綜合蛋 捲 禮盒,5
高岡屋 極品 經典 味付 海苔 禮盒 90 束,25
造型 公仔 米果 禮盒,580
HELLOKITTY 蝴蝶 酥 禮盒 兔,25
元 本山 米奇 造型 步步高升 海苔 禮盒 115g,25
財運 亨通 一口 鳳梨 酥 禮盒,5
卡滋 堅果 爆米花 雙 併 禮盒 0118,5
美心 杏仁 條榛 果條 禮盒 178G,10
代收 代付 三麗鷗餅 乾派 對 桶 正版 餅乾派 對 桶 禮盒,5
華泰鳳 梨 酥 禮盒,15
包寶 雨林 香片 禮盒,10
隨 北海道 戀人 禮盒,15
Starbucks 精選 咖啡 蛋 捲 禮盒 324g,25
比得 兔 雙重 蝴蝶 酥 禮盒 228G,15
4 萬歲 吉祥 迎春 堅果 禮盒,15
雋品 海苔 禮盒 贈 100 點,40
新東陽 台式 綜合 年糕 禮盒 純素 新 東陽 官方 直營旗 艦店 年糕,5
美心 佳品 鋪 鋪 發酥餅 禮盒 134G,30
盛香珍 法式 奶油 千層 酥 禮盒 510g 年節 必備 品過 年 禮盒,10
義美 蛋卷 禮盒,460
韓國 蜜蜂 台灣現 貨蠟 筆小新 真 拿 你 沒 辦法 雙享 禮盒 餅乾,5
梅果 禮盒,5
送禮用 禮盒 包裝加 購區,5
12 入古 早味 仙草 禮盒,10
樂天 派 雙喜 禮盒 474g,30
瓦 煎 餅紅桶 禮盒 老奶奶 手作 煎餅 20 包盒,15
元 本山 米奇 造型 步步高升 海苔 禮盒,15
高岡屋 美 饌 禮盒,210
大甲 鎮瀾宮 芝麻 蛋 捲 禮盒 含招 財錢 母大甲媽 鎮瀾宮 錢母,15
義美 手提 小泡 芙 禮盒,120
monkeymars 火星 猴子 綜合 禮盒 任選 兩盒 組禮,15
清香 茶米 禮盒,5
附發票 禮盒 蛋卷 鬍 子 國 王 蛋卷 童趣 城堡 藍鐵盒 8 入,10
橘 海苔 蛋 捲 禮盒,15
提袋 卡娜 赫拉 的 小動物 福兔 迎祥 禮盒 356g,35
OREO 經典 綜合 禮盒,35
蒟 蒻 禮盒 精裝 12 入,40
寶可夢 夾心 酥 禮盒,30
韓式 有機 海苔 禮盒,70
盛香珍 歐式 午茶 禮盒,870
多多 印 客 製 化 悠 遊 卡 一卡通 iCASH 加購 禮盒 賣場,10
美心 三重奏 禮盒,130
甲仙 梅子 禮盒,5
萬歲 牌 堅果 咖啡 綜合 禮盒 杏仁 果 50g3 包濾掛 咖啡 8g4,65
惠香 臺 灣 造型 鳳梨 酥 綜合 禮盒 630g,10
紅 帽子 法蘭 酥 禮盒 20 枚裝 156g,20
海苔 禮盒 柴寶包,20
梅 山茶油 禮盒 組,5
統 一生 機 海苔 蛋 捲 禮盒,10
每日 堅果 禮盒,105
團購 大粒 市田柿 禮盒,20
格力 高歡 樂袋 著 走 禮盒,5
俊美 鳳梨 酥 禮盒,40
虎珍堂 御 皇吉流 心餅 綜合 禮盒 7 入,5
新年 禮盒 3 穀 卡卡 綜合 堅果 X2 瓶免 運,5
LF 兔年 大吉 禮盒,20
義美 英式 花園 午茶 禮盒,10
盛香珍 醇韻 雙味脆 捲 禮盒 450g 盒,15
俊美 鳳梨 酥 禮盒 提袋,30
摩斯 蒟 蒻 禮盒,95
4711366211165 嘎 蹦 熊鮮 魷脆 片煙 燻 起司 禮盒,5
漢方 好 茶 禮盒,5
盛香珍 法國 酥 禮盒 草莓 口味 維也納 咖啡 口味 450g 現,15
附發票 6 入 3 入 蛋卷 禮盒 禮盒 蛋卷 鬍 子 國 王 蛋卷,15
義美花漾 布拉格 禮盒,15
經典午 茶 禮盒,20
義美 手提 蛋 捲 禮盒,5
布萊迪 經典 禮盒,15
健司 薄片 夾心 禮盒,45
Moomin 嚕 嚕 米 奶油 酥餅 禮盒 454g 隨機 出貨,30
味 噌 禮盒,5
青森 世界 一蘋果 禮盒,60
吉利 好事 禮盒,100
MENIPPE 媚力 泊純 手工 土鳳梨 酥 禮盒 10 入 四盒 組,5
義美 手提 泡 芙 禮盒,135
凡購 買 夾心 酥 禮盒,165
提袋 戰豆 黑金 剛 花生 脆果 禮盒,5
無 調味 綜合果 禮盒,45
比得 兔 巴黎 禮盒,10
綜合 橄欖油 禮盒 組澳良,15
一口 糖心 牛 軋 蛋 捲 禮盒,5
北 日本 曲奇 禮盒 粉,5
日本 紅 帽子 法蘭 酥 禮盒 綜合 牛奶 抹 茶 草莓 巧克力,20
故宮 核桃糕 禮盒,30
原味 蛋撻 禮盒 點心 套餐 20230406gorrf2i,5
關西古 早味 仙草 禮盒 新,20
膨風 茶 禮盒,15
榛果蓉 貝殼 緞帶 禮盒,5
義美小泡 芙 禮盒 旺福款,55
極品 豬腳 禮盒,85
義美 烘焙 典藏 禮盒,20
元 本山 米奇 系列 味付 海苔 禮盒 23 公克 x12 包年節 限定,5
魔法 森林 禮盒,5
法有機 蘋果 禮盒,340
北 日本 綜合 奶油味 酥餅 禮盒 藍,5
元氣 堅果 禮盒,50
可口 三麗鷗 脆 笛 酥 禮盒,5
台灣 之 美桂圓 核桃糕 禮盒,10
紅棗 酥 養生 茶 禮盒,5
午茶 派 對 禮盒,25
EV 原味 蛋撻 禮盒 點心 套餐,5
綜合 銅鑼燒 禮盒,155
元 本山 味付 海苔 禮盒,20
新貴 派 春天 禮盒,5
新東陽 綜合 堅果 禮盒 新 東陽 官方 直營旗 艦店 堅果 禮盒 伴,5
星巴克 特選 即 溶 咖啡 暖心 迎春 禮盒,40
HelloKitty 造型 鳳梨 酥 禮盒 6 入 Kitty 瓷,5
新東陽 吉祥 珍 饌 禮盒,120
經典午 茶 共享 禮盒,5
情人 節 可可 脆雞 禮盒,3260
25 周年 咖啡豆 禮盒,3120
日月 傳奇 水彩 禮盒 金寶綜合 堅果 500g 椰棗 核桃 350g,5
萬歲 牌盈春 綜合 禮盒,25
台灣 茶香 手工 蛋 捲 禮盒,25
北海道 牛乳 蛋糕 禮盒,40
萬歲 牌富貴 有 餘 堅果 禮盒 綜合 纖果 x 海苔 杏仁 小魚,15
即期 品萬歲 牌 米奇 系列 堅果 綜合果 禮盒 20gx6 包,5
初鹿牧場 優格 蛋 捲 5 入裝 禮盒,20
紅 帽子 法蘭 酥 禮盒 20 枚 Donki 日本 唐吉訶德,5
沙其瑪 禮盒,10
爆米花 禮盒 蜂蜜,35
烙印 煎餅 禮盒,5
北 日本 丹麥 曲奇 西點 禮盒 3108G,35
北 日本 丹麥 奶酥 曲奇 餅 60 枚 入 西點 禮盒 BOURBO,5
禮盒 6 入空,5
好運 蝴蝶 酥 禮盒,50
羅 曼卷 禮盒,20
翠 果子 三麗鷗 家族 愛好 和平 公益 米果 禮盒 240g,5
世界 GO 伴手 禮盒 台灣 親親 關廟 土鳳梨 酥 20 入土 鳳,5
星巴克 威化 捲 心 酥 禮盒 草莓 可可 榛果,15
燕巢 牛奶 蜜棗 禮盒,5
掬 平屋 海苔 蛋 捲 禮盒,5
現貨供 應 日本 赤 帽子 高帽子 法蘭 酥 綜 合法 蘭 酥 禮盒,45
喜年 來 芝麻 禮盒,5
預購 綜合 銅鑼燒 禮盒,20
北海道 濃厚 起士 饅頭 禮盒,35
池上 雙享 粥 禮盒,10
BOURBON 北 日本 丹麥 曲奇 西點 禮盒 西點 綜合 奶油 曲奇 餅,40
豆來 豆趣 系列 豆干 禮盒,10
盛香珍 迎春 納福 綜合 堅果 禮盒 560g 盒,5
禮盒 啦 脆 雞 即享,5
紅 帽子 20 枚 法蘭 酥 禮盒,110
堅果 精品 禮盒,5
吳寶春 無 嫌鳳梨 酥 禮盒,50
新年 禮盒 金兔 專屬 禮盒 水果 禮盒果 乾禮盒 過年 禮盒,5
3 點 1 刻 陪 你 泡 台灣 綜合 沖 泡 禮盒 4 種 口味,5
bamford 天竺葵 禮盒,5
禮盒 組,10
無二鴻福 雙喜 禮盒 芝麻 糕 芝麻 酥,5
木瓜 禮盒,5
貝親 迪士尼 新生 奶瓶 禮盒,5
福義軒 手工 芝麻 蛋 捲 禮盒 600g,10
馬 祖 老酒 麵 線 禮盒,5
南投 縣魚 池鄉 農會 紅茶 蛋 捲 禮盒 64g5 入紅茶 蛋 捲 6,5
蝴蝶 酥 禮盒,15
MaryMeyer 寶貝兔 迎新 禮盒,5
鋪 鋪 發酥餅 禮盒,10
添福 冰糖 豬腳 麵 線 禮盒,130
產銷 履歷 蜜棗 禮盒,10
土鳳梨 酥 禮盒,45
紅 帽子 法蘭 酥 禮盒 32 枚,35
MALINGOETZ 大麻 草蠟燭 禮盒,10
牛奶 戚風 N 綜合 禮盒,20
卡滋 堅果 爆米花 雙 併 禮盒 0107,5
盛香珍 法國 酥 禮盒 250g,5
台灣 掬水 軒丹麥 風味丹麥 酥餅 禮盒 掬水 軒酥餅 禮盒 附 提袋,5
粉藍 熊語 禮盒,15
綜合 米果 禮盒,10
胡同 元氣厚切 海苔 新春 禮盒 六入 組,10
禮盒 盒子,5
力雄 茶行 阿里山 烏龍 茶 禮盒,5
黑蒜液 禮盒,5
MOS 摩斯 蒟 蒻 禮盒,15
免運 MOS 摩斯 漢堡 期間 限定 蜂蜜 柚子 蒟 蒻 蒟 蒻 禮盒 高纖,5
小怪 獸 韓式 夾心 海苔 禮盒,10
帕米貝 可 精裝 版千層 蝴蝶 酥 禮盒 3,20
福義軒 綜合蛋 捲 禮盒,20
蜜香 吉安 芋頭 罐頭 禮盒,5
高岡屋 極品 經典 味付 海苔 禮盒 90 束 78g,10
新 復 珍 香菇 冬菜 綠豆 椪 禮盒 素食,5
綜合 芝麻 糕 禮盒,45
英記 餅家 綠茶 蛋卷 送禮 自用 禮盒,5
萬歲 牌 吉祥 迎春 堅果 禮盒 無 調味 綜合果 x 蜜脆 雙果,15
500NY10033119112 春 日月潭 紅茶 方塊 酥 禮盒,5
統 一生 機 可可 堅果 夾心 酥 禮盒 440g,10
甜園 夏威夷 豆牛 軋 糖 圓滿 禮盒 1 盒 法式 純 手工 花生 杏仁,5
綜合 磅 蛋糕 禮盒,15
新春 限定 禮盒,5
77 新貴 派 好事 花生 綜合 禮盒,5
盛香珍 手工 煎餅 禮盒 570g,5
盛香珍 綜合 瓜子 禮盒,5
比得 兔 幸福 雙享 捲 心 酥 禮盒 800G,10
卡滋 堅果 爆米花 雙 併 禮盒 0119,5
高岡屋 岩燒 海苔 禮盒 60g,5
五福 臨門 堅果 酥 禮盒,10
比得 兔 幸福 雙享 捲 心 酥 禮盒,10
濾掛 咖啡 禮盒,5
濃芋 禮盒 甲仙 農會,5
盛香珍 醇韻 雙味脆 捲 禮盒,5
福義軒 台灣 好餅 乾三入 禮盒,5
阿華田 巧克力 麥芽 蛋 捲 禮盒 兔子 夜燈款,10
御 復 珍頂級 杏仁 禮盒 組年 節禮盒 節慶禮盒 精美 禮盒 送 禮大,5
青鳥 旅行 曙光 序曲 綜合 真巧 蛋 捲 禮盒,20
丹麥 酥餅 禮盒 鐵盒,5
福義軒 綜合 手工 蛋 捲 禮盒 490g,10
野角 頂級 南非 國寶茶 禮盒 組,5
萬歲 牌 活力 堅果 禮盒 禮盒 內 含加 贈什 穀 杏仁 堅果 飲,10
77 品味 經典 綜合 禮盒,5
真好 禮西雅圖 咖啡 蛋 捲 禮盒,5
喜 饌 禮盒,5
代收 代付 午茶 夫人 新春 十全十美 禮盒 花草 茶 手工 餅乾,5
彩虹 麵 禮盒,5
龍情 情意 禮盒 鳳梨 酥,15
台北 肉 鬆 蛋卷 禮盒,20
KIWIGO 綜合 禮盒 組附 提袋 餅乾 堅果果 乾 素食,5
碧螺春 綠茶 禮盒,5
一蘭金 喜迎春 禮盒,5
蒙恩 兔躍 吉祥 禮盒,10
豬腳 麵 線 禮盒,5
草莓 雪酪 禮盒,5
喜盛樂 禮盒,5
義美 脆果 豐收 禮盒,5
波特 小姐 家族 原味 蛋 捲 禮盒 432G,15
林百貨 手工 餅乾三入 禮盒 組,5
鮮 一杯 南非 國寶茶 禮盒,5
野菜 園 海苔 三明治 禮盒,20
雋品 岩燒 海苔 禮盒 原味,45
美心 佳品 招招 財酥餅 禮盒 90G,10
佐滋賀 禮盒,10
核棗 糕 禮盒,25
禮盒 幻夢 石榴,10
圓片 牛軋 糖錦囊袋 禮盒,10
盛香珍 法國 酥 綜合 禮盒,5
現貨 優惠感 日本 禮盒 日本 禮盒 枕頭 萌貓 禮盒 貓咪餅,5
御護 關鍵 禮盒,5
紅 帽子 法蘭 酥 綜合 禮盒 24 枚 1872g,5
澤井鬼 太郎 禮盒 組,5
大倉 米 日本 禮盒,10
新寶珍餅 舖 奶油 酥餅 禮盒,5
4718201187128PEKOE 點心坊 三味 爆米花 禮盒,10
義美鳳 黃 酥 禮盒,5
義美蛋 捲 烘焙 坊 禮盒,15
寶珍 香桂圓 蛋糕 禮盒,10
七富 寶台灣椎茸 禮盒,10
紅茶 禮盒 空盒 30 入 50 入,5
高岡屋 岩燒 海苔 禮盒,5
代收 代付 喜年 來 芝麻 蛋 捲 禮盒 512g 愛買,15
喜 饌 濃巧 禮盒,5
