item_name,item
Five 洋芋 脆餅 180g 原味,5
蔬十 穀 米 同心 餅就 愛 原味,25
原味 香鐵蛋,16545
原味 切達 乾酪 絲,460
美心 精 緻 原味 雞 蛋卷 208G,40
道 地 的 偉特經 典鮮 奶油 糖 綜合包 原味 咖啡 口味 320g 袋,445
海龍 王方塊 酥 原味,30
大阪 前 田 製 菓 巧 虎 蛋 酥 原味 蔬菜 6 袋入 7M 小 饅頭,40
青鳥 旅行 原味 肉 鬆 蛋 捲 隨 享 盒 5 入 不 附 提袋,15
旺旺 精純米餅 原味 48g,5
綜合 杏仁 餅禮盒 原味 芝麻 餐御宴,65
泉利 原味 鹹 餅,105
福記 香鐵蛋 原味,7225
統 一生 機海鹽 洋芋片 原味 50g,925
韓國 ibobomi 嬰兒 米餅 米 圈圈 30g 原味 蘋果,245
超夯 零嘴 冬山鄉 農會 黑胡椒 香酥 菇 杏 鮑菇 原味 香酥 菇 黑美人,5
旺 仔米餅 原味,10
Lays 樂事 經典 原味 洋芋片 12g50 包,90
酥脆 雞皮 原味,420
旺仔 小 饅頭 經濟包 原味,5
笑 牛 原味 迷你 乾酪,11990
蘇記 原味 太陽餅,50
旺仔 小 饅頭 原味 95g,3145
ibobomi 米餅 原味 30g30g,155
POYA 有機 摘 星星 米餅 7g 原味,855
香鐵蛋 原味 鵪鶉 蛋,200
爆米 星球 原味,225
新 錡 原味 麥芽餅,220
零售 區樂事 罐裝 洋芋片 原味 切達 起司 奶 焗 香味 蔥 3 種,50
夏威夷 果軟 糖 綜合 黑糖 抹 茶 原味 150 克,25
S 買 可樂果 原味 24g,3395
喜年 來 原味 蛋 捲 吉慶禮盒 384g,690
原味 蓮子 酥,5
12 韓國脆 蝦頭 50g 原味,355
阿 甘薯 叔 原味 甘薯 脆片,25
福味 手工 麻花 捲 原味 65,25
仁愛鄉 櫛瓜 脆片 原味,25
福記 鐵蛋 棒球 隊 原味 辣味 鐵蛋 30g 刷卡 附發票 最,135
相撲手 紫菜 原味,10345
SF 益生菌 蒟 蒻 果凍 280g 原味,385
旺仔 小 饅頭 原味,255
海鹽 洋芋片 原味 50g 包 798875,30
KS 有機 原味 腰果,285
稻鴨米餅 有 機寶寶米餅 嬰兒餅 乾 糙米 餅米 泡 芙 有機 原味,125
量 販樂事 美國 經典 原味 洋芋片 119g,575
生發號 7 粒鐵蛋 原味,5
函館 一口 起司 蛋糕 8 入 原味,35
陳 年老 茶 原味,25
KONOMI 相撲 手脆 紫菜 原味 32g32g,80
阿 甘薯 叔 原味 地瓜 脆片 195g,10
8809693950003ibobomi 嬰兒 米餅 原味,5
ibobomi 嬰兒 米餅 原味,70
香酥 黑美人 菇 原味,5
集賢 原味 洋芋 卷,15
韓國 農心 蝦味條 原味 辣味 75g 韓購網,5
薯片 先生 原味 100g,385
三立 幼兒 米餅 蔬菜 味 原味 米餅 50g 嬰兒 米果 米 菓,145
老 楊經典 原味 方塊 酥,210
福記 日式 素豆 干 原味 辣味 152g 免運 刷卡 附發票,5
三星 蔥寶寶蔥 油餅 原味,5
飛魚餅 原味 辣味,45
有 機米 小泡 芙 原味,40
義美 杏仁 巧克力 酥片 原味 140g,1825
原味 手工 現做潤餅,5
S 買 可樂果 原味 72G,1205
美心 精 緻 原味 蛋 捲,430
義美 蛋卷 原味 60g,480
阿 甘薯 叔 地瓜 脆片 195g 原味,1855
福記 鐵蛋 棒球 隊 原味 辣味 30g 刷卡 免運附 發票 最新,70
Cofeel 凱飛 鮮脆 無 調味 原味 腰果 1000g 桶,10
S 買卡 那享 自然 地 瓜片 原味 62G,730
香鐵蛋 原味,270
福記 香鐵蛋 原味 30g,15
舞味本 舖 幼兒 蛋 酥 前田 嬰兒 幼兒 蛋 酥 野菜 蛋 酥 原味 蛋 酥,165
快樂牛 原味 乾酪,230
煙 燻 原味 乾酪,70
起司球 原味,340
有機 花生米 漿 原味,345
MUJI 無 印良品 國產 番薯 脆片 原味 95g,85
記香 鐵蛋 原味,8045
難 吃 的 瓜子 原味,170
番薯 先生 福記 香鐵蛋 6 粒裝 鵪鶉 蛋 原味 辣味 棒球 隊,50
經典 原味 日式 曲奇 餅乾 1216,10
韓國 寶寶米餅 原味,85
廖心蘭 小豆 丁 原味,225
濱田 原味 威化 餅 40 枚,155
宅配 Line12 袋花蓮 縣餅 原味 奶油 酥條,70
萬益 食品 原味 豬肉 角益角 110g,10
甘緣 棒 原味,45
KoNoMi 相撲手 原味 脆 紫菜 32g,980
有機 原味 豆干 400g 味萬田,1080
Enaak 香辣 點心 麵 綜合點 心 麵 原味 辣味 半半 42,10
KONOMI 相撲 手脆 紫菜 32g 原味,2850
嘉禾 小 麻花 原味 220g,710
福記 日式 素豆 乾 原味,760
原味 胡椒 酥炸棒 腿 20221211v9lpzna3,5
西塢 沙琪瑪 原味,25
旺旺 煎 豆子 原味,1870
福味 手工 麻花 捲 原味,65
醉戀梅 酒 500ml 濃醇 原味,655
傳貴 有機 原味 白豆 干,10
S 老 楊 鹹 蛋 黃 魚皮 經典 原味 90g,40
泰國 大哥大 花生豆 220g 蝦味 芥末 雞汁 原味 椰漿 酸辣,20
韓國 Ibobomi 嬰兒 米餅 寶寶餅 乾 原味 蘋果 菠菜,130
瓦燒 煎餅 原味,15
選軟質 原味 乾酪,90
美心 原味 雞 蛋卷,560
萌寶寶 大米 餅 原味 F701,50
寶貝彈 原味,120
旺仔 原味 小 饅頭 60g,5
綜合 A 原味 餅乾,490
比得 兔 迷你 原味 雞蛋 煎餅 60g,25
旺仔 精純米餅 原味,70
姑姑 茶葉 蛋豆 干 原味,310
原味 腰果 元昕辰,20
卡滋 蕃薯 脆片 原味 90G 愛買,115
konomi 相撲 手脆 紫菜 原味,680
米米花 經典 原味,15
Arla 奶油 乾酪 原味 150g,5
嬌澳 蝦餅 原味,185
旺仔 精純米餅 原味 48g,3060
爆買 日本 大阪 前 田 製 菓 巧 虎 蛋 酥 原味 蔬菜 6 袋入 7,5
福記 原味 鐵蛋 6 入,45
韓國樂 天初 飲 初樂 原味 燒酒 360ml,245
S 買卡 廸 那 寶 咔 咔 原味 70G,5
魔爆 手工 玉米花 120g 經典 原味,200
吉福小餅 原味 115g 鴻福,2130
區香 鐵蛋 原味 28,5
原味 鐵蛋,100
泰國 香脆 卡 啦 薯條 原味,90
3S 原味 肉桂 捲,90
鄉親 特舌餅 原味,10
另有 原味 蛋撻 兌換券,5
經典 原味 日式 曲奇 餅乾 0110,20
S 福味 手工 麻花 捲 綜合包 原味 黑,785
S 福味 手工 麻花 捲 原味 7,55
台灣 福記 日式 豆干 原味 辣味 152g 免運 刷卡 附發,75
美心 精 緻 原味 雞蛋 捲 禮,45
聖祖 系列 烤 紫菜 原味 辣味 素食 全素 35g,10
福記 香鐵蛋 原味 6 粒入 雞 蛋 1,25
香鐵蛋 原味,10
經典 原味 日式 曲奇 餅乾 1215,5
ibobomi 嬰兒 米餅 原味,265
柴語錄 原味 曲奇 餅,15
一之軒 10 入 原味 甜心 牛軋餅,130
3 點 一刻 經典 奶茶 袋裝 300g 原味,1620
經典 原味 日式 曲奇 餅乾 1221,5
開發票 老舊 金山 無糖 拿 鐵 二合一 原味 Costco 好市,25
旺 仔米餅 原味,4110
統 一生 機海鹽 洋芋片 原味 50g,5060
有 機米 星星 餅 原味,30
米米花 經典 原味,5
快車 肉 乾元 氣條 原味 205g,45
卡滋 番薯 脆片 享樂包 150g 原味 50g2 梅子 50g1,75
黑橋牌 條子 肉 乾炙燒 原味,695
拿盒 原味 蛋撻,5
福記 日式 素豆 干 152g 原味,355
相撲 手脆 紫菜 片 原味,70
寶哥 麻花 捲 原味 150g,135
團購 仁愛櫛瓜 脆片 原味,10
三立 幼兒 米餅 原味,125
S 原味 梅片 50g,1615
集賢庇護 工場 原味 洋芋片,35
旺旺 煎 豆子 原味 160g,140
福記 日式 豆干 原味 辣味 152g 刷卡 免運附 發票 最,5
原味 星星 米餅,135
快車 肉 乾元 氣條 原味 95g,55
鮮御坊 法式 經典 原味 杏仁 果牛 軋 糖 牛 軋 糖 特質 天冷會 較 硬,25
原味 胡椒 酥炸棒 腿 20230104v9lp1diy,5
義香珍 香港 桃酥 原味 黑糖 3000g,10
老 楊 鹹 蛋 黃 魚皮 90g 經典 原味,20
經典 原味 日式 曲奇 餅乾 1227,5
卡滋 蕃薯 脆片 原味 90G,940
初鹿牧場 花生 原味 牛軋 糖 220g220g,30
番路 柿果 脆片 原味,5
樂事 世界 風 原味 12 入,10
泰 酥脆 原味 椰奶 脆片 42g,5
阿 甘薯 叔 原味 地瓜 脆片 330g,5
萬泰 花生 酥 原味,55
原味 香鐵蛋 雞 蛋 175g,5
韓國 ibobomi 嬰兒 米餅 30g 紫薯 原味 蘋果,50
福記 香鐵蛋 20 粒入 100g 原味 辣味 懂 吃零食 零,35
原味 胡椒 酥炸棒 腿 20230211nzw2dtfu,5
原味 嬰兒 米餅,1895
福義軒 原味 麻雀 蛋 酥 170g,45
前田巧 虎 6 入 原味 蛋 酥,60
聖藏 買 S 鮮 奶油 乾酪 原味 150G,95
優龍 原味 餅乾,27310
MarinFood 起司球 原味,10
代收 代付 原味 秀珍菇 脆片餅 乾 蔬果 餅乾 天然 蔬果 脆片營,20
S 買卡 那享 自然 芋頭片 原味 45G,520
3S 預信裕軒 原味 杏仁,5
Friskies 喜躍 PartyMix 經典 原味 香酥 餅,5
丸京 銅鑼燒 原味 紅豆 324g324g,50
高纖 蒟 蒻 條 原味,5
原味 胡椒 酥炸棒 腿 20221218x8hwt9yc,5
KONOMI 相撲 手脆 紫菜 原味,5
全新 升級 分享 包快 車肉 乾元 氣條 原味 185g,25
原味 手工 蛋卷,5
再折 30 韓國 農心洋 蔥 圈 蝦片 原味 辣味 酥,95
旺仔 小 饅頭 原味 35 克,5
0672147085 福記 香鐵蛋 原味 鵪鶉 蛋,20
要 兌換 原味 蛋撻 一盒,5
宮膳 田豆 酥 原味,10
日本 伊藤經典 原味 餅乾 78g,20
尚野家旗 魚天 婦羅 原味,40
特濃 牛奶糖 60g 原味 新,15
區高坑 原味 牛肉 角 隨身 包,5
原味 胡椒 酥炸棒 腿,40
薯片 先生 原味 463833,5
美好 人生 稻鴨有 機米餅 原味 海力捷,205
乳酪 絲 原味,135
原味 香鐵蛋 鵪鶉 蛋 130g,20
美心 精 緻 原味 雞 蛋卷 208g,15
香濃 乳酪 絲 100 乳酪 高鈣 原味 辣味 素食 可 60 克,30
25 旺仔 原味 小 饅頭 盒,5
京田米 餅片 狀 原味,25
函館 一口 起司 蛋糕 8 入 原味,5
萬泰 食品 澎湖 花生 酥 原味 200 克,15
旺仔 小 饅頭 原味 220089,5
和 寓 蛋 酥 原味,25
原味 雪茄 蛋 捲 10 入,10
Calbee 加樂 比 蝦條 原味 大蒜 醬油 一歲 4 連 日本,35
貝比瑪瑪有 機米餅 原味 50g,10
原味 胡椒 酥炸棒 腿 20230223q4ldxh0v,5
KOPIKO 咖啡 糖果 原味 150g,5
骰子 雞球 原味,15
大武山 牧場 蛋入 一口 蛋 捲 經典 原味 法式 可可 紅玉紅 茶,10
日本 OHGIYA 扇屋 一口 起司 原味 鱈魚 起司條 23,10
韓國 enaak 綜合小雞 麵 原味 辣味 30 入盒 香脆 點心,5
新加坡 皇馬 V8 原味 香菸 20 支,115
安記 香鐵蛋 原味,85
DrRice 稻鴨米餅 原味 75 克包 寶寶米餅 嬰兒,5
春 上 原味,15
蛋撻要 兌換 一盒 原味,5
韓國 真露 原味 燒 酎 360ml,20
鬼頭 刀魚 酥 原味,55
皇家 煙 燻 原味 乾酪,40
萊 D 黑橋 牌厚燒 原味 條子 肉 乾,55
鐵蛋 原味 雞蛋,20
老 楊經典 原味 方塊 酥 300g,10
極饌 原味 小龍女 150g,40
現貨西塢 台灣鳳 梨 酥 原味 鳳梨 酥 草莓 酥 哈蜜瓜 鳳梨酥手,5
台灣 福記 日式 豆干 原味 辣味 152g 刷卡 附發票 最,110
旺仔 精純米餅 原味 709539,15
老楊 原味 方塊 酥,20
韓國 MBBABY 萌寶寶 大米 餅米 棒 原味 胡蘿 蔔 紫,40
櫛瓜 脆片 原味,20
泰 酥脆 椰奶 脆片 原味 42G,5
福記 香鐵蛋 原味,5
安素 原味,55
高纖 原味 可可 焦糖 海鹽 椰子 脆片 宅 時光,15
旺旺 WANTWANT 旺仔 小 饅頭餅 乾 原味 南瓜 紫薯,25
王子 麵 分享 包 原味,10
原味 肉 酥,5
旺仔 精純 原味 米餅,10
免運 發票 旺 仔小 饅頭 原味 鐵罐 媽媽罐 210g 隨時,5
MarinFood 起司球 原味 130g,25
圓盒 鳳梨 酥 550g 原味,5
代收 代付 掬水 軒高 纖蘇 打餅 乾 100g 原味 新纖薯,30
萬歲 牌 原味 開心果 罐 420g 新高 橋藥局,5
萊 D 黑橋 原味 條子,70
原味 胡椒 薯 第一 20230404nzw2gefl,5
加量 不加 價台灣 上 青台灣 黑糖 麥芽餅 350 克 g 原味 麥芽餅 鹹 蛋,30
好旺 村 蝦薯 條田園 番茄 原味 起司 卡拉 脆薯 薯條 脆薯,5
香鐵蛋 原味 鵪鶉 蛋 74g,15
團 原味 杏仁 牛軋 糖 170g,10
梓官 區漁會 戀戀 蚵 仔 寮 原味 旗 魚 鬆 250g,5
日本 進口 UHA 味覺 糖 甘薯 心動 薯片 原味 鹽 奶油 風,5
贈美心 原味 雞 蛋卷 14g32 條,15
原味 胡椒 酥炸棒 腿 20230404c1gfyyg4,5
千歲 原味 腐乳 209g,10
素 的 手工 一口 蛋 捲 63 段 原味 芝麻,5
量 可樂果 原味,5
韓國 真露 原味 燒酒 360cc,5
鹹 甜 滋味 傳六什錦 豆豆 菒 子 原味 辣味 天六 Denr,20
老 楊經典 原味 方塊 酥,5
代收 代付 樂事 洋芋片 美國 經典 原味 85G 愛買,5
KAKA 饕 海王 十三 香小龍 蝦 風味 脆片 鐵桶 經典 原味 2 入,15
巧益 沙茶 豆干 原味,5
代銷 預感香 烤 洋芋片 原味,60
世界 GO 韓國 ORION 好麗友 POP 炸雞 爆米花 原味,40
義美 平安 肉 鬆 禮 盒 原味,15
米 大師鮮 爆米餅 寶寶米餅 生機 糙米 餅 原味 起士 奶油 海,110
寶寶樂 DrRice 美好 人生 稻鴨米餅 75g 新 原味,5
相撲手 原味,5
紅龍 搖搖雞球 原味,10
新港 香酥 黑豆 原味 200g,5
原味 香鐵蛋 175g 新東陽 官方 直營旗 艦店 鐵蛋 原味,5
甲仙 芋 香酥 條 原味,10
原味 蛋撻要 現場 兌,5
京田米餅 原味,10
小鐵蛋 原味,5
10 倍 蝦幣 回饋 蛋 酥 花生 芝麻 原味,10
10 蝦幣 回饋 蛋 酥 花生 芝麻 原味 紅 麴 竹炭 芥末,5
紅龍 原味 搖搖雞,5
卡滋 番薯 脆片 原味 90g,5
日日 旺 香脆 卡 啦 脆條 原味 25 克袋 裝泰國,5
快樂牛 原味 曲奇,925
Marcella 瑪 莎拉 手工 餅 舖 獨享 桶 原味 X1 伯爵 紅茶,30
i 稻鴨米餅 原味,80
抱米 香 原味,5
米餅 原味,225
S 黑橋 牌厚燒 原味,40
新味軒 原味 方塊 酥,5
量樂事 美國 經典 原味 派 對 分享 包,15
代收 代付 ChiaoE 巧益 香蔥 原味 夾心 蘇打餅,5
傳貴 有 機豆 干 原味 300g,20
客券 要訂 四盒 原味 蛋,5
推祝香 原味 腰果,10
臻 御行 特大 原味 腰果 300g,5
原味 鐵蛋 小,10
konomi 相撲 手脆 紫菜 原味,5
魚酥條 原味 台,5
換 4 盒 原味 蛋撻,5
代收 代付 樂事 原切 地 瓜片 原味 79g 愛買,5
代收 代付 嬌澳 蝦餅 原味,25
量 小貝京 原味 小梅 棒,5
憨 擠餅 原味,10
巧益 鹹 蛋 黃 酥 原味 230g,5
萊 1D 黑橋 牌厚燒 原味 條子 肉 乾,15
傳統 零食 米香 爆米 香茂隆 爆米 香 單入 批發 純素 米 香 原味,5
原味 胡椒 薯 第一 20230125nzw26s1l,5
福記 原味 鐵蛋 24 粒小,5
格力 高 Glico 奶油 夾心餅 香草 咖啡 歐蕾 草莓 原味,5
道 地 的 偉特糖鮮 奶油 原味 330g 袋,5
預軒記 原味 杏仁 脆,5
香鐵蛋 原味 17 粒,10
原味 胡椒 酥炸棒 腿 20230317x8hwtm0e,5
原味 胡椒 酥炸棒 腿 20230331x8hw949t,5
西班牙 軟質 原味 山 羊奶 乳酪 1KG,5
美心 杏仁 條 原味,5
原味 番薯 脆片 95g,5
福記 香鐵蛋 20 粒入 100g 原味 辣味 蘇珊 小姐 零食,5
團美心 精 緻 原味 蛋卷,15
溢旺 原味 梅 果肉 100 克,15
黑橋牌 香腸 原味,5
