item_name,item
麥芽 牛乳 保久乳,55
箱 購義美 牛乳 保久乳,1725
免運義美 保久乳 牛乳 牛奶 125ml 常溫 宅配,145
義美 牛乳 保久乳 125mlx24 家樂福,40
福樂 蘋果 牛乳 保久乳 200ml 毫升 x6 家樂福,65
極品 限定 保久乳 系列 高鈣 牛乳 蘋果 牛乳 可可 牛乳 200m,430
義美 牛乳 保久乳,18575
福樂 保久乳 蘋果 牛乳 200mlx6 入 x4 組,275
現貨超 商免 運義美 保久乳 125ml 牛奶 牛乳 24,20
義美 牛乳 保久乳 125mlX24 罐免 運 刷卡 附發票,155
義美 牛乳 保久乳 任選,15
快速 出貨 現貨 QQINU 國農 牛乳 保久乳 巧克力,5
義美 保久乳 125ml 原味 牛奶 牛乳 鋁箔 包飲料,235
箱購 福樂 保久乳 牛乳 高鈣 低脂 巧克力 蘋果 200ml,5
福樂 保久乳 巧克力 牛乳 200cc,10
義美麥芽 牛乳 保久乳 125mlx2 箱共 48 入,95
義美 牛乳 保久乳 250ml250ml,5
電子 發票 現貨義美 牛乳 125ml24 義美 保久乳 牛奶,15
義美 牛乳 保久乳 125MLx24 愛買,605
福樂 保久乳 香蕉 牛乳 200mlx6 入 x4 組,270
義美 牛乳 保久乳 250ml6 組 250ml6 組,40
VIP 義美義美 牛乳 保久乳 125ml24 入 x2 箱共,305
福樂 保久乳 高鈣 低脂 牛乳 200MLx6 入愛買,600
義美 牛乳 保久乳 125mlx6 愛買,290
IMEI 義美 100 台灣 生乳 製 牛乳 保久乳 125m,15
義美台灣 生乳 製 義 美 保久乳 巧克力 牛乳 保久乳 麥芽 牛乳,195
義美 牛乳 100 台灣 生乳 保久乳 巧克力 牛乳 125ml,25
義美 保久乳 牛乳 125mlX24 罐入 一箱 刷卡 免運,15
義美 牛乳 保久乳 箱 125ml24,470
福樂 低脂 高 鈣 牛乳 保久乳 200ml 毫升 x6 家樂福,55
義美義美 牛乳 125mlx24 瓶 保久乳,845
北海道 36 原味 牛乳 保久乳 20,140
義美 牛乳 保久乳 125ml6 入 巧克力,820
電子 發票 現貨義美 牛乳 125ml24 義美 保久乳 原味,30
箱購 福樂 保久乳 牛乳 高鈣 低脂 巧克力 蘋果 雙麥 咖啡,120
福樂 巧克力 牛乳 保久乳 200ml 毫升 x6 家樂福,60
義美 牛乳 保久乳,60
台農 牛乳 全脂 保久乳,275
義美 牛乳 保久乳 125MLx48 箱愛買,35
好 厝 邊義美 保久乳 125ml 箱出 一箱 24 瓶 牛乳,10
福樂 保久乳 蘋果 牛乳 200mlx6 包,1345
義美 牛乳 保久乳 250ml64 箱 250ml64,20
義美 牛乳 保久乳 原味 麥芽 巧克力 125mlX24,175
福樂 保久乳 牛乳 箱購 高 鈣 低脂 巧克力 蘋果 200,5
義美麥芽 牛乳 保久乳 125ml24 入箱,180
福樂 巧克力 牛乳 保久乳,10
現貨供 應義美 保久乳 125ml24 入義美 保久乳 牛乳,40
義美 牛乳 保久乳 125ml 免運 刷卡 附發票 最新 效期,760
箱購 福樂 保久乳 牛乳 高鈣 低脂 巧克力 蘋果 咖啡 香蕉,155
202308 最新 效期 義美 保久乳 牛乳 牛奶 巧克力,40
紐西蘭 Westgold 全脂 保久乳 牛乳 牛奶 雷克威,5
代收 代付 義美 牛乳 保久乳 125mlx6 愛買,10
福樂 保久乳 高鈣 低脂 牛乳 200,20
克寧美祿 保久乳 高鈣 成長 牛乳 紫薯 藜 麥 牛乳 草莓 優酪,380
Chara 微百貨義美 IMEL 牛乳 保久乳 優,10
現貨國農 牛乳 保久乳 草莓 巧克力 麥芽 果汁 原味 超取,170
義美麥芽 牛乳 保久乳 125ml6 瓶 125ml6 瓶封,165
義美 牛乳 保久乳 6 入,20
義美 牛乳 保久乳 125MLx24,15
義美 牛乳 發票 巧克力 牛乳 125ml24 入義美 保久乳,110
福樂 保久乳 全脂 牛乳 200mlx6 愛買,75
現貨 超取 最多 1 箱 24 入國農 牛乳 保久乳 草莓 巧克力 麥,10
電子 發票 義美 牛乳 125ml24 義美 保久乳 原味 義美,70
福樂 保久乳 全脂 牛乳 200mlx24 入愛買,215
義美 牛乳 保久乳 125ml,20
箱 購義美 牛乳 保久乳,30
義美高 鈣 營養 牛乳 保久乳 125ml24125ml24,20
義美麥芽 牛乳 保久乳 125ml24 瓶箱 125ml2,10
N 國農 牛乳 保久乳 6 入,5
克寧 保久乳 寶可夢版 高 鈣 成長 牛乳 紫薯 藜 麥牛,105
福樂 保久乳 高鈣 低脂 牛乳 200cc,5
義美麥芽 牛乳 保久乳,10
天守 極乳 原味 牛乳 保久乳 215mlx24 罐 PP 瓶 附小,5
義美 牛乳 保久乳 高鈣,5
箱購 福樂 保久乳 蘋果 牛乳 200mlx6 入 x4 組,35
箱購 福樂 保久乳 巧克力 牛乳 200mlx6 入 x4 組,65
義美 牛乳 保久乳 125ml24 大買家,5
輸碼 折 50 元義美 牛乳 保久乳 250ml24 入箱,5
輸碼 折 90 元義美 牛乳 保久乳 250ml24 入箱,5
瑪德蓮 烘焙 法國 艾許 中脂 牛乳 保久乳 原裝 1L,5
義美 牛乳 保久乳 125ml,15
福樂 保久乳 全脂 牛乳 200mlx24 愛買,65
代收 代付 義美 牛乳 保久乳 125ml24 入箱,35
台 灣 製 造 100 生乳 製 造 義 美 保久乳 牛乳 保久乳 保久乳,5
箱購 福樂 保久乳 堅果 牛乳 200mlx6 入 x4 組,50
箱購 福樂 保久乳 香蕉 牛乳 200mlx6 入 x4 組,55
福樂 低脂 高 鈣 牛乳 保久乳 200ml 毫升 x24 家樂福,10
免運附 發票 義美 牛乳 125ml 保久乳 牛奶 牛乳,5
發票 義美 牛乳 巧克力 牛乳 125ml24 入義美 保久乳,10
