item_name,item
福樂 全脂 保久乳,29885
福樂高 鈣 低脂 保久乳 200ml6 包組 406571,40
全脂 保久乳 箱,70
保久乳 調味,35
全脂 保久乳,2325
台農 保久乳 全脂 200cc,20
福樂 香蕉 口味 保久乳 200mlx24 入,130
福樂 蘋果 口味 保久乳 200mlx24 入,180
福樂高 鈣 低脂 保久乳 200ml,15
麥芽 保久乳,85
台東 初鹿 100 保久乳 200mlx6 組,40
團 全脂 保久乳,705
福樂 蘋果 保久乳 200mlx6 包組 200mlx6 包組,850
100 保證 玻璃 裝台 東初 鹿拿鐵 保久乳 保久乳 鮮 奶牛,10
福樂高 鈣 低脂 口味 保久乳 200mlx24 入,535
福樂 一番 鮮 保久乳,6490
萬丹 保久乳,9225
福樂 全脂 保久乳 100 生乳 200mlx24 瓶箱,65
草莓 保久乳,140
旺仔 牛奶 保久乳 飲品 245ml245ml,2490
義美 保久乳,18755
福樂高 鈣 低脂 口味 保久乳 200ml24 入 早餐 推薦,230
低脂 保久乳,1210
保久乳 蘋果,60
保久乳 草莓,105
田園 全脂 保久乳,10
箱購 旺仔 牛奶 旺旺 WANTWANT 保久乳 熱銷,105
福樂 保久乳 高鈣 低脂 巧克力 蘋果 香蕉 堅果 雙麥 咖啡,85
福樂 黑芝麻 保久乳 200mlx24 入箱,55
2S 福樂高 鈣 低脂 保久乳,265
義美 巧克力 保久乳 125ml24 入箱,30
全脂 FaceMilk 保久乳,15
台農 乳品 moo 保久乳,15
福樂高 鈣 低脂 口味 保久乳 200mlx24 入,835
調味 保久乳,35
保久乳 全脂,10
台農 巧克力 保久乳 飲品,46875
福樂高 鈣 低脂 保久乳 406571,35
限 今日 付款 福樂高 鈣 低脂 口味 保久乳 200ml24 入,70
台農 全脂 保久乳,330
福樂 全脂 保久乳 100 生乳 200ml24 瓶箱,705
台農 保久乳 巧克力,55
台東 初鹿 100 保久乳 24 入箱 保久乳,10
台農 保久乳 麥芽,25
薇 美 商店 台東 初鹿 原味 保久乳 100 生乳 200ml6,50
Binggrae 牛奶 保久乳 200ml24 入 口味 任選,5
福樂 全脂 保久乳 6 入,40
台農 保久乳 果汁 250ml24,5
台東初 鹿現 貨台 東初 鹿 原味 保久乳 100 生乳 200,20
福樂 蘋果 保久乳,5
聊聊 領券 92 折福 樂 保久乳 高鈣 低脂 巧克力 蘋果 香蕉,10
台農 全脂 保久乳 巧克力,15
旺旺 旺仔 牛奶 保久乳 飲品 245ml,5
福樂 保久乳 咖啡 歐蕾 200mlx6 入 x4 組,50
桂格福樂 保久乳 高鈣 巧克力 香蕉 蘋果,75
福樂高 鈣 低脂 口味 保久乳 200mlx48 入箱,95
福樂 巧克力 保久乳 200ml6 包組 405317,5
台農 保久乳 麥芽 250ml24,30
福樂 保久乳 高鈣,34910
福樂 全脂 保久乳 200mlx24 瓶箱 福樂高 鈣 低脂,20
福樂 全脂 保久乳 200mlx6 入,40
義美 全脂 保久乳 6 入,515
終於到貨 等到 你 了 義美 保久乳 傳統 豆奶 豆漿 寶吉 蘋果果,15
福樂 保久乳 雙麥 200mlx6 入 x4 組,40
台農 全脂 保久乳 新,35
箱 購免 運開 心牧場 HappyBarn 保久乳 35,35
義美 100 台灣 生乳 製 保久乳 72 瓶免 運組,5
2S 福樂高 鈣 低脂 保久乳 200ml6 入,2115
味全 萬丹 保久乳,5
保久乳 咖啡,20
台農 保久乳 果汁 250cc24 入,5
福樂 香蕉 口味 保久乳 200mlx24 入,265
福樂 香蕉 口味 保久乳 早餐 推薦 200ml24 入,35
台農 乳品 巧克力 保久乳 飲品 200mlx24 瓶 箱網,5
保久乳,135
紐麥福 全脂 保久乳,20
萬丹 保久乳 200mlx24 入箱 蝦 皮直 送 現貨,20
台農 蘋果 保久乳 飲品,210
四葉 北海道 保久乳,780
台農 保久乳 草莓 250,5
義美 100 台灣 生乳 製 保久乳 48 瓶免 運組,15
義美 保久乳 原味 保久乳 巧克力 保久乳 胚芽 保久乳 任,10
保久乳 低脂,10
免運 MeadowFresh 紐麥福 全脂 保久乳 威斯 蘭,20
箱 購免 運新 包裝 保久乳 1LPOLMLEK 保久乳 波蘭 第一,20
咖啡 保久乳,25
福樂 巧克力 口味 保久乳 200ml24 入 早餐 推薦網,10
德國 愛牧 牛奶 保久乳,25
草莓 保久乳 品,5
台農 草莓 保久乳 飲品,325
福樂 巧克力 保久乳,10
台農 乳品 全脂 保久乳 24 瓶箱 全脂 牛奶,30
巧克力 保久乳,65
福樂 黑芝麻 保久乳 200mlx24 入,65
國農麥芽 保久乳 保,5
紐西蘭 100 無 添加 保久乳,5
麥芽 保久乳 箱,55
預 果汁 保久乳 箱,130
台農 保久乳 蘋果,15
台農 保久乳 全脂,30
台農 保久乳 蘋果 250ml24,25
台農 保久乳,55
福樂 蘋果 口味 保久乳 200 毫升 x24 入,80
萊 D 福樂高 鈣 低脂 保久乳 200,35
團箱 購義美 巧克力 保久乳,10
草莓 保久乳 飲品,15
福樂 蘋果 保久乳 6 入,5
團台 東初 鹿 保久乳,225
麥芽 FaceMilk 保久乳,5
台東 初鹿 巧克力 保久乳 250ml,120
保久乳 全低脂,5
台農麥芽 保久乳 飲品,34220
蘋果 保久乳 箱,20
福樂 保久乳 系列 堅果 香蕉 高鈣 低脂 巧克力 蘋果 多款 可,25
一番 鮮 保久乳,11225
有 機巧克味 保久乳,705
保久乳 調味 乳,10
巧克力 保久乳 箱,25
蘋果 保久乳,60
滿箱 免運 Westgold 紐西蘭 原裝 進口 保久乳 全脂 牛奶,5
台農 全脂 保久乳 250ml,25
旺仔旺 仔 牛奶 保久乳 飲品 245ml6 入組,10
全脂 保久乳 飲品,10
福樂 雙麥 保久乳 200cc,10
麥芽 保久乳 飲品,20
台農 保久乳 麥芽 200cc,5
福樂 蘋果 口味 保久乳 200mlx24 入箱,60
FaceMilk 全脂 保久乳 新北,5
台灣現 貨安佳 紐西蘭純 牛奶 1 公升 Anchor 保久乳,635
六牛 原味 保久乳,25
團入 義美 巧克力 保久乳,440
保久乳 麥芽,5
水果 保久乳,30
台農 保久乳 低脂 250,5
保久乳 果汁,25
初鹿 原味 保久乳,20
六牛 巧克力 保久乳,40
台農 保久乳 巧克力 250ml24,25
台農 全脂 保久乳 草莓,5
果汁 保久乳,10
萊 1D 福樂高 鈣 低脂 保久乳 20,5
Cowhead 田園 全脂 保久乳,5
台濃 巧克力 保久乳,30
柳農 原味 保久乳,5
蘋果 保久乳 飲品,10
團入 義美 保久乳,2165
團箱 購義美 保久乳,165
台農 保久乳 麥芽,5
加價購 全脂 保久乳,35
福樂 黑芝麻 保久乳 200ml,10
全脂 保久乳 瓶,10
福樂 保久乳 香蕉 6 入,5
初鹿 原味 保久乳 24,5
初鹿 保久乳 成分 無 調整,5
預巧克 保久乳 箱,120
保久乳 特販品,10
台農 保久乳 咖啡 250cc24 入,5
福樂 一番 鮮 保久乳 150ml24 瓶,5
福樂 巧克力 口味 保久乳 200ml24 入 x2 箱,20
125 義美 保久乳,5
初鹿 保久乳 特價 210,5
箱購 福樂 保久乳 高鈣 低脂 200mlx6 入 x4 組,30
箱購 福樂 保久乳 咖啡 歐蕾 200mlx6 入 x4 組,40
福樂 保久乳 200ml6 入低 脂高 鈣,5
團入 台東 初鹿 保久乳,15
福樂 蘋果 保久乳 200mlx6 包組 51029,10
主恩 保久乳,10
買 就 送 哈根 達斯 提貨卷 台東 初鹿 100 生乳 使用 原味 保久乳,5
農會牌 保久乳 全脂 250cc,5
美祿 巧克力 飲品 經典 原味 減糖 配方 198mlx6 入 保久乳,40
輸碼 折 40 元限 今日 付款 福樂高 鈣 低脂 口味 保久乳 20,5
台東 初鹿 100 保久乳 24 入箱,5
保久乳 調味 乳,5
旺仔旺 仔 牛奶 保久乳 飲品 245ml24 入箱,5
福樂高 鈣 低脂 保久乳 200mlx6 包組 大潤發,5
台農 全脂 保久乳 麥芽,5
保久乳 蘋果,5
福樂 蘋果 保久乳 200g,10
台農 乳品 保久乳 系列 全脂 果汁 草莓 巧克力 麥芽 20,5
