item_name,item
HelloKitty 草莓 凍乾 12g,140
福樂 自然 零 草莓 優 920,450
力特 草莓 優格味 100g,80
千層 夾心 草莓 椰子,125
優格乳 草莓,70
福樂 低脂 優酪 草莓 100g2 入組 830484,10
福樂 草莓 歐蕾,9445
M 林鳳營 特濃重 乳 優格 草莓 4400g,5
雪比繽紛 優格 草莓 280g,20
井村 屋 草莓 巧克力 雪派,380
清爽 草莓,155
團立頓 草莓 奶茶,20
杜老爺 草莓 甜筒 82g4,675
透明 水果 多多 瓶 470ml 附背 帶 草莓 紅,65
福樂 草莓 優酪,25170
曠世奇 派 草莓 大 雪糕,9085
義美 草莓 泡 芙,12380
MONTEUR 草莓 蛋糕 卷 168G,70
旺旺 WANTWANT 旺仔 小 饅頭 原味 乳酸 多 布丁 草莓,65
久保田 草莓 大福 餅,15
週二食記 限量 草莓 季紅 臉頰 雪糖 168g 牛軋 糖 職人 手工,5
植物 的 優 蜂蜜 草莓 200gx2 瓶組 200gx2 瓶組,350
家福 草莓 調味 糖漿,170
Pinky 優鮮酪 益生菌 軟糖量 販包 原味 葡萄 草莓,90
吸凍 草莓 果汁,5920
貝 比斯特 蔬果 手指 泡 芙 草莓 蘋果 胡蘿 蔔,25
草莓 生貝果 哈慕尼 105g,340
手作 蘋果 麵 包 草莓 130g9,610
優格美 優酪 乳小 草莓,510
M 樂天 小熊 餅 家庭 號 草莓 風味 195,990
家福 草莓 塔 127 公克,1140
比菲多 軟糖 30g 草莓,320
964 草莓 之戀 6 吋,75
SIGNWIN 三得冠 草莓 布丁 粉 100g 盒奶素,5
051 草莓 大福 個,2055
ibobomi 乳酸菌 優格點 心 16g 草莓 藍莓 原味,65
草莓 生貝果 哈慕尼,160
盒裝果 凍 草莓,15
福樂鮮 攪 草莓 奶茶 375ml,135
艾唯倪 優格 豆豆 餅 草莓 風味 20g,5
小美 公升 冰 草莓,330
Chloes 克蘿伊 胖牙餅 20g 包 草莓 香蕉 鳳梨香,10
GAP 草莓 棒 23g,120
原住 草莓 大福,1110
光泉 晶典 小品 草莓 蒟 蒻 奶酪 100g3100g3 個,1385
M77 草莓 大波露 40g,190
義美泡 芙 草莓 39g,13080
草莓 可可 蛋糕 圈 220211,32695
草莓 歐菲香 211216,265015
福氣 烘焙 生活 館 美麗家 顆粒 藍莓 草莓 餡 1kg 烘焙 餡料,35
杜老爺 曠世奇 派 草莓 大 雪糕 90g 支 4 入,215
草莓 鬆 餅,35
M2 輕 次方 超 能 奶昔 草莓 優格 8 入 x3 盒,10
6 吋 雪藏 草莓,195
草莓 口笛糖 22g,40
植物 的 優 蜂蜜 草莓 優格 200g 瓶 200g 瓶,20
緹 泰食光 雪花 餅雪 Q 餅蔓 越莓 草莓 鳳梨 芒果 口味 珍,65
好丘 草莓 奶香貝果 奶素限 南港 車站 自取,10
草莓 優格 台灣,145
濃 可可 捲 草莓 味,1610
M 初鹿牧場 草莓 起司 雪糕 4 入,10
草莓 N 重 乳酪,410
愛爾曼 優酪 草莓,5
統一 草莓 多多 6 入,20
林鳳營 特濃重 乳 優格 草莓 526377,15
杜老爺 草莓 甜筒 328g,45
9786260056209 草莓 蛋糕 蛋糕 5,10
9789865041786 草莓 蛋糕 蛋糕 3,10
愛爾曼 優格 草莓 蜜桃 4,25
草莓 乳酪 塔,35
4711368830029 樂園 樹莓 大莓 小無農藥 草莓 藍,40
M 立夢 北海道 草莓 牛奶糖 60g,1760
維維樂 R3 活力 平衡 電解水 Plus 草莓 500ml,25
奇美 草莓 小 饅頭 40 顆,5
克寧國 小生 優酪 乳 草莓 口味 198mlX24 箱,120
LOTTE 蛋黃派 香甜 草莓 蛋黃派 10 入佳瑪,15
北海道 草莓 泡 芙,1085
唐寧茶 草莓 芒果 2gx25 入,15
數位 保險套 混合型 12 入 保健食品 類醫材 藥品 70 韓爸 田園 日 記米 球餅 草莓 優格 20g 盒,55
美安蘆 薈汁 原味 蔓越莓 草莓,100
量 盛香珍 草莓 法國 酥,3400
植物 優優格 草莓 500g,640
乳酸菌 優格點 心 草莓,345
免運 現貨 快速 出貨愛加 日式 煎 卷 草莓 香蕉 巧克力 愛,20
小熊 草莓 家庭 號,7535
光泉 草莓 綜合酪 乳 PE900ml 瓶 380235,10
638 草莓 芳馨 6 吋,720
旺旺 吸 C 凍 可 吸果 凍 草莓 果汁 風味,235
椰果 蒟 蒻 蘋果 草莓,810
9786260056193 草莓 蛋糕 蛋糕 4,10
4562452230016 日本 Aohata 草莓 果醬 無蔗,5
義美 椰果 蒟 蒻 果凍 葡萄 草莓 424g,65
福樂 奇亞籽 燕麥 草莓 優酪 135g2135gX2,955
草莓 芙蕾雅 夏洛特 Freyastrawberrychar,5
福樂 奇亞籽 燕麥 草莓 優,9375
草莓 起司 冰淇淋 大福 1 顆 20220921z6eoqv,5
Maeil 玉米花 草莓 優格味,35
久保田 草莓 大福 餅,615
佳德糕 餅雙 拼蔓 越莓 鳳梨 酥 櫻桃鳳 梨 酥 草莓 酥,5
義美 椰果 蒟 蒻 果凍 葡萄 草莓 424g 袋 424g 袋,310
義美 椰果 蒟 蒻 果凍 蘋果 草莓 424g 袋 424g 袋,255
豐 草莓 圓形 麵 包 90g,3245
分批 取福樂 自然 零 草莓 優酪 乳 920ml,315
固力果 草莓 果粒 PO,20
唐寧 草莓 芒果 茶 2g25 包,10
塔 吉特 草莓 甜心 千層 8 吋,5
皇家 草莓 抹 茶杏,350
米森 無 加糖 草莓 醬 290g 青荷,40
甜點 香入 浴劑 奶油 草莓 蛋糕,10
莫凡 彼 草莓 優格 朋軒,15
爭鮮 草莓 布丁 110g3 入,15
M2 輕 次方 超 能 奶昔 草莓 蔓越莓 草莓 優格 21,5
卡滋 爆米花 草莓 妞妞 150g 美式 焦糖 牛奶 草莓 煉乳,40
植物 的 優 大粒 果實 蜂蜜 草莓,210
欣 小妞 草莓 晶綠 草莓 晶 水晶 草莓 晶手 珠 草莓 晶 手串 草,20
早點 到 草莓 風味 牛乳 200ml6,15
迪凱堡 草莓,50
兒童 優格 草莓,5
福樂 低脂 優酪 草莓 830484,5
團 草莓 芝士 雪糕,20
派恩 草莓 糖 85g,100
義美 QQ 球 杏仁 葡萄 芒果 白巧 草莓 草莓 煉乳,20
草莓 泡泡 冰,175
馬 卡龍 草莓 可可,290
貝親 FunFriends 安撫 奶嘴 S 草莓,5
草莓 瑪德蓮,85
義美法蘭 酥 草莓 132g 盒,5
Aijia 日式 煎 捲 草莓 巧克力 84g,10
林鳳營 特濃 優格 草莓,35
水果 bb 夾 手工 編織 西瓜 檸檬 牛油果 蘿 蔔 草莓 髮 夾 b,90
MKOTO 草莓 奶昔 風味 夾心餅 乾 280g,15
M2 輕 次方 超 能 奶昔 巧克力 薄荷 草莓 優格 21,10
ibobomi 草莓 味 乳酸菌 優格點 心 16g,75
哈根 達 迷你 杯 草莓,65
草莓 檸檬星 沁爽 大,15485
光泉 晶典 小品 草莓 蒟 蒻 奶酪,40
福樂 奇亞籽 燕麥 優酪 草莓 4135g,1205
家福冰沙 草莓,3205
MONTEUR 草莓 日式 鬆 餅 卷 120G,675
杜老爺 草莓 甜筒 82g,715
福樂 自然 零 草莓 優酪 乳 920ml,1550
EV 草莓 起司 冰淇淋 大福 1 顆,15
團 草莓 天使 生乳 燒,1515
M 樂天 小熊 餅 家庭 號 草莓 風味 195g,35
莫凡 彼 草莓 優格,485
愛爾曼 優格 草莓,30
M 福樂鮮 攪 草莓 鮮 奶茶 375mlx6 瓶,15
草莓 果粒 優格,435
可口 濃 可可 捲 酸甜 草莓,5
HaagenDazs 草莓 冰淇淋 473ml 盒,100
12 派 伊粉 雪 草莓 糖 70g,5
雙入 泡 芙 草莓 生乳 泡,185
貝果 佐 甜醬 草莓,1585
滑順 草莓 優格,5
盛香珍 夾心 酥 草莓 口味 160g160g 包,55
草莓,1485
量 草莓 蒟,175
大湖 苺 之 鄉 草莓 果醬 44,25
樹飛雪大心 植美 噗 噗速酵 纖鳳梨風味 草莓 風味 蘋果 優格,25
紅漾 草莓 銅鑼燒,2415
晶典 小品 草莓 奶,22965
861 草莓 覆盆子 波士 頓片,710
草莓 乾 100g,10
草莓 綜合 優酪 乳 90,5
植物 的 優 蜂蜜 草莓 500g 瓶 500g 瓶,810
SSoyjoy 草莓 營養 棒,1395
推 Bulla 草莓 冰餅,135
草莓 麵 包小,10
DONKI 草莓 葡萄 冰棒 台灣,565
PASCUAL 草莓 果粒 優格 125,235
1975 草莓 活菌 優酪 乳 936ml936ml 瓶,20
厚 奶茶 義美小泡 芙 泡 芙 草莓 牛奶 檸檬 牛奶 布丁 巧克力,25
旺旺 吸 C 凍 可 吸果 凍 90g 草莓,855
Babyshark 鯊魚 寶寶 碰碰 狐 原味 優格果 凍 草莓 優,20
井村 屋 草莓 起司 麻 糬 冰淇淋,480
Tiptree 草莓 果醬 340g,15
法瑞琦 洛神 草莓 植物 優格 飲 300g,75
Ehrmann 德國 愛爾曼 優格 飲 310ml 草莓 野莓,10
旺旺 吸 C 凍 可 吸果 凍 草莓 果汁 風味 112332,10
貝 比斯特 蔬果 手指 泡 芙 草莓 胡蘿 蔔 蘋果 嬰幼 兒餅 乾,20
北海道 道南 北海道 草莓 牛奶糖,20
MEKO 雷根 寶盒 07 草莓 優格,75
週二食記 小食 零嘴 草莓 優格 35g 酸甜 草莓 包覆 開胃 青梅,5
IMMEME 我 愛甜潤 烤 奶腮紅 03 草莓,100
開元 戀果 漿 芒果 草莓 百香果 鳳梨 柳橙 青梅 蔓越,35
Vitabio 生機 優鮮果 泥 蘋果 草莓 藍莓,5
草莓 波堤 211216,1597940
草莓 巧克力 波堤 211216,1051980
家樂氏 SpecialK 系列 草莓 水果 優格 原味 早,180
貝思寶兒 草莓 檸檬汁 300ml,40
希臘式 優格 飲 草莓 風味,75
HubbaBubba 草莓 西瓜 覆盆子 可樂 綜合 水果,15
清露 蜂蜜 草莓 燒酒 360ml8,20
714 紅豆 草莓 大福 片,940
福樂 奇亞籽 燕麥 草莓 優酪 135G,80
KAARO 乳酸菌 風味果 凍條 原味 草莓 綜合 水果 任選,10
義美生機 甜心 草莓 100g 冷凍 真空 乾燥 整顆 草莓,65
阿奇儂 草莓 起司 雪糕 90 克 4 支盒,25
林鳳營 特濃重 乳 優格 草莓 80gx3 入 240g,1775
浩司 積木貓 咪 飲料 甜點店 胖橘 蛋糕 坊 美短 奶茶 舖 牛奶 草莓,40
番薯 先生 旺旺 吸 C 凍 果汁 葡萄汁 草莓 汁 乳酸 多多 果,5
福樂鮮 攪 草莓 鮮 奶茶 375ML375ML 盒,795
草莓 起司 冰淇淋 大福 1 顆 20221015y7pfmo,5
草莓 起司 冰淇淋 大福 1 顆 20221015b8bt6w,5
義美小泡 芙 泡 芙 巧克力 草莓 牛奶 黑 可可 57g 包,25
專案 洪瑞珍 三明治 草莓,10
哈根 達斯 草莓 ice473ml,75
義美 QQ 糖 巧克力 球 50g 草莓 草莓 煉乳 葡萄 杏仁 小,10
ibobomi 乳酸菌 優格點 心 草莓 味,85
現貨 日本 羅 漢 果糖 零卡糖 葡萄 鳳梨 優格 草莓 咖,30
爆買 日本 夕張 哈密瓜 可可 北海道 草莓 可可 塊 道 南 食品 6,5
MUJI 無 印良品 小袋 點心 豆乳 餅乾 可可 草莓 風味 7,100
百佳 龍泰 烘焙 坊 花果 香 系列 組合 3 盒組 百香果 玫瑰 草莓,15
MEKO 雷根 寶盒 05 草莓 起士,125
諾貝爾奶 凍 日式 草莓 奶凍,5
M 盛美家 草莓 葡萄 小果 醬 14g12 入,15
草莓 香蕉 圓 舞曲 8oz,870
草莓 香蕉 圓 舞曲 6oz,1140
法式 草莓 塔,36985
聖常 S 米森 乳酸菌 草莓 優格 麥片,40
加點 草莓 大福 禮盒 OOS,80
M 易口 舒 清爽 草莓,65
七尾 福岡 草莓 法蘭 酥,170
米大師 寶寶 果然 棒棒 大湖 草莓 關廟 鳳梨大村 葡萄,120
雪之戀 銅鑼燒 草莓 紅 豆奶 香風味 6 入,10
Dong 好市 多 DrQ 葡萄 草莓 蒟 蒻 果凍 1860 公克,5
旺旺 吸 C 凍 草莓 果汁 風味 80g,150
買 草莓 櫻桃鄉 村風餐 墊,50
愛樂薇 水果 優格 草莓,10
植物 之優 草莓 優格,165
光泉 晶典 小品 草莓 蒟 蒻 奶酪 376332,10
櫻花 草莓 果 醬 鬆 餅,25
山內 甘王 草莓 捲 心 蛋糕,255
福樂 低脂 優酪 草莓 100g2 入組 100g2 入,740
山米 傑克 甜甜 圈 草莓 優格 40g,385
M 樂天 小熊 餅 家庭 號 草莓,25
盛香珍 草莓 法國 酥 88g,10
爭鮮香 Q 椰果 芒果 布丁 草莓 布丁 4 組 110g3 杯,5
Greenday 草莓 凍乾 25g,45
法式 草莓 派 220107,114585
S 皇族 草莓 優格果 凍 160g,295
M 樂天 小熊 餅 草莓 風味 37,70
草莓 杯子 磅 蛋糕,145
家福 嚴選 草莓 覆盆子,170
Frutabela 低卡 纖果 棒 30g 草莓 優格,45
6 吋 草莓 鮮乳冰 淇,5
爭鮮 草莓 布丁,10875
光泉 晶典 草莓 蒟 蒻 奶酪,600
634 草莓 芒果 提娜片,3290
KAARO 乳酸 草莓 綜合 水果 風味果 凍條 600,25
啵 樂樂 乳酸 草莓,3855
龍泰 創意 烘焙 玫瑰 草莓 起士條 48 入盒,5
Vilson 米森 乳酸菌 草莓 優格 麥片 300gx1 盒,85
優格果 凍 原味 草莓,400
草莓 脆皮 泡 芙,45
免運電子 發票 義美量 販盒 葡萄 草莓 芒果 杏仁 葡萄,90
MONIN 草莓 糖漿 果露 StrawberrySyru,5
草莓 歐菲香,5
統一 草莓 多多 6 入,15
草莓 起司 蛋糕,345
哈根 巧克力 x 草莓,995
旺旺 野川 草莓 派 草莓 口味 蛋糕 190g,55
NUK 濕紙 巾 80 抽 日用 百貨類 家庭 清潔 洗劑 85 韓爸 田園 日記 優格 寶寶餅 乾 16g 草莓,285
Kiwigarden 益生菌 優格餅 綜合 果莓 蘋果 草莓,15
百佳 龍泰 烘焙 坊 玫瑰 草莓 起士條 48 入盒,40
曠世奇 派 草莓,1865
WOWFOR 甜甜 圈 80g 草莓 優格味,40
哈根 達斯 草莓 ice100ml,95
植物 的 優 蜂蜜 草莓 200gx2 瓶組 577213,5
哈根 達斯 草莓 迷,105
新曠世奇 派 草莓,4055
X 心心 有機 草莓 小果 4 盒,5
林鳳營 重乳 優格 草莓,2665
植物 的 優 蜂蜜 草莓 優格 240g2240g2,3405
草莓 脆皮 泡芙個,3995
團 草莓 芝士 雪糕 支盒,20
洪瑞珍 三明治 草莓,2760
林鳳營 優格 草莓,2815
濃可 捲 草莓 量販,685
光泉 草莓 綜合 優酪 乳 900ml,30
廚 法式 草莓 派 220107,55
迷你 桶 裝曼陀珠 綜合 水果 葡萄 草莓 柳橙 口味 10gx1,35
旺旺 WANTWANT 野川 草莓 派 蛋糕 熱銷 人氣 兒童 下午,10
雪之戀 草莓 紅豆 銅鑼燒,265
甜蜜 午後紙 膠帶 手帳 貼組 草莓 蛋糕 咖啡 巧克力 檸檬 薄荷 玫,5
哈根 達斯 冰淇淋 100ml 草莓,50
波士 多 大西 點獨 享包 巧克力 草莓 台式 馬 卡龍 牛粒,5
草莓 起司 冰淇淋 大福 禮盒 20220917a8udcv,5
爭鮮爭 鮮 芒果 布丁 草莓 布丁 6 組 1 組 3 入,5
Chicco 兒童 木 醣 醇 含氟 牙膏 50ml 水果 草莓,25
植物 的 優 大粒 果實 蜂蜜 草莓 優酪 200gx2,1260
M 盛美家 草莓 小果 醬 14g12 入,5
草莓 凍乾 20g 直播 專 用活 動品,35
七尾 福岡 草莓 法蘭 酥 68g,15
福樂 自然 零 草莓 優酪 乳 920ml920ml 罐,1910
福樂 奇亞籽 燕麥 草莓 優酪,25840
DANISHSELECTION 草莓,20
甜甜 圈 蛋糕 草莓 巧克力,15
大甲 芋頭 麻 糬 草莓 罐,130
植物 的 優 蜂蜜 草莓 優格 200g,1495
QUAKER 桂格繽紛 麥 穀 脆 水果 早餐 麥片 草莓 櫻桃 300,120
MEKO 雷根 寶盒 10ml07 草莓 優格,30
道南 北海道 草莓 可,5
草莓 蛋糕 捲 295g9 個,10
D010A 級 俄羅斯綠 草莓 晶圓珠 小包 裝綠 草莓 晶純 天然 無,5
植物 之優 草莓 蒟 蒻,14110
653 草莓 天空 6 吋,1175
092 草莓 波士 頓片,2570
日本 北海道 甘王 草莓 果凍,195
植物 的 優 大粒 果實 蜂蜜 草莓 優酪,620
7Drops7 滴 草莓 燒酒 360ml,5
日式 草莓 大福 台灣,655
九福 草莓 酥 250g250g 盒,30
義美生機 甜心 草莓 25g 冷凍 真空 乾燥 整顆 草莓,125
草莓 奶酪 20221003v3qogyzg,5
井村 屋 草莓 起司 麻 糬 冰淇淋 97g,25
9789864746217 草莓 蛋糕 蛋糕 2,10
古早 味 專區 霹靂 跳跳 糖 跳跳 糖 草莓 柳橙 葡萄 可樂,15
七尾 福岡 草莓 法蘭 酥 68g,15
觀 草莓 紅 豆奶 香銅,5
越南 一顆 Alpenliebe 糖果 草莓 牛奶 焦糖 牛,5
Glico 格力 高 杏仁 果飲 12 入 原味 無糖 草莓 棒 x,5
宜蘭諾 貝爾人氣 水果 奶凍卷 任選 2 條芋 頭奶 凍 草莓 奶凍,55
週二食記 小食 零嘴 雙 胞胎 草莓 優格 35g,5
吋 草莓 乳酪 蛋糕,8190
草莓 甜心,45
1 顆 草莓 起司 冰淇淋 大福 1 顆 泰式 奶茶 黑糖 流心 冰淇淋 大福,95
12ibobomi 乳酸菌 優格點 心 16g 草莓 味,485
3608580742135 法國 BonneMaman 草莓 果,5
樂天 蛋 黃 派 草莓 10 入,10
法國 Vitabio 生機 優鮮果 蘋果 草莓 藍莓 12m90g,5
義美 椰果 蒟 蒻 果凍 葡萄 草莓 424g 愛買,35
草莓 波堤,365
草莓 起司 冰淇淋 大福 禮盒 20220930b7ndgo,5
迷你 草莓,5
焦糖 奶油 夾心餅 乾 草莓 9 入 2,5
統一 草莓 多多 4,34340
杜老爺 Super 草莓 1000ml 盒 1000ml 盒,325
草莓 起司,5
義美法蘭 酥 132g 草莓,470
草莓 盒,260
哈根 達斯戀 戀繽紛 派 對 迷你 杯 12 入 草莓 2 夏果 2 淇 淋巧 酥 巧 2,5
雙層 奶油 泡 芙 草莓,25
愛爾曼 水果 優格 草莓 蜜桃 百香果 400g,25
英國 手工 草莓 甜酥餅,70
BABYBIO 生機 香蕉 草莓 鮮果 泥 130gX6,5
日式 草莓 大福 冰淇淋 冷凍,21455
I 珍食 聖 草莓 小可 頌 5 入,5
大拇指 草莓 冰淇淋 490g 桶 490g 桶,5
德國 莫凡 彼 草莓 優格 100g,25
哈根 達斯維尼 草莓 品脫 473ml,10
草莓 蛋糕 小夜曲 8oz,250
草莓 蛋糕 小夜曲 32oz,60
0272003763 福樂鮮 攪 草莓 奶茶 4,5
迷你 紅豆 銅鑼燒 蛋 奶素 現貨 發票 草莓 銅鑼 燒量 販包草,15
杜老爺 1L 草莓 起司,25
ON 歐恩 金牌 乳清 蛋白 5 磅 草莓 香蕉,15
草莓 蛋糕 小夜曲 6oz,395
光泉 晶典 小品 草莓 蒟 蒻 奶酪 10015gx3 入,450
草莓 脆皮 泡 芙 20221001zp1s9hvx,5
雪之戀 草莓 煉乳 雪花 餅 144G,5
勝優酪 果園 草莓,5
M 晶典 草莓 蒟 蒻 奶酪 4100g3 入,35
爭鮮 草莓 風味 布丁 110gx3 入,255
童 布面 BB 夾 2 入 草莓 櫻桃,45
草莓 椰奶 星沁爽 大,6870
甜野 新星 生酮 甜點 草莓 盒子 600g 無糖 無麩 質生,5
HighTea 伂 橙 覆盆子 草莓 水果 茶 2g20 入盒,5
福樂 奇亞籽 燕麥 優酪 草莓,270
金貝親 HappyHours 纖果 飲 蘋果 藍莓 草莓,55
法藍 四季 綜合 草莓 卡士 達 可,60
草莓 煉乳月餅 90g,115
兒童 牙膏 水果 草莓,5
奧 地利 德寶 70 果肉 果醬 草莓 蔓越莓 藍莓杏桃 覆盆 莓酸,20
義美小泡 芙 泡 芙 草莓 牛奶 牛奶 布丁 巧克力 風味 黑 可可 風,430
義美小泡 芙 泡 芙 巧克力 草莓 泡 芙 牛奶 雞蛋 布丁 檸檬 5,25
草莓 香蕉 圓 舞曲 4oz,220
日華 好物 草莓 凍乾 20g 活動品,160
植物 的 優 蜂蜜 草莓 優格 蜂蜜 草莓,1585
百佳 龍泰 烘焙 坊 花果 香 系列 組合 4 盒組 玫瑰 草莓 藍莓 巧克,5
義美 椰果 蒟 蒻 果凍 蘋果 草莓 424g,70
有 發票 義美小泡 芙 泡 芙 巧克力 草莓 泡 芙 牛奶 雞蛋布,110
草莓 奶酪 20221029u8tson5v,5
633 法式 草莓 捲 條,60
ivenet 艾唯倪 韓國 優格 豆豆 餅乾 20g 草莓 原味,30
立夢 北海道 草莓 牛奶糖 60g60g,75
杜老爺 Super 草莓 1000ml 盒 568503,10
義美 草莓 法蘭 酥 132g,235
4714379954708 米森 乳酸菌 咬咬 草莓 優格 恐龍,10
立體 花盆 種植盆 花盆 塔 草莓 花盆 種菜 盆 草莓 盆種 花盆,30
草莓 巧克力 甜甜 圈,45
光泉 晶典 小品 草莓 蒟 蒻 奶酪,665
杜老爺 低 脂義式 草莓,15
9uLife 造型 洗碗 巾 吐司 荷包蛋 草莓 奇異果 加厚 洗,5
欣 小妞 草莓 晶金 草莓 金太陽 透料 金點 草莓 晶 草莓 晶手 鍊,5
草莓 森林 蛋糕,155
草莓 奶蓋 雪糕,145
M 買 日 清 BIG 早餐 玉米片 草莓 牛,75
M 買味覺 特濃 牛奶 條糖 草莓 味 37,580
米森 乳酸菌 咬咬 草莓 優格 恐龍,105
小 饅頭 草莓 布丁 300g,5
舞味本 舖 山內 瑞士 捲 草莓 瑞士 捲 黑糖 蛋糕 捲,10
新野 川 草莓 派,15
草莓 香蕉 圓 舞曲 16oz,5
草莓 奶醬 蛋糕 410g9,5
巴伐亞 草莓 甜心,125
泰國 AppleMonkey 愛 啵 寶寶 茉莉 香米 草莓 香蕉,5
Rich 手作 星光 草莓 草莓 晶手 鍊 金點 草莓 晶 水晶,5
爭鮮 草莓 風味 布丁,1545
好媽媽 草莓 布丁 粉 75g 盒,10
莫凡 彼 草莓 優格,20
雪之戀 草莓 煉乳脆 米球 160G,5
世起 草莓 麻 糬 餅,5
草莓 櫻桃 300g,1045
旺旺 C 凍 草莓 果汁 風味,125
哈根 達斯 草莓 杏仁 雪糕,35
5 伊華 小丸子 草莓 棉花 糖 4 連 58g,45
脆妮妮 米 泡 芙 原味 黑米 南瓜 紫薯 草莓 藍莓 寶寶餅 乾米球,15
亮童 寶貝米 大師 小星 泡 芙 草莓 蘋果 藍莓 香蕉 青蘋果 香蕉,5
哦 吉 草莓 捲,5
貝 比斯特 手指 泡 芙 蔬果 手指 泡 芙 寶寶餅 乾 蘋果 草莓 胡蘿,80
宅入亞 尼克 草莓 可可 獨享 生乳,20
草莓 風味 優格陶,5
宅入亞 尼克 草莓 黑炫巧 酥 生乳,45
新鮮 草莓 千層 蛋糕,35220
草莓 大福,181165
義美 蒟 蒻 寒天 果凍 424g 葡萄 草莓 果凍,450
來德古 早味 麵 包 牛奶 草莓 香酥 巧克力 夾心 可可 奶油 60,40
雪之戀 波羅 酥皮 草莓 冰淇淋 泡 芙 50 顆組 10 顆盒,15
甘王 草莓 焦糖 年輪 蛋糕 2 個 裝甘王 草莓 苺 使用 年輪 蛋糕 博,5
博多 美月 甘王 草莓 牛奶 費南雪 16 個 裝福岡 博多 伴手,5
茱蒂絲 草莓 燕麥餅 200g 包 200g 包,110
加點 草莓 大福 禮盒 309,15
9789571081755 巧克力 草莓 香草 全,5
皮皮 奧斯 Kiwigarden 優格餅 綜合 果莓 草莓 9gX,5
統 一大 多多 草莓 多一點 170ml,30
Kipling 粉嫩 草莓 優格手 拿 包 LOWIE,5
M 山米 傑克 草莓 優格 甜甜 圈 40g,10
北海道 草莓 重 乳酪 蛋糕,165
日高 農場 水果 冰棒 80g 草莓,10
比菲多 軟糖 草莓,480
日式 草莓 大福 2 入 130g,1225
草莓 藍莓 千層 蛋糕,22635
ibobomi 乳酸菌 優格點 心 草莓 味 16g,15
Vilson 米森 乳酸菌 優格 麥片 草莓 牛奶 300gx2 盒,20
金雪果 實冰 草莓,15
宜蘭諾 貝爾人氣 水果 奶凍卷 任選 2 條 芒果 奶凍 草莓 捲,5
草莓 起司 冰淇淋 大福 禮盒,125
草莓 綜合 優酪 乳 20,25
AGAAE 益生菌 寶寶優格球 草莓,40
義美生機 甜心 草莓 12g 冷凍 真空 乾燥 整顆 草莓,15
福岡 草莓 法蘭 酥,15
BV 草莓 起司 冰淇淋 大福 1 顆 20221021vq5,5
草莓 起司 冰淇淋 大福 1 顆 20221027y6en8v,5
草莓 蛋糕 捲,20
LOTTE 蛋黃派 香甜 草莓 風味 6 顆裝 132g,725
冰棒 糖 棒棒糖 柳橙 葡萄 草莓 鳳梨青 蘋果,10
葡萄 草莓 蒟 蒻 果凍,14985
草莓 蒟 蒻 奶酪 光泉 晶典,10
宅配 Line12 盒 草莓 生乳 燒 美德 糕餅 舖,10
草莓 閃電泡 芙,64575
獅賣 特樂天 韓國 Lotte 蛋黃派 草莓 蛋黃派 巧克,35
大福 草莓 派,30
韓國 AGAAE 益生菌 寶寶優格球 草莓 藍莓 綜合 ABC,25
預 D 生乳 燒 草莓,145
大湖 草莓 小 M,20
草莓 鮮果 布蕾,6770
植物 優優格 草莓 240g,1465
i 珍食 草莓 波堤,40
草莓 鮮果 布蕾 400g,130
哈根 達斯 西瓜 草莓 冰,435
草莓 卡士 達 蛋糕 230g,620
牧場 鮮乳泡 芙 冰 草莓 風味,11050
京 田 製 菓 巧 虎 寶 寶 米 餅 45g 蘋果 花椰菜 草莓 二款 可選,115
草莓 卡士 達 蛋糕,23150
現貨米 森無加 糖果 漿 綜合莓果 草莓 全素,5
5099872018003Baileys 貝禮詩 草莓,105
迪西 美食 台灣出 貨盛 香珍 DrQ 葡萄 草莓 蒟 蒻 果凍,15
塔 吉特 草莓 多千層 8 吋 免運,10
Tartine 唐緹 豪華極品 草莓 蛋糕 草莓 控必 吃 的 長 條蛋,15
法藍 四季 爆餡 草莓 重 乳酪 蛋,30
Kipling 粉嫩 草莓 優格 波士 頓 手提 兩用 包 BRYNNE,5
米 米 花 草莓 戀乳,15
阿波羅 草莓 可可,20
6 義美 草莓 泡 芙,4580
艾唯倪 優格 豆豆 餅 草莓 風味,5
亞 尼克 戀冬 草莓 季 草莓 可可 卡士 達 原味 特黑 茶 拿 鐵 12,15
巧克力 草莓 冰淇,2875
京 田 製 巧 虎 寶 寶 乳酸菌 優格餅 乾 草莓,30
大湖 草莓 中 M,10
北海道 N 草莓 泡 芙,2380
亞 尼克 果子 工房 鮮採 草莓 生乳 捲 任選 10 件 組,5
Tayas 筆管 酸味 草莓 軟,5
日央雜 貨店 滿額 免運盛 香珍 濃厚 法國 酥 草莓 哈密瓜 巧,5
粉戀 草莓 千層 蛋糕,105
久保田 草莓 大福 餅 128g,5
草莓 乳酪 球 6 入杏芳 食品 本 商品 不 附紙袋 或 提袋,5
DONKI 檸檬 草莓 冰棒 台灣,455
草莓 軟糖 85g,50
拿破崙 先生 季節 上市 爆量 草莓 大甲芋 頭新 上市 拿破崙 蛋糕,25
貝 比斯特 手指 泡芙餅 草莓 45G,50
樂天 巧克力 派 分享 包甘王 草莓 風味,165
巧益 書 包型 草莓 味 優格 蒟 蒻 凍 一口 吸 蒟 蒻 凍 擠 壓式 口袋 型,5
諾貝爾奶 凍 捲 草莓 香草 各 1 條,10
一榮 食品 銅鑼燒 草莓 風味,280
團入 草莓 水果 優格,165
草莓 波堤 20220911f5qpze56,5
草莓 起司 冰淇淋 大福 禮盒 20220926z2vy7r,5
HelloKitty 草莓 甜心 夾式 耳環 2 入,10
統一 草莓 多一點,15
草莓 波堤 20221211f9webww4,5
Cocoaland 巧克力 風味 派 草莓 味 150G150G,10
世起 草莓 可可 大福 禮盒 360g,80
日本 草莓 小圓 PE 盒 55gO,45
他法 藍 四季 爆餡 草莓 重 乳酪 蛋,5
草莓 起司 冰淇淋 大福 禮盒 20221017y7eehu,5
0172157166 新曠世奇 派 草莓 大 雪糕,10
拌 伴餐 飲 窯 烤 山寨 村 草莓 生乳 牛奶 貝果 110gx1 個,10
草莓 卡士 達,45
草莓 風味厚 奶霜薩 芙亞蒂,580
滿 4 件 手 信坊 草莓 煉乳 雪花 餅 18 顆袋,60
義美黑 巧克力 捲 香芋 慕斯 香甜 草莓 137g,5
福岡 草莓 銅鑼燒,25
義美 椰果 蒟 蒻 果凍 葡萄 草莓 424g 袋大潤發,5
羅 曼地 草莓 酥餅,5
德國 CORNY 草莓 優格 穀 物棒 6x25G 草莓 優格燕麥,25
七尾 福岡 草莓 法蘭 酥 68g,5
巧虎 寶寶米餅 草莓,5
苗栗 大湖 草莓 500g,40
比菲多 軟糖 草莓 30g,25
5099872018003Baileys 貝禮詩 草莓 奶油 軟芯 可,100
芙賀 茶 草莓 香草 2gx20 入盒,10
超夯 雪花 餅多層 次 口感 草莓 蔓越莓 鳳梨,25
北海道 乳酪 草莓 可可 歐菲塔 230110,27570
MONTEUR 草莓 日式 鬆 餅 卷 120g,5
哈根 達斯 草莓 冰淇淋 100ml,40
2101226491 義美 草莓 泡 芙,5
牧場 鮮乳泡 芙 冰 草莓 風,30
雪花 草莓 波堤 20230114f9we8jox,5
現貨 日式 迷你 紅豆 銅鑼燒 360g 草莓 銅鑼燒 1800g,55
日本 冰 草莓,25
旺旺 吸 C 凍 葡萄 果汁 草莓 果汁 乳酸 多 口味 90Gx6 入,5
LOTTE 蛋黃派 香甜 草莓 風味 10 顆裝 220g,145
草莓 風 味 鬆 餅,8965
哈根 達斯 西瓜 草莓 冰淇淋 473ml,35
御金坊 手作 材料 天然 草莓 晶 星光 草莓 晶星點 草莓 晶 星光 草,10
真露 草莓 燒酒 360ml,105
寒天 草莓 蘋果 蒟 蒻 果凍,5
台式 馬 卡龍馬 卡龍 小西 點 80g 草莓 香草 巧克力 口味,90
奧 地利 darbo 無糖 草莓 果醬 覆盆 莓 柑橘 杏桃 抹 醬 抹,5
BabyBon 泡 芙米餅 草莓 風味,20
電子 發票 現貨超 可 愛 迷你 銅鑼燒 草莓 迷你 銅鑼燒 銅鑼 燒紅,10
宅配 Line16 入 草莓 布丁 獨享 生乳 捲 亞 尼克,60
12 茲露 草莓,5
特級 草莓 牛軋 糖,100
草莓 可可 味 蛋糕 派,35
番薯 先生 現貨 MARKENBURG 棉花 糖 草莓 香草冰,75
蓋美鮮 草莓 團購,120
草莓 泡 芙,2105
立夢 北海道 草莓 牛奶糖 60g,20
他豆穌 朋 草莓 雙餡 泡 芙,15
義美生機 蜜糖 草莓 粉 100g 烘焙 用 多用途 草莓 糖粉,155
芙賀 草莓 香草 茶 20 入,15
優格凍 水蜜桃 草莓,15
塔 吉特 草莓 多千層 8 吋,5
草莓 香堤,1090
森吉小 舖 旺旺 果凍 系列 果粒 多吸 C 凍 果汁 葡萄 草莓,15
草莓 起司 冰淇淋 大福 禮盒 20221015b2og44,5
代收 代付 義美 椰果 蒟 蒻 果凍 葡萄 草莓 424g 愛買,5
美姬 草莓,5
日本 草莓 大福,1210
雪花 草莓 波堤 230110,123030
好媽媽 草莓 果凍粉 75g 盒,5
LOTTE 蛋黃派 香甜 草莓 風味 6 顆裝,165
草莓 奶酪 20221203mknawzly,5
HaagenDazs 哈根 達斯 歡樂派 對 12 入組 草莓 2,60
宅盒 法布 甜 草莓 塔,15
草莓 乳酸菌 優格點,20
推春上 布丁 草莓,215
佐賀 天使 草莓,5
LOTTE 蛋黃派 草莓 220g,110
宅入亞 尼克 草莓 布丁 獨享 生乳,35
3 重 草莓 波堤 230110,136705
好市 多義美 益生菌 QQ 糖 草莓,5
Costco 代購 盛香珍 草莓 葡萄 蒟 蒻 果凍 1860g,5
韓國 ibobomi 乳酸菌 優格點 心 草莓 味 藍莓味 原味,5
超 美味 小 饅頭 草莓 牛奶 起司 菠菜 綜合 Petvi,5
義美小泡 芙 黑 可可 巧克力 牛奶 牛奶 布丁 草莓 厚 奶茶,20
草莓 生乳 包,1330
草莓 船型 小塔,420
CHOCHO 草莓 捲,5
北海道 草莓 半切 巧克力,120
三 色 草莓 小,5
丸京 6 入 鬆 餅 銅 鑼 燒 草莓 風味,335
小麻吉 家家 愛檸檬派 草莓 派 蛋 奶素 家庭 號經濟 包 95 元 B,5
北海道 乳酪 草莓 歐菲塔 230110,27445
草莓 糖霜 檸檬 蛋糕,35
蜜糖 草莓 波堤,10
植物 的 優 蜂蜜 草莓 500g 瓶 955050,15
LOTTE 蛋黃派 香甜 草莓 風味 6 顆裝 978328,5
Hata 古早 味彈 珠 汽水 草莓 風味 200ml,5
拿破崙 先生 拿破崙 蛋糕 爆量 草莓 任選二入 組含 運組,40
現貨 日本 東京 FRANCIAS 女孩 草莓 乳酪 夾心餅,5
小麻吉 家家 愛 草莓 奶油 捲 心餅 蛋 奶素 家庭 號經濟 包 100,5
米大師 寶寶 果然 棒棒 寶寶餅 乾 草莓 葡萄 鳳梨,10
真露 草莓 燒酒 360ml,65
日本 甘王 草莓 迷你 泡 芙,50
草莓 雙餡 銅鑼燒 4 入 190g,110
草莓 乳酪 軟法,1210
水果 寶寶 草莓 凍乾 13g10M,10
草莓 愛心 230131,24760
草莓 奶酪 20230127qdjn7ngn,5
島嶼 生 吐司 熱門 口味 試吃組 草莓 花生 奶酥 巧克力 蒜 香,5
全農 草莓 果凍 巧克力,350
嘎滋白 草莓 波堤,5
草莓 北海道 牛奶 蛋糕,5
草莓 蜜桃 雪兔 20230209f4cdecfa,5
草莓 鮮果 布蕾 360g,250
丸 京 鬆 餅 銅 鑼 燒 草莓,50
草莓 蜜桃 雪兔 20230209f4cdp0ni,5
亞 尼克 生乳 捲 鮮採 草莓 生乳 捲 12CM 獨享 生乳 捲 草莓 布丁,5
0372028104 植物 之優 優格 蜂蜜 草莓,10
草莓 薩芙亞蒂,26705
Mibobomi 乳酸菌 優格點 心 草莓 味 16g,5
京田寶寶 草莓 味 乳酸菌 優格餅 乾巧虎 20g,5
林鳳營 特濃重 乳 優格 草莓 400g 杯 764586,5
大甲 芋頭 麻 糬 草莓,320
草莓 切片 蛋糕,60
草莓 奶酪 20221008o5mo728p,5
世界 GO 旺旺 果凍 系列 果粒 多吸 C 凍 果汁 葡萄 草莓,5
P 草莓 果粒 優格,20
甜野 新星 無糖 獨享 草莓 生 巧克力 4 吋 無糖 無 麩質,5
番薯 先生 旺旺 果凍 系列 果粒 多吸 C 凍 果汁 葡萄 草莓,30
AB 草莓 優酪 乳 206mlx10,5
直播 銷售 0210 午夜 場 草莓 晶手 珠 隨機 X2,10
草莓 奶酪 20220906v5b3hd3i,5
甘樂鮮 果實 Premium 草莓 口味,15
食尚 三味 草莓 優格糖 幼兒 園小禮 硬糖 草莓 糖 老師 獎勵,5
電子 發票 現貨 珍珠奶茶 雪花 餅 草莓 煉乳 雪花 餅紅豆 小 麻 糬,10
法藍 四季 大湖 草莓 起 酥 三明,30
井村 屋 草莓 起司 麻 糬 冰淇淋 100ML,5
小獅 王辛巴 Simba 美味 兒童叉匙 組香 草莓 果 焦糖,10
米大師 寶寶餅 乾 系列 果然 棒棒 鳳梨 草莓 葡萄 小星 泡 芙,55
哈根 達斯 西瓜 草莓 脆皮 X 芒果 脆皮,5
區愛樂薇 水果 優格 草莓,15
白酒 草莓 乳酪 塔,15
三 色 草莓 小圓盒,25
草莓 生乳 捲,77260
草莓 雙餡 銅鑼燒 4 入 168g,675
貝禮詩 草莓 風味,5
櫻桃 小丸子 草莓 綜合 果茶 TR400,25
欣 小妞 草莓 晶金 草莓 金 草莓 晶頂級 金 草莓 晶金太陽石,45
任選 8 件 豆穌 朋 草莓 雙餡 泡 芙 1 盒 6 入盒,15
北辰 福岡 草莓 果凍,60
代收 代付 義美 椰果 蒟 蒻 果凍 蘋果 草莓 424g 愛買,5
草莓 蜜桃 雪兔 20230118f4cdgue1,5
米大師 寶寶 果然 棒棒 22 入 嬰兒 米 餅產 地直 送 大湖 草莓,55
POCKY 巧克力 草莓 牛奶 巧克力 餅乾 日式 抹 茶 棒 4,5
富強 森強森 先生 蜂蜜 鬆 餅 草莓 鬆 餅 比利 時經典 薄燒 丹丹 悅,25
韓國 AGAAE 益生菌 寶寶優格球 系列 15g 草莓 藍莓,15
菜丁 台灣 現貨 日本 馬 卡 Marukan 草莓 乳酪 夾心,40
京 田 製 菓 巧 虎 寶 寶 乳酸菌 優格餅 乾 草莓 口味 20g,315
小美 Premium 優質 冰淇淋 香草 草莓 650g,60
巴特里 限定 雲朵 草莓 泡 芙,5
春之戀 花心 莓莓 輕盈 花香 綿密 草莓,10
草莓 蜜桃 波堤,5
益比喜 S702 黃 金成長 素 草莓 巧克力 原味 香草 布丁 買,35
Niseko 草莓 起司 雪派,305
1088 草莓 香緹 8 吋,15
草莓 夾心 可可 蛋糕,60
貝親 PIGEON 日本 防蛀 牙膏 草莓 6 個 月 起,5
ibobomi 乳酸菌 優格點 心 16g 草莓 味衛立兒 生活 館,5
3 重 草莓 波堤,30
1078 草莓 生 乳酪 沙布蕾片,360
草莓 船,16270
鮮奶 草莓 司康 20230420yvget2o0,5
草莓 風 味 鬆 餅 銅 鑼 燒 入,115
草莓 卡士 達 菠蘿,10
二配 草莓 巧克力 鬆 餅,94135
日式 草莓 年輪,40
萊 1D 生乳 燒 草莓,5
草莓 寶盒,20
法式 玫瑰 草莓 烤布蕾,60
櫻桃爺爺 草莓 核桃糕,120
山米 傑克 草莓 優格 甜甜 圈,5
草莓 卡士 達 泡 芙,125
卡士 達 草莓 千層,25
MEKO 夢境 下午茶 腮紅餅 6g04 草莓 生乳 捲,5
宅入亞 尼克 草莓 奶蓋 獨享 捲,10
棒棒 優希臘式 優格 雪糕 草莓 燕麥 優格 70g4 入,75
美雅 宜蘭餅 優質 牛舌 餅綜合 15 包 超值 組 花生 金棗 草莓,25
草莓 奶酪 20230203v1h5bvjk,5
草莓 奶酪 20230212v3qo0yot,5
M 竹葉堂 草莓 果凍 50g10 入盒,10
預 草莓 波士 頓派,110
韓國 bebeeats 銳寶 圈圈 點心 草莓 藍莓 幼兒餅,5
草莓 糖霜 甜甜 圈,5
盛香珍 綜合果 凍 純果 凍 綜合 純果 凍果 凍 葡萄 草莓 鳳梨,5
丸 京 鬆 餅 銅 鑼 燒 草莓,65
阿家 海鮮 爆漿 草莓 菠蘿泡 芙 10 顆入 280g 盒,5
爭鮮 草莓 風味 布丁 奶素 110g3 入盒 110g3 入,80
草莓 香緹 生乳 捲,290
ibobomi 乳酸菌 優格點 心 16g 藍莓 草莓 原味,15
區 日本 夢甜屋 草莓 蛋糕 捲,5
宅入亞 尼克 草莓 雙 漩 生乳 捲,25
草莓 風味 優格,5
PockyPocky 草莓 棒 6 盒,25
旺旺 WANTWANT 吸 C 凍 可 吸果 凍 草莓 果汁 風味 90g,10
羅 德 草莓 提拉 米 蘇風味 蛋糕 派,25
免運 第一手 批發限時 優惠 PINK 凍乾 草莓 草莓 果,5
Naeiae 韓國 優格球 16g 蘋果 藍莓 香蕉 草莓 芒,15
光泉 晶典 小品 草莓 蒟 蒻 奶酪 10015gx3 入,10
草莓 蔓越莓 貝果,85
日式 草莓 大福 冰淇淋 2 入 UB 用,40
台灣 現貨 Marukan 馬 卡 草莓 乳酪 夾心 60g 乳酪,10
義美 椰果 蒟 蒻 果凍 葡萄 草莓 424g 袋,5
ibobomi 乳酸菌 優格點 心 16g 原味 草莓 味 藍莓味,110
貝 比斯特 蔬果 手指 泡芙餅 乾 蘋果 草莓 胡蘿 蔔,20
草莓 千層 派 20230114f2cck8mb,5
草莓 派星 冰樂大,32210
草莓 派星 冰樂中,3705
韓爸 田園 日記 優格 寶寶餅 乾 草莓 韓國 天然 嬰幼兒 零嘴,5
草莓 生巧塔,5
宅配 Line16 入 草莓 雙 漩 生乳 捲 亞 尼克,65
雙葉 阿奇儂 冰沙 草莓 鳳梨凍,15
1095 草莓 香緹 6 吋,20
鈴木 Zelico 鹽 牛奶糖 玫瑰 奶糖 草莓 乳酸菌 糖 優格 乳酸,5
義美 草莓 法蘭 酥 90g,5
日本 福岡甘王 草莓 雙餡 泡 芙,15
雪藏 草莓 布蕾 乳酪 蛋糕,20
貝 比斯特 蔬果 手指 泡 芙 45g 草莓 胡蘿 蔔 蘋果 衛立兒 生活,10
乙乙雜 貨店 川元手 挽杯 草莓 手挽杯 巧克力 手挽杯 10 入裝,10
愛鮮家 優格 蜂蜜 草莓,5
Cocoaland 巧克力 風味 派 草莓 味,25
宅入亞 尼克 草莓 奶蓋 生乳 捲,50
綜合 水果 米 鬆 餅 佐 法式 草莓 醬,10
韓國 BEBECOOK 幼兒 益生菌 草莓 泡 芙 23g,5
Cocoaland 巧克力 風味 派 草莓 味 150g,55
蜜糖 草莓 歐菲香 230110,61020
野川炭 烤 草莓 派,15
草莓 起司 雪派,8125
義美 草莓 法蘭 酥 491991,15
草莓 蜜桃 雪兔,5
韓爸 田園 日記 優格 寶寶餅 乾 16g 包藍莓 草莓 蘋果,30
欣 小妞 草莓 晶金點 草莓 晶金點 草莓 金太陽金 草莓 晶鑽,10
樂天 Zero 酸甜 草莓,40
團入 草莓 水果 優格,40
旺旺 吸 C 凍 可 吸果 凍 草莓 果汁 風味 90gX6 包盒,5
韓國 Maeil 玉米花 草莓 優格味 25g,5
鴻福 草莓 酥 227g,5
草莓 風味厚 奶霜薩 芙亞蒂 112g,10
連珍 草莓 生乳 捲 350g,5
草莓 凍乾 30G 每日 優果,10
現貨 優惠感 SANGARIA 草莓 牛奶 哈密瓜 牛奶 葡萄 椰,10
噗 啾 果凍 草莓 乳酸,110
愛加 日式 煎 捲 巧克力 香蕉 牛奶 草莓 芋香 珍珠奶茶 黑糖,5
不 二家 鄉村 烘焙 餅乾 草莓 風味 14,25
手工 鮮果 醬 草莓,5
吋 草莓 乳酪 蛋糕,1110
亞 尼克 果子 工房 草莓 奶蓋 生乳 捲 北海道 黑酷 曲 草莓 亞 尼克,10
草莓 起司 雪派 入盒,90
初鹿 草莓 起司 雪糕 支,20
棒棒 優希臘式 優格 雪糕 草莓 燕麥 優格,50
老 酸奶 軟糖 草莓 老 酸奶 軟糖 商品,20
玫瑰 荔枝 草莓 大福,5
優妹 草莓 優格 布丁,15
北海道 乳酪 草莓 可可 歐菲塔,5
Geodi 希臘 草莓 果醬 250g85 含果量,5
6 吋 母親 節款 草莓,10
大湖 草莓 千層 菠蘿,10
韓爸 田園 日記 優格 寶寶餅 乾 草莓 口味 16g 包,10
草莓 蜜橘 千層 蛋糕,245
Lotte 樂天樂 天蛋 黃 派 草莓 風味 10 顆入,15
林鳳營 特濃重 乳 優格 草莓 80gx3 入 526377,15
員 草莓 千層 蛋糕,5
6 吋 甜心 草莓 冰淇,15
哈根 達斯 草莓 品脫,5
巧克力 脆笛 酥 5 入 2 種 口味 巧克力 草莓 團購 零食 下午茶,5
魔法 村超 美味 小 饅頭 PV 起司 草莓 菠菜 牛奶 綜合,5
義美 草莓 知心 軟糖 100g,5
草莓 優酪 乳,25190
萊 D 窯 烤 山寨 村雪藏 巧克力 草莓,15
小綠人 乳酸菌 蛋 酥 草莓,15
Kiwigarden 益生菌 優格餅 綜合 果莓 草莓 蘋果,10
兒童 立體 草莓 小圈 束 2 入彩 混,20
一心 一味 台灣 現貨 網紅 蒟 蒻 果凍 葡萄 草莓 白桃百,20
JOE 式 草莓 大福,35
北海道 生乳 草莓 蛋糕 8 吋,10
草莓 雙餡 白巧 雪球,70
丹堤 草莓 醬,5
阿奇儂 草莓 鳳梨冰沙,10
草莓 雙餡 派,67880
盛香珍 寒天 草莓 雙層果 凍,25
草莓 可可 蛋糕 圈 230420,11435
芋香 草莓 大福,5
玫瑰 起司 草莓 大福,5
推 大湖 草莓 潤糕,115
草莓 凍,15
經典 草莓 塔 20230402ekj7ej9v,5
樂天 蛋 黃 派 10 入 草莓,5
鮮奶 草莓 司康,5
丹尼 船長 米 米 彎 酸甜 草莓 80G 綜合 賣場 米,45
美國 草莓 M,10
草莓 千層 蛋糕,1110
韓爸 田園 日記 優格 寶寶餅 乾 原味 草莓 藍莓 蘋果 韓國 天然,5
KIKKO 乳酸菌 草莓 優格味 糖 20gDonki 日本 唐吉訶,5
哈根 品脫 西瓜 草莓,280
冰心 麻薯 粉 麻 糬 粉 沖 泡 式 免 開 火 草莓 大福 雪莓娘 90g,5
草莓 提拉 米 蘇派,2320
日本 進口 丸川 泡泡糖 葡萄 草莓 哈密瓜 古早 味 日本 泡,15
草莓 雙餡 夾心 布雪,65
草莓 奶酪 20230105v8ud8lci,5
N013177297 連珍 增量 版 草莓 奶酪,5
韓國 bebefood 寶寶福德 草莓 優格豆 逗餅 總 代理 公司 貨,10
觀 草莓 紅 豆奶 香銅鑼燒,5
陳 丰以 草莓 大福,15
迷你 繽紛 草莓,5
亞 尼克 果子 工房 MOMOX 亞 尼克 聯名 草莓 奶蓋 生乳 捲 原優,5
MisterDonut 雪兔 草莓 幸福 白 草莓 午茶 即 享券活,20
現貨 Miniso 名創 優品 三麗鷗 草莓 水果 系列 玉桂狗 庫洛米 可 愛,5
福樂 自然 零 草莓 優酪 乳,215
新 包裝 Bebecook 寶膳 幼兒 益生菌 泡 芙 草莓,15
貝 比斯特 BabyBest 草莓 蘋果 胡蘿 蔔 蔬果 手指 泡 芙,5
植物 的 優 蜂蜜 草莓 優格 240g2 入,10
鄉村 風 草莓 烘焙 餅乾,1725
草莓 牛奶 捲 心 麻 糬,5
一配 草莓 雙餡 半月 燒,42860
京 田 製 菓 KYODA 巧虎寶寶 乳酸菌 優格餅 乾 草莓 蘋果 2,5
掛 香甜 草莓 繽,5
哈根 達斯 草莓 冰淇淋 473ml,10
洪瑞珍 草莓 藍莓,5
克寧 草莓 優酪 乳,4260
團 草莓 牛奶 布丁 燒,440
cocoaland 巧克力 風味 派 草莓 味 150 克奶 素袋,5
草莓 奶酪 20230218g9bsxp3x,5
草莓 風 味 鬆 餅 銅 鑼 燒,40
大湖 莓之鄉 草莓 醬 450g,25
京田 優格餅 草莓,5
吃果 籽 草莓 優酪,300
貝思寶兒 草莓 檸檬,5
義美法蘭 酥 系列 132g 草莓 牛奶 巧克力,5
關 蜜糖 草莓 歐菲香 230110,10
N011274745 大目 農田 草莓 乳酪 蛋糕 難 忘 的 愛戀,5
豆穌 朋 草莓 泡 芙 6 入,5
義美 草莓 夾心 152g,5
生機 蘋果 草莓 泥,10
烹石 草莓 豆乳 果醬 130ml,10
繽紛 草莓 甜甜 圈,5
BEBEFOOD 寶寶福德 草莓 優格豆 逗餅,35
免運 現貨 快速 出貨 日本 森永 草莓 派 草莓 可可 派 可可 派,30
丸 京 鬆 餅 銅 鑼 燒 草莓 306g,25
SOUR3 沙瓦 草莓 乳酸 味,15
草莓 奶酪 20230318zi8h33u5,5
草莓 派星 冰樂 V,47660
紅豆 草莓 大福,20
草莓 冰淇淋 473ML 哈根 達斯,5
光泉 草莓 優酪 乳,1045
我們 的 草莓 甜心,2655
克寧 草莓 優酪 乳 198ml6198mlx6 瓶,240
草莓 保久乳,20
義美 草莓 果粒果 醬 300g,10
波樂 乳酸 飲 草莓,5
福伯 冰激凌 棒棒糖 草莓 口味 75 公克 10 入馬來 西 亞 製,5
宜蘭諾 貝爾人氣 水果 奶凍卷 任選 2 條 芒果 奶凍 草莓 奶凍,15
獅賣 特實體 店面 韓國 香蕉 牛奶 水果 牛奶 草莓 牛奶 哈密,15
現貨 鯊魚 寶寶果 凍 優格果 凍 草莓 原味 大人 小孩 都 愛不釋 手,10
金 草莓 草莓 牛奶,1095
義美 草莓 量販 400g,5
激巧趣 多 草莓,160
韓國 Binggrae 水果 牛奶 香蕉 牛奶 草莓 牛奶 200,5
Calbee 草莓 風味 水果 零食 30g,5
宅 配母 12 入 草莓 奶蓋 生乳 捲 亞 尼克,5
草莓 甜心 千層 蛋糕,50
drSi 矽寶巧 好好 帶 草莓 牛奶 櫻 花粉,30
0272073042AB 草莓 優酪 乳小,5
奶油 草莓 堡,25
譽方媽媽 草莓 風味果 凍粉 100G,10
BINGGRAE 草莓 牛奶,60
現貨義美泡 芙 巧克力 草莓 牛奶,75
LOTTE 蛋黃派 香甜 草莓 風味 978328,20
1975JY 草莓 優酪 乳,10
Bebest 韓國 幼兒 起司球 原味 草莓 藍莓,5
House 好 侍芙酪 吉 濃厚 草莓 櫻桃 風味 150gDonki,5
野村 美樂圓餅 草莓 牛奶 風味,50
優酪 乳 草莓 口味,10
自然 零 草莓 優酪 乳,4380
森永 嗨 啾 草莓,295
超低 價義美泡 芙 57g39g 牛奶 巧克力 草莓 檸檬,40
草莓 奶酪 杯,5
日本 淡雪 草莓 小圓盒,30
草莓 喵 吐司,190
牛奶 片 草莓,65
草莓 派 風味星 冰樂,11295
草莓 甜筒,1980
LotteTico 草莓 脆皮 草莓 風味 雪糕 510 毫升 348,30
宅 配母 2 盒 綜合 A 馬 卡龍 香草 巧克力 草莓,10
福樂 草莓 優酪 乳,4585
加購 草莓 派,29985
Hero 瑞士 草莓 果醬 340g,15
SANGARIA 濃郁 草莓 牛乳 風味 飲料 190gDonki,10
小瓜 呆 酸甜 草莓 濃 可可,320
雙色 草莓 乳酪 6 吋,295
馬 湛農場 草莓 巧克力 48g 牛奶,35
草莓 奶酪 20230428d0195m43,5
草莓 雙餡 餐包,4105
南 西 草莓 季 草莓 卡士 達 菠蘿,5
愛爾曼 水果 優格 草莓 風味 400g,30
明治 屋 草莓 果醬 160g,15
CaptainDanny 丹尼 船長 米 米 彎 酸甜 草莓 味 80,5
明治 草莓 牛奶 風味 杏仁 果,55
林鳳營 特濃 草莓,40
HIPP 喜寶生機 水果 趣 蘋果 草莓 10,5
香草 巧克力 草莓,10
5 義美 草莓 泡 芙,45
好 草莓 牛奶 保久,165
Geodi 希臘 經典 草莓 果醬 85 含果量 3 入,5
阿薩姆 草莓 6,5
蛋黃派 香甜 草莓,130
義美 甜心 草莓,2025
4 義美 草莓 泡 芙,2265
綜合 水果 風味 牛奶糖 檸檬 草莓 鳳梨 柳橙 隨機出 貨古早,5
義美小泡 芙 57g 巧克力 草莓 牛奶 黑 可可 牛奶 布丁,5
義美 草莓 果粒 醬 300g,25
諾貝爾 草莓 奶凍 470g14g,15
星巴克 櫻花 草莓,20
義美生機 草莓 巧克力 45g,245
統一 AB 優酪 乳 草莓 130836,10
益齒 達 魔立 草莓,710
現貨 優惠感 日本 森永 MORINAGA 草莓 巧克力 派草,10
光泉 優酪 乳 草莓 綜合,90
森永 草莓 巧特價 69,5
草莓 牛奶,80
草莓 蒟 蒻 果凍,20
林鳳營 草莓 特濃重 乳優,8665
台東 初鹿 牛奶 保久乳 飲品 牛奶 草莓 牛奶 胚芽 巧克力,5
0172129431 杜老爺 草莓 甜筒,5
團 草莓 牛奶 風味杏,10
義美泡 芙 57g 草莓,5
森永 嗨 啾 草莓 軟糖 35g,245
宅 配母 16 入 獨享 捲 草莓 奶蓋亞 尼克,5
OXBOW 美味 輕食 冷凍 乾燥 香蕉 草莓 兔子 天竺鼠 龍,5
光泉 奶酪 草莓,1505
格 草莓 果肉 巧克力 棒 51,10
草莓 帆船 菊珍軒,5
雪戀 草莓 煉乳濃 牛奶 餅 200g,5
Sour3 沙瓦 草莓 乳酸,20
光泉 草莓 綜合 優酪 乳,17845
日東 甜王 草莓 風味 奶茶 14g10 入,30
Calbee 水果 零食 草莓 風味,45
SANGARIA 濃郁 草莓 牛乳 風味 飲料 190g,5
現貨馬克杯 草莓 造型 可愛 陶瓷 杯子 少女 心 草莓 馬 克杯 附,10
小美 Premium 優質 冰淇淋 香草 草莓 650g,5
棒棒 優希臘式 優格 雪糕 草莓 燕麥 優格 70g4 入,5
AB 草莓 優酪 乳小,3015
自由 神 草莓 果醬 240g,50
義美 草莓 泡 芙 57g,30
草莓 保久 調味 乳,10
固力果 草莓 棒 50g,15
冷凍 乾燥 草莓 凍乾 急速 冷凍 乾燥 無 添加 純 天然 無 負擔,25
雪之戀 草莓 煉乳濃 牛奶 餅 200G,5
drSi 矽寶巧 好好 帶 草莓 牛奶 梅花 粉,5
N011274745 大目 農田 草莓 乳酪,10
滿腹 草莓 牛奶 風味,5
明治 草莓 棒狀 家庭,5
現貨奧 地利 德寶無糖 杏桃果 醬 草莓 覆盆 莓 柑橘 早餐,10
義美 巧克力 球 草莓 煉乳,20
甲上 生鮮 SMUCKERs 草莓 果醬 葡萄 果醬 14g 顆,5
義美 草莓 巧克球 50g,5
巧虎寶寶 乳酸菌 優格餅 乾 蘋果 24g 草莓 20g 適用 年齡,5
義美生機 草莓 巧克力,5
GoldPak 果汁 冰棒 福岡 草莓 風味,110
韓國 binggrae 韓國 水果 牛奶 香蕉 牛奶 草莓 牛奶 20,120
新鮮 草莓 巧克力,190
克寧 草莓 優酪 乳 855767,5
團 造型 軟糖 草莓 優格 風味,15
國農 草莓 調味 乳玻新,5
草莓 奶酪 20230112zt6imoym,5
秘覓 良品 草莓 天使 生乳 燒 14gx12 個 盒,5
Sour3 沙瓦 季限 350ml 草莓 乳酸 風味,15
草莓 優酪 乳,5
經典 草莓 塔 20230113ekj78vep,5
杜老爺 Super 草莓 盒,10
草莓 羊乳 片,5
草莓 煉乳,35
諾貝爾 草莓 奶凍,5
草莓 綜合 優酪 乳,1635
御金坊 手作 材料 星光 草莓 晶 星光 草莓 晶 貔貅 草莓 晶 星光 草,5
旺旺 吸 C 凍 可 吸果 凍 草莓 果汁 風味,5
福樂 自然 零 草莓 優酪 乳 742077,5
世界 GO 韓國 Binggrae 水果 牛奶 香蕉 牛奶 草莓 牛,10
雪之戀 濃煉 乳 草莓 球,5
草莓 果醬 100 元,5
統一 多多 草莓 816582,10
自由 神 草莓 果醬 450g,25
福樂 低脂 草莓 優,10
野川蛋 黃 派 草莓 派 巧克力 派 蛋糕 10 入,10
木木柒 Studio 兔子 紅蘿 蔔 水果 櫻桃 草莓 DIY 樹脂 配件 奶,10
Minorika 甘王 草莓 牛奶 蘭朵 夏 12 個裝 日本 必買 日,5
曠世奇 派 草莓 雪糕,5
桂格 奇亞籽 草莓 歐蕾,5
聖常 S 米森 草莓 莓果 脆麥片 青,20
M2 輕 次方 超 能 奶昔 Plus 草莓 優格 x2 盒 8 包盒,5
古早 味店 整組 巧克力 草莓 手挽杯 巧克力 餅棒 草莓,5
AB 草莓 優酪 乳 206ml,5
光泉 草莓 綜合酪 乳 380235,10
綜合 穀 物 草莓,10
亞 尼克 北海道 泡 芙 蛋糕 草莓 5 入 綜合,5
草莓 煉乳 湯圓,5
分批 取 READBREAD 草莓 生貝果 105g,25
韓爸 田園 日 記米 球餅 草莓 優格 20g 盒,10
旺旺 夾心 捲 拿 鐵 香草 草莓 185g 包現 貨滿,40
嗨 啾 草莓 軟糖 35g,280
BEBEFOOD 寶寶福德 草莓 優格豆 逗餅 兩入 組,5
一百 份 草莓,35
洪元記 益生菌 果凍條 240 克 優酪 乳 葡萄 優酪 乳 草莓 優酪,5
旺旺 吸 C 凍 可 吸果 凍 草莓 果汁 風味 90gX6,5
AGAAE 韓國 益生菌 寶寶優格球 草莓 藍莓 綜合 A,20
統一 草莓 多多 大,5
LOTTE 蛋黃派 香甜 草莓 風味 6 顆裝,5
不 二家 草莓 牛 乳糖,25
Frooty100 覆盆 莓 草莓 凍乾,10
林鳳營 特濃重 乳 優格 草莓 400g,5
生機 草莓 蘋果,130
附發票 巧克力 草莓 巧克力 草莓 古早 味 零食 甜點 手 挽杯,5
草莓 奶酪 20230119yc9hc0z7,5
草莓 法蘭 酥 120g,5
草莓 脆皮 泡 芙 20221016yo5xklih,5
宥 宥 奶 舖 賀寶芙 草莓 奶昔 滿 3000 免運 滿額 再 送雪克杯,10
吃果 籽 草莓 蒟 蒻,55
KLIM 克寧 草莓 優酪 乳 198mlX2 箱共 48 入,15
Maeil 玉米花 草莓 優格味 25g,5
植物 優 大粒 果實 蜂蜜 草莓 優格 2 入,5
草莓 奶酪 20230304m2gzyrop,5
亞 尼克 生乳 捲 12CM 獨享 生乳 捲 鮮採 草莓 原味 生乳 捲,5
AGAAE 益生菌 寶寶優格球 草莓 口味 15g,10
小麻吉 家家 愛檸檬派 草莓 派 蛋 奶素 一包 特價 50 元 B00,5
草莓 棉花 糖波堤 20230120f4cdpytc,5
3 重 草莓 波堤 20230120f4cdb049,5
PockyPocky 草莓 棒 買 三 送 三 共 6 盒,5
草莓 乳酸 風味 沙瓦,5
S 立夢 北海道 草莓,5
諾貝爾 草莓 捲 420g13g,15
甜心 兒小 舖 旺旺 野川 經典 蛋 黃 派 巧克力 派 草莓 派 香草 口味,15
Sour3 沙瓦 草莓 乳酸 風味 350ml,20
植物 的 優 蜂蜜 草莓 優格 240g 瓶 240g,5
氣 炸丸子 草莓 味,10
優格凍 水蜜桃 草莓 500g,5
草莓 晶球鮮 乳糖,5
叉叉 日貨 拉拉 熊 20 周年 氣球 派 對 鬆 餅 懶 熊 草莓 懶妹 甜點,5
0480321 紅大 魔法 爆漿 棒 草莓 15 入 效期 91,5
BananaStore 現貨 櫻桃爺 爺牛 軋 糖 草莓 口,15
即期 品 大地 之愛 kiwigarden 益生菌 優格餅 草莓 20,5
草莓 香 穀 棒 5 支裝 2510 支裝 45,10
植物 的 優 蜂蜜 草莓 優格,5
草莓 奶酪 20221009n6bsfcv2,5
胡同 鮮果 草莓 凍乾,5
N012738479OHANAMAHAALO 草莓 芙蓮輕香,5
草莓 千層 派 20221031f2cc5hpu,5
現貨 日本 固力果 乳酸菌 夾心餅 牛奶 風味 草莓 風味 牛奶 草莓,5
S 買帕瑪 草莓 風味夾,5
海龍王 草莓 捲 心 酥 24 入,5
盛香 珍果 凍 蒟 蒻 果凍 蒟 蒻 果凍 芒果 草莓 葡萄 荔枝 D,5
47146084345203M 雙色 甜甜 圈 造型 膠台 巧克力 草莓,5
烘焙 便利 屋柏泰 香草 粉 草莓 粉 伯爵 茶 粉奶 香粉 芋,10
6 吋 奶酥 草莓 重 乳酪,5
草莓 奶酪 20230319h6pvee5g,5
植物 的 優優格 草莓 單罐,5
草莓 芒果 茶 2g25 入,10
草莓 奶酪 20230102t9uvb1jj,5
