item_name,item
普娜 天然 礦 泉水 250ML 玻,35
EVIAN 天然 礦 泉水 1500ML,45
P 氣泡 天然 礦 泉水,5
FIJIWater 斐濟 天然 深層 礦 泉水 330ml,340
沛綠雅氣 泡 天然 礦 泉水 萊姆風味 25,30
evian 依 雲 天然 礦 泉水 500ml,295
Evian 依雲依 雲 天然 礦 泉水 PET 瓶 1500mlx12 入,325
沛綠雅氣 泡 天然 礦 泉水 草莓 風味 25,70
FIJI 斐濟 天然 礦 泉水 500ml,45
天然 山泉水,3270
N010644840MondarizMD 天然 礦 泉水 1,5
法國 EVIAN 依 雲 天然 礦 泉水 PET500,100
高峰 天然 礦 泉水,1175
宅 配免 運依 雲 Evian 天然 礦 泉水 1000,15
喀爾巴 阡 天然 礦 泉水 500ml,100
Evian 依 雲 天然 礦 泉水 330ml,295
法國 依 雲 Evian 天然 礦 泉水 1L,85
法國 EVIAN 依 雲 天然 礦 泉水 500ml,395
轉法國 EVIAN 依 雲 天然 礦 泉水 PET5,115
上 上 水小 水分子 團遠紅 外線 能量 天然 礦 泉水 1500ml,15
Evian 依雲依 雲 天然 礦 泉水 PET 瓶 330mlx24 入,235
法國 Contrex 礦翠 天然 礦 泉水 500mlx24 入,10
WILDALP 奧 地利 天然 礦 泉水 1500mlx6 入箱,60
法國 evian 依 雲 天然 礦 泉水 330ml 瓶 S330ml,65
evian 依 雲 天然 礦 泉水 750ml 運動瓶,175
選法 國沛 綠雅氣 泡 天然 礦 泉水,290
EVIAN 礦 泉水 500ML,1550
FIJI 斐濟 天然 深層 礦 泉水 500,70
蝦 皮代開 發票 法國 富維克 Volvic 天然 礦 泉水 500ml,55
Evian 依雲依 雲 天然 礦 泉水 PET 瓶 1000mlx12 入,120
ACQUAMORELLI 莫雷莉義 大利 天然 礦 泉水 PE,80
AQUA 天然 礦 泉水 500ml,15
普娜 天然 礦 泉水 1000mlx12 入,40
斐濟 天然 礦 泉水,970
Evian 礦 泉水,2205
法國 富維克 天然 礦 泉水,220
FIJIWater 斐濟 天然 深層 礦 泉水 500ml,160
巴部農 天然 鹼性 礦 泉水 850mlx20 入箱,150
EVIAN 天然 礦 泉水,45
悅氏 天然 礦 泉水,115
普娜 天然 礦 泉水,395
法國 依 雲 Evian 天然 礦 泉水 750M,95
家福法國 天然 礦 泉水,115
法國 Contrex 礦翠 天然 礦 泉水 1500mlx12 入,30
普娜 天然 礦 泉水 750mlx12 入,20
礦 泉水 澳洲 天然 泉水 超取 免運 現貨 科克 蘭飲 用水,20
FIJI 斐濟 天然 深層 礦 泉水 330ml,60
Perrier 沛綠雅 即期 品氣 泡 天然 礦 泉水 原味 寶特瓶 1,90
Perrier 沛綠雅氣 泡 天然 礦 泉水 鋁罐 330mlx24 入,40
沛綠雅氣 泡 天然 礦 泉水 水蜜桃 風味 5,105
義 大利 eva 高峰 天然 礦 泉水 1500ml6 入,40
法國 Evian 依雲水 天然 礦 泉水 500ml24 瓶箱,15
SanBenedetto 聖碧濤 天然 礦 泉水 氣泡 礦 泉水,15
巴部農 天然 鹼性 礦 泉水 1250ml,25
沛綠雅氣 泡 天然 礦 泉水 330ml4 瓶組 330ml4 瓶,40
普娜 天然 礦 泉水 500MLPET,10
Volvic 天然 礦 泉水 500 毫,530
AQUA 天然 礦 泉水 250ml,5
Perrier 氣泡 天然 礦 泉水 鳳梨,25
evian 天然 礦 泉水 1500ml12 入,40
WILDALP 奧 地利 天然 礦 泉水 250ml,35
普娜 天然 礦 泉水 瓶裝 1000mlx12 瓶 澳洲 版,20
法拉 蕊 氣泡 天然 礦 泉水,10
普娜 天然 礦 泉水 500mlx24 入,45
法國 依 雲 Evian 天然 礦 泉水 330,325
巴部農 天然 鹼性 礦 泉水 1250ML,70
SanBenedetto 聖碧濤 義 大利 天然 礦 泉水 1500m,10
水事紀 天然 礦 泉水 1500cc12 入箱,45
法國 依 雲 Evian 天然 礦 泉水 500,1615
西班牙 聖安諾氣 泡 天然 火山 礦 泉水 500ml,80
Evian 依 雲 天然 礦 泉水,155
法國 Contrex 礦翠 天然 礦 泉水 5,75
法國 EVIAN 依 雲 天然 礦 泉水 500mlx24 瓶,80
FIJIWater 斐濟 天然 深層 礦 泉水 500mlx24,40
沛綠雅氣 泡 天然 礦 泉水 水蜜桃 330,85
天然 礦 泉水,15675
evian 天然 礦 泉水 330ml24 入,210
沛綠雅氣 泡 天然 礦 泉水 水蜜桃 250,65
WILDALP 奧 地利 天然 礦 泉水 1500ml6 瓶,20
evian 天然 礦 泉水 1000ml12 入,115
Evian 依 雲 天然 礦 泉水 500ml,1160
Perrier 沛綠雅氣 泡 天然 礦 泉水 草莓 風味 鋁罐 250ml,35
AQUA 喀爾巴 阡 天然 礦 泉水 運動瓶 750ml,135
FIJI 斐濟 天然 深層 礦 泉水 1500mlx12 瓶,45
全省 免運法國 Volvic 富維克 天然 礦 泉水 500ml 公,20
evian 依 雲 天然 礦 泉水 玻璃瓶 330ml,5
evian 依 雲 天然 礦 泉水 330ml,105
沛綠雅氣 泡 天然 礦 泉水 1000mlP,20
免運法國 evian 依 雲 天然 礦 泉水 500mlx24 瓶,10
WILDALP 奧 地利 天然 礦 泉水 250mlx12 入箱,25
巴部農 天然 鹼性 礦 泉水 850ml,35
巴部農 天然 鹼性 礦 泉水 510ml,140
Evian 依 雲 天然 礦 泉水 1L,460
Evian 依雲依 雲 天然 礦 泉水 玻璃瓶 裝 750ml12 入,5
法國 evianTWxSnoopy 限量版 依 雲 天然 礦 泉水,225
氣泡 天然 礦 泉水,20
巴部農 天然 鹼性 礦 泉水 850ML,190
巴部農 天然 鹼性 礦 泉水 1250ml12 入恆定 pH9,35
光泉 法國 富維克 天然 礦 泉水 500ml,115
VOSS 芙絲 挪威 天然 礦 泉水 時尚 玻璃瓶 800ml,50
法國沛 綠雅氣 泡 天然 礦 泉水 水蜜桃 500mlPET,145
喀爾巴 阡 天然 礦 泉水 250ml,110
FIJIWater 斐濟 天然 深層 礦 泉水 1000mlx1,35
AcquaPanna 普娜 天然 礦 泉水 500mlx24 瓶,10
FIJIWater 斐濟 天然 深層 礦 泉水 500mlx24,60
日田天 領水純 天然 活性 氫礦 泉水 2000,5
義 大利 聖沛黎洛 天然 氣泡 礦 泉水,1390
義 大利 沛黎洛氣 泡 天然 礦 泉水,5
巴部農 天然 鹼性 礦 泉水 510ml24 入恆定 pH90,45
evian 天然 礦 泉水 運動 瓶 蓋 750ml12 入,60
evianxSnoopy 限量版 依 雲 天然 礦 泉水 500,30
FIJIWater 斐濟 天然 深層 礦 泉水 330mlx36,40
石之靈 SoulStone 天然 水晶 玻利維亞 紫水晶 純 天然,10
法國 Contrex 礦翠 天然 礦 泉水 500mlx24 入,5
法國 evian 依 雲 天然 礦 泉水 750mlx12 瓶,35
天然 礦 泉水 玻璃,110
法國 富維克 天然 礦 泉水 500mlx24 瓶,10
Perrier 沛綠雅氣 泡 天然 礦 泉水 水蜜桃 風味 鋁罐 250m,35
巴部農 天然 鹼性 礦 泉水 510ml24 入網,5
FIJI 斐濟 天然 深層 礦 泉水 330mlx36 瓶,25
evian 天然 礦 泉水 1500ml,25
巴部農 天然 鹼性 礦 泉水 850mlx2 箱共 40 入,40
天神 水櫻島 活火山 天然 溫泉礦 泉水 500mlx24 瓶,10
巴部農 天然 鹼性 礦 泉水 510ml24 入達 文西 光影 藝術,5
沛綠雅氣 泡 天然 礦 泉水 檸檬 330ML,30
evian 依 雲 天然 礦 泉水 330mlx24 入,15
法國沛 綠雅氣 泡 天然 礦 泉水 250ml 水蜜,90
evian 依 雲 天然 礦 泉水 500mlx6 瓶 757081,10
evian 依 雲 天然 礦 泉水 750ml,5
巴部農 天然 鹼性 礦 泉水 330ml30 入箱網,5
普娜 天然 礦 泉水 玻璃瓶 裝 250mlx24 入箱,5
免運法國 依 雲 天然 礦 泉水 礦 泉水 Evian500mlx24 入,5
麥之田法國 進口 純 天然 甜菜 根粉 天然 色粉 天然 蔬果 粉 3,10
沛綠雅氣 泡 天然 礦 泉水 330ML,5
Vittel 法維多 天然 礦 泉水 330ml,25
北海道 雪 之 x96EB 天然 礦 泉水 2000mlx6 入,5
Vittel 法維多 天然 礦 泉水 500ml,85
evian 依 雲 天然 礦 泉水 330ml,10
沛綠雅氣 泡 天然 礦 泉水 葡萄柚 250,35
天神 水櫻島 活火山 天然 溫泉礦 泉水 2Lx10 瓶,10
小希箱 購法國 Evian 依雲水 天然 礦 泉水 500ml2,5
evian 天然 礦 泉水 330ml24 入,35
Evian 氣泡 天然 礦 泉水 330m,15
法國 Vittel 法維多 天然 礦 泉水 PET330mlx2,5
免運法國 evian 依 雲 天然 礦 泉水 330mlx24 瓶,5
巴部農 天然 鹼性 礦 泉水 850ML20 入 每箱 510ml,10
PetsCorner 沛克樂 頂級 天然 糧頂級 天然 狗 糧羊,10
可開 發票 免運法國 evian 天然 礦 泉水 330ml,10
天然 冰川 水,55
VOSS 芙絲 挪威 天然 礦 泉水 時尚 玻璃瓶 375ml,25
WILDALP 奧 地利 天然 礦 泉水 1000ml6 瓶,5
好市 多斐濟 天然 深層 礦 泉水 500 毫升 單瓶 販售 瓶 裝水進,5
WILDALP 奧 地利 天然 礦 泉水 500ml,55
evian 氣泡 天然 礦 泉水 330ml20 入,15
日田天 領水純 天然 活性 氫礦 泉水 500M,55
巴部農 天然 鹼性 礦 泉水 510mlx24 入達 文西 光影 特 展限,30
法國 evian 依 雲 天然 礦 泉水 寶特瓶 330ml24 入,5
N012427168 西班牙 天然 礦 泉水 w 氣泡 750,5
FIJI 斐濟 天然 深層 礦 泉水 500mlx24 瓶,30
evian 依 雲 天然 礦 泉水 500ml24 入,5
舒跑 天然 礦 泉水 離子 水,25
Evian 天然 礦 泉水 500ml,5
evian 天然 礦 泉水 330ml20 入,5
超優惠現 貨附 發票 全省 免運統 一水事 紀麥 飯石 天然 礦 泉水,5
GEROLSTEINER 迪洛 斯汀 天然 氣泡 礦 泉水,5
純 天然 松子,15
全省 免運法國 依 雲 evian 天然 礦 泉水 1000mlx,10
evian 依雲依 雲 天然 礦 泉水 寶特瓶 1500mlx2 箱共,45
代收 代付 統一水 事紀 天然 礦 泉水 600ml 隨機,5
新品 上市 法國 evian 依 雲 天然 礦 泉水 2023BAL,5
免運附 發票 法國 evian 依 雲 天然 礦 泉水 愛維養 寶,20
evian 依 雲 天然 礦 泉水 500ml 瓶 500ml 瓶,25
巴部農 x 達文西 天然 鹼性 礦 泉水 510ml24 入達 文西,10
西班牙 聖安諾氣 泡 天然 火山 礦 泉水 50,25
巴部農 天然 鹼性 礦 泉水 1250ML12 入 每箱 510ml,20
富士 天然 礦 泉水 500ml,20
IRIS 富士山 礦 泉水 500mlx24 入 日本 原裝 天然,15
北海道 雪 之 雫 天然 礦 泉水 500mlx24 入,5
evian 依 雲 天然 礦 泉水 寶特瓶 1000ml12 入官,10
evian 依 雲 天然 礦 泉水 1000mlx3 瓶 1000mlx3,75
法國 Perrier 氣泡 天然 礦 泉水 250mlx35 入,45
evian 依 雲 天然 礦 泉水 運動瓶 750mlx12 入箱 共,40
法國沛 綠雅 Perrier 氣泡 天然 礦 泉水 草莓 風味 鋁罐 2,20
Vittel 天然 礦 泉水 750ml,5
HBay 紐灣 天然 礦 泉水,10
evian 天然 礦 泉水 330ml24 入 X3 箱,5
Evian 依雲氣 泡 天然 礦 泉水 330mlX20 入,10
義 大利 eva 高峰 天然 礦 泉水 500ml24 入,10
即期 優惠 限量 折法國 evian 依 雲 天然 礦 泉水 10,15
LISSA 天然 礦 泉水,10
evian 天然 礦 泉水 750ml12 入 X5 箱,5
evian 天然 礦 泉水 1000ml12 入 X3 箱,5
石之靈 SoulStone 天然 水晶 保證 純 天然 無 任何 優化處,10
evian 天然 礦 泉水 1500ml12 入 X2 箱,5
日田天 領水純 天然 含氫礦 泉水 鋁罐 400ml,20
FIJI 斐濟 天然 深層 礦 泉水 500mlx24 入箱,20
WILDALP 奧 地利 天然 礦 泉水 1000mlx6 入箱,5
evian 天然 礦 泉水 750ml12 入,5
即期 品 WILDALP 奧 地利 天然 礦 泉水 250mlx12 入,5
全台免 運沛 綠雅 perrier 天然 氣泡 礦 泉水 水蜜桃 25,5
新 上市 ACQUAMORELLI 莫雷莉義 大利 天然 礦 泉水,5
斐濟 天然 深層 礦 泉水 500ML 瓶 500ML 瓶,5
evian 依 雲 天然 礦 泉水 玻璃瓶 750mlx12 入箱 共,5
石之靈 SoulStone 天然 水晶 保證 純 天然 無 任何 優化,5
高地 卡尼 天然 礦 泉水 運動瓶 500m,20
MondarizMD 天然 礦 泉水 1Lx15 入箱,5
AcquaPanna 普娜 天然 礦 泉水 750mlx12 瓶,5
MondarizMD 天然 礦 泉水 330mlx40 入箱,5
天然 蔓越莓,5
HinoAso 優質 天然 礦 泉水 500M,5
總 代理 ECODENTA 天然 礦 泉水 再 礦化 牙膏 活 泉水,15
法國 天然 礦 泉水,1400
evian 天然 礦 泉水 500ml24 入箱,20
義 大利 普娜 AcquaPanna 天然 礦 泉水 1000mlx,15
evian 天然 礦 泉水 PET500ml,10
evian 天然 礦 泉水 1000ml12 入 X5 箱,5
Mondariz 天然 礦 泉水 1 公升 15 入箱,10
evian 依 雲 天然 礦 泉水 500ml 瓶 124275,10
evian 依 雲 天然 礦 泉水 寶特瓶 3305001000,10
AQUA 喀爾巴 阡 天然 礦 泉水 250ml,25
AcquaPanna 普娜 天然 礦 泉水 250mlx24 入,5
澳洲 天然 鹽,5
聖碧濤 義 大利 天然 礦 泉水 250mL 玻璃瓶 24 入箱,5
WILDALP 奧 地利 天然 礦 泉水 粉 250ml12 瓶,10
Evian 依雲依 雲 天然 礦 泉水 玻璃瓶 裝 750mlx12 入,5
Mondariz 天然 礦 泉水 15 公升 12 入箱現,10
Volvic 富維克 天然 礦 泉水 500ml24 入箱,25
FIJI 斐濟 天然 深層 礦 泉水 500 毫升 X24 瓶,15
evian 依 雲 天然 礦 泉水 運動 瓶 蓋 750ml12 入母,5
北海道 雪 之 雫 天然 礦 泉水 2000mlx6 入,5
日田天 領水純 天然 活性 氫礦 泉水 2000mlx10 入箱,35
光泉 法國 富維克 天然 礦 泉水,5
Evian 氣泡 天然 礦 泉水 750ml12 入箱,5
Evian 依雲依 雲 天然 礦 泉水 PET 運動瓶 750mlx12,95
法國 evian 依 雲 天然 礦 泉水 750mlx12 入 玻璃瓶 台,5
Perrier 沛綠雅氣 泡 天然 礦 泉水 萊姆風味 鋁罐 250ml,10
Evian 依雲依 雲 天然 礦 泉水 PET 瓶 1500mlx2 箱,5
Hbay 紐灣 飲用 天然 礦 泉水 500ML,35
Evian 依雲依 雲 天然 礦 泉水 PET 瓶 1000mlx2 箱,65
Solan 西班牙 神藍 天然 礦 泉水 500ml20 入,20
FIJI 斐濟 天然 深層 礦 泉水 1000mlx12 入箱,55
MondarizMD 天然 礦 泉水 15Lx12 入箱,10
西班牙 Mondariz 天然 礦 泉水 500 毫升 x35 入,5
普娜 天然 礦 泉水 750ml,5
箱購 FIJI 斐濟 天然 深層 礦 泉水 500mlx24 瓶,10
巴娜 天然 礦 泉水 250ml,10
巴部農 天然 鹼性 礦 泉水 1250mlX2 箱共 24 入,5
AQUACarpatica 喀爾巴 阡 天然 礦 泉水 1000m,5
聖碧濤 義 大利 天然 礦 泉水 500ml,5
EVIAN 依 雲 天然 礦 泉水 330ml,10
現貨法國 evian 依 雲 天然 礦 泉水 500ml330m,5
箱購 法國 evian 依 雲 天然 礦 泉水 750mlx12 瓶,10
HinoAso 優質 天然 礦 泉水 2000ml2000ml,10
WILDALP 奧 地利 天然 礦 泉水 250,5
日田天 領水純 天然 活性 氫礦 泉水 500ml24 入箱,5
VIPEvian 依雲依 雲 天然 礦 泉水 玻璃瓶 裝 750mlx,30
Evian 天然 礦 泉水 330ml,10
北海道 大雪山 天然 礦 泉水 2000mlx6 入,10
免運巴部農 天然 鹼性 礦 泉水 1250mlx12 瓶免 運,5
北海道 大雪山 天然 礦 泉水 550mlx24 入,5
VIPEvian 依雲依 雲 天然 礦 泉水 PET 瓶 1500mlx,10
VOSS 芙絲 挪威 天然 礦 泉水 玻璃瓶 裝 375mlx24 入,5
MANNA 瑪 哪 天然 蘇打礦 泉水 355mlx24 入箱 進口,5
普娜 天然 礦 泉水 1000mlx12 入箱,40
水事紀 天然 礦 泉水 600cc24 入箱,5
Evian 依 雲 天然 礦 泉水 PET 瓶 500mlx24 入箱,10
EVA 天然 礦 泉水,30
Alamode 天然 無 拋光蜜 蠟手 鍊 特殊 款 天然 琥珀 蜜蠟,5
WILDALP 奧 地利 天然 礦 泉水 500ml12 瓶,10
法國 evian 依 雲 天然 礦 泉水 500mlx30 瓶免 運,5
AQUACarpatica 喀爾巴 阡 天然 礦 泉水 PET 瓶 1,10
Elisabethen 愛麗莎德國 天然 礦 泉水 1500ml,10
斐濟 天然 深層 礦 泉水 1L 瓶 1L 瓶,5
VIPEvian 依雲依 雲 天然 礦 泉水 PET 瓶 1000ml,15
Evian 依雲依 雲 天然 礦 泉水 PET 瓶 500mlx2 箱,60
斐濟 天然 深層 礦 泉水 500ML6 入組,5
Evian 依雲依 雲 天然 礦 泉水 PET 瓶 330mlx2 箱共,20
普娜 天然 礦 泉水 750mlx12 入箱,5
AQUAPacific 斐濟 太平洋 天然 純淨礦 泉水 600ml,5
0272074803 法國 evian 依 雲 天然 礦 泉水,5
法國 富維克 Volvic 天然 礦 泉水 1500ml12 入 x2 箱,5
水事紀 天然 礦 泉水 600cc,5
上 上 水遠紅 外線 小 水分子 團 天然 礦 泉水 520mlx24 入箱,5
日田天 領水純 天然 活性 氫礦 泉水 2000ml,20
全省 免運法國 依 雲 evian 天然 礦 泉水 500mlx3,5
義 大利 EVA 高峰 天然 礦 泉水 500ML24 入箱 礦 泉水,25
MANNA 瑪 哪 天然 蘇打礦 泉水 500ml24 入 進口 無氣,5
法國 evian 依 雲 天然 礦 泉水 1000mlx12 入寶特瓶,5
AQUACarpatica 喀爾巴 阡 天然 礦 泉水 兒童 PET 瓶,5
西班牙 聖安諾氣 泡 天然 火山 磺 泉水,5
自然 風法國 evian 天然 礦 泉水 500ml 依雲礦泉,5
