item_name,item
舒跑 運動 飲料 易 開罐 335mlx2 箱,5
舒跑 S 補給 飲料 PET590,265
舒跑 運動 飲料 PET1500,80
金 蜜蜂 運動 飲料 560ml,40
舒跑 運動 飲料 975m,36075
D618 運動 飲料 590mlx24 入,30
舒跑 運動 飲料 975ml,24620
維他 露舒跑 運動 飲料 975ml,1490
舒跑 運動 飲料 250ml 包 250ml 包,785
舒跑 運動 飲料 250mlx6 包組 487263,40
舒跑 運動 飲料 鋁箔 包 250ml6 入,310
舒跑 S 補給 運動 飲料 590ml24 入網,95
選舒跑 運動 飲料 PET975,135
維他 露舒跑 運動 飲料 245ml24 入,560
特 蒂斯 健康 運動 飲料,200
維他 露舒跑 運動 飲料 975ml12 入箱,75
2101225780 舒跑 運動 飲料 245ml,350
太古 AQUARIUS 動 元素 運動 飲料 1250ML,130
生活 運動 飲料 TP250,150
POCARISWEAT 寶礦力 水得 補充 電解質 運動 飲料,10
舒跑 運動 飲料 寶特瓶,2460
維他 露舒跑 運動 飲料 250ml6 入組,170
舒跑 運動 飲料 335ml6 罐組 335ml,345
維他 露舒跑 運動 飲料 590ml,3515
舒跑 運動 飲料 245ml 易,10
舒跑 運動 飲料 易 開罐 245ml,5010
寶礦力 水得 IONWATER 運動 飲料,840
舒跑 運動 飲料 600g,70
寶礦力 水得 運動 飲料 580mlx2 箱共 48 入,275
舒跑 原味 運動 飲料 鋁箔 包 250ml24 入,35
舒跑 運動 飲料 can,180
舒跑 運動 飲料 1500ml12 入箱,65
生活 運動 飲料 250ml,40
舒跑 運動 飲料 250mlx24 入愛買,475
卡打車 多重 補給 活力 運動 飲料 700ml,5
舒跑 運動 飲料 590mlx6 入,100
寶礦力 水得 ionwater 運動 飲料 4 瓶組 580ml4,855
舒跑 運動 飲料 15L 愛買,35
寶礦力 水得 運動 飲料,2155
0272068507 舒跑 運動 飲料 975ml,120
0272027512 生活 運動 飲料 500ml,670
生活 運動 飲料 600mlx24 入,95
舒跑 運動 飲料 寶特瓶 590mlx24 入箱 愛買網,20
動 元素 運動 飲料 600ML,20
生活 運動 飲料 790cc,55
M 舒跑 運動 飲料 250mlx24 入箱,310
舒跑 運動 飲料 易 開罐 245mlx24 入箱 愛買,215
舒跑 運動 飲料 1500mlx12 瓶箱 1500mlx12 瓶,40
山 道具 屋寶礦力 水得粉 POCARISWEAT 運動 飲料,70
維他 露舒跑 運動 飲料 250ml6 入,95
寶礦力 水得 運動 飲料 900ml2 箱共 24 入,105
舒跑 運動 飲料 鋁箔 包 250ml,13940
維他 露舒跑 運動 飲料 335ml24 入,90
舒跑 運動 飲料 15L,5
舒跑 運動 飲料 975ml 瓶 673410,25
蝦 皮代開 發票 舒跑 運動 飲料 S 健康 補給 運動 飲料 245m,105
S 買舒跑 運動 飲料 590ml,6460
生活 運動 飲料 400mlx6 入,30
舒跑 飲料 250mlx6 入 x4 組,410
團 外星人 青檸風味 運動 飲料,35
舒跑 運動 飲料 250mlx24 入愛買網,60
舒跑 運動 飲料 590mlx24 入,185
舒跑 S 補給 運動 飲料 590ml24 入隱,10
舒跑 運動 飲料 1500mlx12 入,40
舒跑 運動 飲料 590ml,66475
舒跑 運動 飲料,57945
舒跑 運動 飲料 can6 入,145
動 元素 運動 飲料,29355
維他 露舒跑 運動 飲料 寶特瓶 1500ml,4300
維他 露舒跑 運動 飲料 250ml24 入,1365
M 舒跑 運動 飲料 罐裝 245mlx24 入箱,140
NBA 指定 生活 運動 飲料,35
舒跑 S 運動 補給 飲料,45
AQUARIUS 動 元素 運動 飲料,60
舒跑 運動 飲料 250mlx24 包箱,6410
舒跑 運動 飲料 24 入,35
生活 運動 飲料 500ml,16190
M 舒跑 運動 飲料 590ml24 入箱,10
舒跑 運動 飲料 975ml 瓶 975ml 瓶,1085
10 蝦幣 回饋 舒跑 運動 飲料 S 健康 補給 運動 飲料 59,20
舒跑 運動 飲料 245cc,15
舒跑 運動 飲料 入,245
舒跑 運動 飲料 15L,4510
生活 運動 飲料 400mlx24 入,25
寶礦力 水得 運動 飲料 345mlx24 入 x2 箱,180
AQUARIUS 動 元素 運動 飲料 寶特瓶 600mlx2,115
舒跑 舒跑 運動 飲料 975ml12 入箱,35
維他 露舒跑 運動 飲料 250ml24 入 x3 箱,15
生活 運動 飲料 TP400,740
生活 運動 飲料 500m,8060
AQUARIUS 動 元素 運動 飲料 600ml24 入箱,5
A 舒跑 運動 飲料 PET5,85
維他 露舒跑 運動 飲料 590ml,5
舒跑 運動 飲料 原味 600G,400
舒跑 運動 飲料 鋁箔 包 250mlx6 入,45
舒跑 運動 飲料 590ml4 瓶組 456368,35
UNIFIT 運動 飲料 300mlx24 家樂福,10
生活 運動 飲料 600ml 瓶 600ml 瓶,440
舒跑 S 運補 飲料 590mlx24 入,210
FIN 運動 飲料 鋁箔 包箱,5
舒跑 運動 飲料 1500ml 瓶 1500ml 瓶,10625
維他 露舒跑 運動 飲料,1975
舒跑 運動 飲料 975mlX12 入,50
寶礦力 水得 ionwater 運動 飲料 4 瓶組 656604,15
舒跑 運動 飲料 罐裝 245ml,160
舒跑 運動 飲料 456368,30
舒跑 運動 飲料 590mlx24 瓶,40
舒跑 運動 飲料 250mlx24 包箱 大潤發,10
生活 運動 飲料 PET790ml,15
舒跑 運動 飲料 易 開罐 245mlx,60
舒跑 運動 飲料 487263,30
S 轉舒跑 運動 飲料 PET975,1130
舒跑 運動 飲料 寶特瓶 590mlx24 入箱 愛買,70
特 蒂斯 健康 運動 飲料 790mlx20 入,20
生活 運動 飲料 250mlx24 入現 貨蝦 皮直 送,195
UNIFIT 運動 飲料 TP300,10
蝦 皮代開 發票 舒跑 運動 飲料 590ml24 入 975ml,40
生活 運動 飲料 500cc,20
舒跑 運動 飲料 335ml,235
生活 運動 飲料 250mlx24 入,40
790 生活 運動 飲料,5
萊 D 舒跑 運動 飲料 590ml,5
舒跑 原味 運動 飲料 鋁箔 包 250mlx24 入箱,380
維他 露舒跑 運動 飲料 大,10
舒跑 運動 飲料 600ml 瓶,15
動 元素 運動 飲料 1250ML 兩,5
動 元素 運動 飲料 1250ml 愛買,25
萊 D 舒跑 運動 飲料 975ml,10
9060000010 光隆 D618 運動 飲料,35
AQ 動 元素 運動 飲料 寶特瓶 600ml24 入箱網,5
寶礦力 運動 飲料 580ml,5
寶礦力 水得 ionwater 運動 飲料 656604,30
舒跑 運動 飲料 245mlx24 入,85
舒跑 S 補給 飲料 Pet,5
10 蝦幣 回饋 特價 舒跑 運動 飲料 S 健康 補給 運動 飲,5
鹽質 擔當 運動 補給 飲料,35
舒跑 運動 飲料 1500mlx12 入箱 愛買,5
舒跑 運動 飲料 590ml4 瓶組,25
限 今日 付款 舒跑 運動 飲料 590mlx24 瓶舒跑 S,15
維 大力 運動 飲料 600ml24 入箱 現貨 蝦 皮直 送,5
舒跑 運動 飲料 335mlx24 入,10
N 特 蒂斯 健康 運動 飲料,105
舒跑 運動 飲料 335ml6 罐組,15
金車 寶礦力 運動 飲料 600g,40
舒跑 運動 飲料 1500cc,20
舒跑 運動 飲料 245mlx24 罐箱 大潤發,10
舒跑 運動 飲料 250mlx6 入 x4 組,155
大西洋 E2 量 能 運動 飲料 580ml,30
舒跑 運動 飲料 590mlX24 入,5
10 蝦幣 回饋 舒跑 運動 飲料 S 健康 補給 運動 飲料 59,10
舒跑 運動 飲料 寶特瓶 1500mlx12 入,35
舒跑 運動 飲料 600cc,15
維他 露舒跑 運動 飲料,5
舒跑 S 運補 飲料 250ml6 入,15
維 大力 運動 飲料 600ml24 入箱,10
維他 露舒跑 運動 飲料,5
舒跑 運動 飲料 1500m 箱,5
金車 健酪 運動 飲料 600g,20
舒跑 運動 飲料 245mlx24 入,50
分批 取 D618 運動 飲料 590ml,315
維他 露舒跑 運動 飲料 寶特瓶,15
舒跑 運動 飲料 保特瓶 1500cc,15
舒跑 S 運動 飲料 低卡 590ml,5
生活 運動 飲料 24 入,10
舒跑 運動 飲料 1500ml 瓶大買家,5
箱購 舒跑 運動 飲料 寶特瓶 1500mlx12 瓶,15
加 分水 Dewy 運動 飲料,5
舒跑 運動 飲料 寶特瓶 590mlx,5
箱購 舒跑 運動 飲料 590mlx24 瓶,100
舒跑 運動 飲料 245ml 罐 245ml 罐,40
舒跑 運動 飲料 1500ML 兩入,10
代收 代付 舒跑 運動 飲料 590ml,10
生活 加 分水 Dewy 運動 補給 飲料 600mlx24 入,15
金車 寶礦力 運動 飲料 600g,15
生活 加 分水 Dewy 運動 補給 飲料 600mlx4 入,5
舒跑 運動 飲料 975,5
舒跑 運動 飲料 1500ML 兩入 組愛買,35
寶礦力 水得 IONWATER 運動 飲料 580mlx24 瓶,15
中元 舒跑 運動 飲料 590ml4 入,40
舒跑 運動 飲料 335CC,10
舒跑 運動 飲料 975ml 瓶大潤發,10
箱購 寶礦力 水得 IONWATER 運動 飲料 580mlx24,15
維他 露舒跑 運動 飲料 鋁箔 包 250ml6 入 組康,5
舒跑 運動 飲料 250ml,10
舒跑 運動 飲料 245ml24 入網,5
動 元素 運動 飲料 1250mlx12,10
舒跑 運動 飲料 1500ml 瓶大潤發,5
AQ 動 元素 運動 飲料 600ml24 入組,5
舒跑 低鈉 運動 飲料,5
