item_name,item
使用 自備 飲料 杯 1 杯,45
自備 飲料 杯 和 可樂去,5
自備 飲料 杯 x1,120
自備 飲料 杯 一杯 飲,130
自備 飲料 杯 x3,5
自備 一杯 飲料 杯,5
自備 飲料 杯 1 杯衛,5
兩杯 自備 飲料 杯 去,5
自備 飲料 杯 1 需紙,5
自備 飲料 杯 X2,15
自備 飲料 杯 X1,10
自備 飲料 杯 x1 杯,10
自備 飲料 杯 一杯,5
自備 飲料 杯 折扣,645
飲料 少冰 自備 環保,10
自備 飲料 杯 並去 冰,5
自備 飲料 杯 2 胡椒,5
有 自備 飲料 杯 一杯,10
自備 飲料 杯 x2,30
自備 飲料 杯 兩杯 都,5
自備 飲料 杯 少冰,5
自備 飲料 杯 謝謝,5
自備 飲料 杯 1 胡椒,10
自備 飲料 杯 1 杯 可樂,10
自備 飲料 杯 三杯,30
自備 飲料 杯 謝謝,30
自備 飲料 杯 可樂冰,5
自備 飲料 杯 x2 然,5
可樂要 自備 飲料 杯,5
自備 飲料 杯 折 五元 刷,30
自備 飲料 杯 x1 飲,5
自備 飲料 環保杯,5
自備 環保杯 飲料 少,5
自備 飲料 杯 使用 1,5
使用 自備 飲料 杯 折 5,15
自備 飲料 杯 可樂去,10
自備 飲料 杯 x2 炸雞,5
自備 環保杯 飲料 去,85
自備 飲料 杯 1 杯感,10
使用 自備 飲料 杯,25
飲料 去 冰有 自備 二,5
自備 一個 飲料 杯 飲,5
可樂會 自備 飲料 杯,10
自備 飲料 杯 x1 胡,5
飲料 自備 杯 X1 一杯,5
飲料 去 冰 使用 自備,5
自備 飲料 杯 1 杯謝,30
一包 自備 飲料 杯,5
飲料 有 自備 環保杯,5
自備 飲料 杯 一杯 去,10
自備 飲料 杯 x1 可樂,5
自備 飲料 杯 使用 5,5
自備 飲料 杯 共 三杯,5
自備 飲料 杯 1 杯 檸檬,5
自備 飲料 杯 x1 少,5
內用 自備 飲料 杯 1,5
自備 飲料 杯 1 杯麻煩,5
自備 飲料 杯 2 杯謝,10
自備 飲料 杯 1 悠遊,5
自備 飲料 杯 一杯 還,5
自備 飲料 杯 一杯 炸,5
3 自備 飲料 杯 x1,5
自備 飲料 杯 謝謝,5
要 自備 環保杯 飲料,10
雞 胸肉 自備 飲料 杯,5
自備 飲料 杯 2 杯 七喜,5
自備 飲料 杯 麻煩 請,5
雞 胸肉 自備 飲料 杯,15
飲料 自備 杯子,5
自備 兩個 飲料 杯 飲,5
使用 自備 飲料 杯 柚香,5
有 自備 飲料 杯 x2 杯,5
自備 飲料 杯 2 杯番,5
自備 飲料 杯 2 杯漢,5
有 自備 飲料 杯 使用,5
可樂 自備 飲料 杯,15
自備 飲料 杯 x2 去 冰,5
使用 1 個 自備 飲料 杯,5
飲料 自備 環保杯 2,15
可樂 自備 飲料 杯 需,5
自備 飲料 杯 1 杯 及購,5
自備 飲料 杯 兩杯 飲,5
可樂要 用 自備 飲料 杯,5
自備 飲料 杯 2 謝謝,5
飲料 自備 環保杯 去,5
自備 飲料 杯 x1 飲,10
杯 可樂 x1 自備 飲料,5
自備 飲料 杯 胡椒 鹽,5
自備 飲料 杯 1 杯裝 可,5
三個 自備 飲料 杯,5
自備 飲料 杯杯 數 2,5
自備 飲料 環保袋 取,5
自備 飲料 杯 檸檬紅,5
使用 自備 飲料 杯 飲,5
自備 飲料 杯 需要 胡,5
自備 飲料 杯 一杯,5
自備 飲料 杯 2 杯方,5
自備 飲料 杯 2 杯麻,5
自備 飲料 一杯 折 5 元,5
自備 飲料 杯 x2 都,5
自備 飲料 杯 胡椒 鹽,5
用 自備 飲料 杯 優惠,5
自備 飲料 杯 一杯,5
自備 飲料 杯 需內用,5
飲料 去 冰 一杯 自備,5
自備 一杯 飲料 杯 需,5
自備 飲料 杯 炸雞醬,5
自備 飲料 杯 無 需紙,5
自備 飲料 杯 黑胡椒,5
醬 自備 杯 x2 飲料,10
自備 飲料 杯 折 X2,5
自備 飲料 杯 使用 兩,5
自備 飲料 杯 使用 2,5
自備 飲料 杯 2 番茄,10
自備 飲料 杯數 2,10
自備 飲料 杯 內用,5
自備 環保杯 2 杯 飲料,5
飲料 自備 環保杯 都,5
自備 飲料 杯 1 杯折 5,5
自備 飲料 杯 1 謝謝,10
自備 飲料 杯 使用 杯,10
自備 飲料 杯 X1 杯,5
自備 飲料 杯 需要 胡,10
自備 飲料 杯 胡椒粉,5
自備 飲料 杯 二杯 謝,5
自備 飲料 杯 二杯,5
自備 飲料 杯 兩杯,5
自備 環保杯 飲料 都,5
自備 環保杯 飲料 去,30
自備 飲料 杯 x1,5
自備 飲料 杯 內用,5
要 使用 自備 飲料 杯,5
自備 兩杯 飲料 都 要 去,5
我 兩杯 都 要 自備 飲料,5
自備 兩個 飲料 杯,10
飲料 全去 冰均 自備,5
自備 飲料 杯 內用,5
自備 飲料 杯 x1 發,5
自備 飲料 杯 使用 杯,5
自備 飲料 杯 一杯,170
自備 飲料 一杯,5
自備 飲料 杯子 去 冰,5
三杯 飲料 我 都 會 自備,5
兩杯 飲料 都 自備 杯子,5
自備 一杯 飲料 杯,10
自備 飲料 杯 折 五元,5
自備 飲料 杯 3 杯少,5
x3 自備 飲料,5
自備 飲料 杯 x1,10
自備 飲料 杯數 2 杯,5
自備 飲料 杯 1 杯中,5
自備 環保杯 飲料 少,15
自備 一個 飲料 杯,10
飲料 自備 環保杯 1 杯,5
自備 餐盒 和 飲料 杯,5
一杯 自備 杯子 飲料,5
兩杯 飲料 皆 自備 環保,5
自備 飲料 杯 1 個現,5
飲料 自備 杯子,15
自備 一個 飲料 杯 裝檸,5
自備 一個 飲料 杯 裝奶,5
內用 自備 飲料 杯,5
自備 飲料 杯 2 杯麻,5
自備 飲料 杯 三杯 少,5
自備 飲料 杯 薯條 無,5
自備 飲料 杯 折 x1,5
1 七喜 自備 飲料 杯,5
兩杯 可樂 自備 飲料 杯,5
自備 飲料 杯 兩杯,15
1 杯 自備 飲料 完全,5
自備 飲料 杯 4 杯 折抵,5
自備 飲料 杯 x1 去,5
自備 飲料 杯 2 杯裝,5
自備 飲料 杯 胡椒粉,5
自備 飲料 杯 x1 去 冰,5
自備 飲料 杯 1 杯謝,25
可樂 自備 飲料 杯,5
自備 飲料 杯 可樂少,5
有 自備 飲料 杯 使用,5
自備 飲料 杯 1 杯折,5
使用 自備 飲料 杯 折,5
自備 飲料 杯 二杯,5
自備 飲料 杯 折 五元,155
自備 飲料 杯 三杯 都,5
自備 飲料 杯 3 杯麻,5
使用 自備 飲料 杯 不,5
會 自備 飲料 杯 謝謝,5
一杯 自備 飲料 杯,10
自備 飲料 杯 一只 2,5
使用 自備 飲料 杯 總共,5
自備 飲料 杯 一杯 可樂,5
自備 飲料 杯 使用 2 杯,5
自備 飲料 杯 折 五元 使,5
1 使用 自備 飲料 杯,5
自備 飲料 杯 一個,10
飲料 全部 裝進 自備 飲,5
兩杯 飲料 都 使用 自備,5
使用 自備 飲料 杯 x1,5
自備 飲料 杯 2 杯炸,5
自備 飲料 杯 x4,5
自備 三杯 飲料 杯,5
自備 飲料 杯 不要 雞,5
自備 飲料 杯 X1 不,5
自備 飲料 杯 內用,5
可以 自備 飲料 杯 請,5
自備 飲料 折 五元,5
飲料 少冰 自備 購物,5
可樂 自備 飲料 杯,5
自備 飲料 杯 X3 飲,5
自備 飲料 杯 數量 1,5
自備 飲料 杯 不 加冰,5
飲料 自備 環保杯 都 去,5
自備 環保杯 1 飲料,5
要 使用 自備 飲料 杯 優,5
自備 飲料 杯 一杯,10
自備 飲料 瓶 1L,5
要用 自備 飲料 杯 共,5
內用 自備 飲料 杯,5
自備 飲料 杯 X1,10
微冰 自備 飲料 杯,5
自備 兩杯 飲料 杯,5
自備 飲料 杯 兩杯 要,5
自備 飲料 杯 x1 麻煩,5
自備 飲料 杯 兩杯,5
自備 飲料 杯 折 x1 去,5
使用 自備 飲料 杯 1,5
自備 飲料 杯 兩杯,15
使用 1 杯 自備 飲料 杯,5
自備 飲料 杯 1 裝檸,5
欲 使用 自備 飲料 杯,5
自備 飲料 杯 欲 使用,5
自備 環保 飲料 杯 4 杯,5
二杯 可樂 都 自備 飲料,5
我要 自備 飲料 杯 4,5
自備 兩個 飲料 杯 不,5
自備 環保 飲料 杯 2 杯,5
自備 飲料 杯 一杯,10
自備 飲料 杯子 1 需,5
自備 飲料 杯 環保容,5
使用 自備 飲料 杯 謝,5
自備 兩杯 飲料 杯 飲,5
自備 飲料 杯 需椒 鹽 及,5
您好 自備 飲料 杯 2,5
自備 飲料 杯 一杯,5
