item_name,item
飲料,239345
飲料 杯 1 杯,5
自備 飲料 杯 1 飲料,20
飲料 不 加冰 塊 飲料 不,10
飲料 去 冰 烤 腿 堡 醬,15
飲料 都 去 冰 儘 量 給,50
飲料 去 冰 飲料 去 冰,20
飲料 皆 自備 飲料 杯,5
飲料 促,11142400
飲料 去 冰,34375
飲料 去 冰 飲料 去 冰 飲,20
飲料 都 去 冰自備 飲料,5
飲料 幫 我 去 冰,5
自備 飲料 杯 飲料 少,5
自備 飲料 杯 3 飲料,5
飲料 去 冰自備 飲料,10
飲料 去 冰自備 飲料,120
飲料 杯 去 冰,5
飲料 去 冰,5
飲料 杯,60
飲料 請 都 去 冰,5
飲料 去 冰,5
自備 飲料 杯 飲料 去,165
自備 飲料 杯 飲料 不,20
飲料 自備 飲料 杯,5
飲料 請 多 冰,40
飲料 均 去 冰,10
自備 飲料 杯 2 飲料,5
飲料 去 冰自備 飲料 杯,70
飲料 皆 去 冰,10
飲料 杯 飲料 可樂去,5
飲料 杯 1,10
自備 飲料 杯 飲料 要,10
飲料 有 自備 飲料 杯,5
飲料 桶 6 件 組,20
飲料 去 冰 胡,15
自備 飲料 杯 飲料 是,5
3 杯 飲料 去 冰 3 包,5
飲料 去 冰,5
飲料 去 冰 謝謝 飲料 去,5
飲料 全部 去 冰 飲料,10
飲料 去 冰,20
飲料 去 冰,10
飲料 去 冰,50
飲料 請 去 冰 飲料,5
飲料 去 冰 謝謝 飲料,10
飲料 去 冰 飲料 去,5
飲料 去 冰 飲料 去 冰,60
飲料 請 去 冰,5
自備 飲料 杯 飲料 去,10
1 杯 飲料 去 冰,5
飲料 去 冰 2 杯,5
捲 多 菜 飲料 去 冰,5
飲料 都 去 冰,5
飲料 杯 去 冰,5
飲料 去 冰,15
6 飲料 去 冰,5
4 飲料 請 去 冰,5
飲料 皆 去 冰,5
自備 飲料 杯 飲料 請,20
飲料 都 要 去 冰 飲料,15
飲料 請 去 冰,775
飲料 去 冰,30
請 飲料 去 冰,15
1 飲料 去 冰 2 需,5
飲料 請 去 冰,5
飲料 全部 去 冰 飲料,10
飲料 都 有 自備 飲料 杯,5
到 飲料 去 冰 或 少,5
飲料 去,5
1 飲料 都 去 冰 2,15
飲料 去 冰自備 飲料,25
飲料 都 去 冰,45
飲料 去 冰 6 塊 炸 雞,5
1 飲料 去 冰 2 胡,5
腿 塊 飲料 請 去 冰,5
飲料 去 冰 飲料 去,10
袋 飲料 去 冰,5
飲料 去 冰 翫 寶 龍 社,5
自備 飲料 杯 飲料 少,10
飲料 去 冰 3 請,5
巾 飲料 去 冰,5
2 飲料 去 冰,5
飲料 去 冰 飲料 去 冰,25
飲料 去 冰 飲料 去 冰,5
飲料 要 去 冰,20
自備 飲料 杯 飲料 請,5
自備 飲料 杯 1 飲料,10
飲料 去 冰 請 附 2 包,5
飲料 去 冰 謝謝 飲料,5
飲料 都 去 冰,25
飲料 杯 1,5
飲料 去 冰,10
巾 飲料 去 冰,5
飲料 去 冰,10
1 飲料 去 冰 2 青,5
飲料 要 去 冰,5
包 1 飲料 去 冰,5
自帶 飲料 杯 飲料 請,5
和 雞 胸 飲料 去 冰,5
椒 粉 4 飲料 都 不,5
辣 的 飲料 請 去 冰,5
時 再裝 飲料 飲料 請,5
券 飲料 都 去 冰,5
腿 飲料 去 冰,5
飲料 請 均 去 冰,5
粉 飲料 去 冰,5
飲料 去 冰,15
飲料 去 冰麻煩 飲料 放,5
腿 中 翅 1 飲料 去,5
塊 雞 腿 飲料 去 冰,5
翅 飲料 去 冰,5
飲料 要 去 冰,5
1 飲料 去 冰 2,5
飲料 埒 冰,5
飲料 都 去 冰 請 附 8,5
巾 飲料 去 冰,5
要 翅 飲料 去 冰,5
醬 6 飲料 去 冰,5
飲料 去 冰,5
飲料 去,5
個 飲料 杯,5
飲料 全部 去 冰 飲料,15
1 飲料 去 冰 2 請,5
飲料 請 去 冰,5
飲料 都 要 去 冰,10
巾 飲料 去 冰,5
飲料 請 去 冰 飲料 請,5
2 杯 飲料 都 去 冰 不,5
1 飲料 都 去 冰 2,5
飲料 杯 2,5
飲料 杯 1 個,5
1 飲料 都 去 冰 2,5
冰 的 飲料 飲料 都 去,5
飲料 去 冰 飲料 裝紙,5
飲料 都 去 冰 請 多 附,5
1 飲料 去 冰 2 一,5
飲料 要 去 冰,30
自備 飲料 杯 飲料 微,5
飲料 去 冰,5
自備 飲料 杯 飲料 去,5
要 飲料,5
飲料 皆 去 冰自備 飲料,5
會 自備 飲料 杯 飲料,5
堡 醬 多 飲料 去 冰,5
4 杯 飲料 皆 自備 飲料,5
飲料 皆 用 自備 飲料 杯,5
自備 飲料 杯 飲料,5
飲料 去 冰自備 飲料,10
2 杯 飲料 自備 飲料 杯,5
飲料 去 冰 打,5
飲料 去 冰塊 飲料 去,5
飲料 要 冰 的,10
盒 飲料 去 冰,5
飲料 請 幫 我 去 冰 飲料,5
雞 翅 飲料 請 去,5
飲料 去 冰 飲料 去 冰謝,5
杯 飲料 都 去 冰,5
2 個 飲料 去 冰,5
4 杯 飲料 都 自備 飲料,5
飲料 去 冰 3 杯,5
1 飲料 去 冰,5
飲料 都 要 去 冰,5
2 飲料 去 冰,5
去 飲料 去 冰自備 飲料,5
2 杯 飲料 都 自備 飲料,5
飲料 都 去 冰 飲料 去,5
飲料 要 去 冰 飲料 要,5
飲料 去 冰 2 杯 飲料 有,5
塊 飲料 都 去 冰,5
飲料 去 冰 飲料 去 冰,10
3 飲料 都 去 冰,5
飲料 請 去 冰,5
