item_name,item
紅牛 無糖 能量 飲料,106395
魔爪 能量 飲料 易開 355ml,3040
魔爪 超越 能量 碳酸 飲料 can355,85
泰山 鹽質 擔當 補給 飲料 海鹽 荔枝 24 入 箱貞菱 代言,25
紅牛 能量 飲料 355ml 罐 355ml,140
老虎 牙子 有氧 飲料 590m,285
魔爪 超越 能量 飲料,17875
紅牛 能量 飲料 250ml4 罐組 250ml4 罐組,935
魔爪 能量 碳酸 飲料 355mL4 入組,20
保力 達蠻 牛維 他命 飲料 6 入,30
魔爪 超越 能量 碳酸 飲料,105
掠奪者 能量 飲料 250ml,2540
魔爪 芒果 狂歡 能量 碳酸 飲料 芒果 風味 355ml,135
老虎 牙子 O2 決明 有氧 飲料 鋁罐 245ml24 罐箱,15
老虎 牙子 飲料 決明 有氧 250ml,205
限 今日 付款 魔爪 MonsterEnergy 能量 碳酸 飲料,125
紅牛 能量 飲料 355ml,8680
保力 達蠻 牛維 他命 B 飲料 200ml,290
紅 魔爪 管浪 潘趣 能量 飲料 350ml,5
水蠻 牛維 他命 B 補給 飲料 590ml,65
爆能 能量 飲料 225ml,430
M 紅牛 無糖 能量 飲料 250ml24 入箱,50
老虎 牙子 自然 有氧 飲料,290
MonsterEnergy 魔爪 管浪 潘趣 能量 碳酸 飲料,170
0272140474 蠻牛 能量 飲料 250ml,195
D 維士 比馬力 夯 Plus 能量 飲料 250ml,1965
RedBull 紅牛 無糖 能量 飲料 250mlx24 罐箱,90
寶礦力 水得 粉末 運動 飲料 15g74g 補充 電解質 沖 泡粉,15
維他 露舒跑 飲料 內 容量 250mlx6 入,3415
ASAHI 朝日 沁涼 輕爽 加鹽 乳酸菌 飲料 500mlx24,65
RedBull 紅牛 能量 飲料 355mlx4 入組,20
RedBull 紅牛 能量 飲料 現貨 超商 免運 250 毫,30
健酪 乳酸 氣泡 飲料 580 毫升,5
木村 飲料 山梨 葡萄 汽水,15
Monster 魔爪 能量 碳酸 飲料 355ml,5800
OceanBomb 航海王 芒果 風味 飲料,185
魔爪 管浪 潘趣 碳酸 能量 飲料 355 毫升 X4176046,10
泰山 鹽質 擔當 補給 飲料 海鹽 檸檬 4 入 組貞菱 代言,40
保力 達水蠻 牛維 他命 B 補給 飲料 590ml,115
黃 金康 貝特 能量 飲料 健 150ml,3120
葡萄 王 PowerBOMB 爆能 能量 飲料 225mlX24,35
PowerBOMB 爆能 能量 飲料 荔枝 海鹽 啤酒花 風味 225,35
魔爪 芒果 狂歡 能量 碳酸 飲料 355ml355ml 罐,95
保力 達蠻 牛維 他命 B 飲料 250ml,60
免運 現貨 快速 出貨 韓國 一合 MCCOL 大麥 蘇打 飲料,15
森永 嗨 啾 軟糖 乳酸 飲料 口味,45
奧 利多 碳酸 飲料 240ml 易開 罐 24 罐箱 健康 食品,15
生活 運動 飲料 600mlx24 入 超值 箱購 現貨 蝦 皮直,15
寶礦力 水得 IONWATER 低卡運動 飲料 580mlx2 箱,180
白 魔爪 能量 飲料 350ml,30
Monster 魔爪 超越 能量 碳酸 飲料 355ml24 入箱,105
水蠻 牛維 他命 B 補給 飲料 590mlX24 入團 購組,15
泰山 鹽質 擔當 補給 飲料 海鹽 荔枝 4 入組,10
金車 奧 利多 碳酸 飲料 585ml,17365
森永 嗨 啾 軟糖 35g 乳酸 飲料 口味,2440
RedBull 紅牛 能量 飲料 250ml24 罐箱,240
0272116466 水蠻 牛維 他命 B 補給 飲料,965
金 蜜蜂 大 金牛 能量 飲料 240ml,5
寶礦力 水得 沖 泡粉 15g74g 運動 飲料 寶礦力 電解質,155
泰山 鹽質 擔當 補給 飲料 海鹽 荔枝 口味 550mlx24 入,5
泰山 鹽質 擔當 補給 飲料 海鹽 荔枝 4 入組,75
泰山 塩 質擔 當補給 飲料 海鹽 荔枝 口味 550ml24 入,10
免運 現貨 快速 出貨 韓國 飲料 Cocopalm 海太果 粒,25
保力 達水蠻 牛 飲料 590ml 瓶 590ml 瓶,15
魔爪 能量 碳酸 飲料 can355,255
免運 現貨 快速 出貨 日本 果漾 碳酸 飲料 果漾 氣泡 飲 碳酸,5
MonsterEnergy 魔爪 芒果 狂歡 能量 碳酸 飲料,250
保力 達蠻 牛維 他命 B 飲料 200ml,19390
魔爪 芒果 狂歡 能量 碳酸 飲料 355mlx4355MLx4,370
保力 達蠻 牛維 他命 B 飲料 160ml,1380
0272143631 維士 比馬力 夯 Plus 能量 飲料 250m,75
RedBull 紅牛 無糖 能量 飲料 250ml4 入組,75
紅牛 能量 飲料 250ml4,55
紅牛 白桃 風味 能量 飲料,37490
蠻牛 能量 飲料 EXCAN250,85
魔爪 管浪 潘趣 碳酸 能量 飲料 350M,40
魔爪 能量 碳酸 飲料 355ml,495
魔爪 能量 碳酸 飲料,580
0272142083 魔爪 能量 飲料 355ml,675
白 魔爪 能量 碳酸 飲料 355MLX4355mlx4,670
水蠻 牛維 他命 B 補給 氣泡 飲料 590ml,4820
保力 達水蠻 牛維 他命 B 補給 飲料 590ml,9490
日向 夏鹽 柑橘 風味 飲料,110
MonsterEnergy 魔爪 能量 碳酸 飲料 易 開罐 3,740
魔爪 芒果 能量 碳酸 飲料,5
魔爪 超越 能量 碳酸 飲料 355ML,110
紅牛 能量 飲料 250ml,6585
白 魔爪 能量 碳酸 飲料 829566,5
魔爪 能量 碳酸 飲料 355ml 罐 355ml 罐,90
推薦 商品 AsahiDRYZERO 無 酒精 飲料 350,60
金車 奧 利多 碳酸 飲料 240ml,1440
點加 價購 紅牛 能量 飲料,250
BUFF 能量 飲料 戰鬥力紅 250ml4 罐 250ml,80
魔爪 能量 碳酸 飲料 355ml4 罐組 355ml4 罐組,1155
RedBull 紅牛 含糖 無糖 能量 飲料 250 毫升 X,10
Monster 魔爪 芒果 狂歡 能量 碳酸 飲料 355ml24 入,40
RedBull 紅牛 能量 飲料 355ml4 入組,55
RedBull 紅牛 能量 飲料 355ml24 罐箱,60
紅牛 能量 飲料 250m,15
樂天 涼爽 飲料 韓國樂天 乳酸 蘇打 飲 Milki,80
SANKO 碳酸 飲料 水蜜桃 風味,95
COSCO 代購 W99894 力保 美達 能量 補給 飲料 2,5
LETRIBUTE 西班牙 獻禮 原味 通寧水 薑 汁 風味 飲料,5
紅牛 能量 飲料 無糖 CAN250,240
RedBull 紅牛 無糖 能量 飲料 250mlX24 入,95
老虎 牙子 有氧 飲料 600ml,70
葡萄 王 官方 旗艦 PowerBOMB 爆能 能量 飲料 荔枝 海鹽 啤,5
紅牛 能量 飲料 355,14245
即期 品光 武 製 果 蘇 打 乳酸 飲料 630ml,15
泰山 鹽質 擔當 補給 飲料 海鹽 荔枝 口味 550ml,55
奧 利多 奧 利多 水 585ml24 瓶箱 寡 醣 碳酸 飲料,15
奧 利多 活性 飲料 240ml24 入箱,60
PowerBOMB 爆能 能量 飲料 Can225,290
泰山 鹽質 擔當 補給 飲料 海鹽 荔枝 550ml24 入箱,10
10 蝦幣 回饋 魔爪 能量 碳酸 飲料 超越 芒果 狂歡 管浪,25
保力 達蠻 牛維 他命 飲料 6 入組,25
泰山 塩 質擔 當補給 飲料 海鹽 荔枝 海鹽 檸檬 單箱 免運,10
M 紅牛 能量 飲料 250mlx24 入箱,30
白 魔爪 能量 碳酸 飲料 355mlx24 箱愛買,50
寶礦力 水得 沖 泡粉 13g66g 運動 飲料 寶礦力 電解質,135
0272167746S 魔爪 芒果 能量 碳酸 飲料 355ml,5
紅牛 能量 飲料 火龍果 風味,5525
泰山 鹽質 擔當 補給 飲料 海鹽 檸檬 550ml4 入組,10
紅牛 能量 飲料 355ml4 罐組 355ml4 罐組,475
紅牛 無糖 能量 飲料 250ml4 罐組 250ml4 罐組,295
保力 達水蠻 牛維 他命 B 補給 飲料 590ML,20
金車 奧 利多 活性 飲料 奧 利多 水 Fiberin 纖維氣 泡,10
保力 達蠻 牛維 他命 飲料 24 入,150
BOSS 工匠 濃厚 巧克力 飲料,20
0272128532 老虎 牙子 Light 有氧 飲料,225
保力 達蠻 牛維 他命 飲料,184395
老虎 牙子 Light 自然 有氧 飲料 320mlx24 入箱,15
可爾 必思 飲料 便利 包 300ml,20
DUKE 能量 飲料 經典,40
魔爪 能量 碳酸 飲料 芒果,115
寶礦力 水得 沖 泡粉 15g66g 運動 飲料 寶礦力 電解質,105
老虎 牙子 經典 有氧 蘇打 飲料 鋁罐 330ml24 罐箱,15
MK 胺基酸 運動 飲料 沖 泡粉 葡萄柚 風味,30
力保 美達 能量 飲料,945
RedBull 紅牛 能量 飲料 250mlx24 罐箱,945
魔爪 能量 碳酸 飲料 355ML,135
0272104339 紅牛 能量 飲料,595
魔爪 MonsterEnergy 能量 碳酸 飲料 355ml,55
金車 奧 利多 碳酸 飲料 240mlx24 入箱,120
PowerBOMB 機能 能量 飲料 225ml 罐 葡萄 王多,10
金車 奧 利多 生活 飲料 150G,25
當筆 購紅牛 能量 飲料 特 59 元 0TY0,15
魔爪 管浪 潘趣 能量 飲料 350ml,5
箱購 奧 利多 碳酸 飲料 240ml24 入,40
新掠 奪者 能量 飲料,27365
聊聊 領券 再 折 魔爪 能量 碳酸 飲料 超越 芒果 狂歡 管浪,55
魔爪 超越 碳酸 能量 飲料 355ml,330
DPowerBOMB 能量 飲料 荔枝 海鹽 啤酒花 風味 225ml,1820
MonsterEnergy 魔爪 超越 能量 碳酸 飲料 易,915
舒跑 運動 飲料 250mlx6 包組 250mlx6 包組,1705
黃 金康 貝特 能量 飲料,50
14001126899MONDAINE 瑞士 國鐵 環保 飲料 杯,10
維他 露舒跑 運動 飲料 590ml24 入箱 現貨 蝦 皮直,175
Monster 魔爪 碳酸 能量 飲料 355ml 管浪 潘,900
魔爪 管浪 潘趣 碳酸 能量 飲料,80
現貨美國 Ball 梅森 罐 24oz 寬口 搖搖 飲料 杯 組,5
維他 露 P 活力 微泡 飲料 610ml 瓶,30
RedBull 紅牛 能量 飲料 355mlx24 罐箱,305
卡打車 補給 飲料 乳酸 口味 700ml,5
魔爪 能量 碳酸 飲料 355ml4 罐組 150963,10
白 魔爪 能量 碳酸 飲料 355MLX4829566,5
0272164647RedBull 紅牛 無糖 能量 飲料 2,60
用心 飲料 大師 堅果 奶 250mlx6 入,10
魔爪 能量 飲料 350ml,20
保力 達蠻 牛維 他命 B 飲料 250mlx24 入,10
紅牛 能量 飲料 355ml,160
4710095707062 泰山 鹽質 擔當 補給 飲料 海鹽 檸檬,45
奇奇 亞思 乳酸菌 蘇打 飲料,110
MonsterEnergy 魔爪 ULTRA 超越 能量 飲料,10
維他 露舒跑 S 補給 飲料 590ml4 瓶組,5
維他 露 P 活力 微泡 飲料 2000ml2000ml 瓶,2175
魔爪 能量 碳酸 飲料 355mlx24 箱愛買,35
奧 利多 奧 利多 水 2000ml6 瓶箱 寡 醣 碳酸 飲料,10
舒跑 S 運動 補給 飲料 590ml4 瓶組 590ml4 瓶組,90
維士 比馬力 夯 Plus 能量 飲料 250ml250ML,550
康貝特 爆能 能量 飲料 225mlx24 罐,30
紅牛 能量 飲料 250ML,120
RedBull 紅牛 無糖 能量 飲料 250mlx24 罐箱,485
老虎 牙子 LIGHT 自然 有氧 飲料 鋁罐 320mlx24 罐,30
Acer 掠奪者 能量 飲料 加購品 賣場,5
洋 可夫 俄羅斯 傳統 發酵 黑麥 飲料 黑麥汁 KVASS 格 瓦斯,5
魔爪 芒果 能量 碳酸 飲料 355mlx24 箱愛買,30
康貝特 活力 爆發 能量 飲料 225ml,3765
紅牛 能量 飲料 146224,5
黑松 CC 乳酸菌 氣泡 飲料 510ml24 入箱,5
老虎 牙子 LIGHT 自然 有氧 飲料 鋁罐 320ml24 罐,10
維他 露 P 活力 微泡 飲料 610ml4 組 610ml,280
葡萄 王 PowerBOMB 活力 爆發 能量 飲料 24 入快,5
葡萄 王 PowerBOMB 爆能 能量 飲料 24 入 荔枝 海鹽 啤酒,10
RedBullEnergyDrink 紅牛 能量 飲料,15
SANKO 碳酸 飲料 哈密瓜 風味,25
水蠻 牛維 他命 B 補給 飲料 PET590,65
VIPRedBull 紅牛 能量 飲料 250mlx24 罐,15
外星人 荔枝 海鹽 風味 運動 飲料 500ml15 入箱購,5
紅牛 無糖 能量 飲料 250,190
康貝特 200P 能量 飲料 180ml,800
黑 魔爪 能量 飲料 350ml,15
飲料 可口 可樂溜 擺曲線 瓶 600ml,35
0272156499 魔爪 管浪 潘趣 能量 碳酸 飲料 355ml,20
維他 露 P 活力 微泡 飲料 2000ml247959,10
代銷 紅牛 白桃 風味 能量 飲料,25
保力 達蠻 牛維 他命 B 飲料,105
外星人 電解質 水青 檸風味 運動 飲料 500ml 六入 組,5
CCYS 乳酸菌 蘇打 飲料 500ml,40
外星人 電解質 水 荔枝 海鹽 風味 運動 飲料 500ml,5
水蠻 牛維 他命 B 補給 飲料 590mlX24 入,30
魔爪 芒果 狂歡 能量 碳酸 飲料 355ml,10
奇奇 亞思濃 乳酸菌 飲料 200mlDonki 日本 唐吉訶德,25
D 魔爪 能量 飲料 易開 355ml,4125
免運電子 發票 蠻 牛 EX 能量 飲料 250ml24,175
PowerBOMB 爆能 能量 飲料 荔枝 海鹽 啤酒花 風味 24 瓶裝,55
泰山 鹽質 擔當 補給 飲料 海鹽 檸檬 口味 550ml,55
RedBull 紅牛 能量 飲料 250mlx12 入,5
魔爪 芒果 能量 飲料 355ml,45
保力 達 蠻 牛 EX 能量 飲料 250ml 家樂福,5
Yoghurppe 乳性 碳酸 飲料 490mlDonki 日本,10
0PowerBOMB 爆能 荔枝 海鹽 能量 飲料 can225 限量 一,25
Yakult 優格 風味 碳酸 飲料 300ml24 入,5
魔爪 芒果 狂歡 能量 碳酸 飲料 355ML,40
RedBull 紅牛 無糖 能量 飲料 250mlx4 入組,45
Arizona 綜合 水果 風味 飲料,30
啵 樂樂 乳酸 飲料 蘋果 口味 235ml 瓶 235 毫升 瓶,1040
推薦 商品 CocaCola 綾鷹 綠茶 飲料 525ml,10
韓國 啵 樂樂 PORORO 乳酸 飲料 無 人工 色素 235m,15
金車 奧 利多 水寡 醣 飲料 585ml,3420
友飲料 果漾 碳酸 飲料 白桃 風味 3,15
PowerBOMB 爆能 能量 飲料,10
團箱 購奧 利多 碳酸 飲料,2595
清涼 碳酸 飲料 橘子 風味,105
2022 蘇菲 x 馬 來 貘 聯名 飲料 提袋 嬉遊款,2755
S 買神戶 居留地 蘇打味 碳酸 飲料,130
金車 奧 利多 水 碳酸 飲料 585ml 蝦 皮代開 發票 全省 1 箱,5
友 桝飲料 果漾 碳酸 飲料 西瓜 風味,35
YakultYakult 優格 碳酸 飲料 300ml,15
老虎 牙子 LIGHT 自然 有氧 飲料 590mlx24 瓶,15
鹽質 擔當 補給 飲料 550mlx4 入愛買,15
韓國 八道 PALDOPORORO 啵 樂樂 乳酸 飲料 蘋果,5
維他 露 P 活力 微泡 飲料 610ml,15
RedBull 紅牛 能量 飲料 250ml24 罐箱,25
寶礦力 水得 電解質 補給 飲料 易 開罐 340ml24 入 x2 箱,5
MPowerBOMB 爆能 能量 飲料 225mlx24 入箱,30
泰山 鹽質 擔當 補給 飲料 海鹽 荔枝 口味,45
日本 啤酒 龍馬 無 酒精 碳酸 飲料 350ml,50
500 方寬口 瓶 單支 450CC 涼 水瓶 飲料 瓶 冷 泡茶,5
韓國 八道 Pororo 啵 樂樂 乳酸 飲料 吸吸 飲 無 人工 色,50
SANGARIA 清涼 碳酸 飲料 橘子 風味 350g,65
魔爪 MonsterEnergy 超越 能量 碳酸 飲料 355,5
神戶 居留地 蘇打味 碳酸 飲料 350ml,5
星巴克 1130 限定 電子 飲料券 可 折抵 至 150 飲料,5
Sangaria 蜂蜜 梅子 風味 碳酸 飲料 183ml,20
RedBull 紅牛 白桃 風味 能量 飲料 250ml24 罐,35
紅牛 無糖 能量 飲料 250ML,50
0272076535 奧 利多 活性 飲料 240ml,145
鹽質 擔當 補給 飲料 海鹽 檸檬 550MLx4 入愛買,10
金車 健酪 乳酸 飲料 580m,155
纖維 飲料 奧 利多 24 罐箱,20
魔爪 英屬 太古 Monster 魔爪 能量 碳酸 飲料 白 魔爪,90
老虎 牙子 淡味 飲料 320ml,70
現貨 零食 研究所 韓國 養樂多 碳酸 飲料 乳酸 飲 韓國 多多,5
CALPIS 可爾必 思風味 吸管 飲料,5
RedBull 紅牛 能量 飲料 250mlX24 入,80
RedBull 紅牛 能量 飲料 355ml24 罐箱,20
維他 露 P 活力 微泡 飲料 2000ml 瓶,5
生活 飲料 任選二箱 免運 500mlx24,5
ASAHI 朝日 精神 多多 乳酸菌 飲料 300mlx24 入,25
AriZona 綜合 水果 風味 飲料,35
RedBull 紅牛 能量 飲料 355mlx24 罐箱 週期,10
OceanBomb 超 人力 霸王 原味 風味 乳酸 飲料,190
韓國樂天 乳酸 蘇打 風味 飲 250ml 蘇珊 小姐 飲料 韓國 飲,5
金車 奧 利多 碳酸 飲料 240mlx2 箱共 48 入,305
日東 櫻桃 風味 飲料 粉 106g,5
鹽質 擔當 補給 飲料 海鹽 檸檬 550mlx24 入箱 愛買,35
奧 利多 碳酸 飲料 240ml 易開 罐 24 罐箱 多箱 任,25
葡萄 王爆能 能量 飲料 荔枝 海鹽 啤酒花 風味 225mlx2,5
RedBull 紅牛 能量 飲料 355ml4 入組 x3 組,10
ScottyBear 那 隻 熊 ZG114 夏日 新款 飲料,35
金車 健酪 乳酸 飲料 水蜜桃 580ml,10
日本 POCARI 寶礦力 水得 粉末 運動 飲料 電解質 沖 泡,15
PowerBOMB 爆能 能量 飲料 can225 限量 一箱 24 罐,75
泰山 鹽質 擔當 補給 飲料 海鹽 檸檬 24 入 箱貞菱 代言,10
保力 達 蠻 牛 200cc24 瓶 箱維 他命 B 飲料 上立 供貨,5
韓式 風味 拉 麵 任選 小菜 一份 飲料,35
金車 健酪 乳酸 飲料 580ml,15
日本 零食 養樂多 Yakult 優格 碳酸 飲料 北 日本 Bo,10
味王 蘆筍 飲料 235ml24 入箱 消暑 解渴 清涼降,15
韓國樂天 LOTTEMilkis 優格 碳酸 飲 乳酸 飲料,10
金車 奧 利多 碳酸 飲料 240ML,10
白 魔爪 能量 碳酸 飲料 355mlx24 箱愛買網,5
RedBull 紅牛 白桃 風味 能量 飲料 250ml24 罐,60
0272148849PowerBOMB 爆能 能量 飲料,20
Glico 格力 高 米奇 水果 碳酸 飲料 棒棒糖 聖誕節 交,5
分批 取 PREDATORSHOT 掠奪者 能量 飲料 250ml,15
魔爪 超越 碳酸 能量 飲料 355mlx24 罐,5
代收 代付 Monster 魔爪 能量 碳酸 飲料 355mlx4,5
RedBull 紅牛 能量 飲料 250mlGamingkit,20
康貝特 爆能 能量 飲料 荔枝 海鹽 啤酒花 風味 225mlx24,5
RedBull 紅牛 能量 飲料 250ml,20
紅牛 能量 飲料 355ml4,10
奧 利多 碳酸 飲料 150ml 玻璃瓶 24 瓶箱,10
RedBull 紅牛 無糖 能量 飲料 250ml24 罐箱,5
金車 健酪 乳酸 飲料 水蜜桃 580ml,5
紅牛 無糖 能量 飲料 146245,10
順心紙 紮 可樂 啤酒 飲料 汽水 紙 紮 可樂 台 製 往 生,10
聊聊 領券 再 折 魔爪 能量 碳酸 飲料 超越 芒果 狂歡 管浪,5
ASAHI 精神 多多 乳酸菌 飲料 300ml24 入,15
SAN 葡萄 風味 碳酸 飲料 250ml,5
新 口味 上市 元氣 森林 氣 泡水 外星人 電解質 水運動 飲料 網紅,535
康貝特 PowerBOMB 爆能 飲料 225cc,10
金車 奧 利多 碳酸 飲料 150ml24 罐箱,35
紅牛 火龍果 風味 能量 飲料 250ml,515
維他 露 P 健康 微泡 飲料 250ml,5
魔爪 JUICEMONSTER 芒果 狂歡 碳酸 能量 飲料 芒果 風味,20
pororo 啵 樂樂 蘋果 飲料 熱帶 水果 口味 235ml 罐,5
金車 健酪 乳酸 飲料 320mlx24 罐健酪,5
白 魔爪 能量 飲料 355ml,20
PasabahceTimeless 永恆 可疊 水杯 飲料,10
OMORY 直飲 磨砂 飲料 瓶 760ml 海藍,85
redBull 紅牛 能量 飲料 250ml 紅牛 redbu,5
代收 代付 光 武 製 果 蘇 打 乳酸 風味 HiPis 飲料 棒,10
樂天 優格 風味 碳酸 飲 250 毫升 免運附 發票 最新 效期 飲料,5
Yakult 養樂多 日本 飲料 Yakult 養樂多 優格 碳,5
4710095702463 泰山 鹽質 擔當 補給 飲料 海鹽 荔枝,10
Suntory 奈奈 橘子 風味 飲料,25
350 曲線 瓶 單支 寬口 瓶涼 水瓶 飲料 瓶 冷 飲瓶 隨手 瓶,10
RedBull 紅牛 能量 飲料 250mlx24 罐箱 週期,105
RedBull 紅牛 能量 飲料 250ml24 罐箱,90
RedBull 紅牛 能量 飲料 250mlx4 家樂福,5
可爾 必思 乳酸菌 發酵 乳 飲料 500ml 瓶,5
PowerBOMB 活力 爆發 能量 飲料 24 瓶裝,15
SANGARIA 清涼 碳酸 飲料 原味 350g,20
不 二家 N 白桃 風味 碳酸 飲料 380ml,280
pororo 啵 樂樂 乳酸 飲料 牛奶 口味 235ml 罐裝,35
4710588010990 蠟筆 小新 輕巧 飲料,5
保力 達水蠻 牛 飲料 590ml4 瓶組 147664,15
3 公斤 阿公 牌鳳梨醬 飲料 可以 使用,5
保力 達 蠻 牛 200cc24 瓶 箱維 他命 B 飲料,25
老虎 牙子 O2 決明 有氧 飲料 鋁罐 245mlx24 罐,25
PowerBOMB 能量 飲料 荔枝 海鹽 啤酒花 風味 225ml,15
MonsterEnergy 魔爪 超越 仙境 碳酸 能量 飲料,70
可爾必 思水語 乳酸菌 飲料 500ml24 入箱 康鄰,15
PowerBOMB 爆能 能量 飲料 225ml 現貨 附發票 最,15
魔爪 超越 仙境 碳酸 能量 飲料 CAN355,20
健酪 乳酸 氣泡 飲料 580ml24 瓶箱,10
啵 樂樂 乳酸 飲料 牛奶 口味 235ml,785
6101010725 奧 利多 碳酸 飲料 易 開罐 240mL,5
Monster 魔爪 能量 碳酸 飲料 355mlx4 入愛買,5
MonsterEnergy 魔爪 能量 碳酸 飲料 355mlx2,5
魔爪 MonsterEnergy 管浪 潘趣 碳酸 能量 飲料 35,30
團箱 購奧 利多 碳酸 飲料,2160
RedBull 紅牛 火龍果 風味 能量 飲料 250ml4 入組,5
PowerBOMB 活力 爆發 能量 飲料 荔枝 海鹽 啤酒花 風味,5
泰山 BUFF 能量 飲料 戰鬥力紅 250mlx4 入組,10
泰山 鹽質 擔當 補給 飲料 海鹽 荔枝 口味,10
可口 可樂 日本 飲料 可口 可樂 任天堂 包裝瓶 250ml,10
可爾必 思水語 乳酸菌 飲料 PET500,45
泰山 塩 質擔 當補給 飲料 海鹽 荔枝 海鹽 檸檬 單箱 免運,5
NECTAR 碳酸 飲料 桃子 風味,705
泰山 鹽質 擔當 補給 飲料 海鹽 檸檬 550mlx24 入,5
龍馬 無 酒精 碳酸 飲料 350ml24 入,5
日本 優格 風味 碳酸 飲料,10
S 買富 永 哈密瓜 蘇打味 碳酸 飲料,15
寶礦力 水得 電解質 補給 飲料 900ml12 入 x2 箱康,5
紅牛 火龍果 風味 能量 飲料 CAN250,5
紅牛 能量 飲料 250ml 愛買,5
RedBull 紅牛 白桃 風味 能量 飲料 250ml4 入組,10
18 味覺 糖 普超條 糖 50g 乳酸 飲料 味,50
現貨 100 入 包材 先生 500ml 鑽石杯 飲料 杯 冷 飲,5
魔爪 超越 仙境 能量 飲料,17085
紅牛 能量 飲料 355mlX24 入,5
健酪 乳酸 飲料 藍莓 口味 320ML,5
SANGARIA 草莓 牛奶 風味 飲料,665
好市 多 魔爪 能量 碳酸 飲料 355ml,10
PowerBOMB 爆能 能量 飲料 225ml,5
可爾 必思 開心 成長 乳酸菌 飲料 蘋果 口味 160mlx24,5
外星人 白 葡萄 蘆薈 風味 運動 飲料 500ml15 入箱購,10
威金 森 爽快 葡萄柚 風味 碳酸 飲料,120
現貨 老虎 牙子 Light 自然 有氧 飲料 經典 有氧 氣泡 蘇,5
SAN 彈珠 汽水 風味 碳酸 飲料 250ml,5
PowerBOMB 爆能 能量 飲料 225mlX24 罐入,5
即期 良品 寶礦力 水得 240ml 運動 飲料 有效期限 2023,40
保力 達蠻 牛維 他命 飲料 易開 24 入,10
可爾 必思 乳酸菌 飲料 限定 500ml 沁涼 輕爽,145
舒跑 Energy 能量 飲料 CAN250,5
紅牛 能量 飲料 無糖 CAN250X24 瓶,20
友飲料 白桃 風味 蘇打 飲料 300ml,15
可爾必 思水語 乳酸菌 飲料 500ml,2600
開心 成長 乳酸菌 飲料 原味 24 包,20
健酪 乳酸 飲料 水蜜桃 口味 580ml,5
可爾必 思沁涼 輕爽 加鹽 乳酸菌 飲料 500ml24 入,50
博多 草莓 乳酸 風味 飲料,10
可爾 必思 飲料 便利 包 300ml,10
濃郁 草莓 牛乳 風味 飲料,300
清涼 碳酸 飲料 哈密瓜 風味 350ml,5
可爾必 思水語 乳酸菌 飲料 PET500ml,70
光武 乳酸 飲料 棒 630g 愛買,10
保力 達蠻 牛維 他命 飲料 200mlx24 入,20
外星人 電解質 水 荔枝 海鹽 風味 運動 飲料 500ml 六入 組台,5
友 桝飲料 果漾 碳酸 飲料 芒果 風味,135
可爾 必思 蔬果 乳酸菌 飲料 500CC,115
SAKI 清涼 脫脂 乳 飲料 250g,230
水杯 杯子 隨行 吸管 杯 ins 可愛 卡通 飲料 玻璃杯 牛奶 早餐 杯 果汁 杯 咖,45
日本 FOREVER 派 對 專用 玻璃 果汁 飲料 桶 8L 附桶 架,5
可爾 必思 乳酸菌 飲料 鋁箔 160ml6 入 蘋果,85
Monster 白 魔爪 超越 能量 碳酸 飲料 355MLx4 入愛買,5
可爾 必思 蔬果 乳酸菌 飲料 PET500ml,55
泰山 塩 質擔 當補給 飲料 海鹽 檸檬 口味 550ml24 入,30
可爾 必思 開心 成長 乳酸菌 飲料 160ml6 入,155
可爾 必思 開心 成長 乳酸菌 飲料,5
OceanBomb 乳酸 風味 飲料 330mlDonki 日,5
寶礦力 水得 沖 泡 粉寶礦力 水得 粉末 運動 飲料 粉寶礦力 水得,15
冬季 限定 紅牛 白桃 風味 能量 飲料 25,10
清涼 碳酸 飲料 哈密瓜 風味,15
可爾必 思水語 乳酸菌 飲料 500mlx24 入,5
魔爪 管浪 潘趣 碳酸 能量 飲料 355ml,5
可爾 必思 開心 成長 乳酸菌 飲料 160ml24 入,40
寶礦力 水得 沖 泡粉 單包 13g66g 運動 飲料 寶礦 力電,100
牛奶 杯 玻璃杯 吸管 杯水 杯子 飲料 杯 少女 心可愛 上班族,10
友飲料 果漾 碳酸 飲料 哈密瓜 風味,15
友飲料 草莓 果汁 風味 碳酸 飲料,5
鹽質 擔當 補給 飲料 海鹽 檸檬 550,5
富永 哈密瓜 蘇打味 碳酸 飲料 350ml,10
外星人 白桃 風味 運動 飲料 500ml15 入箱購,5
ECS 轉水蠻 牛維 他命 B 補給 飲料,5
全部 去 冰 飲料 全部,15
OB 水蜜桃 風味 乳酸 飲料 320ml,15
SUNTORY 草莓 牛奶 風味 飲料,125
韓國 八道 Pororo 啵 樂樂三罐 組 乳酸 飲料 隨機 口味,5
KHTOY 卡娜 赫拉 飲料 提袋,5
金車 健酪 乳酸 飲料 580ml,5
RedBull 紅牛 火龍果 風味 能量 飲料 250ml4 入,20
可爾 必思 贅澤 乳酸菌 飲料,10
PredatorShot 掠奪者 能量 飲料 250ml24 入,5
維他 露舒跑 運動 飲料 590ml24 入箱 康鄰 超市,5
保力 達水蠻 牛維 他命 B 補給 飲料 590ml 家樂福,10
Moshi 獨家 多功能 矽膠 飲料 提袋,35
蝦 皮代開 發票 寶特瓶 蓋 飲料 瓶口 替換 蓋兒 童瓶蓋 可,25
可爾 必思 開心 成長 乳酸菌 飲料 160mlx6 入,15
14001212518MONDAINE 瑞士 國鐵 環保 飲料 杯,25
PH 平衡 飲料 蘋果 200,5
魔爪 超越 能量 飲料 4 入,10
葡萄 王 POWERBOMB 爆能 能量 飲料,5
可爾 必思 葡萄 乳酸菌 飲料,2490
老虎 牙子 Light 自然 有氧 飲料 880728,5
M 買健酪 乳酸 飲料 原味 580,5
Yakult 優格 碳酸 飲料 300ml,10
可爾 必思 乳酸菌 發酵 乳 飲料 500ml 瓶 500ml,285
舞味本 舖 韓國 LOTTE 樂天 飲料 七星 汽水 優格 碳酸 飲,5
樂扣 樂扣 水杯 690ml 果汁 杯 飲料 杯,50
Heart 光 之 美少女 乳酸菌 飲料 粉 12g,35
元氣 爆發 能量 碳酸 飲料,5
可爾 必思 乳酸 飲料 330ml,5
saki 清涼 脫脂 乳 飲料 250ml,30
寶礦力 水得 ionwater 低卡低 熱量 運動 飲料 580ml,5
可爾 必思 乳酸菌 飲料 原味,5
NutriSari 橘子 風味 飲料 粉 14g10 包,5
可爾 必思 乳酸菌 飲料 鋁箔 160ml6 入 原味,490
舞味本 舖 可爾 必思 朝日 Asahi 乳酸 飲料 草莓 乳酸 飲,10
D1MA 綜合 胺基酸 胺基酸 保健食品 營養品 能量 飲料 運,40
友飲料 哈密瓜 風味 蘇打 飲料 300ml24 入,5
可爾必 思水語 乳酸菌 飲料 335mlx24 家樂福,10
1724 通寧水 碳酸 飲料 SeventeenTonic,5
保力 達蠻 牛維 他命 B 飲料 250ml 單瓶,5
白馬馬力 夯維 他命 提神 飲料 150ml24 瓶,5
韓國樂天 lotte 優格 風味 碳酸 飲 碳酸 飲料 汽水 25,10
木村 飲料 靜岡 草莓 汽水,10
老虎 牙子 經典 有氧 蘇打 飲料 鋁罐 330mlx24 罐,15
PowerBomb 爆能 能量 飲料 225ml24 入 一 單限,5
金車 奧 利多 水 碳酸 飲料 585ml,10
金車 健酪 乳酸 飲料 水蜜桃 580g,5
SANGARIASAN 碳酸 飲料 彈珠 汽水 風味 250ml,5
寶礦力 水得 粉末 運動 飲料 13g66g 補充 電解質 沖 泡粉,5
保力 達蠻 牛維 他命 飲料 200mlx6 入,5
葡萄 王 PowerBOMB 爆能 能量 飲料 225ml 能量 飲,5
