item_name,item
自備 飲料 杯 3,55
自備 飲料 杯 3 杯,125
自備 飲料 杯 1 不,5
自備 飲料 杯 1 番,10
自備 飲料 杯 3 去,5
自備 飲料 杯 1 杯 附,5
中 可 自備 飲料 杯 一,5
有 自備 飲料 杯 1 杯,10
自備 飲料 杯 捲 請 幫,5
自備 飲料 杯 折 5 元,25
會 自備 飲料 杯,20
自備 飲料 杯 2 杯,615
自備 2 個 飲料 杯 飲,5
自備 飲料 杯 1 杯 需,5
自備 飲料 杯 去 冰,10
有 自備 飲料 杯 1 杯,5
自備 飲料 杯 1,15
自備 飲料 杯 折 5 元,5
自備 飲料 杯 1 少,5
自備 飲料 杯 1 杯 需,5
有 自備 飲料 杯 2,5
自備 飲料 杯 2 薄,5
自備 飲料 杯 2 杯,5
1 杯 自備 飲料 杯 飲,5
自備 飲料 杯 1 另,5
2 杯 自備 飲料 杯 謝,5
自備 飲料 杯 1 杯,15
三杯 飲料 自備 飲料 杯,5
自備 飲料 杯 2,40
自備 飲料 杯 2 杯,40
自備 飲料 杯 去 冰,65
自備 飲料 杯 1 杯 飲,45
自備 飲料 杯 1 杯,90
自備 飲料 杯 2,320
自備 飲料 杯 1 杯 去 冰,10
自備 飲料 杯 2 杯,5
自備 飲料 杯 去 冰,20
醬 自備 飲料 杯 1,5
自備 飲料 杯 2 杯 飲,70
會 自備 飲料 杯 1 杯,5
自備 飲料 杯 1 杯 去,15
自備 飲料 杯 1,15
自備 飲料 杯 1 杯,40
自備 飲料 杯 3 杯,30
自備 飲料 杯 1 杯,5
自備 飲料 杯 2 杯 都,5
自備 1 個 飲料 杯 飲,5
自備 飲料 杯 1 杯,1125
飲料 少冰 自備 飲料,5
有 自備 飲料 杯,35
自備 飲料 杯 3 杯,5
自備 飲料 杯 1 杯,20
自備 飲料 杯 1 去,5
自備 飲料 杯 炸 雞 要,10
自備 飲料 杯 1 謝,5
自備 飲料 杯 2 飲,5
自備 飲料 杯 2 杯,20
自備 飲料 杯 1 飲,50
自備 飲料 杯 1,865
用 自備 飲料 杯,5
自備 飲料 杯 和 去 冰,10
自備 飲料 杯 1 杯,15
棒 腿 2 自備 飲料,5
有 自備 飲料 杯 炸 雞,5
自備 飲料 杯 2 飲,20
自備 飲料 杯 1 杯 無,5
自備 飲料 杯 1 去 冰,10
自備 飲料 杯 折 5 元,5
自備 飲料 杯 2 杯,10
飲料 自備 杯 扣 5 元,5
自備 飲料 杯 3 杯 飲,15
自備 飲料 杯 1 杯 去,5
自備 飲料 杯 1 飲,5
1 自備 飲料 杯 1 個,5
自備 飲料 杯 2 杯,20
自備 2 飲料 杯,5
自備 飲料 杯 2 杯 去 冰,5
自備 飲料 2,5
自備 飲料 杯,5
自備 飲料 杯 1 杯 可,5
自備 飲料 杯 2 杯 雞,5
自備 飲料 杯 3 杯,5
自備 飲料 杯 2 需,5
自備 飲料 杯 1 個,5
自備 飲料 杯 1 只,5
自備 飲料 杯 2 杯 去,5
自備 飲料 杯 2 杯 飲,10
1 自備 飲料 杯 2 杯,10
自備 飲料 杯 2 炸,5
自備 飲料 杯 1 去,5
自備 飲料 杯 2 杯 另,5
自備 飲料 杯 自備 飲料,5
自備 2 杯 飲料 杯 飲,5
自備 飲料 杯 1 杯 綠,10
自備 飲料 杯 1 杯 可,10
自備 飲料 杯 1 杯,5
飲料 自備 杯 2,5
自備 飲料 杯 1 杯 無,5
自備 飲料 杯 3 杯 可,5
自備 飲料 杯 x1 飲料,10
自備 1 飲料 杯,5
2 自備 飲料 杯,5
自備 飲料 杯 1 杯,5
自備 飲料 杯 3,15
自備 飲料 共 2 杯 飲,5
自備 飲料 杯 2 杯 飲,10
我 自備 飲料 杯,5
自備 飲料 杯 折 5 元,15
三杯 飲料 都 自備 飲料,5
飲料 少冰 自備 飲料 杯,5
自備 飲料 杯 2 杯,5
3 杯 自備 飲料 杯,5
自備 飲料 杯 1 去,5
自備 飲料 杯,5
自備 飲料 杯 4 杯 飲,5
自備 飲料 杯 2 個,5
自備 飲料 杯 一杯 飲料,5
自備 飲料 杯 1 杯 飲,5
自備 飲料 杯 2 杯,5
自備 飲料 杯 2 杯,40
自備 飲料 杯 1 杯,5
1 個 自備 飲料 杯,5
自備 飲料 杯 2 請,5
自備 飲料 杯 1 杯,40
自備 飲料 杯 3 飲,5
自備 飲料 杯 3 杯,5
自備 飲料 杯 2 杯 大,5
自備 飲料 杯 折 x,5
自備 飲料 杯 2 杯,5
自備 飲料 杯 3 飲,5
自備 2 杯 飲料 杯 飲,5
自備 飲料 杯 共 2 杯,10
自備 飲料 杯 3 杯,5
自備 飲料 杯 2 杯,5
自備 飲料 杯 4,5
自備 飲料 杯 1 杯 飲,5
自備 飲料 杯 3 個,5
飲料 使用 自備 飲料 杯,5
自備 飲料 杯 1 個,5
自備 飲料 杯 1 杯,5
飲料 少冰 自備 飲料,5
2 杯 都 自備 飲料 杯,5
有 飲料 自備 杯,5
自備 飲料 杯 1 杯,15
會 自備 飲料 杯 3 杯,5
自備 2 個 飲料 杯,15
自備 飲料 杯,5
自備 飲料 杯 1 個 七,5
自備 飲料 杯 2 去 冰,5
自備 飲料 杯 共 1 杯,5
自備 飲料 杯 1 漢,5
自備 3 杯 飲料 杯 謝,5
自備 飲料 杯 去 冰,15
自備 飲料 杯 1 杯,5
自備 飲料 杯 1,5
自備 飲料 杯 2 去,15
自備 飲料 杯 1 杯 飲,5
自備 飲料 杯 1 杯 去,10
自備 飲料 杯 共 2 杯,5
自備 2 杯 飲料 杯,10
自備 飲料 杯 3 杯 請,5
會 自備 飲料 杯裝 飲料,5
3 杯 飲料 都 會 自備 飲,5
醬 自備 飲料 杯 謝,5
自備 飲料 杯 折 5 元,15
2 杯 飲料 都 要 自備 飲,5
自備 飲料 杯 1 杯 楜,5
自備 飲料 杯 1,5
自備 飲料 杯 2 扣,5
自備 3 個 飲料 杯 蕃,5
自備 飲料 杯 2 杯 需,5
兩杯 飲料 都 自備 飲料,5
自備 飲料 杯 1 杯,5
自備 飲料 杯 1 個,30
1 杯 自備 飲料 杯,5
自備 飲料 杯 2 飲,5
自備 飲料 杯 1 可,5
自備 飲料 盃,5
自備 飲料 杯 折 1,5
自備 飲料 杯 去 冰,15
自備 飲料 杯 2 都,5
自備 飲料 杯 1 附,5
1 自備 飲料 杯,5
自備 飲料 杯 3 杯 胡,5
