item_name,item
日清 MUG 豆皮 咖哩 烏龍 麵 94g,55
Acecook 赤 咖哩 炒 麵 116g,30
咖哩 燴 洋菇,2280
好侍 佛蒙特 咖哩 塊 中辣 230G,45
好 食樂 黃 咖哩 醬 50g,55
愛思必 咖哩 大辣,1210
味王 咖哩 豬肉 24 入箱,5
南洋 綠 咖哩 雞,20
金 咖哩 辣味,5
佛蒙特 咖哩 辣味 250g,10
Kitchen 泰式 綠 咖哩,50
佛蒙特 咖哩 中辣 250g,10
SB 咖哩 黑辛口 198g,30
HOUSE 爪哇 咖哩 辣味 185g,180
泰式 綠 咖哩,60
glicoZEPPIN 絕品 咖哩 塊 甘口,95
4710343310235 賈以 食日 大人 系 日式 咖哩 組 1 盒 2,30
好侍 佛蒙特 咖哩 塊 辣味 230G,20
好侍 素食 咖哩 塊,5
綠 咖哩 椰汁 雞 20220917qwmdmugy,5
福岡 佛蒙特 咖哩 塊,24645
佛蒙特 咖哩 塊 甜味 230g,750
味王 咖哩 豬肉 200g 包,85
咖哩 甘口,1320
小 咖哩 餅 85g 滬尾,60
泰式 綠 咖哩 膏 deSIAM 廣 紘,5
脆皮 咖哩 煎 餃 8 入,90
義美 咖哩 蔥 抓餅 110g5 片包,115
好侍 佛蒙特 咖哩 中辣 230g 盒 230g 盒,1920
特濃 咖哩 辣味 250g250g,30
愛之味 CoCo 壱 番 屋 聯 名 咖哩 豆腐 250g,30
4711027280417 家 咖哩 甘味 咖哩 肉燥 常溫 料理 包 4,5
deSIAM 泰式 紅 咖哩 膏 70g,15
愛之味 咖哩 豆腐,5255
味王 咖哩 雞肉 200g 盒,190
好 恃 濃厚 咖哩 牛,15
咖哩 炸雞定 食,30
glicoZEPPIN 絕品 咖哩 塊 辛口 175g,10
老 乾杯 厚切 和 牛 咖哩,25
SB 愛思必 金牌 咖哩 大辣 220g 盒 220g 盒,50
deSIAM 泰式 黃 咖哩 膏 70g,5
特 製 咖哩 20220920z8uu4jo3,5
佛特 咖哩 中辣 238g,10
好侍 濃厚 咖哩 牛 200G,135
東京拉 麵 咖哩 風味 120g,320
泰國 Lobo 帕囊 咖哩 醬 50g50g,50
舞味本 舖 咖哩 咖哩 塊 咖哩粉 好侍 佛蒙特 咖哩 系列 白醬料,20
藍象廷 綠 咖哩,140
益壽多 咖哩 甘味,2645
邏依 泰式 黃 咖哩,335
和 風 咖哩 醬包 264g 承昌,35
嚴選 SHOP 好侍 佛蒙特 咖哩 爪哇 咖哩 甜味 中辣 辣味,45
KORMOSA 黃 金 咖哩 湯 麵 110g4 包 110g4 包袋,65
綠 咖哩 椰汁 雞,120
好侍 佛蒙特 咖哩 塊 中辣,375
金 品特 濃 咖哩 雞肉 焗 飯 390g,5
新東陽 日式 咖哩 雞 220g 愛買,30
世界 GO 日本 SB 咖哩 日式 咖哩 金 咖哩 甘 口中 辛,40
味王 咖哩 豬肉盒,5
玉米 甘口 咖哩 寶可夢,20
愛思必 咖哩 甜味,2250
MAKNYONYA 南洋 素 咖哩 風味 即 煮 醬 200g,5
咖哩 炒醬 輕巧包,125
日清 UFO 香辣 咖哩 風味 炒 麵 88g,10
現烤 咖哩 椪 4 入,140
日本 House 好侍 佛蒙特 爪哇 咖哩 塊 咖哩 業務用,105
EC 南洋 咖哩 雞,15
好侍 佛蒙特 咖哩 塊 甜味 230g,60
益壽多 速食 咖哩 甘味,25
KORMOSA 黃 金 咖哩 湯,175
MR38 經典 甜味 嫩 雞 咖哩,5
Corico 咖哩 食所 兌換券,10
特 製 咖哩 20220909mmj2f10t,5
養養 泰式 綠 咖哩 味 麵 350g,60
好侍 佛蒙特 咖哩 塊 甜味,760
樂雅樂 RoyalHost 洋蔥 雞肉 咖哩 調理包 200g,5
員 咖哩 雞柳,15
好侍 爪哇 咖哩 辣味 185g 愛買,25
SBSB 蔬菜 咖哩 調理 包中辛 210g,15
好侍 香醇 咖哩 雞 200G,65
特 製 咖哩 20220930y8tlc8u6,5
日本 House 佛蒙特 咖哩 甜味 辣味 中辣 230g 現,50
雄雞標 泰式 紅 咖哩 醬綠 咖哩 醬娘 惹 醬 叻 沙醬 辣 炒 海鮮醬,15
特 製 咖哩 20220906j3vn4srg,5
SB 愛思必 金牌 咖哩 甜味 220g,320
金色 三麥 及 咖哩 樹餐 飲正 價品,1425
薑 黃 咖哩 酥 60g 餐御宴,240
領券 再 折 100 聯夏免 煮菜 系列 咖哩 牛 咖哩 雞東坡 肉紅,10
泰式 辣味 雞肉 綠 咖哩,15
特 製 咖哩 20220921j3vnewvi,5
22 夏日 咖哩 包 蔬菜 組,15
HOUSEHouse 好侍 爪哇 咖哩 塊 中辣 辣味 二種 口,110
新東陽 調理包 220g 盒 台式 筍絲 焢 肉 印度 咖哩 牛 日式,45
德國 Develey 咖哩 醬 糖醋 醬麥 當勞 開立 發票,20
glico 絕品 辛口 咖哩 塊 175g,25
SB 元氣 咖哩 辛,145
三興 咖哩 鯖魚,1665
藍象廷 綠 咖哩,130
好侍 爪哇 咖哩 辣味 185g,5
咖哩 海老定 食,15
特 製 咖哩 20220909z0qnqege,5
glicoZEPPIN 絕品 咖哩 塊 中辛 175g,5
SB 金牌 咖哩 塊 220g 甜味 中辣 辣味 大辣 日本 原,55
三興 咖哩 燒鰻,725
新東陽 日式 咖哩 雞 220G220G,130
味王 咖哩 燴 洋菇 200Gx2 愛買,90
爪哇 咖哩 辣味,3995
現貨 秒 發金廚 MAMEE 泡 麵 南洋 咖哩 泰式 酸辣 咖哩,5
SB 愛思必 金牌 咖哩 中辣 220g 盒 220g 盒,100
哈奇 彩色 野菜 咖哩,5
COCO 一番 監 製 咖哩 鍋 750G,20
推 佛蒙特 咖哩 中,50
栗山 米果 咖哩 味,30
HOUSE 好侍 佛蒙特 咖哩 甜味 230g,3685
益福檳 城白 咖哩 麵 105g4 包袋,15
MUJI 無 印良品 異國 咖哩 速食 包雞肉 蔬菜 辣味 1 人份,25
爪哇 咖哩 中辣,4735
好侍 素食 咖哩 塊 200g,80
KORMOSA 咖哩 湯 麵 4P,15
益福檳 城白 咖哩 麵 4 入,20
推 佛蒙特 咖哩 甜,45
純 素食 麵 咖哩 風味,20
HOUSEHouse 好侍 佛蒙特 咖哩 塊 230g 三種 口,20
北海道 白醬 咖哩 塊 奶油 玉米 180g,10
和 光堂 IE370 咖哩 雞肉 12M,20
高仰 三有機 海苔 蘇打餅 咖哩,10
SB 元氣 咖哩 甘,11175
4711027280424 家 咖哩 香辣 咖哩 肉燥 常溫 料理 包 4,5
特 製 咖哩 20220910f4owgc5h,5
菇 王 食品 蔬食 咖哩 炒醬 100g,35
味王 咖哩 豬肉 200Gx2 愛買,50
好侍 佛蒙特 咖哩 辣味 230g 盒 日本 福岡,50
愛之味 咖哩 豆腐 250g,240
特 製 咖哩 20220903mmj2g5em,5
6 入 脆皮 咖哩 煎 餃,80
特 製 咖哩 20220909j3vn6rs7,5
佛蒙特 咖哩 辛口,10
池上 農會 池上 米餅 椒 鹽 咖哩 薑 黃 紅藜 醬燒 口味 小,10
唯杰仁當 咖哩 即 煮 醬 120g,5
牛頭牌 咖哩 炒醬 737G 愛買,10
SB 金牌 咖哩 中辣,1375
佛蒙特 咖哩 中辣 250g2,10
咖哩 豬肉 200gx2 包盒,640
日本 House 佛蒙特 咖哩 塊業務用 1kg,5
KORMOSA 黃 金 咖哩 湯 麵 110g,410
爪哇 咖哩 總 匯 丼,40
好侍 咖哩 屋調理 包豬 肉,75
爪哇 咖哩 總 匯 丼 20221113v6qz4ufj,5
特 製 咖哩 20220922v8wl3ita,5
脆皮 咖哩 煎 餃 8 入 20220928imwq9rje,5
特 製 咖哩 20221012j3vnt0kv,5
HOUSE 好侍 佛蒙特 咖哩 甜味,1480
MD 大辣濃 咖哩,5
佛蒙特 咖哩 日豬,4735
濃郁 完熟 番茄 咖哩 罐,15
丸 美屋 甘口 玉米 咖哩 蠟筆 小 新版 160g,65
味王 咖哩 燴 洋菇,5
特 製 咖哩 20220917z4rt8i27,5
SB 金牌 咖哩 辣味,440
特 製 咖哩 20220907f4owquoj,5
佛蒙特 咖哩 甜味 238g,55
SB 愛思必 金牌 純素 咖哩 塊 甜味,30
22 食品 展 咖哩 買 3 送 1,5
爪哇 咖哩 塊 中辣 185g,35
MR38 經典 原味 嫩 牛 咖哩,55
黃 金 咖哩 藜 麥米 飯 雞肉,30
金 咖哩 塊 微辣,285
特 製 咖哩 20220905j3vnugq4,5
聯夏 料理 職人 系列 單 口味 12 入 番茄 蔬菜 燉 牛肉 屋雞肉 咖哩,75
野菜 咖哩 甘口,2305
Moni 咖哩 兌換券,35
SB 蔬菜 咖哩 調理 包甘口 210g,5
SB 愛思必 金牌 咖哩 甜味,200
SB 愛思必 金牌 純素 甜味 咖哩 220g,200
House 好侍 佛蒙特 咖哩 塊 辣味 230g,20
特 製 咖哩 20220917j3vnywf4,5
特 製 咖哩 20220925a3wipqfo,5
一次 取 House 佛蒙特 咖哩 甜味 230g,255
咖哩 醬 20220904n1lu6jiy,5
MAKNYONYA 南洋 咖哩 雞風味 即 煮 醬 200G,15
Inaba 濃郁 完熟 番茄 咖哩 罐 165g,10
特 製 咖哩 20220925z8uu8ung,5
好 優米 咖哩 口味 20g,35
SB 咖哩 金中辛 198g,20
特 製 咖哩 20220913j3vnl72l,5
SB 咖哩 桔甘口 198g,5
HOUSE 好侍 佛蒙特 咖哩 辣味 230g,1555
愛思必 咖哩 中辣,2645
好侍 濃厚 咖哩 牛,140
佛蒙特 咖哩 甜味 250g1 號,20
饗食 在 爪哇 咖哩 佛蒙特 咖哩 塊 好 侍 咖哩 塊 咖喱 塊 日本 咖,5
特 製 咖哩 20220925y8tl3mmg,5
養參 世家 200g 滿額 免運 泰式 綠 咖哩 冷凍 食品 咖哩 20,5
ZEPPIN 絕品 咖哩 塊 辛口,125
特 製 咖哩 20220907j3vnl9d3,5
百年 好店 咖哩 雞肉串,5
咖哩 醬 20220924g7toe1nw,5
好侍 佛蒙特 咖哩 中辣 230g 盒 830934,15
團 佛蒙特 咖哩 塊 中辣 23,175
佛蒙特 咖哩 日豬,165
爪哇 咖哩 牛 丼 20221125r8pi81vx,5
義美 咖哩 蔥 抓餅 723272,5
FINNA 蝦片 咖哩 風味 40g,115
SB 愛思必 金牌 純素 咖哩 塊 中辣,60
工研 咖哩 塊 甘味 125g,5
南洋 咖哩 角,10
洋蔥 雞肉 咖哩,50
工研 咖哩 塊 125g 甘味 中辣 辣味 蘋果 蜂蜜 素食 兒,5
HOUSE 爪哇 中辣 咖哩,25
D 泰式 綠 咖哩 膏,5
SB 元氣 咖哩 甘,190
SB 蔬菜 咖哩 調理 包辛口 210g,5
開發票 泰國 咖哩 醬 COCK 公雞牌 泰式 咖哩 用,40
特 製 咖哩 20220922j3vnjyoa,5
特 製 咖哩 20220919f6kx0grk,5
特 製 咖哩 20220930r9ywe5xl,5
SB 金牌 咖哩 甜味,1550
椰汁 綠 咖哩 雞 300g,105
佛蒙特 咖哩 甜,10
SB 愛思必 金牌 咖哩 甜味 220g 盒 220g 盒,145
佛蒙特 咖哩 塊 中辣 230g,790
味王 調味包 料理 包紅燒 牛腩 咖哩 豬肉 香菇 肉 焿 筍 絲 焢 肉,5
脆皮 咖哩 煎 餃 8 入 20220906ev8wmvwd,5
HOUSE 好侍 佛蒙特 咖哩 中辣 230g,2550
特 製 咖哩 20220902mmj2805x,5
HOUSE 好侍 佛蒙特 咖哩 辣味,615
佛蒙特 咖哩 塊 中辣 230g,5
特 製 咖哩 20220912z0blbe75,5
台灣 壹番 屋 COCO 咖哩 餐點 正價品,1260
牛頭牌 咖哩 炒醬 360g,60
全館 發票 由 蝦 皮代開 日本 人 最 愛 佛蒙特 咖哩 塊 三種 口味,25
超 泰式 綠 咖哩 雞,5
綠 咖哩 椰汁 雞 20221014oyab999o,5
綠 咖哩 椰汁 雞 20221016tofv4yo3,5
House 好侍 佛蒙特 咖哩 塊 甜味 230g,20
丸 美屋 速食 咖哩 鬼滅 之刃 玉米 豬肉,5
SB 金 咖哩 辛口 198g,135
養養 泰式 綠 咖哩 味 麵 350g,10
日本 HouseFoods 爪哇 咖哩 塊 辣 185g,15
House 好侍 咖哩 屋調理 包豬 肉 中辣,5
House 佛蒙特 咖哩 塊 中辣 230g,10
好侍 佛蒙特 咖哩 中辣 230g 盒 日本 福岡,80
HOUSE 爪哇 咖哩 中辣 185g,270
Maeil 雞肉 咖哩 幼兒 醬料 包 160g,5
爪哇 咖哩 總 匯 丼 20221115r2qq0i64,5
A1 咖哩 魚用 即 煮料 100g 包 100g 包,10
永豐餘 生技 泰式 綠 咖哩 雞,5
K26 食品 展 咖哩 豬紅茶,45
House 好侍 咖哩 屋 咖哩 調理 包豬 肉 200gDonki,10
好侍 素食 咖哩 塊,1025
山本 海鮮 咖哩 風味 拉 麵 93g593g5,5
jlek 綠 咖哩 醬 250g,20
新 辣味 摩斯 咖哩 牛,5
綠 咖哩 椰汁 雞 20220930qe7kwo05,5
SB 愛思必 金牌 咖哩 中辣,150
MUJI 無 印良品 異國 咖哩 速食 包 辣味 菠菜 雞肉 180g,40
綠 咖哩 椰汁 雞 20221002tofviyr6,5
佛蒙特 咖哩 辣味,26715
特 製 咖哩 20221028a3wi651u,5
代收 代付 愛之味 咖哩 豆腐 250G 愛買,15
不倒翁 佛蒙特 咖哩 塊 韓式 炸醬 塊 原味 微辣 辛辣 韓國,5
HOUSE 佛蒙特 甘口 咖哩,180
丸 美屋 速食 咖哩 野菜 甘口 145g,10
老 乾杯 厚切 和 牛 咖哩 調理包 200g,5
蕃茄 青花菜 咖哩 飯 全素,5
爪哇 咖哩 牛 丼,20
LOBO 黃 咖哩 醬,5
新 辣味 摩斯 咖哩 雞,5
HOUSE 好侍 House 好侍 素食 咖哩 塊 200g 素,5
金牌 咖哩 中辛,1170
牛頭牌 咖哩 炒醬 360g,5
佛蒙特 咖哩 塊 辣味 230g,510
好侍 爪哇 咖哩 辣味 185g 盒 185g 盒,765
養參 世家 450g 滿額 免運 冷宅湯 咖哩 冷凍 食品 咖哩 45,5
田裡 甜 南洋 果香 咖哩 雞肉,70
好侍 香醇 咖哩 雞,225
特 製 咖哩 20220922y8gulx3t,5
特 製 咖哩 20220923z0qn4rmc,5
三興 咖哩 鯖 魚中 辣易 開罐 內 容量 230g 固形量 145g3 入,65
Peyong 咖哩 風味 炒 麵 103g,15
爪哇 咖哩 總 匯 丼 20221121oyzqm60n,5
好侍 佛蒙特 咖哩 甜味 230g 盒 日本 福岡,75
牛頭牌 咖哩 炒醬 360g 罐 360g 罐,30
特 製 咖哩 20221002mmj28fa5,5
金廚 咖哩 叻,65
Mamavege 檳城 咖哩 乾撈 麵 大馬 傳統 香料 咖哩 配方 慢火 翻,5
佛蒙特 咖哩 甜味,7460
特 製 咖哩 20221007y8tl3473,5
特 製 咖哩 20221028f6kxvx1o,5
8852018250029 養養 泰式 綠 咖哩 味,5
金 咖哩 塊 原味,145
爪哇 咖哩 總 匯 丼 20221118r2qqn4g6,5
特 製 咖哩 20221008z4jw4rk3,5
佛蒙特 蘋果 辣味 3 號 咖哩 230g,130
綠 咖哩 豬肉,85
咖哩 豬肉,3620
金色 三麥 及 咖哩 樹餐 飲 七折 品,10
摩斯 咖哩 薯條 KEE,15
HOUSE 佛蒙特 中辛 咖哩,55
爪哇 咖哩 牛 丼 20221114p8x5kbuc,5
隨 日式 雞肉 咖哩,10
特 製 咖哩 20220921a6zj9a4j,5
好 食樂青 咖哩 醬 50g,115
HOUSE 佛蒙特 辛口 咖哩,75
佛蒙特 咖哩 甜味 250g,20
樂雅樂主 廚媽媽 系列 咖哩 調理包 200g18 入,15
新東陽 印度 咖哩 牛 220G220G,105
特 製 咖哩 20220912z5twq97y,5
任選 KIKI 食品 雜貨 咖哩 味魚 薯條 80g 袋,5
甜味 佛蒙特 咖哩,5
檳城 MyKuali 素食 白 咖哩 湯 麵 105g,5
里 仁和 風 咖哩 醬包 264g,5
好侍 濃厚 咖哩 牛 200G,20
愛之味 xCoCo 番屋 咖哩 豆腐 250,15
辣味 摩斯 咖哩 包豬 肉 20221122y7oye0d,5
特 製 咖哩 20221007uw2s6q8y,5
全館 發票 由 蝦 皮代開 好 侍 佛蒙特 咖哩 塊 甜味 辣味,20
日本 House 好侍 佛蒙特 咖哩 230g 甜味 中辣辣,5
愛之味 咖哩 豆腐 250G,5
益壽多 中辣 咖哩,715
愛之味 咖哩 豆腐 250kg,5
裸廚 房兒童 調理 包雞肉 咖哩 義 大利 番茄 肉醬,15
極鮮 配家 有 大廚 即食 調理包 12 包組 咖哩 牛 咖哩 雞 糖醋,15
爪哇 咖哩 總 匯 丼 20221122r2qqusu4,5
甘口 玉米 咖哩,45
樂雅樂洋 蔥 雞肉 咖哩,20
推 爪哇 咖哩 中辣,50
舌尖 上 的 美味 日本 SB 愛思必 金牌 純素 咖哩 塊,15
一次 取 House 佛蒙特 咖哩 辣味 230g,130
咖哩 三寶,5
好侍 佛蒙特 咖哩 甜味 中辣 辣味 230 公克 日本 原裝 進口,5
北港 日香珍 傳統 大餅 咖哩 魯肉,5
House 好侍 濃厚 咖哩 牛肉 200gDonki 日本 唐吉訶,10
咖哩 爆汁 丸,5
爪哇 咖哩 總 匯 丼 20221116r8piuqd0,5
爪哇 咖哩 牛 丼 20221110p8x5nvdg,5
益壽多 咖哩 中辣,3835
好侍 佛蒙特 咖哩 辣味,15
特 製 咖哩 20221022j3vnyffz,5
蔬食 素 咖哩,5845
三興 咖哩 鯖魚 230g,15
佛蒙特 咖哩 辣味 238g,20
特 製 咖哩 20221024y8gusikg,5
佛蒙特 中辣 咖哩 大,20
一次 取 House 佛蒙特 咖哩 中辣 230g,205
特 製 咖哩 20221015z4jw5vz5,5
特 製 咖哩 20220902z0qnxb73,5
贈牛頭牌 咖哩 炒醬 輕巧包 2 入,10
特 製 咖哩 20221002j3vntav9,5
特 製 咖哩 20221008z5tw5jzz,5
日本 House 好侍 佛蒙特 咖哩 塊 爪哇 咖哩 塊 1kg 營,10
特 製 咖哩 20221023z4jwqdzz,5
點線 麵 南洋 綠 咖哩 250 公克 X1 份,5
deSIAM 暹羅 泰式 綠 咖哩 膏 70g,5
好侍 佛蒙特 咖哩 甜味 230g 盒 829851,10
特 製 咖哩 20221023uw2s8idl,5
S 好侍 佛蒙特 咖哩,80
House 好侍 濃醇 素食 咖哩 200gDonki 日本 唐吉訶,5
新東陽 暢銷 調理 包精燉 紅燒 牛 日式 咖哩 雞 印度 咖哩 牛,10
好侍 佛蒙特 咖哩 中辣 230g,15
SB 野菜 咖哩 調理包 辣味 210g,25
KKLife 日式 豚燒 咖哩 派 1 袋 13010gX3 入袋,10
特 製 咖哩 20221013f5zenn46,5
龜田 咖哩 米果 1422g,20
特 製 咖哩 20221005f6kxm9gr,5
佛蒙特 咖哩 辣,5
即 饗 蔬食 罐頭 泰式 名菜 暹羅 咖哩 齋雞 全素 180g,5
味王 咖哩 燴 洋菇 2 入,5
特 製 咖哩 20221031z5twtygs,5
特 製 咖哩 20221015c4wdg4zn,5
爪哇 咖哩 牛 丼 20221113oyzqb3ce,5
冷凍 辣味 咖哩 醬,5
ThaiCoco 泰式 濃郁 湯底 400g 罐紅 咖哩 綠 咖,5
SB 咖哩 黑激辛,5
愛之味 咖哩 豆腐 250G 愛買,25
Acecook 海 軍 咖哩 烏龍 麵 59g,30
分批 取 House 佛蒙特 咖哩 甜味 230g,35
分批 取 House 佛蒙特 咖哩 中辣 230g,35
益壽多 中辣 咖哩 125g,5
日本 好侍 House 佛蒙特 咖哩 北海道 白醬 奶油 玉米,10
葵果 泰式 綠 咖哩 調理 60,5
JLek 綠 咖哩 醬,20
三興 咖哩 鯖 魚中 辣易 開罐,5
志洋 有心 紅 咖哩 醬,10
SB 愛思必 金牌 純素 咖哩 塊 中辣 220g,5
SB 愛思必 金牌 咖哩 大辣 220g,50
Hen 蝦 椰奶 咖哩,3160
CANYON 兒童 咖哩 塊 mini,5
三層 咖哩 米漢堡 套餐 20220828ik63yicf,5
即 饗 蔬食 罐頭 泰式 名菜 紅 咖哩 燒鴨 全素 200g,5
異國 咖哩 速食 包雞肉 野菜 湯 咖哩 1 人份 250gMUJI,25
丸 美屋 小小 兵豬 肉 玉米 咖哩,25
溫玉 咖哩 20220809y9apypqn,5
溫玉 咖哩 20220819c4wdh8pc,5
HOUSE 好侍 佛蒙特 咖哩 甜味 230g,35
HOUSE 好侍 佛蒙特 咖哩 中辣 230g,15
綠 咖哩 醬 250g,15
CoCo 壹番 屋 咖哩,10
三層 咖哩 米漢堡 套餐 20220814mxr8y0ul,5
4 深海 大魚 排 咖哩 飯,5
綠 咖哩 套餐,5
野菜 咖哩 中辛,65
日式 咖哩 雞 220g 新品 新東陽 官方 直營 蝦 皮旗 艦店 料理,20
薑 黃 咖哩 地瓜 脆片,5
豬排 歐姆 咖哩 飯 20220808f5ln3zok,5
SB 愛思必 金牌 咖哩 甜味 220g,5
雪花 肉片 湯 咖哩,5
爪哇 咖哩 總 匯 丼 20220811oyzqsfry,5
爪哇 咖哩 總 匯 丼 20220831r2qqe09h,5
鷹 嘴豆 咖哩,5
三層 咖哩 米漢堡 套餐 20220805inarbpd1,5
M 味王 咖哩 雞肉 200g2 入,15
爪哇 咖哩 總 匯 丼 20220825gb0qlq60,5
爪哇 咖哩 總 匯 丼 20220825v6qz31nv,5
爪哇 咖哩 總 匯 丼 20220827p9nhjd5k,5
爪哇 咖哩 總 匯 丼 20220807gb0qd9jk,5
爪哇 咖哩 總 匯 丼 20220821m2tzu30g,5
爪哇 咖哩 總 匯 丼 20220827r2qqiy38,5
爪哇 咖哩 牛 丼 肉 增量 20220813i2xk74,5
07 海陸 咖哩 飯,250
咖哩 魚蛋,6475
溫玉 咖哩 20220811j3vnoz9t,5
菠菜 涮 豬肉 咖哩 飯 20220831f9tprvvw,5
三層 咖哩 米漢堡 套餐 20220824z9347t51,5
HOUSE 佛蒙特 辣味 咖哩 塊 中辣 咖哩 塊 甜味 咖哩 塊 中,5
唯杰素 肉 咖哩 即 煮 醬 120g,5
李亭 香 咖哩 平,20
溫玉 咖哩 20220819f6kxjxz4,5
爪哇 咖哩 總 匯 丼 20220807v6qz39qn,5
爪哇 咖哩 總 匯 丼 20220812r2qq8z39,5
溫玉 咖哩 20220802f7ug641h,5
豬排 歐姆 咖哩 飯 20220813f5ln1x0c,5
爪哇 咖哩 總 匯 丼 20220828i2xk7099,5
溫玉 咖哩,120
特 製 咖哩 20221025f7ug9lby,5
愛之味 麻婆豆腐 咖哩 豆腐 CoCo 壱 番 屋 開 蓋 即食 即食,15
爪哇 咖哩 總 匯 丼 20220829m2tz1z4i,5
爪哇 咖哩 總 匯 丼 20220829r2qq39zk,5
愛之味 咖哩 豆腐 250g 罐 466323,10
瓦城 經典 泰 美味 泰式 綠 咖哩 椰汁 雞辣 炒 豬肉 每入 23,10
特 製 咖哩 20221002a6zji4gh,5
滿 天星 野菜 咖哩,1210
三層 咖哩 米漢堡 套餐,5
御錢 特濃 咖哩 兌換券,55
曾 拌 麵 咖哩 叻 沙 116g4 入,100
品客 東京 名店 咖哩 風,1210
舌尖 上 的 美味 日本 SB 愛思必 金牌 純素 咖哩 塊,5
樂雅樂洋 蔥 雞肉 咖哩 200G,10
品客 東京 名店 咖哩,5
SB 愛思必 金牌 咖哩 大辣,10
愛之味 麻婆豆腐 咖哩 豆腐 小麥 購物 24H 出貨 台灣 現貨 A,15
黃 金豬 肉 咖哩,40
一次 取三興 咖哩 鯖 魚中辣 230gx3 入,95
池上 米餅 咖哩 薑 黃 風味 12 入,30
13 綜合海鮮 咖哩 飯,55
分批 取 House 佛蒙特 咖哩 辣味 230g,10
咖哩 雞 里肌肉,25
Ror 中辣 咖哩,5
爪哇 咖哩 牛 丼 肉 增量,10
溫玉 咖哩 20220813j3vnn5v7,5
雄雞標 叻 沙 咖哩 醬 200g,10
溫玉 咖哩 20220807j3vn098q,5
6 魚排 歐姆蛋 咖哩 飯,5
SB 愛思必 金牌 咖哩 中辣 220g 盒 299202,5
三層 咖哩 米漢堡 套餐 20220824xs7uctqr,5
溫玉 咖哩 20220821z0qnew1m,5
脆皮 咖哩 煎 餃 8 入 20220812imwqk6gt,5
一次 取三興 咖哩 燒鰻 中辣 105gx3 入,5
咖哩 中辛,320
溫玉 咖哩 20220811uw2s58cx,5
丸 美屋 鬼滅 之刃 玉米 豬肉 速食 咖哩 160g,30
溫玉 咖哩 20220811z0blnukd,5
丸 美屋 速食 咖哩 小小 兵豬 肉 玉米,20
MUJI 無 印良品 異國 咖哩 速食 包 辣味 野菜 湯 咖哩 1 人份,5
10 顆 咖哩 雞肉 水餃,5
特 製 咖哩 20221023z0bl8f7i,5
特 製 咖哩 20221010z0qns7ar,5
特 製 咖哩 20221029c4wdva4z,5
爪哇 咖哩 總 匯 丼 20220811v6qzpxh3,5
菠菜 咖哩 飯,5
溫玉 咖哩 20220803v8wld3ku,5
新 日式 咖哩 禮盒 6 入,5
M 佛蒙特 咖哩 中辣 230g,10
佛蒙特 咖哩 辣味,10
溫玉 咖哩 20220811y9apfukt,5
牛頭牌 辣味 咖哩 塊,15
特 製 咖哩 20221017y9apns4r,5
House 素食 咖哩 塊 200g,10
特 製 咖哩 20221023j3vnn3xv,5
藍象廷 綠 咖哩 鍋 800G,5
涮 豬肉 咖哩 飯 20220802f9tp370y,5
佛蒙特 咖哩 中辣,5
馬 來 西亞金廚 南洋 咖哩 泰式 酸辣 咖哩 叻 沙,5
特 製 咖哩 20221004y9ap8zso,5
咖哩 雞 便 當晚,130
SB 愛思必 金牌 純素 咖哩 甜味 不會辣 220g 全,5
特 製 咖哩 20221015mmj2dngi,5
SB 金 咖哩 辣味,5
特 製 咖哩 20221012z5twzcd6,5
6 咖哩 牛豬 肉 歐姆飯,25
瓦城瓦 就 愛這味 泰式 綠 咖哩 椰汁 雞 3 入組 每入 23 人份,10
佛蒙特 咖哩 辣味 3 號 220g,5
咖哩 豬肉 飯,5
分批 取 SB 愛思必 金牌 咖哩 甜味 220g,10
爪哇 咖哩 總 匯 丼 20220810gb0qv9uh,5
可樂餅 咖哩,570
特 製 咖哩 20221017f6kxwxz3,5
佛蒙特 咖哩 中辛,15
6 入 脆皮 咖哩 煎 餃 20221025ev8wddsp,5
House 好侍 香醇 咖哩 雞 200gDonki 日本 唐吉訶德,5
溫玉 咖哩 20220808uw2s2616,5
溫玉 咖哩 20220821uw2spift,5
THAIMOND 即 饗紅 咖哩 辣燒 椰齋 鴨 罐頭 200g,5
特 製 咖哩 20221015f5ze5qar,5
溫玉 咖哩 20220822uw2sefbs,5
特 製 咖哩 20221003j3vnu57k,5
三層 咖哩 米漢堡 套餐 20220824z93459mb,5
脆皮 咖哩 煎 餃 8 入 20220817ev8wfn1c,5
SB 愛思必 金牌 純素 咖哩 中辣 220g 全素,5
牛頭牌 咖哩 炒醬 輕巧包 35G 愛買,10
15 海陸 雙拼 歐姆蛋 咖哩 飯,30
東森 農場 料理 之王 和 風 咖哩 雞 220g1 入,5
特 製 咖哩 20221025a0ps79ra,5
特 製 咖哩 20221031z8uu05in,5
牛頭牌 輕巧包 咖哩 炒醬 35g 克 x1 家樂福,5
綠 咖哩 椰汁 雞 20221003dt0pja3y,5
特 製 咖哩 20221015j3vn06z3,5
丸 美屋 玉米 甘口 咖哩,5
佛蒙特 咖哩 辣味 250g3,5
爪哇 咖哩 牛 丼 肉 增量 20220828i2xkgp,5
SB 愛思必 金牌 咖哩 甜味 220g 盒 299205,5
龜田 迷你 咖哩 米果 52g 日本 米果 龜田 咖哩,5
牛頭牌 咖哩 塊 66g,5
SB 金牌 咖哩 辛口 198g,30
特 製 咖哩 20221018z8uutrdy,5
咖哩 豚 丼 20220817w1sas872,5
味王 咖哩 豬肉 2 入,5
特 製 咖哩 20221017z8uumc74,5
原廠 現貨 發票 不倒翁 金 咖哩 塊 ottogi 咖哩 塊 原味,5
日本 House 好侍 佛蒙特 咖哩 甜味 中辣 辣味,5
特 製 咖哩 20221014f0fomxlc,5
丸 美屋 蔬菜 綜合 咖哩,10
好侍 佛蒙特 咖哩 甜味,5
特 製 咖哩 20221022y8gu1fje,5
好侍 佛蒙特 咖哩 塊 230g 甜味 中辣 辣味,5
爪哇 咖哩 總 匯 丼 20220823p9nhh42p,5
佛蒙特 咖哩 中辣 2 號 60,5
特 製 咖哩 20221025f7ug3d5p,5
溫玉 咖哩 20220804f7uglvmf,5
佛蒙特 咖哩 辣味 230g,5
味王 咖哩 燴 洋菇 200g24 入箱,5
特 製 咖哩 20221001z8uue2ok,5
蓮廚 素食 滷 味 菜 酥 300g 袋 南瓜 香 鬆 300g 袋 咖哩 香,10
kanokwan 泰式 青 咖哩 醬 50g,10
綠 咖哩 椰汁 雞 20221001qwmdgfmo,5
特 製 咖哩 20221014z8uuesy7,5
三興 咖哩 燒鰻 中辣,5
花蓮家 肉品 咖哩 調理包 520g2 入,65
8857122559570deSIAM 泰式 綠 咖哩 膏 70g,5
特 製 咖哩 20221019j3vndfcc,5
丸 美屋 甘口 玉米 咖哩,5
綠 咖哩 椰汁 雞 20221010dt0p9h4n,5
特 製 咖哩 20221014j3vnpl70,5
特 製 咖哩 20221002y9appuv1,5
特 製 咖哩 20221030j3vnq45c,5
速食 咖哩 甘味,5
菇 王好 拌友 素食 醬料 包 10 包袋 精選 6 款 口味 任選 咖哩,10
脆皮 咖哩 煎 餃 8 入 20221023ev8wzhll,5
綠 咖哩 椰汁 雞 20221009tofve697,5
特 製 咖哩 20221022f0fo25u3,5
特 製 咖哩 20221008z0bl5w8j,5
現貨 佛蒙特 咖哩 塊 230g 甜味 中辣 辣味 三種 選,10
