item_name,item
金龍 一番 紅燒 牛肉 41g,20
同榮 紅燒 鰻,2115
新東陽 海捕 紅燒 香酥 鰻 100gx3 罐組 100gx3 罐組,80
老船長 紅燒 鰻,5890
台糖 紅燒 鰻 100g,150
同榮 辣味 紅燒 鰻 100g,2160
新東陽 精燉 紅燒 牛,5
新東陽 紅燒 牛肉 440g,25
廣達 香辣 紅燒 牛肉 210g,1370
珍苑 紅燒 牛肉 麵 紅燒 半筋 半肉 紅燒 三寶清燉 牛肉 清燉 半,85
紅燒 牛雜 佳佳,155
活寶牌 紅燒 鰻易 開罐 原味,365
台糖 豆豉 紅燒 鰻,5610
紅燒 啼膀 套餐,95
如記 紅燒 牛肉,165
欣欣 生技 欣欣 紅燒 豬肉 300g 罐 800g 罐易 開罐,125
紅鷹 牌 香辣 紅燒 鰻 100gx3 罐組 大潤發,5
遠洋牌 紅燒 鰻,17590
代收 代付 東和好 媽媽 無 添加 特 製 豆豉 紅燒 鰻 90G3 入愛,20
紅鷹 牌 香辣 紅燒 鰻 100g3 罐組 100g3 罐組,245
點加 價購 FMC 紅燒 牛腩,180
蕾 媽媽 紅燒 羊肉 爐,2725
同榮 紅燒 鰻 100g,2600
良 金金 門 高粱 紅燒 牛肉 640g 包 640g 包,15
活寶牌 紅燒 鰻,15125
同榮 紅燒 鰻易 開罐,1830
欣欣 生技 欣欣 紅燒 牛肉 300g 罐 815g 罐加 熱即,245
紅燒 牛腩,4095
同榮 紅燒 鰻易開,195
十間 店 原味 紅燒 鴨腸 120g 包 爽脆 彈 牙 滷 味 脆 腸,5
鍋良 金牧場 紅燒 牛,15
台糖 豆豉 紅燒 鰻魚 100gx3 罐組 大潤發,10
台糖 紅燒 鰻 100g 罐 3 罐 1 組,10
台糖 紅燒 鰻,9725
老船長 紅燒 鰻 辣味 100g,5
同榮 紅燒 鰻易,105
老船長 辣味 紅燒 鰻 100g,380
活寶 香辣 紅燒 鰻,16460
同榮 辣味 紅燒 鰻 100g6 入,30
台糖 豆豉 紅燒 鰻 3 入,35
珍苑 紅燒 牛肉 半筋 半肉 牛筋 牛肚 清燉 牛肉 半筋 半 肉牛,65
禾 饌 紅燒 嫩 骨湯,5
台灣 好味 紅燒 魚片 80g,30
森泉 紅燒 羊肉 爐 1200g 包 1200g 包,170
老船長 紅燒 鰻 100g,1520
新東陽 紅燒 牛肉,3350
台糖 紅燒 鰻易 開罐 內 容量 100g 固形量 80gx3 入,810
朱記 紅燒 半筋 半肉 麵 580g580g 盒,70
台糖 香辣 紅燒 鰻 100gx3 罐組 100gx3 罐組,1340
新宜興 沙茶 紅燒 鰻,40
同榮 豆豉 紅燒 鰻,1235
豆豉 紅燒 鰻,1170
新東陽 精燉 紅燒 牛 220G220G,130
塘塘 紅燒 湯汁,10
紅燒 鰻魚 罐 3 入,10
老船長 紅燒 鰻辣,5
紅燒 黑豆 臭豆腐,4435
饗城 五星 級 超 有感 紅燒 牛肉 麵 10 入 組贈 酸菜 包 10 入 再 贈,90
同榮 紅燒 鰻 100g3,100
紅燒 無骨 牛肉 爐,740
台糖 豆豉 紅燒 鰻 100g3,20
同榮 豆豉 紅燒 鰻易 開罐 100g 克 x3 家樂福,10
好媽媽 豆豉 紅燒 鰻 100gx3 組新鮮 封罐 好 媽媽,5
紅燒 牛腩 200gx2 包盒,1985
同榮 辣味 紅燒 饅 100G,20
廣達 香辣 紅燒 牛肉 210g3 入 小,5
遠洋牌 紅燒 鰻易 開罐 內容 100g 固形 80gx3 入,280
台糖 紅燒 鯖 魚骨,1470
老船長 紅燒 鰻 100gx3 罐愛買,5
台糖 豆豉 紅燒 鰻易 開罐,175
活寶牌 香辣 紅燒 鰻易 開罐,360
台糖 紅燒 鰻豆 鼓,5
台糖 紅燒 鰻 香辣,5
朱記 紅燒 牛肉 麵 545g545g 盒,50
東和好 媽媽 無 添加 特 製 豆豉 紅燒 鰻 90G3 入愛買,35
老船長 紅燒 鰻易,40
十間 店 原味 紅燒 牛肉 120g 包 滷 味 之 王 唇 齒 留香 滷,5
廣達 香辣 紅燒 牛肉 440g,5
台糖 香辣 紅燒 鰻 100G3 入愛買,5
預購 老媽家 墨魚 紅燒 肉 520g 份,5
同榮 豆豉 紅燒 鰻 100g,50
欣欣 紅燒 豬肉 425,55
海捕 紅燒 香酥 鰻 100g3 罐新 東陽 官方 直營旗 艦店 罐,5
代收 代付 廣達 香辣 紅燒 牛肉 210gx3 愛買,5
新東陽 海捕 紅燒 香酥 鰻,15
台糖 紅燒 鰻 100gX3 罐,10
遠洋牌 紅燒 鰻 100g3 罐組 100g3 罐組,3040
新豆族 深坑 紅燒 黑豆 臭豆腐,25
廚 房中 的 好 食材 同榮 特選燒 鰻 同榮 豆豉 紅燒 鰻 同榮 辣味 燒鰻,10
老船長 紅燒 鰻 辣味 100g,10
老船長 紅燒 鰻 辣味 100g3 罐組 100g3 罐組,40
紅燒 香蔥 牛肉 麵 650 公克 固形量 295 公克,140
老船長 紅燒 鰻 100g 罐 效期 20230518,10
蔥 煨 紅燒 四寶湯,5
同榮 紅燒 鰻 100G3 入愛買,5
台糖 香辣 紅燒 鰻易 開罐 內 容量 100g 固形量 80gx3 入,240
蕾 媽媽 紅燒 牛肉 爐 1000G 包愛買 冷凍,5
活寶牌 香辣 紅燒 鰻易 開罐 內 容量 100g 固形量 80g,1360
0716030206 老船長 紅燒 鰻,75
團媽 獨享 饗 城台灣 紅燒 牛肉,5
紅燒 筍絲 蹄膀,80
東 和 豆豉 紅燒 鰻 100g,135
新東陽 紅燒 牛肉 440g,65
紅燒 牛雜 碗,155
SimpleLife 紅燒 羊肉 爐 1200 公克,660
新東陽 廣達香 牛肉 罐頭 紅燒 牛肉 紅燒 扣肉 辣紅燒 牛肉,10
新鮮 美味 宜蘭 老 船長 原味 紅燒 鰻 辣味 紅燒 鰻紅燒 鯖 魚骨,40
紅鷹 牌 香辣 紅燒 鰻 100g,15
辣味 紅燒 羊肉,120
蕾 媽媽 紅燒 羊肉 爐 1000g,1625
老船長 紅燒 鯖 魚骨 100g,145
得意 生活 紅燒 羊肉 爐 101,55
老船長 辣味 紅燒 鰻 100g3 入,5
鮮食家 任選 799 紅龍 FC 紅燒 牛肉 湯 450g5,10
A1 紅燒 鮑魚 罐頭 425g,5
紅燒 豆腐 魚柳,65
億長 御坊 紅燒 烤 麩 300g,5
老船長 紅燒 鰻 100gx3 罐,15
台糖 紅燒 鰻 100gx3 罐組 100gx3 罐組,1615
紅燒 牛腩,1350
廣達 香辣 紅燒 牛肉 440g3 入大,35
新東陽 紅燒 牛肉 5 罐 440g 罐,10
東 和 無 添加 紅燒 鰻 90g,5
遠洋牌 紅燒 鰻 100g,470
老船長 紅燒 鰻易 開罐,70
紅燒 牛,210
紅燒 魚片 40g,5
紅燒 牛肉 罐頭 3001,10
台糖 香辣 紅燒 鰻易 開罐,100
新東陽易 豆豉 紅燒 鰻,15
同榮 紅燒 鰻辣易,10
紅燒 鰻 羹 碗裝,20
M 老船長 紅燒 鰻 100g3 入,30
遠洋牌 紅燒 鰻易 開罐,125
新東陽 紅燒 牛肉 易開 罐 440g,160
東和好 媽媽 無 添加 特 製 豆豉 紅燒 鰻 90G3 入愛買,10
台糖 紅燒 鰻 3 入,155
肉 多多 紅燒 牛肉 爐,25
一次 取雅方 紅燒 羊肉 爐 1000g,195
紅燒 牛肉 爐,480
紅燒 烏魚 餐盒,120
新東陽 紅燒 牛肉 罐頭 440g 保證 不 添加 防腐 劑 味精 超取 最,5
遠洋牌 紅燒 鰻 100Gx3 罐,5
雅方 原汁 紅燒 羊肉 爐 1000g 包,145
紅鷹 紅燒 鰻,5
老船長 紅燒 鯖 魚骨,5
同榮 辣味 紅燒 鰻,10
新東陽 紅燒 牛肉 罐頭 440g 單罐 賣場 新 東陽 官方 直營旗,5
新東陽 紅燒 牛肉 440gx3 罐,10
禾 饌 紅燒 嫩 骨肉 湯,105
台糖 紅燒 鰻 100g3 入,30
4710139612314 藍海 饌 紅燒 半,20
新東陽 紅燒 鰻 24 入,5
台糖 紅燒 鯖 魚骨易 開罐 內 容量 100g 固形量 80g3 入,10
紅燒 樹豆 鰻,5
遠洋牌 紅燒 鰻 100gx3 罐組 大潤發,5
新東陽 紅燒 鰻易,10
李錦記 紅燒 鮮菇 醬汁 60gx3 包,5
金順 食味 紅燒 鱈 魚片 170g 一甲子 傳統 古 早味,35
好媽媽 豆豉 紅燒 鰻 100gx3 組領 卷 現折 更 划算,5
即食 紅燒 鮑魚,170
同榮 紅燒 鰻易開,25
紅燒 豬肉 罐頭 x2,5
蕾 媽媽 紅燒 羊肉 爐,20
紅燒 鮮菇 豆腐,25
紅燒 啼膀,5
大拇指 紅燒 鰻 1800g 罐 1800g 罐,150
同榮 紅燒 鰻易 100g,20
得意 生活 紅燒 羊肉 爐 110,5
紅燒 鱈魚,5
大食 怪 辦桌 手路 菜 古 早味 紅燒 海鮮 羹 3 包組,10
紅燒 牛肉 罐頭 x2,10
一次 取東 和 特 製 豆豉 紅燒 鰻 100gx3 入,20
金龍 一番 紅燒 牛肉 41g 任 2 件 5 折,5
同榮 紅燒 鰻 3 入,10
新東陽 紅燒 扣肉 160g,15
達人 上菜 紅燒 羊肉 爐,250
海捕 紅燒 香酥 鰻 100g3 罐組 新 東陽 官方 直營旗 艦店 罐,5
老船長 紅燒 鰻 內 容量 100g 固形量 80gx3 入,70
得意 生活 紅燒 羊,70
遠洋牌 紅燒 鰻 100G3 罐愛買,115
代收 代付 同榮 紅燒 鰻 100G3 入愛買,5
東 和 豆豉 紅燒 鰻 100g,5
達人 上菜 紅燒 牛雜 600g 包 600g 包,35
台糖 紅燒 鯖 魚骨 100g,5
遠洋牌 紅燒 鰻 100g,5
新豆族 深坑 紅燒 黑豆 臭豆腐 650g,20
一次 取 台糖 紅燒 鰻 100g3 入,25
老字號 的 美味 宜蘭 老 船長 紅燒 鰻 原味 辣味 紅燒 鯖 魚骨,5
代收 代付 遠洋牌 紅燒 鰻 100G3 罐愛買,20
紅燒 豆皮 155,10
新東陽 紅燒 扣肉 160g 小組合 罐頭 調理 包紅燒 肉 拌 飯,15
欣欣 紅燒 豬肉 罐頭,10
老船長 香辣 紅燒 鰻,5
台灣現 貨廣達 香辣 紅燒 牛肉 廣達 香紅燒 牛肉 微辣易 開罐,40
老船長 紅燒 鰻易,5
紅燒 牛肉 罐頭 440g3 罐 挑戰 最低 新東陽 官方 直營 旗艦,15
活寶牌 紅燒 鰻易 開罐 內 容量 100g 固形量 80g,5
點加 價購 FMC 紅燒 牛腩,10
任新 東陽 海捕 紅燒 香酥 鰻 100g 入,5
新東陽 紅燒 鰻 原味,55
一次 取 台糖 台糖 香辣 紅燒 鰻 100gx3 入,250
台糖 紅燒 鰻 100gx3 罐組 462495,10
活寶牌 香辣 紅燒 鰻易 開罐 內 容量 100g 固形量 80g,10
同榮 辣味 紅燒 鰻易,10
台糖 紅燒 鰻易 開罐 內 容量 100g 固形量 80gx3 入,5
紅鷹 牌 豆豉 紅燒 鰻 100gX3 入,5
基隆 紅燒 鰻 羹,10
紅燒 半筋 半肉湯,20
紅燒 半筋 半肉 牛肉 飯,10
一次 取遠洋牌 紅燒 鰻 100gx3 入,70
東 和 特 製 豆豉 紅燒 饅 60g,25
同榮 豆豉 紅燒 鰻易,5
遠洋牌 紅燒 鰻易 開罐 內容 100g 固形 80gx3 入,5
紅燒 獅子 頭飯,5
老船長 紅燒 縵 辣味,5
一次 取 台糖 豆豉 紅燒 鰻 100g3 入,5
一次 取 台糖 台糖 紅燒 鰻 100gx3 入,250
紅燒 碳 烤肉 干,15
蕾 媽媽 紅燒 牛肉 爐 1000g,75
新東陽 紅燒 扣肉 160g,5
雅方 原汁 紅燒 羊肉 爐 1000g 包,95
味味 一品 紅燒 牛肉 3 入,20
一次 取 台糖 豆豉 紅燒 鰻 100gx3 入,135
新東陽 紅燒 牛肉 440g 罐 440g,60
團 春雨 一番 紅燒 牛肉 杯,50
春雨 一番 紅燒 牛肉 杯 41,25
味丹味味 麵 紅燒 牛肉 湯 麵 78gx5 入,40
紅燒 獅子頭,310
台糖 豆豉 紅燒 鰻易 開罐 內 容量 100g 固形量 80gx3,5
同榮 紅燒 鰻易 開罐 辣,5
東和易 紅燒 鰻,5
紅燒 軟 骨肉,20
分批 取活 寶牌 香辣 紅燒 鰻 100g,10
分批 取活 寶牌 紅燒 鰻 100g,25
代收 代付 遠洋牌 紅燒 鰻 100Gx3 罐愛買,20
老船長 辣味 紅燒 鰻易,10
台糖 香辣 紅燒 鰻 100gX3 罐,5
東 和 特 製 豆豉 紅燒 鰻易 開罐 內 容量 100gx3 入,5
廣達 香辣 紅燒 牛肉 440gx3 入,10
新東陽 紅燒 扣肉 3 罐 160g 罐,5
鮮漁燒 紅燒 魚片 75g,15
台糖 豆豉 紅燒 鰻魚 100g3 罐組 801753,5
紅燒 牛腩 459180,5
N010390495 永豐餘 生技 GREENSAFE 紅燒 獅子,5
老船長 紅燒 鰻易 100g,5
蝦 皮代開 發票 好 媽媽 系列 罐頭東 和 紅燒 鰻 豆豉 紅燒 鰻台,5
紅燒 茄子 冷菜,5
森泉 紅燒 羊肉 爐,5
新興 四六 一軟 骨肉 紅燒,55
一次 取珍 中 饌 紅燒 羊肉 爐 1000g,15
紅鷹 紅燒 鰻易開,5
N010508144 永豐餘 生技 GREENSAFE 紅燒 牛腩,5
新東陽 紅燒 豬腳 425g 康鄰 超市,10
老船長 辣味 紅燒 鰻,5
新東陽 紅燒 牛肉 大 440g,5
台糖 香辣 紅燒 鰻 100g,5
三興 辣味 紅燒 鰻易,5
廣達 香辣 紅燒 牛肉 210gx3 入,5
紅燒 黃 金鯧,20
同榮 紅燒 鰻 100g 易 48,5
紅鷹 牌 豆豉 紅燒 鰻全,5
紅燒 豆腐 20221023t9cbf29a,5
良金 高粱 紅燒 牛肉,60
一次 取維力 一度 贊包 麵 紅燒 牛肉 麵 200gx3 入,15
同榮 豆豉 紅燒 鰻 48 罐,10
台糖 香辣 紅燒 鰻 100gx3 罐組 429411,5
新東陽 紅燒 牛肉 440g 新高 橋藥局,5
新東陽 海捕 紅燒 香酥 鰻 100g 克 x3 家樂福,5
欣欣 紅燒 牛肉 罐頭,15
