item_name,item
青 花椒 香麻 咔 啦 雞 腿 堡絕 配餐 辣 20221228z4,5
青 花椒 香麻 咔 啦 雞 腿 堡絕 配餐 辣 20221228z7,5
青 花椒 香麻 咔 啦 雞 腿 堡絕 配餐 辣 20221230ih,5
青 花椒 香麻脆 雞 雙人餐,520
青 花椒 香麻 咔 啦 雞 腿 堡絕 配餐 辣 20221226y7,5
青 花椒 香麻 咔 啦 雞 腿 堡絕 配餐 辣 20221222z7,10
青 花椒 香麻 咔 啦 雞 腿 堡絕 配餐 辣 20221228g4,5
青 花椒 香麻 咔 啦 雞 腿 堡絕 配餐 辣 20230115z7,5
青 花椒 香麻 咔 啦 雞 腿 堡絕 配餐 辣 20221222z1,5
青 花椒 香麻 咔 啦 雞 腿 堡絕 配餐 辣 20230103z4,10
青 花椒 香麻 咔 啦 雞 腿 堡絕 配餐 辣 20230129y7,5
青 花椒 香麻 咔 啦 雞 腿 堡絕 配餐 辣 20230224z7,5
青 花椒 香麻 咔 啦 雞 腿 堡絕 配餐 辣 20230102z7,5
青 花椒 香麻 咔 啦 雞 腿 堡絕 配餐 辣 20230112z7,10
青 花椒 香麻 咔 啦 雞 腿 堡絕 配餐 辣 20230122b4,5
青 花椒 香麻 咔 啦 雞 腿 堡絕 配餐 辣 20230216y7,5
青 花椒 香麻 咔 啦 雞 腿 堡絕 配餐 辣 20221225z7,5
青 花椒 香麻 咔 啦 雞 腿 堡絕 配餐 辣 20230222z4,5
青 花椒 香麻 咔 啦 雞 腿 堡絕 配餐 辣 20230117z7,5
青 花椒 香麻 咔 啦 雞 腿 堡絕 配餐 辣 20230222z7,5
青 花椒 香麻 咔 啦 雞 腿 堡絕 配餐 辣 20230102ih,5
青 花椒 香麻 咔 啦 雞 腿 堡絕 配餐 辣 20230114z7,5
青 花椒 香麻 咔 啦 雞 腿 堡絕 配餐 辣 20230124b4,5
青 花椒 香麻 咔 啦 雞 腿 堡絕 配餐 辣 20230204b4,5
青 花椒 香麻 咔 啦 雞 腿 堡絕 配餐 辣 20230218b2,5
青 花椒 香麻 咔 啦 雞 腿 堡絕 配餐 辣 20221225z1,5
青 花椒 香麻 咔 啦 雞 腿 堡絕 配餐 辣 20230211b2,5
青 花椒 香麻 咔 啦 雞 腿 堡絕 配餐 辣 20230304z1,5
青 花椒 香麻 咔 啦 雞 腿 堡絕 配餐 辣 20230215z4,5
青 花椒 香麻 咔 啦 雞 腿 堡絕 配餐 辣 20230215y8,5
青 花椒 香麻 咔 啦 雞 腿 堡絕 配餐 辣 20230117a7,5
青 花椒 香麻 咔 啦 雞 腿 堡絕 配餐 辣 20230203ih,5
青 花椒 香麻 咔 啦 雞 腿 堡絕 配餐 辣 20230307ih,5
青 花椒 香麻 咔 啦 雞 腿 堡絕 配餐 辣 20230305y7,5
青 花椒 香麻 咔 啦 雞 腿 堡絕 配餐 辣 20230122a5,5
青 花椒 香麻 咔 啦 雞 腿 堡絕 配餐 辣 20230306z7,5
青 花椒 香麻 咔 啦 雞 腿 堡絕 配餐 辣 20230225a7,5
青 花椒 香麻 咔 啦 雞 腿 堡絕 配餐 辣 20230128y7,5
青 花椒 香麻 咔 啦 雞 腿 堡絕 配餐 辣 20230221y8,5
青 花椒 香麻 咔 啦 雞 腿 堡絕 配餐 辣 20230212y7,10
青 花椒 香麻 咔 啦 雞 腿 堡絕 配餐 辣 20230202z1,5
青 花椒 香麻 咔 啦 雞 腿 堡絕 配餐 辣 20230315o5,5
青 花椒 香麻 咔 啦 雞 腿 堡絕 配餐 辣 20230305a7,5
青 花椒 香麻 咔 啦 雞 腿 堡絕 配餐 辣 20230305y8,5
青 花椒 香麻 咔 啦 雞 腿 堡絕 配餐 辣 20230111z4,10
青 花椒 香麻 咔 啦 雞 腿 堡絕 配餐 辣 20230425a1,5
青 花椒 香麻 咔 啦 雞 腿 堡絕 配餐 辣送 QQ 球 1 份 202304,55
青 花椒 香麻 咔 啦 雞 腿 堡絕 配餐 辣 20230217z1,5
青 花椒 香麻 咔 啦 雞 腿 堡絕 配餐 辣 20230303z7,5
青 花椒 香麻 咔 啦 雞 腿 堡絕 配餐 辣 20230207z4,5
青 花椒 香麻 咔 啦 雞 腿 堡絕 配餐 辣 20230415y8,5
青 花椒 香麻 咔 啦 雞 腿 堡絕 配餐 辣 20230416z7,5
青 花椒 香麻 咔 啦 雞 腿 堡絕 配餐 辣 20230212z1,5
青 花椒 香麻 咔 啦 雞 腿 堡絕 配餐 辣 20230225z4,5
青 花椒 香麻 咔 啦 雞 腿 堡絕 配餐 辣 20230210z4,5
青 花椒 香麻 咔 啦 雞 腿 堡絕 配餐 辣 20230421z4,5
青 花椒 香麻 咔 啦 雞 腿 堡絕 配餐 辣 20230414z7,5
青 花椒 香麻 咔 啦 雞 腿 堡絕 配餐 辣 20230320b2,5
青 花椒 香麻 咔 啦 雞 腿 堡絕 配餐 辣 20230220z7,10
青 花椒 香麻 咔 啦 雞 腿 堡絕 配餐 辣 20230423z4,5
青 花椒 香麻 咔 啦 雞 腿 堡絕 配餐 辣 20230309y8,5
青 花椒 香麻 咔 啦 雞 腿 堡絕 配餐 辣 20230206z7,5
青 花椒 香麻 咔 啦 雞 腿 堡絕 配餐 辣 20230208z7,5
青 花椒 香麻 咔 啦 雞 腿 堡絕 配餐 辣 20230318sg,5
青 花椒 香麻 咔 啦 雞 腿 堡絕 配餐 辣 20230308z4,5
青 花椒 香麻 咔 啦 雞 腿 堡絕 配餐 辣 20230318z1,5
青 花椒 香麻 咔 啦 雞 腿 堡絕 配餐 辣 20230304z7,5
青 花椒 香麻 咔 啦 雞 腿 堡絕 配餐 辣 20230405y8,5
青 花椒 香麻 咔 啦 雞 腿 堡絕 配餐 辣送 QQ 球 1 份,165
青 花椒 香麻 咔 啦 雞 腿 堡絕 配餐 辣 20230313z4,5
青 花椒 香麻 咔 啦 雞 腿 堡絕 配餐 辣 20230306o5,5
青 花椒 香麻 咔 啦 雞 腿 堡絕 配餐 辣 20230403z4,5
青 花椒 香麻 咔 啦 雞 腿 堡絕 配餐 辣 20230410z4,5
青 花椒 香麻 咔 啦 雞 腿 堡絕 配餐 辣 20230111z7,5
青 花椒 香麻 咔 啦 雞 腿 堡絕 配餐 辣 20230402o5,5
青 花椒 香麻 咔 啦 雞 腿 堡絕 配餐 辣 20230407z7,5
青 花椒 香麻 咔 啦 雞 腿 堡絕 配餐 辣 20230414o5,5
青 花椒 香麻 咔 啦 雞 腿 堡絕 配餐 辣 20230413z4,5
青 花椒 香麻 咔 啦 雞 腿 堡絕 配餐 辣 20230412y6,5
青 花椒 香麻 咔 啦 雞 腿 堡絕 配餐 辣 20230430a7,5
青 花椒 香麻 咔 啦 雞 腿 堡絕 配餐 辣 20230407z4,5
青 花椒 麻脆 雞 都 要 雞,5
青 花椒 香麻 咔 啦 雞 腿 堡絕 配餐 辣 20230308y8,5
青 花椒 香麻 咔 啦 雞 腿 堡絕 配餐 辣 20230102y8,5
青 花椒 香麻 咔 啦 雞 腿 堡絕 配餐 辣 20230123sg,5
青 花椒 香麻 咔 啦 雞 腿 堡絕 配餐 辣 20230103y8,5
青 花椒 香麻 咔 啦 雞 腿 堡絕 配餐 辣 20230131z4,5
青 花椒 香麻 咔 啦 雞 腿 堡絕 配餐 辣 20230107z7,5
青 花椒 香麻 咔 啦 雞 腿 堡絕 配餐 辣 20230123o5,5
青 花椒 香麻 咔 啦 雞 腿 堡絕 配餐 辣 20230120ih,5
青 花椒 香麻 咔 啦 雞 腿 堡絕 配餐 辣 20230121z1,10
青 花椒 香麻卡 啦 雞 腿,5
青 花椒 香麻 咔 啦 雞 腿 堡絕 配餐 辣 20230123z4,5
青 花椒 香麻 咔 啦 雞 腿 堡絕 配餐 辣 20230113y8,5
青 花椒 香麻 咔 啦 雞 腿 堡絕 配餐 辣 20230116z7,5
青 花椒 香麻 咔 啦 雞 腿 堡絕 配餐 辣 20230303z4,10
青 花椒 香麻 咔 啦 雞 腿 堡絕 配餐 辣 20230117o5,5
青 花椒 香麻 咔 啦 雞 腿 堡絕 配餐 辣 20230124z7,5
青 花椒 香麻 咔 啦 雞 腿 堡絕 配餐 辣 20230106z7,5
青 花椒 香麻 咔 啦 雞 腿 堡絕 配餐 辣 20230122z4,5
青 花椒 香麻 咔 啦 雞 腿 堡絕 配餐 辣 20230119b4,5
青 花椒 香麻 咔 啦 雞 腿 堡絕 配餐 辣 20230312z1,10
青 花椒 香麻 咔 啦 雞 腿 堡絕 配餐 辣 20230101z7,5
