item_name,item
CAB 板腱 牛排,500
藏 澳牛 三角 肉 牛排,40
豪鮮 牛肉 安格斯 雪花 嫩 肩 牛排 厚,5
牛排 香草 香料,320
美國 霜降 牛排,330
美國 冷藏 安格斯 板腱 牛排 200g,10
和 牛 骰子 牛排 用 冷凍,25
日本 和 牛 牛排 用沙朗,5
日本 熊本 和 牛 牛排,60
澳洲 肋眼 牛排,15
CAB 霜降 牛排,865
調味 澳洲 肋眼 牛排,1335
海陸 牛排,90
肋眼 牛排 10oz,1100
炸 和 牛排,60
牛排,280
哞 王 原味 炭烤 牛排 兌換券,130
蘑菇 牛排 醬 500g,5
藏 CAB 紐約克 牛排,610
任美福 美國 Choice 等級 翼板 牛排 230g 片,10
思犇 牛排 兌換券,35
CAB 梅花 牛排,795
8 嚴選菲力 牛排,10
冷藏 CAB 菲力 牛排,405
味好 美 牛排 香草 香料 96g,10
1855 黑 安格斯 凝脂 牛排,5
挑戰 最低 價嚴 選美國 安格斯 等級 帶骨 牛小排 牛肉 牛排,10
美國 特選菲力 牛排,3080
澳洲 菲力 牛排,1020
美國 牛 霜降 牛排,30
韓式 醃 烤 牛排 用醬,165
雪花 牛排 8oz,550
安格斯 菲力 牛排,3020
冷藏 美國 板腱 牛排,260
澳洲 肋眼 牛排,5
頂級 澳洲 M7 和 牛 NG 牛排,5
菲力 牛排 冷凍,10
開票 手續費 哞 王 原味 炭烤 牛排,15
小薄 牛排 干貝,710
澳洲 黑牛 梅花 牛排,110
上 野物 產紐 西蘭 進口 沙朗 牛排 100g 片 牛肉 牛排,20
萬國 牛排 肋眼 牛排,475
澳洲 安格斯 黑牛 凝脂 牛排,10
日本 A5 頂級 和 牛 牛排 燒烤 片,60
日本 黒 毛 和 牛 牛排 串 1 串,115
美國 肋眼 牛排,40
肩胛 菲力 牛排,305
紅人 A1 牛排 醬,5
永豐 牛排 兌換券,30
超值 安格斯 黑牛 NG 牛排,10
牡丹峰 牛排 醬洋,5
美國 安格斯 1855 板腱 牛排 牛排 烤肉 必備 10,160
日本 和 牛 翼板 牛排,25
澳洲 和 牛菲力 牛排,20
上 野物 產紐 西蘭 進口雪紋 牛排 100g 片 牛肉 牛排,20
超大 份量 安格斯 NG 福利 牛排,5
重磅 原塊 牛排,15
日本 和 牛 牛排 用菲力 冷凍,5
澳洲 板腱 牛排,165
濕式 熟成 COW 等級 肋眼 牛排 100g10g 片 赤豪 家庭,15
頂級 安格斯 肋眼 牛排 烤肉 必備 225g 盒 冷凍 超商,15
小厚 牛排 干貝,1375
澳洲 頂級 厚切 M9 和 牛排,5
澳和牛 紐約克 牛排,5
憶霖 蘑菇 牛排 醬 400g,10
美國 特選 梅花 牛排,10
美 翼板 霜降 牛排,5895
9 嚴選菲力 牛排,35
美國 特選戰 斧 牛排,155
大厚 牛排 干貝,12200
沙朗 牛排 冷凍,10
澳牛 肩里 肌 牛排,7170
日本 木戶 食品 牛排 專用 醬 235 公克 現貨 蝦 皮直 送,10
金牌 和 牛種 霜降 級 沙朗 牛排 400g10 片 赤豪家,5
CAB 霜降 牛排,230
日本 和 牛 牛排 用紐 約 客冷凍,125
法蘭克 牛排,80
紐澳 肩胛 牛排 16oz,1120
大芝心 牛排 干貝,4860
波浪 戰斧 牛排,505
赤鬼 牛排 牛 鷄 雙 人 套餐,30
日本 和 牛 霜降 牛排,50
牛排 干貝 單點 兌換,5
美國 特選 翼板 牛排,860
牛排 香料,20
澳洲 安格斯 菲力 牛排 200g20220901g,5
火烤 紐約客 牛排,5
板腱 牛排 烤 嫩 雞,35
紐西蘭純 牛肉 漢堡 排 牛排 226g 包冷凍 超商取,35
草原 之心 嫩 肩 牛排,605
澳嫩 肩 肋眼 牛排,6090
板腱 牛排 烤 嫩 雞 20221213fkis6yqe,5
A1 牛排 醬 10oz,5
小 牛排 干貝加 210 元,80
N013072314 野人 舒食 舒肥 牛排 美國 Prime,5
金蘭 K1 牛排 醬 185G,5
大 肉桂 捲 牛排 干貝,4240
藏 澳洲 板腱 牛 炒,10
板腱 牛排 烤 嫩 雞 20221228fkiskkiz,5
銀 蕨 PS 巨無霸 沙朗 牛排,25
板腱 牛排 烤 嫩 雞 20221220fkisdun3,5
飛馬牌 蘑菇 牛排 醬 350g350g,55
牛排 烤肉 套餐 冷凍,5
美國 板腱 牛排 套餐,5
美國 牛 霜降 牛排,5
家福 冷凍 牛排 薯,25
紐澳 肩胛 牛排 16OZ,215
威靈頓 牛排,5
花生 培根 牛排 蛋西多士 套餐 20230112f8pqm,5
澳洲 M9 極厚切 和 牛 牛排,5
開票 手續 費永豐 牛排,5
板腱 牛排 烤 嫩 雞 20230119y15l2fee,5
海陸 管家 日本 A5 黑毛 和 牛菲力 牛排 每片 約 150gx1,5
玫瑰 鹽蒜片 嫩 肩 牛排,5
飛馬 蘑菇 牛排 醬 350g,225
板腱 牛排 烤 嫩 雞 20230110h3wi3j8b,5
板腱 牛排 烤 嫩 雞 20230209p2hkpjro,5
板腱 牛排 烤 嫩 雞 20230207y15lsv9o,5
板腱 牛排 烤 嫩 雞 20230111s3tmjykt,5
板腱 牛排 烤 嫩 雞 20230203p2hkyeus,5
板腱 牛排 烤 嫩 雞 20230215c01kf329,5
板腱 牛排 烤 嫩 雞 20230104p2hk5g87,5
板腱 牛排 烤 嫩 雞 20230225owk03vid,5
沙朗 牛排 套餐,5
板腱 牛排 烤 嫩 雞 20230217oawd8tbd,5
N013072313 野人 舒食 舒肥 牛排 蒜 香 牛排 9oz,20
板腱 牛排 烤 嫩 雞 20230212cwz0y2zx,5
買 9 送 9 海肉 管家 美國 玫瑰 日本 種 PRIME 級 和 牛 霜降 牛排,5
美特 優去 骨 牛排,10
板腱 牛排 烤 嫩 雞 20221201fkisz0hs,5
上 野物 產 澳洲 進口 板腱 牛排 100g 片 牛肉 牛排,5
嚴選菲力 牛排 20221029memfiwvl,5
上 野物 產 澳洲 進口雪紋 牛排 100g 片 牛肉 牛排 原,10
板腱 牛排 烤 嫩 雞 20230209c5lrhvr1,5
澳州 迷你 牛排,5
板腱 牛排 烤 嫩 雞 20230209q1oq5h7b,5
板腱 牛排 烤 嫩 雞 20230222oawdncb4,5
超紐 西蘭 紐約客 牛排,75
料理 美食 牛排 豬排 雞 排肉 類斷 筋 器 鬆 肉 針,5
板腱 牛排 烤 嫩 雞 20221225owk0v0tg,5
板腱 牛排 烤 嫩 雞 20230104vwpdjsw6,5
板腱 牛排 烤 嫩 雞 20230129tl4yyytj,5
板腱 牛排 烤 嫩 雞 20230206fkisn831,5
板腱 牛排 烤 嫩 雞 20230201r8axj2h6,5
板腱 牛排 烤 嫩 雞 20230223x9zmog7j,5
佰味 香特級 牛排 香料,5
板腱 牛排 烤 嫩 雞 20230226owk0y8u0,5
10 嚴選菲力 牛排,15
板腱 牛排 烤 嫩 雞 20230222oawdg1c1,5
紐約 教父 牛排,5
板腱 牛排 烤 嫩 雞 20230119r8axtzu8,5
野人 舒食 蒜 香 牛排,5
板腱 牛排 烤 嫩 雞 20221224i5zacasn,5
板橋 阿禧 板腱 嫩 肩里 肌 牛排 草嗣可燉 煮 燒烤 餵寵,5
西堤 牛排 套餐 券 一套 4 張,25
10 雙份 牛排,5
板腱 牛排 烤 嫩 雞 20230208kkqga04j,5
澳洲 安格斯 濕式 熟成 肋眼 牛排,5
味好 美 蒙特 婁 牛排 香草 香料 822g 招財貓 商店 現貨,5
大帕瑪 牛排 干貝,10
板腱 牛排 烤 嫩 雞 20230209o1snyuh1,5
板腱 牛排 烤 嫩 雞 20230224oawdqepo,5
板腱 牛排 烤 嫩 雞 20230203oawdnfad,5
美牛 肩里 肌 牛排,905
西堤 牛排 套餐 券 一套 6 張,5
N013072313 野人 舒食 舒肥 牛排,5
板腱 牛排 烤 嫩 雞 20230207c5lrwj28,5
板腱 牛排 烤 嫩 雞 20230304oawd1tfb,5
板腱 牛排 烤 嫩 雞 20230319n1eouvpt,5
板腱 牛排 烤 嫩 雞 20230319owk0vmrp,5
板腱 牛排 烤 嫩 雞 20230402cwz0gvi2,5
板腱 牛排 烤 嫩 雞 20230422h3wiygp3,5
熟去 骨 牛排,5
板腱 牛排 烤 嫩 雞 20230222k8qkuiw7,5
冷藏 澳洲 板腱 牛排,620
9789864751204 專業 鐵板 燒主廚 必學 極品 牛排 調理技,5
澳洲 黑牛 肋 眼心 牛排,20
板腱 牛排 烤 嫩 雞 20230423r8ax9rxt,5
板腱 牛排 烤 嫩 雞 20230414obveg5e2,5
板腱 牛排 烤 嫩 雞 20230124vwpd9ufl,5
板腱 牛排 烤 嫩 雞 20230321u8vr6f6c,5
肋眼 牛排 10OZ,130
板腱 牛排 烤 嫩 雞 20230316h3xszdef,5
板腱 牛排 烤 嫩 雞 20230313c01kgjxi,5
板腱 牛排 烤 嫩 雞 20230322c5lrscgo,5
板腱 牛排 烤 嫩 雞 20230122p2hkrvcu,5
板腱 牛排 烤 嫩 雞 20230423owk03yjj,5
板腱 牛排 烤 嫩 雞 20230423owk001t6,5
8 菲力 牛排,35
板腱 牛排 烤 嫩 雞 20230312hxo9rpuf,5
王品 台塑 牛排 禮券 一套 2 張,5
板腱 牛排 烤 嫩 雞 20230312h3xsz6x3,5
板腱 牛排 烤 嫩 雞 20230308oawduoe8,5
板腱 牛排 烤 嫩 雞 20230308r8ax84ha,5
板腱 牛排 烤 嫩 雞 20230329n1eowb8q,5
新光 牛排 香料 35G,5
雪花 牛排 8OZ,110
板腱 牛排 烤 嫩 雞 20230421u0vg3qgs,5
板腱 牛排 烤 嫩 雞 20230403s1zoshow,5
大塊 牛排 兌換券,25
板腱 牛排 烤 嫩 雞 20230307u0vg75uj,5
板腱 牛排 烤 嫩 雞 20230308q1oq1c4a,5
板腱 牛排 烤 嫩 雞 20230212owk0iaxt,5
板腱 牛排 烤 嫩 雞 20230430oawdhkv6,5
板腱 牛排 烤 嫩 雞 20230316s1zovina,5
板腱 牛排 烤 嫩 雞 20230312i1pvmpqo,5
洋石 岩燒 牛排 兌換券,500
板腱 牛排 烤 嫩 雞 20230415x9zmtd91,5
板腱 牛排 烤 嫩 雞 20230215x9zmc3cz,5
板腱 牛排 烤 嫩 雞 20230118obve2kgn,5
Lays 樂事 肋眼 牛排 佐松露,5
板腱 牛排 烤 嫩 雞 20230416u8vr95ud,5
澳洲 黑牛 霜降 雪花 牛排,10
烤 牛排,5
紐西蘭 PS 濕式 熟 成沙 朗 牛排,5
單原塊 牛排 百,25
紐西蘭 銀 蕨 PS 熟成 極鮮嫩 厚切 牛排,5
Yes 厚切 牛排 兌換券,30
2101 牛排 煎匙 大,5
冠利煙 燻 牛排 醬 235ml,5
板腱 牛排 烤 嫩 雞 20230109i5zaic0q,5
澳洲 榖 飼菲力 牛排 250g20221019g4,5
美 霜降 骰子 牛排,5
原味 沙朗 牛排,5
板腱 牛排 烤 嫩 雞 20230108k8qkhuqc,5
板腱 牛排 烤 嫩 雞 20230321n1eos89q,5
板腱 牛排 烤 嫩 雞 20230331c3yuhjo9,5
板腱 牛排 烤 嫩 雞 20230108vwpd0r62,5
板腱 牛排 烤 嫩 雞 20230126obve928k,5
板腱 牛排 烤 嫩 雞 20230304cwz0s7o4,5
板腱 牛排 烤 嫩 雞 20230111r8axl643,5
板腱 牛排 烤 嫩 雞 20230124vwpdkzhz,5
板腱 牛排 烤 嫩 雞 20230123c5lr2qyr,5
板腱 牛排 烤 嫩 雞 20230317bk30dwyv,5
板腱 牛排 烤 嫩 雞 20230116hxo97u1a,5
板腱 牛排 烤 嫩 雞 20230124i1pv5aof,5
板腱 牛排 烤 嫩 雞 20230417n8vi4rem,5
N012720914 統 一生 機板腱 牛排,5
味好 美 牛排 香草 香料 88g,5
板腱 牛排 烤 嫩 雞 20230321r8axmjj8,5
頂極 無骨 牛小排 福利 牛排,10
美國極 黑牛 牛排,20
板腱 牛排 烤 嫩 雞 20230102n1eonl0r,5
板腱 牛排 烤 嫩 雞 20230121h8ry7h48,5
板腱 牛排 烤 嫩 雞 20230120y15lfl48,5
板腱 牛排 烤 嫩 雞 20230425vwpdlxin,5
