item_name,item
HIL 鮮嫩 去 骨 腿,18535
鮮嫩 炸雞 柳定 食 20221225v6xl1f9r,5
鮮嫩 炸雞 柳定 食 20221231r5ja2dv8,5
鮮嫩 炸雞 柳定 食 20221216t3fb6z6u,5
鮮嫩 炸雞 柳定 食 20221226s4hfcihr,5
鮮嫩 炸雞 柳定 食 20221204v6xl6m9d,5
鮮嫩 炸雞 柳定 食 20221204t9ja0ywo,5
鮮嫩 無骨雞 腿,50
鮮嫩 炸雞 柳定 食 20221223q8nrnuya,5
鮮嫩 炸雞 柳定 食 20221211s8tsepfk,5
鮮嫩 炸雞 柳定 食 20230126g2bcmhnc,5
鮮嫩 炸雞 柳定 食 20221216s4hfja6c,5
鮮嫩 炸雞 柳定 食 20221214g2acfy4s,5
鮮嫩 炸雞 柳定 食 20230106s4hfk4hz,5
鮮嫩 炸雞 柳定 食 20230106v7grcl44,5
鮮嫩 炸雞 柳定 食 20230120c2pev89y,5
鮮嫩 炸雞 柳定 食 20221225u8eqcpf8,5
鮮嫩 炸雞 柳定 食 20221204j1ispjdg,5
鮮嫩 炸雞 柳定 食 20221226n1luvq3s,5
鮮嫩 炸雞 柳定 食 20221214c2pelmc3,5
鮮嫩 炸雞 柳定 食 20230205m4jsxh6b,5
鮮嫩 炸雞 柳定 食 20230203x7rqre4i,5
鮮嫩 炸雞 柳定 食 20230208g2bckrad,5
鮮嫩 炸雞 柳定 食 20230120n3dywssb,5
鮮嫩 炸雞 柳定 食 20230206n3dyixtm,5
鮮嫩 炸雞 柳定 食 20221206t3fb71lv,5
鮮嫩 炸雞 柳定 食 20230209xg0unn6s,5
鮮嫩 炸雞 柳定 食 20230114g2bc1wm3,5
鮮嫩 炸雞 柳定 食 20230110g7toeuq3,5
鮮嫩 炸雞 柳定 食 20221202n0vh0c6z,5
鮮嫩 炸雞 柳定 食 20230217kbbila4a,5
鮮嫩 炸雞 柳定 食 20221201q8nrdzpz,5
鮮嫩 炸雞 柳定 食 20230203s8tsokc8,5
鮮嫩 炸雞 柳定 食 20221212j1isaiz7,5
鮮嫩 炸雞 柳定 食 20230122x7rqzc2m,5
鮮嫩 炸雞 柳定 食 20230122v7gr3kwh,5
鮮嫩 炸雞 柳定 食 20230114q8nrblj0,5
鮮嫩 炸雞 柳定 食 20230202q0rcs0xr,5
鮮嫩 炸雞 柳定 食 20230224t7ugh2pn,5
鮮嫩 炸雞 柳定 食 20230202j3uf4629,5
鮮嫩 炸雞 柳定 食 20221220q8nrhql1,5
鮮嫩 炸雞 柳定 食 20230108q8nrkyt8,5
鮮嫩 炸雞 柳定 食 20230206q0rcm5ed,5
鮮嫩 炸雞 柳定 食 20230226t7ug8kpl,5
鮮嫩 炸雞 柳定 食 20230416t7ugyirv,5
鮮嫩 炸雞 柳定 食 20230217m4ya5vla,5
鮮嫩 炸雞 柳定 食 20221202s8tsofzr,5
鮮嫩 炸雞 柳定 食 20230228q8nr1vys,5
鮮嫩 炸雞 柳定 食 20230218g9dwmes3,5
鮮嫩 炸雞 柳定 食 20230415q0rcavov,5
鮮嫩 炸雞 柳定 食 20230201q8nrel8j,5
鮮嫩 炸雞 柳定 食 20230405g2bcn1pr,5
鮮嫩 炸雞 柳定 食 20230109g9dwnwa5,5
鮮嫩 炸雞 柳定 食 20221204g2bcd4q7,5
鮮嫩 炸雞 柳定 食 20230319u8eqadxg,5
鮮嫩 炸雞 柳定 食 20230312t0sjwdtx,5
鮮嫩 炸雞 柳定 食 20230328t7ugezma,5
鮮嫩 炸雞 柳定 食 20230308t2txsxzs,5
鮮嫩 炸雞 柳定 食 20230402r7ajvz1m,5
鮮嫩 炸雞 柳定 食 20230428v9gt3h6i,5
鮮嫩 炸雞 柳定 食 20230217r4dfoh6r,5
鮮嫩 炸雞 柳定 食 20230226r7ajsxbz,5
鮮嫩 炸雞 柳定 食 20230425q8nr747r,5
鮮嫩 炸雞 柳定 食 20230312s4xsuuni,5
鮮嫩 炸雞 柳定 食 20230129u8eqcnyh,5
鮮嫩 炸雞 柳定 食 20230322n1lu8mma,5
鮮嫩 炸雞 柳定 食 20230228x7rqpinj,5
特 大片 鮮嫩 去 骨 雞 腿 排,5
鮮嫩 炸雞 柳定 食 20230322c2pelxoc,5
鮮嫩 炸雞 柳定 食 20230412r7ajdc98,5
鮮嫩 炸雞 柳定 食 20230419c2pelmi9,5
鮮嫩 炸雞 柳定 食 20230415v7gro6h1,5
鮮嫩 炸雞 柳定 食 20230313q8nrhb2e,5
鮮嫩 炸雞 柳定 食 20230415j1isxix7,5
鮮嫩 炸雞 柳定 食 20230220m4yax3it,5
鮮嫩 炸雞 柳定 食 20230404q0rc9frl,5
鮮嫩 炸雞 柳定 食 20230427rt67kjha,5
鮮嫩 炸雞 柳定 食 20230430c3tixs2k,5
鮮嫩 炸雞 柳定 食 20221208v7gre4on,5
鮮嫩 炸雞 柳定 食 20230425g9dw2zsv,5
鮮嫩 炸雞 柳定 食 20230424g7z9tjbj,5
鮮嫩 炸雞 柳定 食 20230405r4dfj851,5
鮮嫩 炸雞 柳定 食 20230416q8nrk76c,5
鮮嫩 炸雞 柳定 食 20230422j1iseyv8,5
鮮嫩 炸雞 柳定 食 20230119t9jar6av,5
鮮嫩 炸雞 柳定 食 20230102t3fbvnv4,5
鮮嫩 炸雞 柳定 食 20230310j1isrt5a,5
鮮嫩 炸雞 柳定 食 20230326g7z9fz6i,5
鮮嫩 炸雞 柳定 食 20230329q8nr2ukg,5
鮮嫩 炸雞 柳定 食 20230125rge80clv,5
鮮嫩 炸雞 柳定 食 20230105v7grz1jw,5
鮮嫩 炸雞 柳定 食 20230101j3ufnaa6,5
鮮嫩 炸雞 柳定 食 20230111v6xlao2g,5
鮮嫩 炸雞 柳定 食 20230104t2txl73p,5
鮮嫩 炸雞 柳定 食 20230108g9dwyx4w,5
鮮嫩 炸雞 柳定 食 20230101s4xshxwi,5
鮮嫩 炸雞 柳定 食 20230324xg0u5taw,5
鮮嫩 炸雞 柳定 食 20230314jmya82pc,5
鮮嫩 炸雞 柳定 食 20230127r7ajy4vo,5
鮮嫩 炸雞 柳定 食 20230125s8tsce4m,5
鮮嫩 炸雞 柳定 食 20230104kbbicpo4,5
鮮嫩 炸雞 柳定 食 20230105t2tx2w5k,5
鮮嫩 炸雞 柳定 食 20230327g9dw81t8,5
鮮嫩 炸雞 柳定 食 20230312c2pe55jp,5
鮮嫩 炸雞 柳定 食 20230303g7to95sg,5
