item_name,item
台農麥芽 保久乳 飲品,8385
85 度 C50 元 飲品,2465
飲品 65,1985
人氣 滿貫 附湯 或 飲品 20221204g1ymzr,5
極鮮 經典 附湯 或 飲品,980
牧夏 飲品 兌換券,25
飲品 120,30
員工 飲品 50,10
佳豆 豆腐 飲品,15
東洲 飲品,5225
冬濃厚 食感 附湯 或 飲品 20221221g2x4,5
冬濃厚 食感 附湯 或 飲品 20221227t9uv,5
凍 檸茶 飲品 500ml 瓶,330
加購 飲品 套餐 w,45
全鮭 六滿福 附湯 或 飲品 20221230j9rad,5
起士 雙享 宴 附湯 或 飲品 20221209zi8h8,5
冬濃厚 食感 附湯 或 飲品 20221220x0rg,5
極鮮 經典 附湯 或 飲品 20221222s6mwlx,5
起士 雙享 宴 附湯 或 飲品 20221226h3zho,5
全鮭 六滿福 附湯 或 飲品 20221231x9bbr,5
全鮭 六滿福 附湯 或 飲品 20221210yc9hh,5
全鮭 六滿福 附湯 或 飲品 20221220spkeh,5
全鮭 六滿福 附湯 或 飲品 20221211c9hpw,5
定番 特選 附湯 或 飲品 20221229m2gz2v,5
全鮭 六滿福 附湯 或 飲品 20221210qdjnm,5
全鮭 六滿福 附湯 或 飲品 20221216h9prw,5
冬濃厚 食感 附湯 或 飲品 20221214g9bs,5
全鮭 六滿福 附湯 或 飲品 20221227c1khe,5
全鮭 六滿福 附湯 或 飲品 20221202r1bmu,5
起士 雙享 宴 附湯 或 飲品,580
極鮮 經典 附湯 或 飲品 20221204g2x43q,5
極鮮 經典 附湯 或 飲品 20221204i1oekr,5
極享 奔 牛特盛 附湯 或 飲品,30
起士 雙享 宴 附湯 或 飲品 20221202k9qv9,5
定番 特選 附湯 或 飲品,40
極鮮 經典 附湯 或 飲品 20221210n9rdna,5
全鮭 六滿福 附湯 或 飲品 20221201s5rxu,5
全鮭 六滿福 附湯 或 飲品 20221202c1khr,5
全鮭 六滿福 附湯 或 飲品 20221209o5mon,5
全鮭 六滿福 附湯 或 飲品 20221226qdjn8,5
義美 沖 調 飲品 禮盒,15
全鮭 六滿福 附湯 或 飲品 20221228q7pds,5
起士 雙享 宴 附湯 或 飲品 20221226v5b39,5
全鮭 六滿福 附湯 或 飲品 20221204m3sch,5
全鮭 六滿福 附湯 或 飲品 20221209o4zd5,5
全鮭 六滿福 附湯 或 飲品 20221209yc9h9,5
冬濃厚 食感 附湯 或 飲品 20221209v5b3,5
極鮮 經典 附湯 或 飲品 20221227g2x4w3,5
全鮭 六滿福 附湯 或 飲品 20221213j8d48,5
全鮭 六滿福 附湯 或 飲品 20221215cmiky,5
全鮭 六滿福 附湯 或 飲品 20221218d019v,5
極鮮 經典 附湯 或 飲品 20221211h0ov34,5
十點 加購 沖 泡 飲品,260
全鮭 六滿福 附湯 或 飲品 20221209krzuw,5
極鮮 經典 附湯 或 飲品 20221205g2x4j3,5
冬濃厚 食感 附湯 或 飲品,180
冬濃厚 食感 附湯 或 飲品 20221218k5jb,5
全鮭 六滿福 附湯 或 飲品 20221208l7jpw,5
全鮭 六滿福 附湯 或 飲品 20221209s6mwo,5
全鮭 六滿福 附湯 或 飲品 20221215h6pvu,5
全鮭 六滿福 附湯 或 飲品 20221222mknak,5
全鮭 六滿福 附湯 或 飲品 20221230j9ray,5
全鮭 六滿福 附湯 或 飲品 20221222c8piq,5
極鮮 經典 附湯 或 飲品 20221207yc9hc4,5
35 元 飲品 即 享券,25
新會員 飲品 全品 項 9 折,415
全鮭 六滿福 附湯 或 飲品 20221216h6pvv,5
全鮭 六滿福 附湯 或 飲品 20221218h3zhx,5
全鮭 六滿福 附湯 或 飲品 20221228spkeg,5
全鮭 六滿福 附湯 或 飲品 20221210k5cne,5
全鮭 六滿福 附湯 或 飲品 20221206i6jwa,5
全鮭 六滿福 附湯 或 飲品 20221211k9qvf,5
全鮭 六滿福 附湯 或 飲品 20221214k5cnw,5
全鮭 六滿福 附湯 或 飲品 20221222cmiki,5
全鮭 六滿福 附湯 或 飲品 20221222t9uv3,5
海陸 特四選 附湯 或 飲品 20221209k6dx9,5
全鮭 六滿福 附湯 或 飲品 20221204sjb9d,5
全鮭 六滿福 附湯 或 飲品,1545
飲品 140,90
全鮭 六滿福 附湯 或 飲品 20221210x9bb6,5
新升 等 大 咖禮全 飲品 8,40
全鮭 六滿福 附湯 或 飲品 20221202i1oez,5
全鮭 六滿福 附湯 或 飲品 20221220x0rgd,5
全鮭 六滿福 附湯 或 飲品 20221226yc9hf,5
全鮭 六滿福 附湯 或 飲品 20221205c9hpo,5
極鮮 經典 附湯 或 飲品 20221214ecas4r,5
極鮮 經典 附湯 或 飲品 20221216x7gimc,5
極鮮 經典 附湯 或 飲品 20221203j9hlyo,5
極鮮 經典 附湯 或 飲品 20221218krzu0d,5
極鮮 經典 附湯 或 飲品 20221221d0197w,5
冬濃厚 食感 附湯 或 飲品 20221212h0ov,5
冬濃厚 食感 附湯 或 飲品 20221212x9bb,5
人氣 滿貫 附湯 或 飲品 20221212n3zeeb,5
全鮭 六滿福 附湯 或 飲品 20221216akng5,5
極鮮 經典 附湯 或 飲品 20221209h9prtq,5
起士 雙享 宴 附湯 或 飲品 20221209x7gii,5
起士 雙享 宴 附湯 或 飲品 20221215d019x,5
全鮭 六滿福 附湯 或 飲品 20221209krzub,5
全鮭 六滿福 附湯 或 飲品 20221208i1oe1,5
全鮭 六滿福 附湯 或 飲品 20221208m8p68,5
全鮭 六滿福 附湯 或 飲品 20221216t9uvc,5
起士 雙享 宴 附湯 或 飲品 20221203kil1n,5
全鮭 六滿福 附湯 或 飲品 20221229sfds8,5
全鮭 六滿福 附湯 或 飲品 20221222wlxw6,5
全鮭 六滿福 附湯 或 飲品 20221229o2zg8,5
全鮭 六滿福 附湯 或 飲品 20221206t9uv5,5
全鮭 六滿福 附湯 或 飲品 20221210krzud,5
極鮮 經典 附湯 或 飲品 20221229s6mwhu,5
冬濃厚 食感 附湯 或 飲品 20221202qdjn,5
全鮭 六滿福 附湯 或 飲品 20221217c4bzj,5
全鮭 六滿福 附湯 或 飲品 20221202l2fqu,5
極享 奔 牛特盛 附湯 或 飲品 20221218kqgc,5
大滿足 鮭 四味 附湯 或 飲品 20221210k6dx,5
搭 飲品 折扣 30 元,35
全鮭 六滿福 附湯 或 飲品 20221210h0ovh,5
極享 奔 牛特盛 附湯 或 飲品 20221231gxqi,5
起士 雙享 宴 附湯 或 飲品 20230123s5akv,5
起士 雙享 宴 附湯 或 飲品 20221213n3ze8,5
冬濃厚 食感 附湯 或 飲品 20221211k5jb,5
PETITZEL 金桔 飲品,105
天 仁 喫 茶 趣 TOGO90 元 飲品 兌換券,5
起士 雙享 宴 附湯 或 飲品 20221214o2zg8,5
冬濃厚 食感 附湯 或 飲品 20221227v3qo,5
全鮭 六滿福 附湯 或 飲品 20221229x9bb4,5
極鮮 經典 附湯 或 飲品 20221225c8jcm4,5
全鮭 六滿福 附湯 或 飲品 20230123v9mox,5
全鮭 六滿福 附湯 或 飲品 20230123n3ze9,5
01011231 飲品 加購,131850
極鮮 經典 附湯 或 飲品 20230107i8wjff,5
人氣 滿貫 附湯 或 飲品,340
全鮭 六滿福 附湯 或 飲品 20230103r7pyl,5
極鮮 經典 附湯 或 飲品 20221222g9bszl,5
定番 特選 附湯 或 飲品 20221203k6dxdi,5
極鮮 經典 附湯 或 飲品 20221225x7gi9b,5
全鮭 六滿福 附湯 或 飲品 20221222x1clm,5
全鮭 六滿福 附湯 或 飲品 20221214n3ze0,5
熟食 特盛 附湯 或 飲品 20230109m2gzgf,5
海陸 特四選 附湯 或 飲品 20221201k6dx5,5
極鮮 經典 附湯 或 飲品 20221210k5cn10,5
全鮭 六滿福 附湯 或 飲品 20221218g6fy7,5
全鮭 六滿福 附湯 或 飲品 20230221i1oez,5
冬濃厚 食感 附湯 或 飲品 20221203zt6i,5
全鮭 六滿福 附湯 或 飲品 20230219ms0uy,5
全鮭 六滿福 附湯 或 飲品 20230213akngw,5
全鮭 六滿福 附湯 或 飲品 20230222ttmlq,5
起士 雙享 宴 附湯 或 飲品 20221208x1cl0,5
極鮮 經典 附湯 或 飲品 20221215v9morb,5
全鮭 六滿福 附湯 或 飲品 20230206zt6ip,5
全鮭 六滿福 附湯 或 飲品 20230211cmiko,5
全鮭 六滿福 附湯 或 飲品 20230220yc9hg,5
大滿足 鮭 四味 附湯 或 飲品 20221213m2gz,10
全鮭 六滿福 附湯 或 飲品 20230130o2rxr,5
極鮮 經典 附湯 或 飲品 20230104o2rxqz,5
起士 雙享 宴 附湯 或 飲品 20221203x9bbm,5
大滿足 鮭 四味 附湯 或 飲品 20221215k6dx,5
起士 雙享 宴 附湯 或 飲品 20221211o2zgl,5
全鮭 六滿福 附湯 或 飲品 20221210x0rgt,5
全鮭 六滿福 附湯 或 飲品 20230124kqgce,5
全鮭 六滿福 附湯 或 飲品 20230124rqsxa,5
全鮭 六滿福 附湯 或 飲品 20221219d019w,5
全鮭 六滿福 附湯 或 飲品 20221227m3scs,5
全鮭 六滿福 附湯 或 飲品 20221229n9rdj,5
極鮮 經典 附湯 或 飲品 20221203i6jw77,5
人氣 滿貫 附湯 或 飲品 20221212o4zd4c,5
人氣 滿貫 附湯 或 飲品 20221225x1clzz,5
全鮭 六滿福 附湯 或 飲品 20221221krzu2,5
全鮭 六滿福 附湯 或 飲品 20221211rqsx7,5
極鮮 經典 附湯 或 飲品 20230101pf05rn,5
天 仁 喫 茶 趣 TOGO70 元 飲品 兌換券,25
全鮭 六滿福 附湯 或 飲品 20221208t9uvu,5
全鮭 六滿福 附湯 或 飲品 20221208cmikr,5
全鮭 六滿福 附湯 或 飲品 20221207p1w2o,5
全鮭 六滿福 附湯 或 飲品 20230119o2zgu,5
全鮭 六滿福 附湯 或 飲品 20230114o2rxz,5
極鮮 經典 附湯 或 飲品 20230108k9qv2z,5
極鮮 經典 附湯 或 飲品 20230211s3uamh,5
全鮭 六滿福 附湯 或 飲品 20221216k9qvs,5
全鮭 六滿福 附湯 或 飲品 20221218o5moa,5
全鮭 六滿福 附湯 或 飲品 20221230s5aky,5
全鮭 六滿福 附湯 或 飲品 20221227cmikh,5
冬濃厚 食感 附湯 或 飲品 20221216n9rd,5
極鮮 經典 附湯 或 飲品 20230106yuvu1o,5
極鮮 經典 附湯 或 飲品 20230127j9hlol,5
全鮭 六滿福 附湯 或 飲品 20230222akngn,5
極鮮 經典 附湯 或 飲品 20221207p1w2pe,5
全鮭 六滿福 附湯 或 飲品 20221210g2kjm,5
全鮭 六滿福 附湯 或 飲品 20221212l7jpn,5
全鮭 六滿福 附湯 或 飲品 20221213ms0uh,5
極鮮 經典 附湯 或 飲品 20221227r1bm60,5
極鮮 經典 附湯 或 飲品 20221214c9hpcz,5
冬濃厚 食感 附湯 或 飲品 20221204g1ym,5
全鮭 六滿福 附湯 或 飲品 20221217c4bzu,5
起士 雙享 宴 附湯 或 飲品 20221222n3zen,5
起士 雙享 宴 附湯 或 飲品 20221224l7jpl,5
全鮭 六滿福 附湯 或 飲品 20230128h9prl,5
全鮭 六滿福 附湯 或 飲品 20230128ecas3,5
全鮭 六滿福 附湯 或 飲品 20230124h0ovl,5
全鮭 六滿福 附湯 或 飲品 20230124o5mo3,5
極鮮 經典 附湯 或 飲品 20230108i1oetx,5
全鮭 六滿福 附湯 或 飲品 20230123v9mot,5
極鮮 經典 附湯 或 飲品 20230124ttml8z,5
全鮭 六滿福 附湯 或 飲品 20230225krzuz,5
起士 雙享 宴 附湯 或 飲品 20221203h6pvg,5
券 飲品 可換 成黃金,5
全鮭 六滿福 附湯 或 飲品 20221210lvlwy,5
全鮭 六滿福 附湯 或 飲品 20230209yc9hf,5
全鮭 六滿福 附湯 或 飲品 20221216m3sc6,5
全鮭 六滿福 附湯 或 飲品 20221224h4gih,5
冬濃厚 食感 附湯 或 飲品 20221204n6bs,5
冬濃厚 食感 附湯 或 飲品 20221224t9uv,5
全鮭 六滿福 附湯 或 飲品 20230112x1clb,5
大滿足 鮭 四味 附湯 或 飲品 20230212k6dx,5
極鮮 經典 附湯 或 飲品 20230227h6pvcp,5
吉鮮 迎春 附湯 或 飲品,135
全鮭 六滿福 附湯 或 飲品 20230115r1bm9,5
冬濃厚 食感 附湯 或 飲品 20230101akng,5
人氣 滿貫 附湯 或 飲品 20221218r7pydo,5
補班日 大杯 飲品 買 1 送 1,2985
全鮭 六滿福 附湯 或 飲品 20230126s3uaq,5
全鮭 六滿福 附湯 或 飲品 20230102c0pm6,5
吉鮮 迎春 附湯 或 飲品 20230126n9rdgf,5
大滿足 鮭 四味 附湯 或 飲品 20221209k6dx,5
冬濃厚 食感 附湯 或 飲品 20221227k5jb,5
冬濃厚 食感 附湯 或 飲品 20221206x2rz,5
全鮭 六滿福 附湯 或 飲品 20230123o6bc6,5
全鮭 六滿福 附湯 或 飲品 20230101j9hl4,5
起士 雙享 宴 附湯 或 飲品 20221226ms0u0,5
冬濃厚 食感 附湯 或 飲品 20221222r7py,5
全鮭 六滿福 附湯 或 飲品 20221211yc9hc,5
極鮮 經典 附湯 或 飲品 20230122yc9hu8,5
極鮮 經典 附湯 或 飲品 20230122r2wirb,5
起士 雙享 宴 附湯 或 飲品 20230107g2kj7,5
全鮭 六滿福 附湯 或 飲品 20230216h3zhm,5
全鮭 六滿福 附湯 或 飲品 20230224x1cl1,5
大滿足 鮭 四味 附湯 或 飲品 20230127c8qf,5
極鮮 經典 附湯 或 飲品 20221217sfdsq4,5
全鮭 六滿福 附湯 或 飲品 20230209sjb9j,5
全鮭 六滿福 附湯 或 飲品 20230210j9ran,5
全鮭 六滿福 附湯 或 飲品 20230213j9raw,5
起士 雙享 宴 附湯 或 飲品 20230113r7py3,5
冬濃厚 食感 附湯 或 飲品 20221210kil1,5
全鮭 六滿福 附湯 或 飲品 20221201x1clg,5
全鮭 六滿福 附湯 或 飲品 20230201v1h58,5
全鮭 六滿福 附湯 或 飲品 20230216o4zdu,5
全鮭 六滿福 附湯 或 飲品 20230217l0bnj,5
全鮭 六滿福 附湯 或 飲品 20230220v3qow,5
極鮮 經典 附湯 或 飲品 20230205k5jbmz,5
極鮮 經典 附湯 或 飲品 20230226c9hpgf,5
全鮭 六滿福 附湯 或 飲品 20230110x1cl2,5
極鮮 經典 附湯 或 飲品 20221202h0ovdt,5
繽紛 綜合 附湯 或 飲品,50
古早 味 飲品,1385
全鮭 六滿福 附湯 或 飲品 20230227x1cl6,5
全鮭 六滿福 附湯 或 飲品 20230228n3zei,5
大滿足 鮭 四味 附湯 或 飲品 20221229m2gz,10
全鮭 六滿福 附湯 或 飲品 20230222x2rzw,5
吉鮮 迎春 附湯 或 飲品 20230205n6ok0l,5
全鮭 六滿福 附湯 或 飲品 20230201d0192,5
大滿足 鮭 四味 附湯 或 飲品 20230223k6dx,5
全鮭 六滿福 附湯 或 飲品 20230115s6mwm,5
冬濃厚 食感 附湯 或 飲品 20221231g9bs,5
冬濃厚 食感 附湯 或 飲品 20221206h0ov,5
大滿足 鮭 四味 附湯 或 飲品 20221220m2gz,5
全鮭 六滿福 附湯 或 飲品 20230102h3zh2,5
極鮮 經典 附湯 或 飲品 20230209n3zecb,5
極鮮 經典 附湯 或 飲品 20230221ecas8v,5
冬濃厚 食感 附湯 或 飲品 20230108o6bc,5
海陸 特四選 附湯 或 飲品 20230205m2gze,5
全鮭 六滿福 附湯 或 飲品 20230213l6avp,5
全鮭 六滿福 附湯 或 飲品 20230224g6fyi,5
全鮭 六滿福 附湯 或 飲品 20230123u8tsf,5
繽紛 綜合 附湯 或 飲品 20230225k6dxo1,5
極鮮 經典 附湯 或 飲品 20230120l2fqs9,5
極鮮 經典 附湯 或 飲品 20230205v5b3sr,5
吉鮮 迎春 附湯 或 飲品 20230219aulqyu,5
吉鮮 迎春 附湯 或 飲品 20230225c1kh3s,5
吉鮮 迎春 附湯 或 飲品 20230207cmik15,5
全鮭 六滿福 附湯 或 飲品 20230109sjb9m,5
基諾 飲品,15
吉鮮 迎春 附湯 或 飲品 20230125k9qvjk,5
全鮭 六滿福 附湯 或 飲品 20230213k5jbs,5
全鮭 六滿福 附湯 或 飲品 20230220mknak,5
全鮭 六滿福 附湯 或 飲品 20230104rvvzz,5
極鮮 經典 附湯 或 飲品 20230221v1h5xc,5
極鮮 經典 附湯 或 飲品 20230212x9bbpu,5
極鮮 經典 附湯 或 飲品 20230218n6ok2r,5
全鮭 六滿福 附湯 或 飲品 20230204h9prf,5
全鮭 六滿福 附湯 或 飲品 20230205h3zhm,5
全鮭 六滿福 附湯 或 飲品 20230110k9qvi,5
大滿足 鮭 四味 附湯 或 飲品 20230224k6dx,5
極鮮 經典 附湯 或 飲品 20230226h3zhao,5
全鮭 六滿福 附湯 或 飲品 20230226rqsx3,5
人氣 滿貫 附湯 或 飲品 20221217l0bnlh,5
全鮭 六滿福 附湯 或 飲品 20230218v5b3x,5
全鮭 六滿福 附湯 或 飲品 20230219d0198,5
全鮭 六滿福 附湯 或 飲品 20221205gxqib,5
冬濃厚 食感 附湯 或 飲品 20230107m0ds,5
吉鮮 迎春 附湯 或 飲品 20230116lvlw6w,5
全鮭 六滿福 附湯 或 飲品 20221210l3gzd,5
全鮭 六滿福 附湯 或 飲品 20230223s5ake,5
全鮭 六滿福 附湯 或 飲品 20221202d019y,5
全鮭 六滿福 附湯 或 飲品 20221210x1clk,5
全鮭 六滿福 附湯 或 飲品 20221217i1oed,5
大滿足 鮭 四味 附湯 或 飲品 20230206m2gz,5
吉鮮 迎春 附湯 或 飲品 20230201g2kjk4,5
極鮮 經典 附湯 或 飲品 20230113ttml79,5
全鮭 六滿福 附湯 或 飲品 20230219rqsxn,5
極鮮 經典 附湯 或 飲品 20230124r2wiht,5
極鮮 經典 附湯 或 飲品 20230210h4giso,5
全鮭 六滿福 附湯 或 飲品 20230114g9bsb,5
全鮭 六滿福 附湯 或 飲品 20221202h3zha,5
全鮭 六滿福 附湯 或 飲品 20221203n9rd6,5
人氣 滿貫 附湯 或 飲品 20230212k9qvs1,5
極鮮 經典 附湯 或 飲品 20230214m0dspo,5
極鮮 經典 附湯 或 飲品 20230212c9hpow,5
全鮭 六滿福 附湯 或 飲品 20230217o5moa,5
全鮭 六滿福 附湯 或 飲品 20230220o2rxm,5
極鮮 經典 附湯 或 飲品 20221206x1clxe,5
起士 雙享 宴 附湯 或 飲品 20221203g6fy6,5
全鮭 六滿福 附湯 或 飲品 20230127r2wi0,5
全鮭 六滿福 附湯 或 飲品 20230214r2wi2,5
全鮭 六滿福 附湯 或 飲品 20230218k5jbt,5
全鮭 六滿福 附湯 或 飲品 20230225r7pyt,5
全鮭 六滿福 附湯 或 飲品 20230225yc9hi,5
全鮭 六滿福 附湯 或 飲品 20230114m3scc,5
極鮮 經典 附湯 或 飲品 20230120yc9h5s,5
起士 雙享 宴 附湯 或 飲品 20230211s5rx8,5
全鮭 六滿福 附湯 或 飲品 20230119o2zgj,5
海派 迎新 附湯 或 飲品 20230118p1w27b,5
吉鮮 迎春 附湯 或 飲品 20230207lvlw0a,5
起士 雙享 宴 附湯 或 飲品 20230206l0bne,5
起士 雙享 宴 附湯 或 飲品 20230227g6fyi,5
全鮭 六滿福 附湯 或 飲品 20230211ecasw,5
全鮭 六滿福 附湯 或 飲品 20230212s5rxx,5
起士 雙享 宴 附湯 或 飲品 20230202ecasc,5
大滿足 鮭 四味 附湯 或 飲品 20221219k6dx,5
極鮮 經典 附湯 或 飲品 20230212g6fy7f,5
全鮭 六滿福 附湯 或 飲品 20230203o2rxh,5
大滿足 鮭 四味 附湯 或 飲品 20230210k6dx,5
極鮮 經典 附湯 或 飲品 20230213o4zdfj,5
極鮮 經典 附湯 或 飲品 20230224h0ovql,5
吉鮮 迎春 附湯 或 飲品 20230205j9hllo,5
起士 雙享 宴 附湯 或 飲品 20230211n3zey,5
起士 雙享 宴 附湯 或 飲品 20230227d0198,5
全鮭 六滿福 附湯 或 飲品 20221216r1bm2,5
全鮭 六滿福 附湯 或 飲品 20230222k9qvl,5
起士 雙享 宴 附湯 或 飲品 20230224d0191,5
期間 限定 粉漾 漫食 附湯 或 飲品 20230309n3,5
極鮮 經典 附湯 或 飲品 20221222x2rzjx,5
大滿足 鮭 四味 附湯 或 飲品 20221216k6dx,5
極鮮 經典 附湯 或 飲品 20230205k6we3m,5
吉鮮 迎春 附湯 或 飲品 20230212g6fyou,5
人氣 滿貫 附湯 或 飲品 20230225g2x4nz,5
全鮭 六滿福 附湯 或 飲品 20230122r3jdw,5
全鮭 六滿福 附湯 或 飲品 20230114yc9hm,5
70 可可 沖 泡 飲品,20
全鮭 六滿福 附湯 或 飲品 20230115qdjnh,5
全鮭 六滿福 附湯 或 飲品 20230208x9bbz,5
全鮭 六滿福 附湯 或 飲品 20230210d0198,5
全鮭 六滿福 附湯 或 飲品 20230214x1cls,5
全鮭 六滿福 附湯 或 飲品 20230216yc9hp,5
極鮮 經典 附湯 或 飲品 20230213s5rxu0,5
全鮭 六滿福 附湯 或 飲品 20221203o2zgj,5
全鮭 六滿福 附湯 或 飲品 20221210q7pdy,5
全鮭 六滿福 附湯 或 飲品 20230205m3scr,5
全鮭 六滿福 附湯 或 飲品 20230209ttmld,5
吉鮮 迎春 附湯 或 飲品 20230223sfdsfo,5
全鮭 六滿福 附湯 或 飲品 20230219ttmlp,5
全鮭 六滿福 附湯 或 飲品 20230205x2rze,5
極鮮 經典 附湯 或 飲品 20230219m3scw6,5
極鮮 經典 附湯 或 飲品 20230224o6bcoq,5
吉鮮 迎春 附湯 或 飲品 20230203g6fype,5
全鮭 六滿福 附湯 或 飲品 20230126kil1j,5
全鮭 六滿福 附湯 或 飲品 20230124v5b3z,5
全鮭 六滿福 附湯 或 飲品 20221212k9qvq,5
人氣 滿貫 附湯 或 飲品 20230115k5cnce,5
全鮭 六滿福 附湯 或 飲品 20230408j9rav,5
全鮭 六滿福 附湯 或 飲品 20221216x2rz3,5
大滿足 鮭 四味 附湯 或 飲品 20230129k6dx,5
全鮭 六滿福 附湯 或 飲品 20230218g1ymc,5
全鮭 六滿福 附湯 或 飲品 20230203ttml0,5
全鮭 六滿福 附湯 或 飲品 20230211g6fyu,5
全鮭 六滿福 附湯 或 飲品 20230210v5b3z,5
全鮭 六滿福 附湯 或 飲品 20230221lvlwp,5
定番 特選 附湯 或 飲品 20230218m2gzat,5
極鮮 經典 附湯 或 飲品 20230115m3scb7,5
全鮭 六滿福 附湯 或 飲品 20230221h4gii,5
全鮭 六滿福 附湯 或 飲品 20230223q7pda,5
極鮮 經典 附湯 或 飲品 20221226g2x4na,5
全鮭 六滿福 附湯 或 飲品 20221216c9hps,5
全鮭 六滿福 附湯 或 飲品 20221216k5cnb,5
極鮮 經典 附湯 或 飲品 20230228v5b3fg,5
全鮭 六滿福 附湯 或 飲品 20230413s5rx1,5
加工 飲品,90
極鮮 經典 附湯 或 飲品 20230210h6pvjk,5
全鮭 六滿福 附湯 或 飲品 20230317l7jpq,5
極鮮 經典 附湯 或 飲品 20230305o2zgoe,5
吉鮮 迎春 附湯 或 飲品 20230218ecasnm,5
全鮭 六滿福 附湯 或 飲品 20230224h3zhl,5
全鮭 六滿福 附湯 或 飲品 20230216cmikn,5
全鮭 六滿福 附湯 或 飲品 20230103o5mot,5
極鮮 經典 附湯 或 飲品 20230211g6fybs,5
極鮮 經典 附湯 或 飲品 20230219r1bmts,5
全鮭 六滿福 附湯 或 飲品 20230221yc9hy,5
全鮭 六滿福 附湯 或 飲品 20230105yc9h1,5
大滿足 鮭 四味 附湯 或 飲品 20230211c8qf,5
全鮭 六滿福 附湯 或 飲品 20221222n3zed,5
起士 雙享 宴 附湯 或 飲品 20230408g1ymy,5
人氣 滿貫 附湯 或 飲品 20230218u4xqtg,5
全鮭 六滿福 附湯 或 飲品 20230215k5jb9,5
吉鮮 迎春 附湯 或 飲品 20230212aulqaa,5
極鮮 經典 附湯 或 飲品 20230223l7jppe,5
冬濃厚 食感 附湯 或 飲品 20221204m0ds,5
人氣 滿貫 附湯 或 飲品 20230210t9uv8x,5
全鮭 六滿福 附湯 或 飲品 20230115t9uvb,5
全鮭 六滿福 附湯 或 飲品 20230404mkna1,5
全鮭 六滿福 附湯 或 飲品 20230206ttmlz,5
起士 雙享 宴 附湯 或 飲品 20230406pf05f,5
起士 雙享 宴 附湯 或 飲品 20230202d019v,5
全鮭 六滿福 附湯 或 飲品 20230104i1oei,5
起士 雙享 宴 附湯 或 飲品 20230212g2kjp,5
全鮭 六滿福 附湯 或 飲品 20230403h3zhl,5
全鮭 六滿福 附湯 或 飲品 20230123g9bsh,5
全鮭 六滿福 附湯 或 飲品 20221218yc9hp,5
期間 限定 粉漾 漫食 附湯 或 飲品 20230318x9,5
全鮭 六滿福 附湯 或 飲品 20230412l0bnb,5
全鮭 六滿福 附湯 或 飲品 20230205g9bso,5
全鮭 六滿福 附湯 或 飲品 20230214g9bsl,5
大滿足 鮭 四味 附湯 或 飲品 20230205c8qf,5
極鮮 經典 附湯 或 飲品 20230224v5b31r,5
全鮭 六滿福 附湯 或 飲品 20230217x1clx,5
全鮭 六滿福 附湯 或 飲品 20230218yc9h4,5
人氣 滿貫 附湯 或 飲品 20230225x9bbfj,5
彰市 農養生 飲品 8 入,5
極鮮 經典 附湯 或 飲品 20230223c9hpvg,5
大滿足 鮭 四味 附湯 或 飲品 20221203k6dx,5
全鮭 六滿福 附湯 或 飲品 20230204x1cl2,5
冬濃厚 食感 附湯 或 飲品 20221221x1cl,5
全鮭 六滿福 附湯 或 飲品 20230310o4zdk,5
全鮭 六滿福 附湯 或 飲品 20230211i1oeu,5
全鮭 六滿福 附湯 或 飲品 20221218o5mol,5
極鮮 經典 附湯 或 飲品 20230206o2rxt4,5
人氣 滿貫 附湯 或 飲品 20221211c1khn7,5
全鮭 六滿福 附湯 或 飲品 20221211m0dsw,5
全鮭 六滿福 附湯 或 飲品 20230223m8p6g,5
全鮭 六滿福 附湯 或 飲品 20230426g6fyp,5
全鮭 六滿福 附湯 或 飲品 20230405k5jbp,5
極鮮 經典 附湯 或 飲品 20230213h0ovmc,5
吉鮮 迎春 附湯 或 飲品 20230207o6bci4,5
人氣 滿貫 附湯 或 飲品 20221211l0bnky,5
極鮮 經典 附湯 或 飲品 20230217k9qv1l,5
全鮭 六滿福 附湯 或 飲品 20230204v5b3f,5
全鮭 六滿福 附湯 或 飲品 20230208cmik0,5
吉鮮 迎春 附湯 或 飲品 20230218m3sced,5
吉鮮 迎春 附湯 或 飲品 20230228ttmlyg,5
吉鮮 迎春 附湯 或 飲品 20230215ecas5y,5
人氣 滿貫 附湯 或 飲品 20230204m3scue,5
起士 雙享 宴 附湯 或 飲品 20230203c9hpd,5
全鮭 六滿福 附湯 或 飲品 20230219o5mo4,5
人氣 滿貫 附湯 或 飲品 20230320h0ovms,5
全鮭 六滿福 附湯 或 飲品 20230426l6avo,5
期間 限定 粉漾 漫食 附湯 或 飲品 20230430n3,5
人氣 滿貫 附湯 或 飲品 20221210m3sc9j,5
全鮭 六滿福 附湯 或 飲品 20230211ttml5,5
極鮮 經典 附湯 或 飲品 20230404o4zdfg,5
全鮭 六滿福 附湯 或 飲品 20230202v3qov,5
全鮭 六滿福 附湯 或 飲品 20230211ecaso,5
全鮭 六滿福 附湯 或 飲品 20230204v5b3b,5
全鮭 六滿福 附湯 或 飲品 20230205m0dsu,5
極鮮 經典 附湯 或 飲品 20230224v5b3xb,5
起士 雙享 宴 附湯 或 飲品 20230309k5jbs,5
極鮮 經典 附湯 或 飲品 20230322r2wi8v,5
全鮭 六滿福 附湯 或 飲品 20230413ttml5,5
極鮮 經典 附湯 或 飲品 20230122j9hl8p,5
人氣 滿貫 附湯 或 飲品 20230311gasi2d,5
大滿足 鮭 四味 附湯 或 飲品 20230221k6dx,5
全鮭 六滿福 附湯 或 飲品 20230420g6fyo,5
期間 限定 粉漾 漫食 附湯 或 飲品 20230417lv,5
全鮭 六滿福 附湯 或 飲品 20230302k9qv4,5
全鮭 六滿福 附湯 或 飲品 20230305j9rap,5
全鮭 六滿福 附湯 或 飲品 20230201x9bbt,5
極鮮 經典 附湯 或 飲品 20230328i1oev0,5
期間 限定 粉漾 漫食 附湯 或 飲品 20230322c0,5
全鮭 六滿福 附湯 或 飲品 20230325x9bbh,5
全鮭 六滿福 附湯 或 飲品 20230307cmiku,5
全鮭 六滿福 附湯 或 飲品 20230106h3zhc,5
全鮭 六滿福 附湯 或 飲品 20230220ttml1,5
全鮭 六滿福 附湯 或 飲品 20230312ttmlr,5
全鮭 六滿福 附湯 或 飲品 20230127s5akc,5
全鮭 六滿福 附湯 或 飲品 20230205k5jbo,5
全鮭 六滿福 附湯 或 飲品 20230210n3zer,5
全鮭 六滿福 附湯 或 飲品 20230213c8pia,5
全鮭 六滿福 附湯 或 飲品 20230213q7pdu,5
極鮮 經典 附湯 或 飲品 20230403zt6iia,5
全鮭 六滿福 附湯 或 飲品 20230403h6pvc,5
全鮭 六滿福 附湯 或 飲品 20230419gxqit,5
全鮭 六滿福 附湯 或 飲品 20230219i1oe2,5
全鮭 六滿福 附湯 或 飲品 20221209k6we7,5
全鮭 六滿福 附湯 或 飲品 20230425i1oee,5
全鮭 六滿福 附湯 或 飲品 20230426s6mwu,5
全鮭 六滿福 附湯 或 飲品 20230221n6bs5,5
大滿足 鮭 四味 附湯 或 飲品 20230219m2gz,5
全鮭 六滿福 附湯 或 飲品 20230201s5akz,5
全鮭 六滿福 附湯 或 飲品 20230203krzui,5
全鮭 六滿福 附湯 或 飲品 20230227t9uvj,5
全鮭 六滿福 附湯 或 飲品 20230225v9moi,5
起士 雙享 宴 附湯 或 飲品 20230408ecas5,5
極鮮 經典 附湯 或 飲品 20230304n3ze8i,5
全鮭 六滿福 附湯 或 飲品 20230104t9uvh,5
全鮭 六滿福 附湯 或 飲品 20230205x1clt,5
全鮭 六滿福 附湯 或 飲品 20230117i1oe6,5
全鮭 六滿福 附湯 或 飲品 20221223h9pr4,5
全鮭 六滿福 附湯 或 飲品 20230125ttmld,5
全鮭 六滿福 附湯 或 飲品 20230422c4bz6,5
期間 限定 粉漾 漫食 附湯 或 飲品 20230321c1,5
極鮮 經典 附湯 或 飲品 20230419g6fyp9,5
極鮮 經典 附湯 或 飲品 20230315yc9h2i,5
極鮮 經典 附湯 或 飲品 20230319o6bcj6,5
全鮭 六滿福 附湯 或 飲品 20230214krzuh,5
全鮭 六滿福 附湯 或 飲品 20230221ttmle,5
吉鮮 迎春 附湯 或 飲品 20230208j9hl9p,5
全鮭 六滿福 附湯 或 飲品 20230307kil1s,5
全鮭 六滿福 附湯 或 飲品 20230415v3bak,5
全鮭 六滿福 附湯 或 飲品 20230105v9mog,5
人氣 滿貫 附湯 或 飲品 20230123yc9h6e,5
全鮭 六滿福 附湯 或 飲品 20230211l5kgz,5
全鮭 六滿福 附湯 或 飲品 20230212s3uaq,5
全鮭 六滿福 附湯 或 飲品 20230218h9prj,5
全鮭 六滿福 附湯 或 飲品 20230221yc9hr,5
人氣 滿貫 附湯 或 飲品 20230111gxqij7,5
期間 限定 粉漾 漫食 附湯 或 飲品 20230406m3,5
全鮭 六滿福 附湯 或 飲品 20230325s5ak1,5
大滿足 鮭 四味 附湯 或 飲品 20230331m2gz,10
全鮭 六滿福 附湯 或 飲品 20230405h4gir,5
全鮭 六滿福 附湯 或 飲品 20230421l0bnl,5
全鮭 六滿福 附湯 或 飲品 20230305yc9hf,5
極鮮 經典 附湯 或 飲品 20230211o2rxfe,5
全鮭 六滿福 附湯 或 飲品 20230213v5b3m,5
起士 雙享 宴 附湯 或 飲品 20230206c4bz5,5
吉鮮 迎春 附湯 或 飲品 20230212v3qo37,5
全鮭 六滿福 附湯 或 飲品 20230424rvvzy,5
吉鮮 迎春 附湯 或 飲品 20230115sjb956,5
期間 限定 粉漾 漫食 附湯 或 飲品 20230312yu,5
全鮭 六滿福 附湯 或 飲品 20230302k9qvs,5
全鮭 六滿福 附湯 或 飲品 20230429kqgcx,5
全鮭 六滿福 附湯 或 飲品 20230101h4gik,5
極鮮 經典 附湯 或 飲品 20230407k6we6m,5
全鮭 六滿福 附湯 或 飲品 20230117c0pm5,5
全鮭 六滿福 附湯 或 飲品 20230314k9qvf,5
極鮮 經典 附湯 或 飲品 20230429sjb9k4,5
全鮭 六滿福 附湯 或 飲品 20230221n3zee,5
全鮭 六滿福 附湯 或 飲品 20230215l6av5,5
吉鮮 迎春 附湯 或 飲品 20230220o2zgw8,5
大滿足 鮭 四味 附湯 或 飲品 20230319c8qf,5
極鮮 經典 附湯 或 飲品 20230315h9pr66,5
極鮮 經典 附湯 或 飲品 20230421k9qvdp,5
全鮭 六滿福 附湯 或 飲品 20230123o2zg8,5
起士 雙享 宴 附湯 或 飲品 20230320gxqij,5
65 元 飲品 即 享券,10
全鮭 六滿福 附湯 或 飲品 20230405g6fyu,5
全鮭 六滿福 附湯 或 飲品 20230415akngr,5
全鮭 六滿福 附湯 或 飲品 20230425c9hps,5
全鮭 六滿福 附湯 或 飲品 20230425ttml2,5
定番 特選 附湯 或 飲品 20230107k6dx5y,5
極鮮 經典 附湯 或 飲品 20230124c9hp04,5
期間 限定 粉漾 漫食 附湯 或 飲品 20230421r2,5
人氣 滿貫 附湯 或 飲品 20230108r2wimo,5
極鮮 經典 附湯 或 飲品 20230424j8d4if,5
全鮭 六滿福 附湯 或 飲品 20230403v8ud1,5
全鮭 六滿福 附湯 或 飲品 20230123mknav,5
全鮭 六滿福 附湯 或 飲品 20230427lvlw0,5
極鮮 經典 附湯 或 飲品 20230409ecasnm,5
全鮭 六滿福 附湯 或 飲品 20230404x1cll,5
全鮭 六滿福 附湯 或 飲品 20230115l6avg,5
全鮭 六滿福 附湯 或 飲品 20230126x0rgd,5
人氣 滿貫 附湯 或 飲品 20230223k5jb9b,5
極鮮 經典 附湯 或 飲品 20230409m8p681,5
起士 雙享 宴 附湯 或 飲品 20230213c0pm8,5
極鮮 經典 附湯 或 飲品 20230414j9hlmt,5
人氣 滿貫 附湯 或 飲品 20230403o2zg2l,5
極鮮 經典 附湯 或 飲品 20230407x9bbep,5
極鮮 經典 附湯 或 飲品 20230307c8jcw6,5
全鮭 六滿福 附湯 或 飲品 20230415x1clj,5
人氣 滿貫 附湯 或 飲品 20230409c9hp1e,5
大滿足 鮭 四味 附湯 或 飲品 20230428m2gz,5
全鮭 六滿福 附湯 或 飲品 20230102sjb9p,5
人氣 滿貫 附湯 或 飲品 20230119l0bn2z,5
極鮮 經典 附湯 或 飲品 20230126i8wjsk,5
極鮮 經典 附湯 或 飲品 20230126ecash8,5
極鮮 經典 附湯 或 飲品 20230215lvlwpl,5
極鮮 經典 附湯 或 飲品 20230119h4gi1x,5
全鮭 六滿福 附湯 或 飲品 20230112k9qvt,5
易家谷 溜 飲品,25
大滿足 鮭 四味 附湯 或 飲品 20230412m2gz,5
極鮮 經典 附湯 或 飲品 20230223x2rzks,5
全鮭 六滿福 附湯 或 飲品 20230217g6fyy,5
全鮭 六滿福 附湯 或 飲品 20230219spkes,5
全鮭 六滿福 附湯 或 飲品 20230222c8pi0,5
全鮭 六滿福 附湯 或 飲品 20230228j9hlv,5
極鮮 經典 附湯 或 飲品 20230406l7jpsu,5
全鮭 六滿福 附湯 或 飲品 20230128n3zeq,5
全鮭 六滿福 附湯 或 飲品 20230417aulq4,5
起士 雙享 宴 附湯 或 飲品 20230218s6mwb,5
起士 雙享 宴 附湯 或 飲品 20230216d0191,5
人氣 滿貫 附湯 或 飲品 20230212ttmlyy,5
源 少年 飲品 折 10,370
期間 限定 粉漾 漫食 附湯 或 飲品 20230426g2,5
極鮮 經典 附湯 或 飲品 20230423g9bs65,5
極鮮 經典 附湯 或 飲品 20230408n9rdjn,5
全鮭 六滿福 附湯 或 飲品 20230204k9qvz,5
全鮭 六滿福 附湯 或 飲品 20230204cmikz,5
全鮭 六滿福 附湯 或 飲品 20230217n3zej,5
極鮮 經典 附湯 或 飲品 20230401n3zeh7,5
全鮭 六滿福 附湯 或 飲品 20230208l6avj,5
全鮭 六滿福 附湯 或 飲品 20230212c9hpa,5
全鮭 六滿福 附湯 或 飲品 20230204ms0u3,5
全鮭 六滿福 附湯 或 飲品 20230419m3sc0,5
全鮭 六滿福 附湯 或 飲品 20230208o2rx5,5
全鮭 六滿福 附湯 或 飲品 20230404sfdsy,5
全鮭 六滿福 附湯 或 飲品 20230217yc9h2,5
全鮭 六滿福 附湯 或 飲品 20230416o5mos,5
人氣 滿貫 附湯 或 飲品 20230331h9prki,5
全鮭 六滿福 附湯 或 飲品 20230313m0dsp,5
全鮭 六滿福 附湯 或 飲品 20230322r2wio,5
全鮭 六滿福 附湯 或 飲品 20230426mknai,5
全鮭 六滿福 附湯 或 飲品 20230419s5rxf,5
全鮭 六滿福 附湯 或 飲品 20230307l0bnq,5
全鮭 六滿福 附湯 或 飲品 20230318h6pvw,5
全鮭 六滿福 附湯 或 飲品 20230330k5jbk,5
冬濃厚 食感 附湯 或 飲品 20230101krzu,5
極鮮 經典 附湯 或 飲品 20230101i1oext,5
極鮮 經典 附湯 或 飲品 20230311aulqv3,5
極鮮 經典 附湯 或 飲品 20230314j9hlfj,5
全鮭 六滿福 附湯 或 飲品 20230416g6fyq,5
全鮭 六滿福 附湯 或 飲品 20230207o6bcc,5
全鮭 六滿福 附湯 或 飲品 20230126j9hl1,5
全鮭 六滿福 附湯 或 飲品 20230218n9rdw,5
全鮭 六滿福 附湯 或 飲品 20230422v9mos,5
起士 雙享 宴 附湯 或 飲品 20230117t9uvc,5
全鮭 六滿福 附湯 或 飲品 20230314kqgcq,5
全鮭 六滿福 附湯 或 飲品 20230317k5jby,5
極鮮 經典 附湯 或 飲品 20230304r2wit7,5
全鮭 六滿福 附湯 或 飲品 20230304g1ym1,5
全鮭 六滿福 附湯 或 飲品 20230305qdjn6,5
全鮭 六滿福 附湯 或 飲品 20230318t9uv3,5
全鮭 六滿福 附湯 或 飲品 20230206i1oec,5
極鮮 經典 附湯 或 飲品 20230205h9prs7,5
極鮮 經典 附湯 或 飲品 20230120m8p6yg,5
全鮭 六滿福 附湯 或 飲品 20230421h0ovi,5
期間 限定 粉漾 漫食 附湯 或 飲品 20230420x1,5
繽紛 綜合 附湯 或 飲品 20230214k6dx05,5
全鮭 六滿福 附湯 或 飲品 20230218l0bn6,5
全鮭 六滿福 附湯 或 飲品 20230204rqsxm,5
全鮭 六滿福 附湯 或 飲品 20230210rqsxl,5
全鮭 六滿福 附湯 或 飲品 20230214ttmlg,5
全鮭 六滿福 附湯 或 飲品 20230416g6fyh,5
起士 雙享 宴 附湯 或 飲品 20230428t9uvb,5
極鮮 經典 附湯 或 飲品 20230315wlxwj7,5
全鮭 六滿福 附湯 或 飲品 20230323v5b3z,5
大滿足 鮭 四味 附湯 或 飲品 20230326m2gz,5
人氣 滿貫 附湯 或 飲品 20230306yc9hbf,5
起士 雙享 宴 附湯 或 飲品 20230405j9hlo,5
全鮭 六滿福 附湯 或 飲品 20230303k5jby,5
大滿足 鮭 四味 附湯 或 飲品 20230222k6dx,5
全鮭 六滿福 附湯 或 飲品 20230410rqsx8,5
全鮭 六滿福 附湯 或 飲品 20230410x0rgo,5
極鮮 經典 附湯 或 飲品 20230313ttmled,5
極鮮 經典 附湯 或 飲品 20230410v8udke,5
極鮮 經典 附湯 或 飲品 20230419h4giad,5
極鮮 經典 附湯 或 飲品 20230420l7jpxl,5
人氣 滿貫 附湯 或 飲品 20230306c9hpqj,5
全鮭 六滿福 附湯 或 飲品 20230329l6avh,5
全鮭 六滿福 附湯 或 飲品 20230302n3zer,5
全鮭 六滿福 附湯 或 飲品 20230202sjb9s,5
期間 限定 粉漾 漫食 附湯 或 飲品 20230306m0,5
大滿足 鮭 四味 附湯 或 飲品 20230416c8qf,5
極鮮 經典 附湯 或 飲品 20230327h3zh12,5
極鮮 經典 附湯 或 飲品 20230410n3zewq,5
全鮭 六滿福 附湯 或 飲品 20230424i1oeu,5
極鮮 經典 附湯 或 飲品 20230303qdjn16,5
全鮭 六滿福 附湯 或 飲品 20230314cmik4,5
全鮭 六滿福 附湯 或 飲品 20230423c8pi4,5
飲品 18,5
期間 限定 粉漾 漫食 附湯 或 飲品 20230308sj,5
全鮭 六滿福 附湯 或 飲品 20230301h4gip,5
全鮭 六滿福 附湯 或 飲品 20230305v3baf,5
全鮭 六滿福 附湯 或 飲品 20230214k5jb2,5
全鮭 六滿福 附湯 或 飲品 20230225k5jb8,5
全鮭 六滿福 附湯 或 飲品 20230226l3gzk,5
全鮭 六滿福 附湯 或 飲品 20230422n3ze5,5
全鮭 六滿福 附湯 或 飲品 20230423r1bm3,5
期間 限定 粉漾 漫食 附湯 或 飲品 20230403o6,5
極鮮 經典 附湯 或 飲品 20230410l0bnem,5
全鮭 六滿福 附湯 或 飲品 20230429cmik5,5
全鮭 六滿福 附湯 或 飲品 20230416c8jcx,5
全鮭 六滿福 附湯 或 飲品 20230324s5rx8,5
期間 限定 粉漾 漫食 附湯 或 飲品 20230310g2,5
極鮮 經典 附湯 或 飲品 20230213g2x4xp,5
極鮮 經典 附湯 或 飲品 20230222g2x4me,5
大滿足 鮭 四味 附湯 或 飲品 20230304k6dx,5
全鮭 六滿福 附湯 或 飲品 20230402lvlw6,5
全鮭 六滿福 附湯 或 飲品 20230423ms0uf,5
全鮭 六滿福 附湯 或 飲品 20230401i6jwe,5
人氣 滿貫 附湯 或 飲品 20230306h0ovvi,5
全鮭 六滿福 附湯 或 飲品 20230303g1ym9,5
全鮭 六滿福 附湯 或 飲品 20230420d0196,5
大滿足 鮭 四味 附湯 或 飲品 20221216m2gz,5
極鮮 經典 附湯 或 飲品 20230422m3sc48,5
極鮮 經典 附湯 或 飲品 20230403zt6i7g,5
全鮭 六滿福 附湯 或 飲品 20230321x1clc,5
人氣 滿貫 附湯 或 飲品 20230304qdjn06,5
極鮮 經典 附湯 或 飲品 20230206d0198f,5
全鮭 六滿福 附湯 或 飲品 20230319n6oko,5
人氣 滿貫 附湯 或 飲品 20230311i1oemb,5
極鮮 經典 附湯 或 飲品 20230210yuvu2g,5
極鮮 經典 附湯 或 飲品 20230402r2wiyz,5
極鮮 經典 附湯 或 飲品 20230316m8p6bx,5
全鮭 六滿福 附湯 或 飲品 20230401h4gi6,5
全鮭 六滿福 附湯 或 飲品 20230401cmikt,5
全鮭 六滿福 附湯 或 飲品 20230306l0bno,5
全鮭 六滿福 附湯 或 飲品 20230404s3uab,5
極鮮 經典 附湯 或 飲品 20230305x2rz8s,5
極鮮 經典 附湯 或 飲品 20230310yc9hmi,5
極鮮 經典 附湯 或 飲品 20230315m3scvl,5
極鮮 經典 附湯 或 飲品 20230316k5cnal,5
極鮮 經典 附湯 或 飲品 20230318qdjni8,5
全鮭 六滿福 附湯 或 飲品 20230423k5cnl,5
極鮮 經典 附湯 或 飲品 20230421m3scxk,5
人氣 滿貫 附湯 或 飲品 20230408d019bg,5
全鮭 六滿福 附湯 或 飲品 20230204x1clk,5
期間 限定 粉漾 漫食 附湯 或 飲品 20230417cm,5
人氣 滿貫 附湯 或 飲品 20230425n3zema,5
極鮮 經典 附湯 或 飲品 20230217n9rdkw,5
吉鮮 迎春 附湯 或 飲品 20230207akngvt,5
吉鮮 迎春 附湯 或 飲品 20230216h0ovqj,5
人氣 滿貫 附湯 或 飲品 20230401g6fy6x,5
極鮮 經典 附湯 或 飲品 20230404l2fqft,5
品鮮 六味 附湯 或 飲品,35
全鮭 六滿福 附湯 或 飲品 20230420sfdsq,5
起士 雙享 宴 附湯 或 飲品 20230214c9hpf,5
全鮭 六滿福 附湯 或 飲品 20230402krzub,5
全鮭 六滿福 附湯 或 飲品 20230426sjb91,5
極鮮 經典 附湯 或 飲品 20230403l0bngi,5
極鮮 經典 附湯 或 飲品 20230319m3sc46,5
起士 雙享 宴 附湯 或 飲品 20230416k5jbj,5
全鮭 六滿福 附湯 或 飲品 20230318t9uvd,5
全鮭 六滿福 附湯 或 飲品 20230422yc9hd,5
期間 限定 粉漾 漫食 附湯 或 飲品 20230416g6,5
15 元 飲品 抵用券 B,300
全鮭 六滿福 附湯 或 飲品 20230219qdjn4,5
大滿足 鮭 四味 附湯 或 飲品 20230402m2gz,5
極鮮 經典 附湯 或 飲品 20230316x9bbyx,5
全鮭 六滿福 附湯 或 飲品 20230426o6bcu,5
期間 限定 粉漾 漫食 附湯 或 飲品 20230426c1,5
全鮭 六滿福 附湯 或 飲品 20230415c0pm1,5
極鮮 經典 附湯 或 飲品 20230107lvlw43,5
極鮮 經典 附湯 或 飲品 20230212mknas1,5
全鮭 六滿福 附湯 或 飲品 20230410o2zgf,5
全鮭 六滿福 附湯 或 飲品 20230429cmik1,5
起士 雙享 宴 附湯 或 飲品 20230415r1bmi,5
期間 限定 粉漾 漫食 附湯 或 飲品 20230306g2,5
人氣 滿貫 附湯 或 飲品 20230423ms0utu,5
全鮭 六滿福 附湯 或 飲品 20230420o4zdt,5
全鮭 六滿福 附湯 或 飲品 20230427l5kg3,5
全鮭 六滿福 附湯 或 飲品 20230315o2rxp,5
全鮭 六滿福 附湯 或 飲品 20230319k9qva,5
全鮭 六滿福 附湯 或 飲品 20230402sfdsg,5
全鮭 六滿福 附湯 或 飲品 20230312x1clv,5
極鮮 經典 附湯 或 飲品 20230420yc9hrh,5
人氣 滿貫 附湯 或 飲品 20230414g6fyom,5
全鮭 六滿福 附湯 或 飲品 20230314o2rxx,5
全鮭 六滿福 附湯 或 飲品 20230307r7pyg,5
全鮭 六滿福 附湯 或 飲品 20230302c0pml,5
全鮭 六滿福 附湯 或 飲品 20230323h3zhp,5
全鮭 六滿福 附湯 或 飲品 20230328k5jbp,5
全鮭 六滿福 附湯 或 飲品 20230307q7pd9,5
全鮭 六滿福 附湯 或 飲品 20230307v8udl,5
全鮭 六滿福 附湯 或 飲品 20230326ms0u8,5
起士 雙享 宴 附湯 或 飲品 20230205n9rdc,5
期間 限定 粉漾 漫食 附湯 或 飲品 20230401x2,5
起士 雙享 宴 附湯 或 飲品 20230211d019b,5
全鮭 六滿福 附湯 或 飲品 20230302rqsxd,5
人氣 滿貫 附湯 或 飲品 20230212r7pyqq,5
全鮭 六滿福 附湯 或 飲品 20230310g6fy2,5
極鮮 經典 附湯 或 飲品 20230403s5ak38,5
大滿足 鮭 四味 附湯 或 飲品 20230416m2gz,5
全鮭 六滿福 附湯 或 飲品 20230318g6fyw,5
全鮭 六滿福 附湯 或 飲品 20230313ms0ub,5
全鮭 六滿福 附湯 或 飲品 20230226gxqit,5
大滿足 鮭 四味 附湯 或 飲品 20230424k6dx,5
起士 雙享 宴 附湯 或 飲品 20230423t9uv3,5
期間 限定 粉漾 漫食 附湯 或 飲品 20230416i1,5
吉鮮 迎春 附湯 或 飲品 20230120m0dsaq,5
全鮭 六滿福 附湯 或 飲品 20230101yc9hr,5
人氣 滿貫 附湯 或 飲品 20230428n3zeuo,5
極鮮 經典 附湯 或 飲品 20230104n3ze78,5
極鮮 經典 附湯 或 飲品 20230118yc9hx5,5
人氣 滿貫 附湯 或 飲品 20230123m3scvk,5
極鮮 經典 附湯 或 飲品 20230404h4gi0q,5
極鮮 經典 附湯 或 飲品 20230406l2fqiu,5
全鮭 六滿福 附湯 或 飲品 20230107h6pvk,5
全鮭 六滿福 附湯 或 飲品 20230126yc9hy,5
極鮮 經典 附湯 或 飲品 20230201c0pmcb,5
全鮭 六滿福 附湯 或 飲品 20230401c8piy,5
起士 雙享 宴 附湯 或 飲品 20230403v3qo3,5
起士 雙享 宴 附湯 或 飲品 20230320h0ovk,5
全鮭 六滿福 附湯 或 飲品 20230108v3qop,5
全鮭 六滿福 附湯 或 飲品 20230107yc9hx,5
全鮭 六滿福 附湯 或 飲品 20230422n6okx,5
極鮮 經典 附湯 或 飲品 20230406o2rx5q,5
大滿足 鮭 四味 附湯 或 飲品 20230409k6dx,5
起士 雙享 宴 附湯 或 飲品 20230214o5mok,5
期間 限定 粉漾 漫食 附湯 或 飲品 20230307o2,5
期間 限定 粉漾 漫食 附湯 或 飲品 20230312o6,5
全鮭 六滿福 附湯 或 飲品 20230313k9qvw,5
全鮭 六滿福 附湯 或 飲品 20230306k9qvg,5
全鮭 六滿福 附湯 或 飲品 20230317spke1,5
全鮭 六滿福 附湯 或 飲品 20230324l6avq,5
全鮭 六滿福 附湯 或 飲品 20230321i1oer,5
極鮮 經典 附湯 或 飲品 20230405n3zevb,5
全鮭 六滿福 附湯 或 飲品 20230129o2rxe,5
全鮭 六滿福 附湯 或 飲品 20230310k5jbg,5
極鮮 經典 附湯 或 飲品 20230119g2x4ea,5
全鮭 六滿福 附湯 或 飲品 20230119o2zg5,5
全鮭 六滿福 附湯 或 飲品 20230413j9ra8,5
全鮭 六滿福 附湯 或 飲品 20230417x1clf,5
全鮭 六滿福 附湯 或 飲品 20230330g9bs9,5
全鮭 六滿福 附湯 或 飲品 20230408x9bbq,5
極鮮 經典 附湯 或 飲品 20230406j9raf9,5
期間 限定 粉漾 漫食 附湯 或 飲品 20230413sp,5
人氣 滿貫 附湯 或 飲品 20230315u4xqdm,5
全鮭 六滿福 附湯 或 飲品 20230417j8d4i,5
極鮮 經典 附湯 或 飲品 20230418k5cnhg,5
期間 限定 粉漾 漫食 附湯 或 飲品,155
全鮭 六滿福 附湯 或 飲品 20230418ecasv,5
大滿足 鮭 四味 附湯 或 飲品 20230311k6dx,5
繽紛 綜合 附湯 或 飲品 20230415k6dx8r,5
全鮭 六滿福 附湯 或 飲品 20230423ms0uj,5
起士 雙享 宴 附湯 或 飲品 20230413g2kj6,5
極鮮 經典 附湯 或 飲品 20230313lvlwpn,5
全鮭 六滿福 附湯 或 飲品 20230424i1oep,5
全鮭 六滿福 附湯 或 飲品 20230406zi8hj,5
極鮮 經典 附湯 或 飲品 20230413d019ok,5
極鮮 經典 附湯 或 飲品 20230305zi8hw4,5
極鮮 經典 附湯 或 飲品 20230107ttmlc7,5
極鮮 經典 附湯 或 飲品 20230120t9uvrd,5
期間 限定 粉漾 漫食 附湯 或 飲品 20230429i1,5
極鮮 經典 附湯 或 飲品 20230109aulqrq,5
全鮭 六滿福 附湯 或 飲品 20230416o2zgh,5
人氣 滿貫 附湯 或 飲品 20230313h0ovpe,5
全鮭 六滿福 附湯 或 飲品 20230316q7pdm,5
全鮭 六滿福 附湯 或 飲品 20230408n3zee,5
期間 限定 粉漾 漫食 附湯 或 飲品 20230428x0,5
大滿足 鮭 四味 附湯 或 飲品 20230405m2gz,5
全鮭 六滿福 附湯 或 飲品 20230108c0pm8,5
全鮭 六滿福 附湯 或 飲品 20230101n3zes,5
起士 雙享 宴 附湯 或 飲品 20230119j9hlw,5
全鮭 六滿福 附湯 或 飲品 20230108s5akj,5
人氣 滿貫 附湯 或 飲品 20230108mknaws,5
全鮭 六滿福 附湯 或 飲品 20230128s6mww,5
極鮮 經典 附湯 或 飲品 20230123g1ym46,5
極鮮 經典 附湯 或 飲品 20230124j8d4cv,5
極鮮 經典 附湯 或 飲品 20230110r7py8l,5
極鮮 經典 附湯 或 飲品 20230123mkna7t,5
極鮮 經典 附湯 或 飲品 20230130yc9htl,5
吉鮮 迎春 附湯 或 飲品 20230118n3zevf,5
極鮮 經典 附湯 或 飲品 20230110krzu5p,5
全鮭 六滿福 附湯 或 飲品 20230101c9hph,5
起士 雙享 宴 附湯 或 飲品 20230108k5cna,5
起士 雙享 宴 附湯 或 飲品 20230119rvvz6,5
冬濃厚 食感 附湯 或 飲品 20230106ms0u,5
全鮭 六滿福 附湯 或 飲品 20230110v3qor,5
常溫 二合一 傳統 原味 咖啡粉 沖 泡 飲品 早餐 飲品 店用 天天,5
全鮭 六滿福 附湯 或 飲品 20230108h3zhi,5
全鮭 六滿福 附湯 或 飲品 20230118m3scx,5
全鮭 六滿福 附湯 或 飲品 20230123ttmlw,5
全鮭 六滿福 附湯 或 飲品 20230108g2kj0,5
熟食 特盛 附湯 或 飲品 20230108m2gz5a,5
吉鮮 迎春 附湯 或 飲品 20230125v9mo9z,5
全鮭 六滿福 附湯 或 飲品 20230122r3jdu,5
全鮭 六滿福 附湯 或 飲品 20230311ttmlg,5
全鮭 六滿福 附湯 或 飲品 20230319yc9hk,5
全鮭 六滿福 附湯 或 飲品 20230129cmiki,5
極鮮 經典 附湯 或 飲品 20230302c9hp2s,5
全鮭 六滿福 附湯 或 飲品 20230116i1oet,5
全鮭 六滿福 附湯 或 飲品 20230127s5rxi,5
大滿足 鮭 四味 附湯 或 飲品 20230307k6dx,10
極鮮 經典 附湯 或 飲品 20230322m8p6r1,5
全鮭 六滿福 附湯 或 飲品 20230120ecast,5
全鮭 六滿福 附湯 或 飲品 20230120ttmld,5
全鮭 六滿福 附湯 或 飲品 20230123r7pyb,5
全鮭 六滿福 附湯 或 飲品 20230125k6we7,5
期間 限定 粉漾 漫食 附湯 或 飲品 20230315x1,5
大滿足 鮭 四味 附湯 或 飲品 20230322m2gz,5
全鮭 六滿福 附湯 或 飲品 20230318i1oef,5
全鮭 六滿福 附湯 或 飲品 20230305v5b32,5
期間 限定 粉漾 漫食 附湯 或 飲品 20230327g6,5
極鮮 經典 附湯 或 飲品 20230119g1ymcp,5
吉鮮 迎春 附湯 或 飲品 20230116k5jbpv,5
全鮭 六滿福 附湯 或 飲品 20230115ttml5,5
全鮭 六滿福 附湯 或 飲品 20230417h4gik,5
大滿足 鮭 四味 附湯 或 飲品 20230116m2gz,5
全鮭 六滿福 附湯 或 飲品 20230102s6mw6,5
全鮭 六滿福 附湯 或 飲品 20230101x0rgf,5
全鮭 六滿福 附湯 或 飲品 20230116yc9hp,5
全鮭 六滿福 附湯 或 飲品 20230129c1khh,5
人氣 滿貫 附湯 或 飲品 20230130zi8hcz,5
海陸 逸品 饌 附湯 或 飲品 20230113m2gzm,5
極鮮 經典 附湯 或 飲品 20230309gxqiyy,5
全鮭 六滿福 附湯 或 飲品 20230306lus5n,5
全鮭 六滿福 附湯 或 飲品 20230323spke6,5
大滿足 鮭 四味 附湯 或 飲品 20230425m2gz,5
全鮭 六滿福 附湯 或 飲品 20230122g6fyz,5
冬濃厚 食感 附湯 或 飲品 20230104cmik,5
全鮭 六滿福 附湯 或 飲品 20230108cmik9,5
全鮭 六滿福 附湯 或 飲品 20230108l2fqv,5
全鮭 六滿福 附湯 或 飲品 20230115kqgc1,5
吉鮮 迎春 附湯 或 飲品 20230125i1oepa,5
極鮮 經典 附湯 或 飲品 20230123u4xqmf,5
人氣 滿貫 附湯 或 飲品 20230117x1clox,5
全鮭 六滿福 附湯 或 飲品 20230116g9bs8,5
全鮭 六滿福 附湯 或 飲品 20230117g2kjs,5
極鮮 經典 附湯 或 飲品 20230123h0ovp5,5
全鮭 六滿福 附湯 或 飲品 20230125gxqi1,5
全鮭 六滿福 附湯 或 飲品 20230101d019i,5
全鮭 六滿福 附湯 或 飲品 20230101l0bnl,5
極鮮 經典 附湯 或 飲品 20230312r1bmkv,5
全鮭 六滿福 附湯 或 飲品 20230125x9bbt,5
起士 雙享 宴 附湯 或 飲品 20230124ttmly,5
極鮮 經典 附湯 或 飲品 20230123ms0ue3,5
極鮮 經典 附湯 或 飲品 20230124j9hlp3,5
全鮭 六滿福 附湯 或 飲品 20230109yc9hn,5
全鮭 六滿福 附湯 或 飲品 20230325o5mok,5
起士 雙享 宴 附湯 或 飲品 20230116s3ua6,5
全鮭 六滿福 附湯 或 飲品 20230307o6bch,5
大滿足 鮭 四味 附湯 或 飲品 20230102k6dx,5
起士 雙享 宴 附湯 或 飲品 20230303aulqz,5
全鮭 六滿福 附湯 或 飲品 20230322spke1,5
極鮮 經典 附湯 或 飲品 20230121sfds14,5
全鮭 六滿福 附湯 或 飲品 20230123cmikv,5
全鮭 六滿福 附湯 或 飲品 20230106l6avv,5
極鮮 經典 附湯 或 飲品 20230304l7jpwz,5
極鮮 經典 附湯 或 飲品 20230313yc9hdh,5
極鮮 經典 附湯 或 飲品 20230317g1ymf4,5
全鮭 六滿福 附湯 或 飲品 20230126x1clr,5
冬濃厚 食感 附湯 或 飲品 20230104x1cl,5
全鮭 六滿福 附湯 或 飲品 20230308n3zel,5
全鮭 六滿福 附湯 或 飲品 20230310cmik7,5
全鮭 六滿福 附湯 或 飲品 20230324m0ds4,5
起士 雙享 宴 附湯 或 飲品 20230304v3qol,5
極鮮 經典 附湯 或 飲品 20230302x7gi8e,5
全鮭 六滿福 附湯 或 飲品 20230124g2kjw,5
全鮭 六滿福 附湯 或 飲品 20230124x1clh,5
全鮭 六滿福 附湯 或 飲品 20230121g6fyx,5
起士 雙享 宴 附湯 或 飲品 20230115g9bsw,5
全鮭 六滿福 附湯 或 飲品 20230116pf059,5
谷溜 飲品 紫 相思,10
極鮮 經典 附湯 或 飲品 20230123ttmlu0,5
全鮭 六滿福 附湯 或 飲品 20230125g6fyv,5
全鮭 六滿福 附湯 或 飲品 20230329x1cls,5
極享 奔 牛特盛 附湯 或 飲品 20230110yc9h,5
全鮭 六滿福 附湯 或 飲品 20230109m0ds3,5
極鮮 經典 附湯 或 飲品 20230119o2rxk1,5
全鮭 六滿福 附湯 或 飲品 20230112u8tsu,5
極鮮 經典 附湯 或 飲品 20230108sjb9vi,5
人氣 滿貫 附湯 或 飲品 20230109l7jp59,5
全鮭 六滿福 附湯 或 飲品 20230120j9raj,5
特盛 御選 附湯 或 飲品,5
極鮮 經典 附湯 或 飲品 20230307g6fyy2,5
起士 雙享 宴 附湯 或 飲品 20230315zt6i9,5
起士 雙享 宴 附湯 或 飲品 20230310q7pd1,5
定番 特選 附湯 或 飲品 20230314k6dx22,5
全鮭 六滿福 附湯 或 飲品 20230303h3zho,5
極鮮 經典 附湯 或 飲品 20230318r7pyqr,5
全鮭 六滿福 附湯 或 飲品 20230316j9rai,5
全鮭 六滿福 附湯 或 飲品 20230322r7py3,5
全鮭 六滿福 附湯 或 飲品 20230101akngm,5
全鮭 六滿福 附湯 或 飲品 20230107i1oev,5
全鮭 六滿福 附湯 或 飲品 20230126aulq5,5
極鮮 經典 附湯 或 飲品 20230106k6welo,5
人氣 滿貫 附湯 或 飲品 20230101d019t0,5
全鮭 六滿福 附湯 或 飲品 20230118l0bng,5
全鮭 六滿福 附湯 或 飲品 20230125k5cn4,5
全鮭 六滿福 附湯 或 飲品 20230131s5rx3,5
極鮮 經典 附湯 或 飲品 20230123kil103,5
全鮭 六滿福 附湯 或 飲品 20230114h9prn,5
全鮭 六滿福 附湯 或 飲品 20230114t9uvm,5
全鮭 六滿福 附湯 或 飲品 20230125h0ovt,5
大滿足 鮭 四味 附湯 或 飲品 20230128c8qf,5
冬濃厚 食感 附湯 或 飲品 20230104i8wj,5
極鮮 經典 附湯 或 飲品 20230122k6weo6,5
極鮮 經典 附湯 或 飲品 20230104c1khwt,5
期間 限定 粉漾 漫食 附湯 或 飲品 20230311g6,5
極鮮 經典 附湯 或 飲品 20230329x9bbdl,5
期間 限定 粉漾 漫食 附湯 或 飲品 20230327n6,5
全鮭 六滿福 附湯 或 飲品 20230322k9qvj,5
冬濃厚 食感 附湯 或 飲品 20230106t9uv,5
期間 限定 粉漾 漫食 附湯 或 飲品 20230314lu,5
大滿足 鮭 四味 附湯 或 飲品 20230308k6dx,10
起士 雙享 宴 附湯 或 飲品 20230302t9uvs,5
