item_name,item
草莓 牛奶 保久 調味 乳,100
再折 30 哈密瓜 牛奶 韓國 爆紅 香蕉 牛奶 草莓,215
正 和 有點 濃高 鈣 牛奶 片 20g 草莓,885
Verde 草莓 牛奶 醬,240
BINGGRAE 草莓 牛奶,18170
BINGGRAE 草莓 牛奶,1170
金 草莓 草莓 牛奶,5930
金 草莓 牛奶,41985
草莓 牛奶 風味 飲 275g,145
牛奶 搖搖 草莓 口味,15
金 草莓 草莓 牛奶,35
統一 牛奶 多多 草莓 170ml,385
台灣 現貨 Binggrae 香蕉 牛奶 草莓 牛奶 韓國超,15
正 和 有點 濃高 鈣 牛奶 片 50g 草莓,455
韓國 kwailnara 草莓 牛奶 香蕉 牛奶 身體 乳 沐浴乳,10
韓國 草莓 牛奶,3250
SANGARIA 果園 牛奶 草莓 500ML,100
山 多利 草莓 牛奶 風味 飲料 190g,50
有點 濃高 鈣 牛奶 片 20g 草莓,530
韓國 BINGGRAE 香蕉 牛奶 草莓 牛奶 免運附 發票 最新,70
草莓 牛奶 調味 乳 200ML3,50
草莓 牛奶,745
韓國 Binggrae 草莓 牛奶,15
SUNTORY 草莓 牛奶 風味 飲料,85
正 和 高 鈣 草莓 牛奶 片 50,90
好 草莓 牛奶 保久 調味 乳入 組,1110
現貨 優惠感 日本 sangaria 草莓 牛奶 香蕉 牛奶 蜂,20
韓味 不二 韓國 熱銷 BINGGRAE 香蕉 牛奶 草莓 牛奶,15
MooChews 牛奶 鈣片 18g 草莓,5
糖果 零食 現貨免 運 牛乳 片 牛奶 片 牛乳 片糖 牛奶 草莓,15
馬 湛農場 草莓 巧克力 48g 牛奶,390
森吉小 舖 韓國 Binggrae 水果 牛奶 香蕉 牛奶 草莓 牛,195
SANGARIA 草莓 牛奶 風味 飲料,380
草莓 牛奶 草莓,15
草莓 牛奶 保久 調味 乳 200ml6 瓶組,130
窯 烤 山寨 村 草莓 生乳 牛奶 貝,60
台灣 現貨 Marukan 馬 卡 蘋果 牛奶 草莓 牛奶 60g,30
草莓 牛奶 棒,20
哞 草莓 牛奶,5
牛奶 戚風 N 草莓,5
Binggrae 草莓 牛奶 200ml6 入,10
現貨 發票 韓國 Binggrae 水果 牛奶 香蕉 牛奶 草莓,120
統一 牛奶 多多 草莓 6 入,10
Binggrae 牛奶 草莓 6 入,45
現貨 單罐 韓國 Binggrae 香蕉 牛奶 草莓 牛奶 水果 牛,15
光泉 草莓 牛奶 290ml,5
光泉 草莓 牛奶 936ml,5
代收 代付 Binggrae 香蕉 草莓 牛奶 保久 調味 乳 2,5
Binggrae 香蕉 草莓 牛奶 保久 調味 乳 200ml6,20
瑞穗 冰火 草莓 牛奶,10
台農 乳品 草莓 保久乳 24 瓶箱 草莓 牛奶,5
愛的 小 舖 Binggrae 草莓 牛奶 保久 調味 乳 200 毫升,10
Binggrae 香蕉 草莓 牛奶 保久 調味 乳 200ml 口,10
現貨 發票 日本 Meiji 明治 咖啡 牛奶 草莓 牛奶,5
