item_name,item
紅牌 牛奶 飲料 480ml 木瓜,340
新品 現貨 Xixi 牛奶 單色 腮紅,45
米森 乳酸菌 優格 麥片 隨手 包 50g 牛奶,425
即期 品韓味 不二 Binggrae 牛奶 200mlX6 入,20
SweetFactory 蜂蜜 蛋糕 咖啡 牛奶 90g,15
D 阿華田營 養麥芽 牛奶 飲品 罐裝 340ml,320
0810 木瓜 牛奶 兩件 60 元 0ZUL,15
聖常 S 米森 有機 牛奶 藜 麥餅 青,65
Nestle 雀巢 全脂 牛奶 1000ml 瓶,360
阿華田 巧克力 麥芽 牛奶 290ml,10420
nacnac 牛奶 燕麥 嬰兒 皂 75g 金龜車,5
統一 阿華田 巧克力 麥芽 牛奶 290mlx3 入,5
免運義美 保久乳 牛乳 牛奶 巧克力 麥芽 125ml,495
代收 代付 韓國 Binggrae 牛奶 牛乳 生乳 保久,285
初鹿牧場 脆米 彎 乖乖 焦糖 牛奶,530
紅牌 牛奶 飲料 480ml 香蕉,240
杜老爺 蘋果 牛奶 甜筒 82g,135
三 多 奶粉 系列 奶 蛋白 P93500g 高純度 牛奶 蛋白,20
統 一生 機星 米果 50g 牛奶 風味,20
倍瑞 澳洲 奶協會 全脂 牛奶,5
統一 阿華田 巧克力 麥芽 牛奶 290ml,3150
帕樂 德米 之味 煎 捲 燕麥 牛奶 口味,25
Milka 乳牛 斑斑 牛奶 巧克力 100g,340
角落 小夥伴 乳香 小 饅頭 牛奶,15
特價 中 nacnac 牛奶 燕麥潤膚 乳液 200ml3000,5
柿 原酪 農 牛奶 風味 蛋糕 126g,10
阿華田高 鈣 牛奶 麥芽 飲品 x1 袋 30gx15 入袋,35
MILO 美祿 巧克力 麥芽 牛奶 飲品 X2 箱組 198mlX2,35
K9Natural 紐西蘭貓 咪 零 乳糖 牛奶 300ml,5
免運特價 中 韓國 Binggrae 牛奶 系列 香蕉 牛,975
杜老爺 蘋果 牛奶 甜筒 82g4,5
現貨 秒 發煉 乳 印尼 煉乳 印尼 牛奶 雀巢 煉乳 Carnat,15
代收 代付 光泉 蜂蜜 牛奶 豆漿 330ml6 愛買,5
統一蜜 豆奶 牛奶 口味 250mlx6 入組,50
木瓜 牛奶 360ml 杯 360ml 杯,35
SF 咖啡 牛奶 蜂蜜 蛋糕 90g,15
森吉小 舖 現貨國農 牛乳 調味 乳國農 牛奶 PP 塑膠 瓶 2,40
阿華田 巧克力 麥芽 牛奶 290ml2 入組 600054,5
金蘋果 蘋果 牛奶 乳飲品 175ml,265
倍瑞 100 澳洲 奶協會 全脂 牛奶 1000ml1000ml,740
燒慢燒 牛奶 原味 乳飲品 300ml300ml,850
米森 有機 牛奶 藜 麥餅 20g5 入,360
Binggrae 牛奶 韓國 牛奶 賓格瑞 牛乳 韓國 牛乳 哈密瓜,35
世界 GO 現貨國農 牛乳 調味 乳國農 牛奶 PP 塑膠 瓶 2,50
現貨 韓國 PORORO 初乳 牛奶 鈣片 30g,5
阿華田 巧克力 麥芽 牛奶 290ml2 入組,995
Dripo 日本 牧場 咖啡 牛乳 即 溶 飲品 無 加糖 奶茶 牛奶,35
獅賣 特實體 店面 美祿 麥芽 巧克力 牛乳 6 入 巧克力 牛奶,5
現貨 韓國 HAITAI 海太 PORORO 初乳 牛奶 鈣 片造,10
現貨速 發維納斯免 運聊 咖啡 可可 奶茶 草莓 牛奶 鳳梨,45
現貨 日本 KANRO 甘樂 北海道 特濃黃金 牛奶糖 抹 茶 牛奶,60
有點 濃高 鈣 牛奶 片 50g 原味,25
溫阿華田營 養麥芽 牛奶 飲品 罐裝 340ml,65
現貨 附發票 日本 牛乳 石鹼 牛奶 香皂 玫瑰花 香 100g 茉莉,10
SNG 香蕉 牛奶 風味 飲料 500ml,5
不 二家 麵 包 超人 軟糖 50g1012 烘焙 甜點類 蛋糕 5 米森 乳酸菌 牛奶 優格 麥片 50g 隨手 包,20
阿華田 黃 金大麥 麥芽 牛奶 290ml,135
Tryall 全分 離 乳清 蛋白 35g 木瓜 牛奶,20
BIKA 燕麥餅 OatsBiscuit 巧克力 牛奶 獨,5
統一 多多 牛奶 170ml6 組 816595,5
蜜桃 荔枝 牛奶 調味 乳 200ml3,70
自然 素材 特濃棒餅 180g 牛奶,585
GEM 小 舖 日本 COW 牛乳 石鹼 牛奶 香皂 玫瑰花 香 10,25
Milka 乳牛 斑斑 牛奶 巧克力 100g,10
屏東 萬丹 牛奶 紅豆 9 號紅豆 600g,15
正 和 有點 濃高 鈣 牛奶 片 20g 原味,725
香蕉 牛奶 360ml 杯 360ml 杯,20
草原 良友 蒙古 奶條 奶酪 棒 牛奶 棒 牛奶糖 奶酪 糖,20
POLER 香蕉 牛奶 晴雨 兩用 摺 疊傘,45
雀巢 Nestle 美祿 MILO 經典 原味 麥芽 巧克力 牛奶,40
現貨 附發票 國農 牛乳 調味 乳國農 牛奶 PP 塑膠 瓶 215,25
爆漿 特級 牛奶 威化 捲 600g,35
甘 百世 榛果 袋裝 78g 白 牛奶,200
Lotte 樂天 LOTTELOTTEGhana 加納 牛奶,25
K9NaturalSofyDOG 狗狗 專用 零 乳糖 牛奶,5
麥比 客瑪里 牛奶 餅 原味 160g,20
杯 裝鮮 乳坊 小農 牛奶 霜淇淋,36400
初鹿 牛奶 小 饅頭 15g10 入包,25
Tryall 濃縮 乳清 蛋白 500g 蜂蜜 牛奶,5
M 阿華田高 鈣 牛奶 麥芽 飲品 20g18 入,20
超 穀 感 蜂蜜 葡萄 燕麥 牛奶 優格 240g240g,135
統一 強化 牛奶 高鈣 400,105
免運 現貨 快速 出貨 日本 sangaria 草莓 牛奶 抹 茶,75
NacNac 牛奶 燕麥潤膚 乳液 200ml,10
Homei 牛奶 蜂蜜 指緣 油 4ml,130
統一 多多 牛奶 170ml 瓶 170ml 瓶,150
哈密瓜 牛奶 保久 調味 乳 200ml6 瓶組,140
米森 乳酸菌 牛奶 優格 麥片 隨手 包 50g,140
有點濃 果汁 高鈣 牛奶 片 20g,20
亞植 有機 牛奶 白菜 250g,30
香蕉 牛奶 保久 調味 乳 200ml6 瓶組,105
安怡 膠原 蛋白 牛奶 賽 洛美 奶粉 135kg135kg,100
品 木屋 二代 特長 牛奶 匙 K045824,25
韓味 不二 Binggrae 牛奶 200mlX6 入任 選香,20
nacnac 牛奶 燕麥 嬰兒 皂 75g 單入,5
初鹿 牛奶 口味 小 饅頭 150g,60
0222 木瓜 牛奶 兩件 60 元 14J3,25
Milka 乳牛 斑斑 牛奶 巧克力 100g 克 x1PC 片家樂福,10
阿華田高 鈣 牛奶 麥芽 飲品 30gx15 入,10
nacnac 牛奶 燕麥潤膚 乳液 200ml300075,15
全館 附發票 日本 伊藤園 咖啡 牛奶 咖啡 可可 牛,5
韓味 不二 Binggrae 牛奶 200mlX24 入,30
M 杜老爺 蘋果 牛奶 甜筒 82g4,5
日本 森永 牛奶糖 系列 鹽 牛奶糖 塩 牛奶糖 高軟 焦糖 牛奶 牛奶,10
國農 牛乳 調味 乳 保久乳 牛奶 易開 罐 240ml,5
寶山 濃厚 黑糖 牛奶 吉鮮,10
喵 愛餡 香濃 牛奶 口味 85g,15
4710273811185 果果 堅果 乳清 蛋白 飲 草莓 牛奶,5
米森 乳酸菌 牛奶 優格 麥片 300g,5
Tryall 全分 離 乳清 蛋白 35g 蜂蜜 牛奶,20
N013012648 三麗鷗 牛奶 系列 icas,5
原味 特價 商品 僅此 一批 佳樂錠 義 大利 牛奶 片 100g 牛乳 片,5
手提 法式 薄脆 餅 芒果 牛奶,15
甘樂 金色 超濃抹 茶味 牛奶,10
Glico 格力 高 Pocky 百奇 奢華 牛奶 可可 棒 110,55
Tango 香草 牛奶 風味 威化 餅 140g,10
燒慢燒 牛奶 原味 乳飲品 300ml221667,10
泰國 皇家 牛奶 片 原味 25g 新高 橋藥局 牛乳 片奶素,20
富勝 高原 牧場 起司 牛奶,5
獅賣 特實體 店面 美祿 麥芽 巧克力 牛乳 巧克力 牛奶 麥芽巧,20
喵 愛餡 香濃 牛奶 口味 75g,10
乳酸菌 牛奶 優格 麥片 300g 盒,40
S 阿華田營 養麥芽 牛奶 飲品 CAN340,140
GEM 小 舖 日本 COW 牛乳 石鹼 牛奶 香皂 玫瑰花 香 90,25
g000047994 贈品 nacnac 牛奶 燕麥潤膚 乳液,30
自然 風箱 出免 運台 東初 鹿 巧克力 牛奶 黑糖 拿鐵鮮 乳鮮,20
K9NaturalSofyDOG 貓咪 專用 零 乳糖 牛奶,5
現貨 刷卡 義美泡 芙 巧克力 牛奶 草莓 黑 可可 厚 奶茶,65
Cerera 黑白 巧克力 牛奶 球 225g,5
啵 樂樂 牛奶 乳酸 飲料 235ml,10
咪果 超濃 牛奶 風味 100g,20
Aji 特濃 牛奶 大判餅 210,5
米森 有機 牛奶 藜 麥餅 100g,25
美祿 雙倍 牛奶 麥芽 飲 10,30
台灣 牛奶 果汁 牛乳 240ml,5
富里 農會 富麗 牛奶 皇后 2kg,10
乳之初 膠原 蛋白 調味 乳 20 入 牛乳 牛奶 鮮乳鮮奶 膠原,5
紐西蘭 MotherEarth 烘培 燕麥 棒 覆盆 莓 牛奶 巧,20
台塑 哈密瓜 牛奶 雪糕 70g4 入,65
現貨供 應 日本 Kanro 牛奶糖 抹 茶 牛奶糖 金色 牛奶,10
番薯 先生 現貨國農 牛乳 調味 乳國農 牛奶 PP 塑膠 瓶,10
4712702213386 連城 記黃金 地瓜 牛奶 棒 200 公克,5
nacnac 牛奶 燕麥 嬰兒 皂 x12 入組,15
Milka 乳牛 斑斑 牛奶 巧克力 100g 兩入 組愛買,5
K9Natural 紐西蘭 狗狗 零 乳糖 牛奶 300ml,5
CoCo 都 可 芋頭 牛奶 中即 享券,190
N013012634 三麗鷗 牛奶 系列 icas,5
台農 乳品 蘋果 保久乳 24 瓶箱 蘋果 牛奶,5
Johnsons 嬌生潤膚 乳液 牛奶 純米 200ml,5
初鹿 牛奶 小 饅頭 10 入 150g,5
