item_name,item
瑞穗 巧克力 290,35
金草 苺 調味 乳小,16895
蘋果 調味 乳,4580
瑞穗 蘋果 調味 乳 400ml,20505
瑞穗 巧克力 調乳,6335
四方 鮮乳 巧克力 調味 乳 180ml,90
比菲多 蘋果 好 朋友 調味 乳,440
統一 瑞穗 調味 乳麥芽 930ml 瓶 930ml 瓶,135
巧克力 調味 乳,10
瑞穗 巧克力 調味 乳 930ml,11990
台農 蘋果 調味 乳新北市,45
台農 雨果 調味 乳巧 936,20
嘉沛鮮 綜合 羊乳 20 入 羊奶 鮮乳 調味 乳 巧克力 草莓,10
光泉 麥芽 調味 玉米 杯 乳,5
台農 巧克力 調味 乳飲,180
台農麥芽 調味 乳新,30
TryallLIGHT 調味 乳清 35g 珍珠奶茶,180
福樂 調味 乳 巧克力 200cc,15
瑞穗 麥芽 調味 乳 400ml,4950
光泉 200 巧克力 調味 乳,40
光泉 麥芽 調味 乳,31820
阿華田 巧克力 麥芽,15055
草莓 保久 調味 乳,15
養樂多 巧克力 牛,8630
瑞穗 巧克力 鮮乳,60
瑞穗 蘋果 調味 乳 400mlx10,5
鮮乳坊 鮮乳 巧克力 飲,68355
光泉 麥芽 巧克脆,5710
光泉 杯 裝麥芽 調味 乳 玉米片 245ml,135
鮮乳坊 鮮乳 巧克力,70
阿華田 巧克力 麥芽 曲奇 85g,320
T30 光泉 蘋果 調味 乳,10
初鹿 調味 乳,10
味全 木瓜 調味 乳,24545
鮮乳坊 巧克力 飲,9245
光泉 巧克力 調味 乳 290ML,120
阿華田 巧克力 麥芽 飲品,10
阿華田 巧克力 麥芽 飲品 1140g,10
鮮乳坊 鮮乳 巧克力 飲 調味 乳 375ML 慕渴,515
聖藏 3S 鮮乳坊 鮮乳 巧克力 飲調,235
台農 巧克力 調味 乳新,30
台農 乳品 巧克力,10
鮮乳 巧克力 飲 調味 乳 375ml,270
鮮乳坊 鮮乳 巧克力 飲 375ml,100
光泉 200 果汁 調味 乳,15
台農麥芽 調味 乳新北市,40
四方 鮮乳 巧克力 調味 乳 946ml,20
瑞穗 調味 乳 果汁,10
光泉 巧克力 調味 乳,20
富維 他 調味 乳,15
統一 瑞穗 調味 乳 巧克力 134430,5
光泉 綠 豆沙 調味 乳 400g,20
瑞穗 麥芽 調味 乳 400mlx10,5
光泉 PE 調味 乳巧克,15
巧克力 調味 乳 四方 鮮乳,10
光泉 PE 調味 乳麥芽,5
光泉 蘋果 調味 乳 400g,20
韓國 Binggrae 保久乳 調味 乳 200ml 香蕉 草,5
光泉 PE 麥芽 調味 乳,5
即期 品阿華田 阿華田 營養 巧克力 麥芽 爆米花 90g,10
聖藏 買 3S 鮮乳坊 鮮乳 巧克力 飲,1225
台東 初鹿 巧克力 拿 鐵 200ml,5
主恩 草莓 調味 乳,5
木瓜 調味 乳 480ml,5
光泉 富維 他 調味 乳,5
台農 巧克力 調味 乳箱 新,5
鮮乳 巧克力 飲,5
光泉 木瓜 調味 乳,5
