item_name,item
光泉 木瓜 牛奶 4,9215
韓國 香蕉 牛奶,2875
愛之味 牛奶 花生 入,60
LCS 牛奶 潔手 乳,45
燒慢燒 牛奶 麥芽 1L,45
牛奶 搖搖 香蕉 口味,25
瑞穗 蘋果 牛奶 400cc,1115
台農嚴 選芋頭 牛奶,6665
名屋 牛奶 花生 6 入,40
統一 西瓜 牛奶 4,5615
瑞穗 巧克力 牛奶 290ml,580
台農 嚴選 芒果 牛奶,7470
統一 瑞穗 蘋果 牛奶 930cc,25
牛奶 潤膚 乳液 500ml,60
波力 酸乳 牛奶,10035
阿華田 麥芽 牛奶 can,815
黑糖 牛奶 丹麥 2,60
杯裝 芒果 椰奶 牛奶 綜,470
新 巨阿華田 麥芽 牛奶,115
阿奇儂 x 初鹿牧場 牛奶,35
統一 瑞穗 巧克力 牛奶 930ml,30
BINGGRAE 香蕉 牛奶,940
瑞士 捲 特濃 牛奶,11270
Pentel 牛奶 筆 K108PS 藍,5
瑞穗 麥芽 牛奶,75810
掬水 軒 牛奶 餅 75g,75
台灣現 貨附 發票 nacnac 牛奶 燕麥 沐浴乳 牛奶 燕麥 洗,15
A 瑞穗 蘋果 牛奶 400ml,515
韓國 哈密瓜 牛奶,1800
高鈣 牛奶 麥芽 飲品,1840
牛奶 鳳梨 削皮,20
瑞穗 麥芽 牛奶 400cc,805
瑞穗 蘋果 牛奶 290ml,265
LOTTE 牛奶 特價 39,10
日春 木瓜 牛奶,4790
光泉 木瓜 牛奶,1950
瑞穗 果汁 牛奶 290ml,885
統一 木瓜 牛奶 4,23845
愛之味 牛奶 花生 340gx3 入,925
瑞穗 果汁 牛奶,13380
瑞穗 咖啡 牛奶 400ml,5950
瑞穗 麥芽 牛奶 400ml,280
愛之味 牛奶 花生 6 入,215
古田 特濃 牛奶 餅 804g,45
牛奶 鳳梨 1200g,5
現貨泰國 皇家 牛奶 片 皇家 牛奶 片 牛奶 片 皇家 皇家 牛乳 片,20
牛奶 燕麥 優酪,3065
0372123958 瑞士 捲 特濃 牛奶,15
EURO 牛奶 威化 棒 100g,5
統一 木瓜 牛奶,46350
慢燒 牛奶 麥芽,115
nacnac 牛奶 燕麥潤膚 乳 200ml 瓶,45
有機 牛奶 白菜 亞植,1700
瑞穗 巧克力 牛奶 930cc,1015
美祿 3 合 1 雙倍 牛奶 盒,1885
限時 特價 附電子 發票 nacnac 牛奶 燕麥 沐浴乳 牛奶,95
波樂 乳酸 飲 牛奶,5
嚴選 牛奶 鳳梨金,75
初鹿牧場 牛奶 雪餅 72g,5
統一 瑞穗 咖啡 牛奶 400ML,65
泰山 牛奶 紅豆,710
初鹿牧場 牛奶 雪糕 85g,745
正 和 高 鈣 原味 牛奶 片 50,50
雙餡 芋頭 牛奶,50
統一 牛奶 多多,5
統一 瑞穗 果汁 牛奶 930ml,5
勇壯 牛奶 鳳梨 包裝,5
nacnac 牛奶 燕麥皂 75g 顆,75
雙餡 綠茶 牛奶,40
台灣 日本 冰芋頭 牛奶,15
4711020300082nacnac 牛奶 燕麥皂 75g,55
哈密瓜 牛奶 調味 乳 200ML3,110
初鹿牧場 牛奶 小 饅頭,5
沒有 牛 牛奶 燕麥,5
香蕉 牛奶 保久 調味 乳,115
NACNAC 新 牛奶 燕麥 洗 髮 乳新 牛奶 燕麥 沐浴乳 680m,30
瑞穗 蘋果 牛奶,189510
黑糖 牛奶 丹麥 6,40
金蘋果 蘋果 牛奶,30035
統一 瑞穗 蘋果 牛奶 290ml,5
光泉 木瓜 牛奶 480g,15
泰山 綿密 牛奶 紅豆 6 入,5
瑞穗 冰火 牛奶 棒,10
哈密瓜 牛奶 保久 調味 乳,5
統一 木瓜 牛奶 478ml,17570
統一 瑞穗 蘋果 牛奶 400ML,35
瑞穗 巧克力 牛奶 190ml,35
POLS 特濃 香草 牛奶 脆,75
牛奶 皇后 300g,120
初鹿 牛奶 小 饅頭,120
免運 現貨 快速 出貨 日本 伊藤園 咖啡 牛奶 巧克力 牛奶,25
六甲 牛奶 饅頭,2980
蜂蜜 牛奶 豆漿,620
韓國 BINGGRAE 牛奶 系列,10
統一 瑞穗 巧克力 牛奶 290ml,10
愛之味 牛奶 花生 12 入,20
豆漿 牛奶 20221020oz80m0el,5
KIYOU 不 二家 Milky 牛奶 保濕入 浴劑 香草 牛奶 香 5,5
熱 蜂蜜 牛奶 12oz,255
家福小 精靈 榛果 牛奶,385
美國 牛奶 蘋果,265
全國 農會 蘋果 牛奶,5
啵 樂樂 乳酸 牛奶 235ml,215
統一 瑞穗 蘋果 牛奶 400ml,1025
名屋 牛奶 花生 320g,2445
吉力 蓮 牛奶 特價 109,5
BINGGRAE 香蕉 牛奶,16115
光泉 木瓜 牛奶 936ML,5
萊阿華田 牛奶 麥芽,5
泰國 巧克力 牛奶 片 25g,15
統一 瑞穗 蘋果 牛奶 930ml,50
名屋 牛奶 花生,8655
初鹿煉 乳 乖乖 焦糖 牛奶,365
牛奶 脆皮 巧立,275
阿華田營 養麥芽 牛奶 飲 CAN340,325
克寧國 小生 高鈣 牛奶,620
阿華田 麥芽 牛奶 巧 290,615
統一 瑞穗 牛奶 2000cc,10
不 二家 牛奶 飲料 260g,20
杯裝 東方 美人 茶 牛奶,8115
綠豆 蒜 牛奶 酷繽沙,2060
美祿 麥芽 牛奶 24PK,220
杯裝 開心果 牛奶 綜合,5
香蕉 牛奶 調味 乳 200ML3,100
乳酸菌 牛奶 麥片,275
巧口 綠 豆沙 牛奶 500ml 罐裝 牛奶 保久乳 調味 牛乳 綠豆,5
M 瑞穗 巧克力 牛奶 290ml,60
東尼 牛奶 巧 180g,90
紅標 統一 瑞穗 巧克力 牛奶,30
桑葚 牛奶 易開 罐,10
M 瑞穗 果汁 牛奶 290ml,30
養樂多 咖啡 牛奶,20085
Verde 巧克力 牛奶 醬,160
MHoki 紅茶 牛奶,90
Milo 巧克力 牛奶 美祿 巧克力 牛奶 198ml 麥芽 牛,35
瑞穗 蘋果 牛奶 290,15
台農 嚴選 木瓜 牛奶,6025
Pelican 抹 茶 牛奶 香氛 皂 80g,70
帝舍 早安 牛奶 餅 500g,10
初鹿 牛奶 雪餅 吉鮮,10
慢燒 巧克力 牛奶,5075
全國 農會 麥芽 牛奶,10
日春 木瓜 牛奶 兌換券,1625
伊藤盒裝 牛奶 蛋 酥 80g,235
阿華田 牛奶 麥飲,1100
義美 土豆 仁 牛奶 冰棒 6,10
美祿 巧克力 麥芽 牛奶 6,10
全國 農會 全脂 牛奶,5
義美綠豆 牛奶 冰棒 752214,5
綠得 牛奶 鈣鮮 乳糖 1 元,5
瑞穗 果汁 牛奶 290,5
初鹿 牛奶 口味 小 饅頭,5
甘 百世 榛果 白 牛奶,110
全國 農會 巧克力 牛奶,5
團初 鹿牧場 牛奶 口,5
4711020300051nacnac 牛奶 燕麥,15
台東 初鹿 花生 拿 鐵 花生 牛奶 保久乳 牛奶 玻璃瓶 裝 200,10
初鹿牧場 牛奶 薄脆 餅 250g,20
牛奶 蕃茄 600 克盒,25
倍瑞 全脂 牛奶,595
維也納 牛奶 餐包 18,7325
九福動 物餅 牛奶,80
伊藤盒裝 牛奶 餅 75g,65
統一 輕 鬆 小品 咖啡 牛奶,375
萬丹 巧克力 牛奶 936,1860
雙餡 花生 牛奶,5
CRECO 牛奶 棒 100g,55
猛將 木瓜 牛奶 500ml,20
萬丹 巧克力 牛奶,20
Yakult 巧克力 牛奶,5085
牛奶 花生 320g6 入組,135
義美綠豆 牛奶 冰棒 5 入,10
牛奶 洋蔥粒 200g,1550
5400265022796Hamlet 比利 時 牛奶,5
紅牌 木瓜 牛奶 味 飲料,25
燒慢燒 牛奶 原味 乳飲品,5
瑞穗 麥芽 牛奶,5
森永 牛奶 餅 86g,20
大倉 牛奶 公主 米,6280
喵 愛餡 香濃 牛奶,215
福樂 鈣 多多 雙麥 牛奶,14990
南瓜 牛奶 鍋 20221218w0ckguhj,5
團濃厚 花生 牛奶 雙,5
鈣 多多 牛奶 全脂 2L,5
M 啵 樂樂 乳酸 飲 牛奶 味 235mlx4 瓶,240
福樂 蘋果 牛奶 275ml,9875
啵 樂樂 乳酸 飲 牛奶 味 235ml,3340
Binggrae 咖啡 牛奶 200ml6 入,35
北田 糙米 捲 牛奶,1320
402 瑞穗 咖啡 牛奶,5
義美盒 牛奶 酥片 140g,55
富麗 牛奶 皇后 2K,10
抹 茶 生乳 牛奶 貝果,225
天守 極乳 215ML 牛奶 塑膠 瓶天 守 製 造 牛奶 保久,5
池農 牛奶 小 饅頭,15
泰國 牛奶 片 25g,25
富麗 牛奶 皇后,100
初鹿牧場 牛奶 小 饅頭 15g,30
牛奶 骨頭餅 原味,30
燕麥 棒 牛奶 燕麥 酥 牛奶 燕麥 熱銷 牛奶 燕麥 棒 牛奶 燕麥,5
團 牛奶 生乳 貝果,135
304 楓葉 牛奶 匙,300
猛將 木瓜 牛奶 芋頭 牛奶 500ml 罐裝 飲料 調味 乳 拜拜,5
馬 玉山 抹 茶 牛奶 15g14 入,60
MM 牛奶 樂享 盒,165
黑師傅 焦糖 牛奶,330
甘 百世 凱撒 巧克力 牛奶,60
薏仁 牛奶 20221220h0kmd2a2,5
免運電子 發票 飛牛牧場 乳酸菌 牛奶 軟 Q 球 乳酸菌 牛奶,25
福義軒 特濃 牛奶 餅 25g,15
豐碩 牛奶 香瓜 912,5
MKisses 水滴 牛奶,40
3800233070163RiceUP 比利 時 牛奶,5
4711020300082nacnac 牛奶 燕麥,105
池上 米 饅頭 牛奶,5
北海道 哈蜜瓜 牛奶,5
燒慢燒 牛奶 原味,1880
綠豆 薏仁 牛奶 冰,20
SBisco 必思 可 牛奶 乳酸菌,25
池上 米 饅頭 特濃 牛奶,100
瑞士 捲 牛奶 口味,15
藍莓 香蕉 牛奶,165
小安素 均衡 牛奶,440
畬室 濃黑 巧克力 牛奶,2265
泰國 牛奶 片 25g,365
香蕉 牛奶 20221105gbnqlpzn,5
家福 香草 牛奶 浴乳,20
愛心園 牛奶 饅頭 6 入,5
紅標 統一 瑞穗 蘋果 牛奶,25
統一 牛奶 多多 6 入,10
S 阿華田營 養麥芽 牛奶 飲品,10
寶山 黑糖 牛奶,25
牛奶 酥 棒 柳營 農會,10
初鹿 牛奶 小 饅頭 10 入,5
台農 牛奶 2L,90
一豆 綠豆 牛奶,20
美祿 巧克力 麥芽 牛奶,5
明治 Meltykiss 牛奶 可,55
猛將 木瓜 牛奶 500g,5
初鹿米 乖乖 牛奶,35
統一 瑞穗 果汁 牛奶 930cc,5
里 星星 樂海鹽 牛奶,10
牛奶 芭樂 LO,140
統一 多多 牛奶 816595,5
Jamie 牛奶 骨頭餅 140g,90
義美 分享 包 牛奶,5
義美泡 芙 57g 牛奶,15
寶山 濃厚 黑糖 牛奶,250
統一蜜 豆奶 牛奶,10
池田 牛奶 小 饅頭 110g,25
自然 風泰國 必買 牛奶 片 牛乳 片泰國 牛奶 片 原味 巧克力,35
統一 牛奶 多多 180,10
牛奶 蜜棗 20 入,15
德國 愛牧 牛奶 保久乳,40
休誇燕麥 牛奶 棒 120g,5
義美法蘭 酥 132g 牛奶,25
波樂樂 乳酸 牛奶,5
sunstar 迷你 便 條本 史努比 牛奶 系列 水果 牛奶,10
古田 特濃 牛奶 餅 11 入,35
米森 牛奶 優格 麥片,5
中祥 木瓜 牛奶 冰,335
統一 500 木瓜 牛奶,5
g000047994 贈品 nacnac 牛奶 燕,25
TSUJIRI 抹 茶 牛奶 袋裝 2,10
Sangaria 哈密瓜 牛奶 風味 飲,600
有機 牛奶 白菜 200g,10
木瓜 牛奶 果昔,130
光泉 芋頭 牛奶 400ml,10
會員 獨享 啵 樂樂 牛奶,1185
統一 瑞穗 麥芽 牛奶 960cc,5
萊 D 瑞穗 冰火 花生 牛奶,5
光泉 高蛋白 牛奶,5
初鹿 牛奶 小 饅頭 150g,15
Binggrae 香草 牛奶,30
猛將 木瓜 牛奶,5
義 美特 濃 牛奶 泡 芙 32g,10
古田 特濃 牛奶 餅 737g,10
MMaposs 牛奶 樂享,215
代銷 跨 瑞穗 調味 牛奶 系列,115
統一 瑞穗 果汁 牛奶 290ml,10
統一 輕 鬆 小品 咖啡 牛奶 400ml,5
代銷 跨 慢燒 牛奶,370
PowerCap 香蕉 牛奶,25
水果 牛奶 玉米 200g,40
北 回 木瓜 牛奶 雪糕 80g,25
箱 光泉 優質 蛋白 牛奶,10
咖啡 牛奶 調味 乳 200ML3,5
團 蜜蜂 工坊 蜂蜜 牛奶,15
0272005574 統一 木瓜 牛奶 4,5
名屋 系列 飲品 現貨 發票 紅豆 蓮子湯 牛奶 花生 花生 牛奶 名,5
Binggrae 哈密瓜 牛奶 200ml6 入,10
萬丹 巧克力 牛奶 936ml791631,5
香濃 牛奶 蛋白 飲,5
CRAFTBOSS 牛奶 咖啡 500ML,10
現貨 發票 名屋 系列 飲品 紅豆 蓮子湯 牛奶 花生 花生 牛奶 名屋,5
北 回 木瓜 牛奶 雪糕 850920,5
星 米果 牛奶 風味,10
統一 木瓜 牛奶 500cc,20
香蕉 牛奶 果昔,175
日式 抹 茶 牛奶 無糖,5
統一 瑞穗 蘋果 牛奶 400ml,5
400 芋頭 牛奶,5
BINGGRAE 哈密瓜 牛奶,5
團初 鹿 牛奶 小 饅頭 2 入,85
38 木瓜 牛奶,5
9787550297715 牛奶 可樂 經濟學 3,5
nacnac 新 牛奶 燕麥皂 75g,200
三立 特濃 牛奶 蛋 酥 130g,5
瑞穗 冰火 花生 牛奶,25
9787550292512 牛奶 可樂 經濟學 2,5
調味 乳麥芽 牛奶 200ml,5
瑞穗 好 饌 牛奶 麵 400g,5
SSY 牛奶 棒 原味,5
瑞穗 冰火 藍莓 牛奶,25
高鈣 牛奶 麥芽 隨身 包,5
餐飲 小吃 牛奶,20
胭脂 紅 牛奶 咖啡 紅龍果,5
romnd 勝過 臉頰 腮紅 牛奶 系列 4g 牛奶 系列,5
NAILTONE 保濕 牛奶,5
義美 牛奶 饅頭 480g,5
4711020300068nacnac 牛奶 燕麥,5
Binggrae 牛奶 香蕉 6 入,5
香濃 牛奶 鍋 20221010z1hrn9pb,5
巧口 綠 豆沙 牛奶 500ml 罐裝 牛奶 保久乳 調味乳 調味,5
0272086446 統一 西瓜 牛奶 4,5
台農 巧克力 牛奶 玻,5
名屋 木瓜 牛奶,5
黑糖 波霸厚 牛奶,5
燒慢燒 牛奶 原味,10
瑞穗 農會 牛奶 麵,15
初鹿 牛奶 雪糕 340g,10
電子 發票 現貨 韓國 Binggrae 水果 牛奶 香蕉 牛奶,15
