item_name,item
FikaGO 推車 用置物 掛袋 外出 通用 掛袋 收納袋 收納包,20
MYUMYU 沐慕 家居 極簡 透明 帶輪子 三層 置物 推車 浴室 收,5
高 承重 輕量 六輪 折疊 推車,15
YODOXIUI3D 透氣 推車 墊 推車 坐 墊 推車 涼 墊 萬用 坐,20
獨家 代理 推車 雨罩 嬰兒車 雨罩 嬰兒 推車 雨罩 雨罩 手,35
台中 可愛小 舖 現貨 PP 材質 隨機色 推車 推車 掛籃 收納,25
台灣 現貨 24h 出貨 韓系 推車 嬰兒車 蚊帳 嬰兒 推車 蚊帳,15
台灣現 貨加 強款 推車 棉被 夾推車 夾推車 毛毯 夾推車,85
奇哥 推車 時 尚掛 勾 2 入組 2 色選擇,10
新 錸 家居 五層 多功能 收納置物 推車 贈掛 勾 X4 手推 車 置物架,10
PUKU 藍色 企鵝 推車 置 物袋 三款,5
現貨 嬰兒 推車 專用 媽咪包 推車 掛袋 收納袋 推車 配件,30
北歐 手推 多層 置物 收納 推車 1 入 收納架 置物架 收納 推車,35
IKA 台灣出 貨馬卡龍 推車 掛桶 美容 推車 掛桶 推車 掛式 收,15
韓國昌信 生活 BLANC 白色 組 立式 13cm 窄型 推車 收納架,15
COLOR 輕量 版 鋁 製 爬梯 手推 車推車 手拉車 爬梯 推車,5
SkyLife 台灣 發貨 美容 推車 掛桶 推車 掛式 收納桶 垃,5
OP 生活 免安裝 折疊 收納 推車 折疊 推車 全 鐵 製 置 物 推 車 手推,75
推車 用品 混 搭 再 優惠 嬰兒車 掛袋 推車 收納袋 推車 掛袋,30
放 了 媽媽 尿 布袋 推車 掛袋 尿布 收納 尿布 收納袋 尿布 包,5
KEYWAY 聯府 淺川三層 推車 粉,5
30L 中加 蓋款 折疊置物 推車 伸縮拉桿 手推 車手拉車,135
六輪 可 爬梯 買菜 購物 推車,5
代收 代付 六層紗 推車 口水 巾 推車 扶手 口水 巾 推車 把 手套,20
奇哥 JoieversatraxE 推車 多功能 三合一 推車,5
可超 商取 貨收納 小 推車 全配 摺 疊 推車 收納 推車 置物 推,130
德國 Cybex 通用 款 推車 蚊帳,5
台灣 出貨 浴室 置物架 廚房 收納架 推車 收納 推車 浴室 收納,35
現貨 嬰兒 推車 塑膠 推車 嬰兒 玩具 推車 玩具娃娃 推車 娃娃,25
推車 掛籃掛 籃小掛 桶 懸掛 儲物籃 掛式 收納 籃置物 收納籃,65
GIO 超透氣 涼爽 推車 座 墊 基本 款 推車 汽座 涼 墊 公司 貨 正品 現,10
TRINITY 廚房 推車,30
尊爵家 Monarch 北歐風 沖 孔洞 板三層 收納車 推車 文書,5
現貨 發票 奇哥 比得 兔安撫 推車 蓋毯 禮盒 附 提袋 彌月 禮盒 P,50
bebehome 嬰幼兒 推車 掛袋 第二代 附背 帶 可 變媽 媽包,10
ChiccoLiteWay4 樂活 輕 便 推車 新品 上市,10
韓國昌信 生活 SLIMRACK 廚房 組 立式 窄型 推車 收納架,5
妞妞 絲撞色 外出 袋 SGS 認證 透明 手提袋 野餐 袋 推車 掛袋 幼,135
BabyMonstersKukiTwin 雙 胞胎 推車,5
兒童 推車 掛鉤 多用途 魔鬼 氈掛 勾 嬰兒 推車 掛鉤 推車掛 勾掛,90
3 天到 貨開 e 發票 推車 掛袋 嬰兒車 掛袋 推車 置 物袋 嬰,25
免運 快速 出貨防風 背巾 披風 推車 披 風 揹 巾 披 風 毛毯 披風,15
折疊式 四輪 萬用 購物 手推 車綠灰購 物車 置物 推車 折疊拉車,30
好氣氛 家居 多功能 雙層 收納 推車 置物架 抽屜車,40
現貨 BK01 六層紗 寶 寶 揹 巾 揹 帶 口水 巾 推車 扶手 保護套,15
奇哥 比得 兔安撫 推車 蓋毯 禮盒 70x70cm2 色選擇,45
滿額宅 配免 運免 組裝 附輪 摺 疊 置物架 折疊 推車 置物,10
Joieaeria 高景觀 三合一 推車,5
EVA 食品 級 推車 雨罩 提籃 雙人 推車 雨罩 嬰兒 推車 防風 擋 雨罩,275
滿額 免運 日式 帶蓋 抽屜 置物 推車 AMK310 收納 推車,115
生活 收納三層 置物 推車 可 超取 木盒 工業風 零食 車 玩具 車,5
掛包 推車袋 推車 掛包 嬰兒車 收納包 手推 車掛 包媽媽 包嬰,10
推車 用品 混 搭 再 優惠 推車 蝴蝶 枕童 枕 蝴蝶 枕護 頸 枕,25
推車 用品 混 搭 再 優惠 尿布 收納袋 推車 掛袋 防水 收納袋,70
法蘭 絨安撫顆 粒豆毯史 黛 拉安 撫 毯子 KT 安撫毯 公主 毯 推車,55
Vibebe 多功能 推車 汽座 防水 墊 推車 汽座 保潔 墊 餐椅 保潔 墊,30
置物架 收納架 收納 推車 置物 推車 夾縫 置物架 贈掛 勾 滾,25
樂邦 抽屜 多層 置物 收納架 推車 四層,70
Familidoo 米 多 W4 多功能 野營 推車 寵物車 遊戲,5
推車 玩具 架 嬰兒 床 玩具 架 推車 掛件 汽座 玩具 架 益智 床繞 搖鈴,20
現貨 秒 出 360 度旋轉 推車 掛鉤 推車 置物 勾 嬰兒 車掛 勾,5
居家 cheaper 北歐 風極 簡籃網 推車 送 掛籃 2 入 4,15
推車 蚊帳 加大 全罩 式 蚊帳 手推 車蚊帳 嬰兒車 蚊帳 兒童 蚊帳,10
嬰兒車 掛袋 手推 車 配件 掛袋 手推 車置 物袋 推車 掛袋 推車,10
寶寶安 撫 荳 荳 毯 夾 棉 加厚 幼兒園 棉被 推車 蓋毯 小 被 被 空,15
台灣出 貨電子 發票 特價 特價 珊瑚 絨防風 背巾 披風 推車 披風,15
贈掛 勾 4 附輪 多功能 收納架 收納架 推車 縫隙 置物,10
兒童 推車 三層 收納架 兒童 收納 置物架 推車,35
台灣 出貨 360 度旋轉 推車 掛鉤 推車 置物 勾 嬰兒 車掛 勾,175
tonybear 歐式 RV 推車 送 五合一 提籃 及 推車 雨套 金,5
台灣 現貨 嬰兒車 毛毯 夾 2 入裝 推車 毛毯 防 掉落 夾,40
免運 快速 出貨防風 背巾 披風 推車 披 風 揹 巾 披 風 日 單 毛毯,20
Lovelybaby 嬰兒 推車 防風 防雨罩 推車 雨 遮 C12,55
CuteStone 兒童 購物 推車 烤肉 玩具,5
美強生 3Sprouts 推車 置 物袋,5
360 度 推車 掛鉤 兩入 推車掛 勾 推車 掛鉤 360 度旋 轉掛 鉤,90
奇哥 豆趣 推車 汽座護 頸 枕 2 款 可 選佳兒 園婦 幼館,5
推車 掛袋 嬰兒車 收納袋 多功能 隨身 包 洛希 可嚴 選台灣 現貨 2,95
Joielitetrax4 時尚 運動 推車,5
台灣 現貨 163n 手推 車收納 推車 收納,5
法國 BABYZENYOYO 推車 收納袋 安琪 兒婦 嬰百貨,5
WEEY 買菜 購物 推車 防水 時尚 輕巧 購物車 買 菜 推車 買 菜拉車,25
德國 QPlayEASY 推車 置物 包組,50
置物架 縫隙 推車 置物 推車 夾縫 推車隙 縫 收納 置物架 收納架,35
台灣 出貨 韓國 升級款 加大 加厚 推車 保溫 包嬰兒 推車 掛袋 媽媽,70
嬰兒 推車 防水 掛袋 單層 雙層 防水 掛袋 推車 外出 掛袋 收納袋,20
TrueLife 寬版 六格 玩具 收納 推車 多彩 收納 推車 玩具,10
hybridpremium 英國 推車 通用 手把 套,5
QuinnyZAPPX 輕巧 雙向 推車,65
AWANA 購物 摺 疊 推車 38x33x36cm,20
台灣 現貨 推車 雨罩 嬰兒車 雨罩 手推 車 雨罩 防水 雨罩 防,25
推車 必備 嬰兒車 保暖 擋風 防風罩 折疊車 腳套,5
N011144729 德國 Lassig 推車 收納掛 袋陽光 點點,5
超 方便 外出 推車 掛袋 嬰兒車 掛袋 推車 收納袋 推車掛,10
布里 時光純 棉紗 布包 巾 寶寶 包巾 寶寶柔 軟紗布 蓋毯 推車 蓋,85
奇哥 比得 兔安撫 推車 蓋毯 禮盒 2 色選擇 粉色,5
現貨 加厚 保暖 嬰幼兒 分腿 睡袋 秋冬 推車 睡袋 新生 兒寶寶 睡袋,35
PAMABE 可 拆式 四季 防風 保暖 罩 保暖 袍 推車 背巾 汽座,15
鐵網 非塑膠 秒 收折疊 手推 車置物 推車 收納 推車 推車 置物,10
HULKEN 浩肯 包折疊 多輪 推車 大型 購物 推車 購物袋,130
放 了 媽媽 推車 掛鉤 推車 雙掛 勾 多功能 掛鉤 魔鬼 氈掛 鉤 推,15
防蚊 必備 推車 通用 款 蚊帳 手推 車蚊帳 推車 蚊帳 嬰兒車 蚊,30
愛兒 樂園 台灣 現貨 推車 掛鉤 推車 配件 超強 黏 貼力,40
愛收納 歐雅大車 輪三層 推車 一入,5
韓國 新款 推車 掛袋 媽媽 包萬用 袋 推車 收納包 推車 包 推車,80
Combi 雙向型 推車 防護罩,25
大船 回港 爬梯 款 摺 疊 買 菜 推車 星點,15
培 婗 透 氣 不 流汗 3D 透氣 排汗 推車 墊 嬰兒 推車 涼 蓆 推 車 坐 墊,350
FikaGO 推車 外出 包 x 掛鉤 組合 推車 包斜 背包 手提包,15
折疊 附繩 坦克 四輪 手推 車四輪 推車 折疊車 摺 疊 手推 車手拉車,35
家 適帝 多層 縫隙 收納架 移動式 推車 窄款 4 層,15
Combi 快 取育兒 掛袋 推車 通用,10
可載 重 200 公斤 伸縮 折疊 推車 耐 重六輪 摺 疊 手推 車底 盤延,5
嬰兒車 推車 行李箱 汽車 掛鉤 魔鬼 氈 可調 整掛 勾,5
汽座 推車 傢 俱,2120
六輪 可 爬 樓梯 購物 推車,25
北歐 風置 物籃 手推 車推車 收納車 收納 推車 置物架 工,10
OhBabyLuxury 推車 掛鉤 兩入 一組 推車掛 勾 推,10
現貨 發票 Vibebe 多功能 隔水 墊動物園 尿 墊 推車 坐 墊,10
嬰兒 推車 扶 手套 嬰兒車 推車 扶手 罩 把 手套 推車 周邊 扶 手套,15
台灣現 貨免 運費 嬰兒顆 粒毯 推車 蓋毯空 調毯安撫巾,5
台灣 現貨 超柔 浴巾 紗 布包 巾紗布巾 防曬毯 推車 蓋毯嬰,10
三色 推車 掛袋 嬰兒車 掛袋 推車掛 包媽 咪 包 推車 置 物袋,15
台灣 現貨 附電子 發票 BANG 嬰兒 推車 高景觀 推車 娃娃,10
酷媽 咪 Vibebe 多功能 隔水 墊 俏皮 恐龍 尿 墊 推車 坐 墊,25
台灣 24H 出貨 多功能 皮革 掛鉤 推車 掛鉤 皮革 掛鉤 嬰兒車,40
嬰兒車 手推 車蚊 帳立體 拉 鍊 蚊帳 嬰兒車 蚊帳 推車 蚊 帳防 蚊 蚊,15
GIO 超透氣 涼爽 推車 座 墊 花色 款 推車 汽座 涼 墊 公司 貨 正品 現,50
現貨 JJOVCE 寶寶 玩具 固定 帶 推車 固定 繩矽膠 固定 鍊,5
木質 抽屜 置物 收納 推車,10
台灣 出貨 夾縫 收納架 推車 五層 縫隙 推車 推車 收納 推車,5
台灣現 貨兒童 推車 掛袋 附背 帶 寶寶推車 收納袋 寶寶 保温 袋,5
IRISOHYAMA 童心 玩具 繪本 收納架 附 推車 ST,5
現貨 嬰兒 推車 防雨罩 推車 雨罩 童車 雨罩 防風罩 雨罩 兒,10
KIDMORY 特有 種 幸福 推車 置 物袋 KM600,20
現貨 獨家 送防 蚊 貼片 推車 雨罩 嬰兒車 雨罩 嬰兒 推車 雨,25
推車 用品 混 搭 再 優惠 嬰兒 尿布 拋棄袋 推車 尿布 拋棄袋,20
推車 三層,915
秒 收折疊 收納 置物架 推車,20
YODOXIUI3D 厚款 推車 坐 墊 推車 坐 墊 推車 涼 墊 萬,20
大容量 推車 掛袋 外出 必備 嬰兒車 掛袋 推車 收納袋 推,45
五層 縫隙 推車,5
優惠價 手推 車折疊 推車 塑鋼 手推 車推車 荷重 100kg,20
Joietourist 自動 秒 收 推車 2 色選擇,30
御 皇居折 疊 手推 車四輪 推車 折疊車 手拉車,65
台灣 現貨 嬰兒 推車 坐 墊 推車 涼 蓆 汽 車 座椅 保護 墊 安全 座椅 保,5
金 多多 推車 掛袋 嬰兒 車掛 包嬰兒 推車 掛袋 推車 掛包 推車 置,10
台灣 12H 出貨 折疊 購物車 可 平拉 置物 小 推車 免安裝 收納車,185
COLOR 鋁 製 重型 多功能 推車 可 上下 樓梯,5
推車 腳套 冬季 款 推車 腳套 加厚 鋪綿 推車 腳套 嬰兒 手推 車防風蓋,20
ONEHOUSE 阪原 收納 摺 疊 推車 1 入,5
Muslin 寶寶 包巾 推車 蓋毯 papa 母嬰純 棉紗 布包 巾,15
JOEKI 手拉 摺 疊 置物 小 推車 HW0026,5
超取 免運三層 網籃 推車 置物 收納車 嬰兒 收納 推車 手推 車,10
推車 專用護 頸 顧頭型 嬰兒 枕護 頸 頭型 枕 推車 專用 枕兒童,35
台灣 現貨 推車 防雨罩 童車 雨罩 嬰兒 推車 防風 防雨罩 通用,10
台灣 現貨 推車 收納袋 推車 防塵袋 亞馬遜 爆款 嬰兒車 登機袋,20
浦齊 嬰兒車 蚊帳 推車 蚊 帳立體 拉 鍊 蚊帳 推車 蚊 帳防 蚊,25
現貨有 發票 2 代推車 掛鉤 承 重力 更強 汽車 掛鉤 掛鉤 推車,15
PeNi 培 婗 3D 透氣 排汗 推車 墊 好 坐 輕 鬆 水洗 嬰兒 推車,20
免運 摩托 車專用 推車 Kooma 機車 推車 準媽媽 婦嬰 用品,5
現貨 刺 繡 熊 推車 掛鉤 嬰兒車 固定 掛鉤 媽媽 包吊掛 推車 配件,20
奇哥 兩用 推車 掛袋 隨身側 背包 2 色選擇,5
愛兒 樂園 台灣現 貨寶寶 U 型 枕 推車 枕頭 汽座 枕,50
現貨 嬰兒 推車 收納 包掛 包媽 媽包 推車 包實用 必,5
推車 夾超級 萬用 夾嬰兒 推車 毛毯 夾 包巾 夾蚊 帳夾 棉被 夾,20
推車 租借,15
寶貝家 嬰兒車 掛袋 推車 掛袋 嬰兒車 收納袋 嬰兒 推車 掛袋,5
全館 台灣現 貨熱銷 精選 推車 掛袋 推車掛 包寶寶推車 包,15
廚房 收納架 浴室 置物架 推車 收納 推車 浴室 收納架 廁所置物,45
大容量 萬向 折疊 購物 推車,40
現貨 直出 蔬果 籃收納 推車 置物 推車 廚房 浴室 臥,70
摺 疊 買 菜 推車 AB011 鋁 合金 推車 摺 疊 推車 買 菜車,5
純棉 外出 哺乳 巾 推車 蚊帳 一巾 多用 餵 奶巾 外出 哺乳 罩 台灣,20
奇哥 推車 雨罩 加長 版 甜蜜 家族,5
uniloveOnTheGo 馬 奇車 成長 型 輕 便 推車,80
預購 insular 推車 掛袋 嬰兒車 收納袋 媽咪包,20
Joiepactflex 輕便型 推車,15
純棉 呼吸 棉安撫 豆毯顆 粒安撫毯 推車 蓋毯 幼稚 園 被子 史黛拉,15
惡魔 花台 灣現貨 加大 加厚 推車 保溫 包嬰兒 推車 掛袋 媽媽 包,10
歐德萊十層 漸層 收納 抽屜 車置 物車 收納車 置物 推車 收納 推,5
ItzyRitzy 柔棉 捲 捲 安撫 玩具 多款 可選 推車 床邊,5
限時 特惠 加厚 老虎 車兩輪 手推 車 工地 搬運車 送 貨小 推車,5
推車 用品 混 搭 再 優惠 推車 蚊帳 嬰兒車 蚊帳 推車 蚊帳,25
韓國 Manito 韓國 Manito 推車 雨罩 推車 罩,5
台灣現 貨限時 下 殺 多功能 推車 掛包 嬰兒車 掛袋 推車 掛袋 置,10
幼兒 簡 易手 推車 紫橘 藍 626 新,15
六格 玩具 收納 推車 多 尺寸 選擇 多彩 收納 推車 玩具 收納車 推車,15
DREAMSELECT 六輪 伸縮 折疊 手拉車 收納 推車 手推,5
當天 出貨 開立 發票 嬰兒 推車 雨罩 推車 雨罩 質感 推車 雨罩,45
台 灣 製 造 可 超 取 三 層 烤 漆 推 車 置物架 置物 推車 收納架,15
台灣現 貨免 運 推車 披風 背帶 披風 手推 車披 風防風毯 推,60
ZoraDoogo 寵物 推車 4 輪升級 版 推車 雨罩,5
Effect 高耐重 二段 摺 疊 推車 耐重 120KG2 色可選,5
100 精梳棉 保暖 透氣 MiracleBaby 推車 坐,35
FF22 超好 用 推車 多用途 魔鬼 粘掛 鉤掛 鈎 掛,15
OhBabyLuxury360 度 推車 掛鉤 兩入裝 推車掛,45
現貨 防水 尿 布袋 外出 收納袋 旅行 收納袋 推車 掛袋,30
農友 資材 採收 推車 現貨台 灣 製 農 用 採 收 推 車 溫 室 推 車,10
小熊 購物 推車 蔬果 推車 兒童 購物 推車 收納車 造型 推車 小熊,5
尊爵家 Monarch 北歐風 沖 孔洞 板三層 收納車 推車 文書,15
現貨 韓版 嬰兒 推車 掛包 推車 掛袋 嬰兒車 掛袋 推,50
兒童 蓋 被 6 層純 棉紗布 寶寶 包巾 推車 蓋毯 現貨 papa 母,5
YAHouse 時尚 推車 收納 掛袋 推車袋 收納袋 推車 必,15
YOIMONOLIVING 北歐 風格 縫隙 收納置物 推車,45
COLOR 玫瑰 金爬 樓梯 購物車 附購 物袋 摺 疊車 爬梯 推車,10
以色列 SimplyGood 推車 置物 網袋 亮紅 推車 置 物袋,5
現貨免 運台灣 公司 貨統編 置物架 推車 收纳 推車 置 物車,10
CAXXA 三層 耐 重置 物 推車 贈 掛籃 x3 黑白 粉藍,170
日本 製 造 FUDOGIKEN 中心 支柱 無障礙 3 層 收納 推車,5
約 一 週到 貨嬰兒 推車 雨罩 高檔 童車 雨罩 通用 款 EVA 材質,5
嘉義出 貨台灣 收納王 置物架 縫隙 推車 置物 推車 夾縫 推車,10
德利 生活 輕量 靜音 摺 疊 推車 推車靜 音輪 推車 方便 摺 疊,5
放 了 媽媽 推車 掛袋 手推 車 配件 嬰兒 推車 配件 推車 置 物袋,10
chicco 推車 Air 導流 透氣 軟墊,10
TUJI 兔 孖 置物架 推車 增加 掛籃 雜物 文具 收,45
德國 QPlayEASY 雙向 輕 便 推車 送 專用 置物 包組,5
大容量 可掛 可 肩 背 推車 掛袋 推車 掛包 推車 包媽媽 包大,5
萌萌屋 台灣現 貨寶寶 手推 車 配件 推車 掛鉤 推車杯 架,30
台灣 現貨 推車 掛鉤 嬰兒 推車 掛鉤 寵物 推車 掛鉤 魔鬼 氈掛 鉤,40
嬰兒 推車 收納 掛袋 嬰兒 推車 收納 網袋 置物 網袋 推車 外出 掛袋,20
摺 疊 手推 車折疊 購物車 推車 可 爬梯 購物車 買 菜車 收納 推,20
折疊 購物車 摺 疊 購物車 折疊 手推 車購物 推車 收納 推車 購物車 買,5
寶寶兒 童嬰 幼兒 推車 媽咪袋 媽咪 包三輪 車掛 包電動車,5
多功能 推車 夾一 組二 只裝 多功能 推車 毛毯 夾一 組二 只裝,30
毛孩 沃克寵物 推車 掛袋 寵物 推車 外掛 包外 掛包 嬰兒車 掛袋,5
現貨 嬰兒 推車 蚊 帳立體 蚊帳 全罩 式 防蚊罩 防蚊 推車 蚊帳,35
限時 下 殺 開箱 影片 手推 車 收纳 推車 置物 推車 三層 推車,40
嬰兒 推車 掛袋 手推 車收納 網置 物袋 收納 網袋 置物 網袋 收納,5
折疊 購物車 摺 疊 購物車 折疊 手推 車購物 推車 收納 推車 購物,30
台灣 現貨 嬰兒車 蚊 帳防 蚊 蚊帳 推車 蚊帳 嬰兒車 蚊帳 遮手,10
美國 ThinkKing 好神 勾 S 掛勾掛 勾掛 鉤 推車,10
新北 現貨 XW1 兒童 輕 便 手推 車 小朋友 推車 溜 娃 遛,20
茵秀麗 嬰兒 推車 掛包 推車 掛包 推車 掛袋 置 物袋 媽媽 推車,10
美國 UPPAbaby 推車 雨罩 VISTAV2 置物 籃布,20
台灣 現貨 多功能 毛毯 夾防掉 夾推車 用品 推車 夾子 推車夾,10
拜爾 家居 三層 沖 孔 推車 MI T台 灣 製 造 三 層 推 車 置 物 推 車,30
嬰兒 推車 防蚊 蚊帳 3 色可選 推車 蚊帳 手推 車蚊帳 嬰兒車,30
推車 用品 混 搭 再 優惠 嬰兒車 夜間 燈 嬰兒 推車 警示 燈夜,35
翔駿 親子 嬰兒 推車 掛鉤 寵物 推車 掛鉤 推車掛 鉤 耐 重掛 鉤,35
林 製 作 所 靜 音 腳 輪 型 耐 重型 三層 文件 推車 台 灣 製 造 日本 設計,10
萌萌屋 現貨 打瞌睡 固定 帶嬰 幼兒 推車 安全 固定 帶 打瞌睡,20
幫寶適 清潔 推車,15
小掛 籃 現貨 推車 掛籃 小 收納籃,25
滿額 免運戈 登帶 煞 折疊載 重 平板 推車 5 輪 6 輪手 拉,5
LaMillou 天使 枕經典 豆豆 多款 可選 推車 汽座 枕,20
新型 多層 抽屜 收納架 推車 四層,10
奇哥 360 度旋轉 推車 掛鉤 掛勾 2 入裝 黑,5
蚊帳 可手 洗兒童 推車 配件 寵物 推車 配件 折疊車 配件,5
美容 推車 側掛 垃圾桶 置物桶 推車 掛籃,15
JOIEFLOATDrift 橫輕巧 雙向 推車 藍,5
三層 收納 推車 萬向 滾輪 手把 設計 置物 推車 推車 置物架,60
米 寶貝貝 多功能 被夾 日本 原單 推車 夾現貨,5
現貨 嬰兒 推車 掛袋 推車 置 物袋 外出 收納袋 防水 收納袋 嬰,5
玫瑰 金 摺 疊 買 菜 購物車 H001N 大船 回港 推車 爬梯 推車,10
簡約質 感三窄 抽 收納 推車 收納架 抽屜 收納 推車,20
現貨 嬰兒 推車 手把 保護 套拉桿 行李箱 保護套 適合 各 款式 推車,30
3D 透氣 網眼 多用途 推車 墊,10
EC 廚房 推車,45
Aprica 愛普力 卡 超輕量 雙向 推車 KAROONAI,10
現貨北歐 ins 紗布 流蘇 推車 蓋毯紗,10
Truelife 六格 玩具 收納 推車 多彩 收納 推車 玩具 收納,5
台灣 公司 貨滾 輪置物 收納架 置物架 收納架 推車 浴室 置物,5
寵物 夢 工廠 小型 寵專用 推車 可 放置 機車 汽車 內 超輕量 超穩,25
寵物 夢 工廠 寵物 多功能 子母 推車 一鍵 收車 超穩固 避震 中,15
台灣 出貨 韓國 刺 繡 小熊 嬰兒 推車 坐 墊 推車 涼 蓆 汽 座 坐 墊 安,5
現貨送 雨罩 嬰兒 推車 Mykidzmini 可登機 推車,85
chicco 推車 雨罩 BravoTodayViaro 皆,5
Friendaddy 韓國 防水 推車 掛袋,5
bebehome 二合一 嬰兒 推車 手機杯 架 多功能 杯架 推車,5
奇哥 豆趣 推車 汽座護 頸 枕 粉色 藍色,20
COLOR 鋁 合金 雙收折 爬梯 購物車 爬梯 購物車 推車 買,15
防水 尿 墊 隔 尿 墊 防水 墊 外出 推車 尿布 墊三層 50X70CM 纯棉,15
chicco 推車 蚊帳,20
防水表 層台灣 現貨 嬰兒 推車 雨罩 嬰兒車 雨罩 推車 雨罩,10
嬰兒 推車 全罩 式 蚊帳 嬰兒 推車 防蚊 蚊 帳雙 胞胎 推車 蚊帳 嬰兒車,45
現貨 韓版 愛心 壓紋 收納袋 尿 布袋 床邊 收納袋 推車 置 物袋,15
兒童 推車 雙層 收納架 兒童 收納 置物架 推車,5
現貨 EVA 食品 級 推車 雨罩 加大 推車 雨罩 嬰兒 推車 防風罩,110
波蘭 Maylily 竹纖 推車 三 寶 16 款 可選 保護 套防,10
嬰兒車 全罩 式 通用型 雙拉 鍊 推車 蚊帳,5
台灣 出貨 韓式 推車 掛袋 嬰兒車 掛袋 推車掛 包媽 咪 包 推車,40
Naforye 拉孚兒 Air 極度 厚彈 透氣涼 爽座 墊 推車 涼,5
AAT3120 三輪 爬坡 摺 疊 推車,5
手推 車購 物車 置物 推車 折疊 手推 車露營 推車 手拉車 折疊,10
KEENZ7S 摺 疊式 多功能 嬰幼兒 推車 精裝版 豪華版,5
林 製 作 所 木 紋 飾 條 耐 重型 三層 文件 推車 台 灣 製 造 日本 設計,10
isona40L 八輪 爬梯 折疊 收納箱 手推 車買菜 推車,5
dayneeds 推車 把手 120 公分 烤 漆 把 手推 車鐵,10
URBINIi 迷你 全罩 折疊 推車 灰黑 附蚊帳 A1081,5
UPPAbabyMINU 點心托盤 嬰幼 推車 配件,5
MAYLILY 波蘭 竹纖 嬰童 防晃 枕 推車 枕護 頸 枕 汽車安,5
MIT 加大 置物 推車 掛籃組,5
現貨兒 童節 禮物 寶寶購物 小 推車 玩具 收納車 手推 車 零食 收,30
N012818825AGILE 推車 用 多功能 保,5
多功能 抽屜 收納 推車 多層 推車 置物 推車 收纳 架 居家 收納架,5
現貨 寶寶購物 小 推車 玩具 收納車 手推 車 零食 收納箱,10
Nipper 多功能 推車 輕巧置 物袋,5
台灣 出貨 M3 輕便 手推 車寶寶嬰 幼兒 推車 溜 娃 遛 娃 神器,20
升級款 推車 魔術 D 扣魔術 貼掛 勾 D 扣 推車掛 勾萬用,5
現貨 發票 Vibebe 多功能 隔水 墊貓 頭鷹 尿 墊 推車 坐 墊,5
台灣出 貨免 運 防疫 必備 韓版 小熊 嬰兒 推車 罩 推車 雨衣 推車防,15
店到 店 超取 免運北 歐風置物 推車 三層 推車 收納 推車,5
ikloo 宜酷 屋北 歐風 多功能 收納置物 推車,40
六輪 折疊 推車 高承 重量 底盤 伸長 小 推車拉桿 推車 手拉,5
寵物 推車 把 手套 單寧 幾何 一 組二入,10
奇哥 豆趣 推車 汽座護 頸 枕豆趣 枕 TBI04500,5
折疊置物 推車 折疊 推車 摺 疊 推車 廚房 推車 收納車 推車 小 推,25
ikloo 多功能 收納 推車,5
Mua 姆兒 選品 日本 和 愛堂 多功能 媽媽 包肩 背包 推車 掛袋 肩,10
臺 灣現 貨可 坐 躺 嬰兒 推車 雙向 推車 快速 折疊 攜 帶雙 嚮 寶寶,5
台灣 WILL 寵物 推車 底部 專用 大型 購物袋 船型 置物袋 黑,5
JOIEaire 推車 前 扶手 1 入,5
嬰兒車 玩具 方向 盤 玩具 推車 玩具 嬰兒 推車 玩具 寶寶 玩具 嬰,30
MothersLove 外出 手推 車機 車椅 推車 全罩 式 手推,10
奇哥 豆趣 推車 汽座護 頸 枕粉 綠麗兒 采家,5
推車 雨罩 推車 罩 推車 雨衣 防風 雨罩 嬰兒 推車 雨罩 推車 配件,5
現貨 3D 透氣 網眼 超透氣 推車 墊 推車 涼 墊 推車 涼席安,15
多功能 安撫 掛鈴寶寶動物 掛鈴音樂 掛鈴 推車 絨 毛搖鈴床 邊安,45
尊爵家 台 灣 製 沖 孔洞 板 收納車 推車 三層 五層 免運,5
台灣現 貨刺 繡 熊熊 尿 布袋 推車 掛袋 韓版掛 包媽 媽包,20
鋁 合金 爬梯 購物車 8 輪 購物 爬 樓車 手推 車折疊 爬梯 推車 購物,15
CYBEXMIOS 推車 aton5 汽座 組杯 架,5
台灣 現貨 方向 盤 玩具 嬰兒車 玩具 嬰兒 推車 玩具 推車 玩具 嬰,15
Chicco 汽座 推車,5
360 度 多功能 推車 掛鉤 兩入 推車掛 勾 推車 掛鉤 360 度旋轉,60
約 10 天到 貨嬰兒 推車 雨罩 高檔 童車 雨罩 通用 款 EVA 材質,20
現貨 防水 尿 布袋 外出 收納袋 旅行 收納袋 推車 掛袋 小號,55
MAYLILY 竹纖 嬰童 防晃 枕護 頸 枕 10 款 可選 推車 汽座,10
日本 JEJASTAGE 日本 原裝 FCRGR2 推車 專用,5
JAR 嚴選 新款 印花 推車 涼 蓆 寶 寶 三明治 嬰兒 卡通 推車 涼 蓆,5
奇哥 豆趣 兩用 推車 坐 墊 獨角獸 推車 保潔 墊 豆趣 護頸 枕 TBI,5
手推 車 二合一 推車杯 架 推車 水杯 架手 機架 寵物 推車 輪椅 3,5
台灣現 貨純 棉紗 布包 巾 寶寶 包巾 寶寶柔 軟紗布 蓋毯 推車 蓋,20
現貨丹麥 DONEBYDEER 安撫 推車 玩具,10
MIT 馬 卡龍繽紛 置物 推車,5
JOLLY 卡通 傘車 傘車 輕 便 型 推車,10
PapayaKIDS 第三代 升級 版 口袋 車秒 收輕 便 推車 P,5
KEYWAY 大車 輪 推車 三層 AQ6031 藍,5
MINE 家居 推車 收納架 多功能 置物架 黑白 雙色 任選,5
奇哥 JoieLitetrax3 時尚 運動 三輪 推車 可結,5
二合一 折疊 推車 手拉車 手推 車露營 推車 摺 疊 手推 車折,5
韓國 famom 推車 汽座 專用 涼風座 墊 嬰兒 推車 配件 汽座,5
嬰兒 推車 掛包 掛袋 推車 置 物袋 遛 娃 神器 雨罩 蚊帳 置 物籃,15
PAPAYAKIDSP30T 嬰幼兒 手推 車 口袋 推車 湖水,15
Combi 雙向型 推車 防護罩,10
加購 商品 大型 推車 重型 推車 四層 推車 專用,10
台灣 現貨 Q3 推車 神器 輕便 可折疊 手推 車雙 向 推車 外出 一鍵 收兒 推車,20
Kidmory 雷萌車 自動 秒 收雙 向 推車 那 對 夫妻 可愛婦 嬰,5
奇哥 立體 超透氣 涼 墊 吸濕 排汗 布 推車 汽座 專用 TBB028,20
現貨 夾式 電風扇 推車 風扇 夾式 風扇 嬰兒 車風扇 推車 電風扇,30
低價 爬梯 輪 爬 樓 購物車 輪子 六輪 小拉車 買 菜車 推車 配件 備用車,5
台灣現 貨免 運 推車 蚊帳 嬰兒車 蚊帳 手推 車蚊帳 加大 防蚊,185
台灣出 貨免 運可 水洗 環保 嬰兒 推車 涼 蓆 通用 印花 冰絲 推車,10
NLS 現貨升級 驅蚊 推車 風扇 超長 續航 太空 無葉 寶寶扇 嬰,5
台灣 現貨 通用 款嬰 幼兒 推車 背帶 推車 童車 傘車 通用 配件 嬰兒車,5
現貨 推車 掛鉤 掛勾掛 鈎 掛件 床掛 配件,55
BlossomR 現貨 購物 籃帶 輪 小 推車 零食 置物 推,5
PeNi 培 婗 3D 透氣 排汗 水洗 推車 座 墊 推車 墊 座 墊 嬰兒 推,15
當天 出貨 開立 發票 嬰兒 推車 乳膠 坐 墊 乳膠 坐 墊 推車 坐 墊,10
N012417210FikaGO 推車 掛袋掛,5
台灣 現貨 快速 出有 發票 輕 便 手推 車寶寶推車 嬰幼兒 推車,10
ROYALLIFE 折疊 附繩 坦克 四輪 手推 車四輪 推車 折,10
日本 正品 YODOXIUI 水洗 透氣 墊 推車 坐 墊,5
推車 掛袋 推車 收納袋 可放濕 紙巾 外出 收納,5
蚊帳 雨罩 組贈 保潔 墊 推車 配件 兒童 推車 配件 寵物 推車 配件,5
台灣 現貨 嬰兒 推車 輕 便 手推 車遛 娃 神器 杯架 奶瓶 架 推車,10
摺 疊 買 菜 推車 星點 AB011 鋁 合金 推車 摺 疊 推車 買,5
樂嫚妮 北歐 風置物 推車 輕量 款 把手 款三層 推車 收納 推車,5
Mamaway 媽媽 餵 氣墊 調溫 抗菌 推車 坐 墊 共 兩色,5
輕巧 多用途 魔術 大空間 推車 掛袋 推車 掛包 推車 包媽 媽包,20
團購 世界 手推 車北 歐多層 置物 推車 超取 1 單限 1 入收,10
台灣 現貨 收納 推車 雙層 三層 推車 萬用 推車 手推 車收,5
台灣 現貨 嬰兒 推車 坐 墊 推車 涼 蓆 汽 車 座椅 保護 墊 安全 座椅,5
柔膚 絨布 3D 透氣 網眼 推車 枕 推車 固定 枕 推車 頭型 枕安,20
台灣現 貨免 運嬰兒 推車 保護 墊 推車 坐 墊 安全 坐椅 墊,85
5F 麗嬰房 推車,5
英國 Joiefiniti 豪華 三合一 推車 安琪 兒婦 嬰百貨,5
御 皇居折 疊 購物 車八輪 爬梯 大款 折疊 手推 車購物 推車 收,5
現貨 卡通 圖案 雙頭 夾寶寶 手帕 夾雙頭 夾嬰兒 推車 蓋毯夾,40
奇哥 立體 透氣涼 墊 吸濕 排汗 布 推車 汽座 專用,5
簡易 推車 掛鉤 2 入裝 魔鬼 氈 固定,5
Mua 姆兒 選品 YODOXIUI 透氣 雙層 加厚 款 推車 墊 涼,10
奇哥 比得 兔安撫 推車 蓋毯 禮盒 2 色選擇 寶寶 新生 兒禮滿 月,5
推購物 推車 安妮,5
多用途 奶瓶 收納 兒童 推車 卡通 掛袋 汽車 椅背 收納袋,5
義 大利 chicco 推車 蚊帳 通用 款 蚊帳,5
露營 推車 摺 疊 收納 掛袋 DCP0010 推車 掛袋 Costco,5
免運 廚房 蔬菜 籃 置物架 小 推車 菜 架子 多層 落地 置物架 可,5
手推 車 TRENY 強化 折疊 手推 車 LOXIN 推車 板車 折疊,5
波蘭 Maylily 竹纖 雙面 推車 墊 多款 可選安琪兒 婦嬰,5
嬰兒 推車 掛件 玩具 搖鈴音 樂車夾 新生 兒 床掛 拱形 玩具 推車 玩具,5
CYBEXMOIS 推車 SironanZ 汽座 組,5
KIDMORY 特有 種 幸福 推車 置 物袋,5
MAXICOSI 荷蘭 Laika 推車 CabrioF,10
領券 再 折 300GLOBBER4 合 1 多功能 3 輪 推車,10
CYBEXMelio 推車 Aton5 汽座,5
折疊 購物車 升級 平拉 手推 車折疊 推車 露營 推車 菜 籃車 收,5
德國 Cybex 通用 款 推車 蚊帳 PriamMiosMe,5
台灣 現貨 送掛 勾三層 推車 置物 手推 車置物 推車 收納,20
嬰兒 推車 掛包 掛袋 推車 置 物袋 遛 娃 神器 置物 籃掛 籃杯 架,45
現貨 發票 全罩 立體式 拉鏈 嬰兒 推車 蚊帳 通用 加密 推車 蚊帳,5
功能性 防水 推車 掛袋 媽媽 包萬用 袋 推車 收納包 推車 包 推車,10
韓國 官方 授權 Chezbebe 正品 奶黃 小 虎刺 繡 純棉 推車 墊,5
LOVONGENIE 雙人 推車 雙寶組 嬰兒 推車 雙車 智,5
JoieLitetrax3 輪休 旅 推車 專用 蚊帳 奇哥 公司,5
大容量 內 防水 尿布 收納包 31x39cm 推車 包媽 媽包,5
台灣現 貨嬰 幼兒 推車 掛件 風鈴 掛件,5
UPPAbabyV2 置物籃 防水 罩 嬰幼 推車 配件,5
布里 時光 加密 推車 蚊帳 嬰兒車 蚊帳 推車 蚊 帳防 蚊 蚊 帳嬰,5
快樂媽媽 可 愛 小熊 造型 魔鬼 氈 推車掛 勾 韓國 Ins 小熊 推車 收,25
全館 台灣 現貨 唯美 花色 系列 竹纖維 雙層 紗布巾 蓋毯 推車,5
附電子 發票 新品 寶寶 U 型 枕 推車 枕頭 汽座 枕頭護頭 枕,80
LABaby 多功能 3D 涼感 推車 汽座 餐椅 座 墊 加長 型,10
預購 3 月 2 日出 貨寶寶購物 小 推車 玩具 收納車 手推 車 零食,10
奇哥 比得 兔安撫 推車 蓋毯 禮盒 2 色選擇,20
酷媽 咪 Vibebe 多功能 隔水 墊動物園 尿 墊 推車 坐墊汽,15
現貨 Costco 推車 配件 DCP0010 推車 掛袋 尾 兜,50
Effect 變形 兩段 式 摺 疊 推車 耐重 120KG 兩色 任選,5
樂邦 三層 摺 疊 小 推車 落地 推車 置物架 收納架 滾輪 推車,10
IKLOO 輕巧 三層 收納 推車 3 色,5
奇哥 抗 UV 推車 遮陽罩 1 入,5
PUKU 藍色 企鵝 PUKUA 皇家 雙向 推車 福利品,5
UPPAbabyCRUZ 置物籃 防水 罩 嬰幼 推車 配件,5
嬰兒 推車 手推 車寶寶推車 兒童 推車 輕 便 推車 溜 娃 神器 兒,10
現貨兒 童 推車 冰珠涼 墊 坐 墊 嬰兒護 頸 推車 棉墊 冰絲 推車 涼 蓆,30
Nipper 推車 雨罩,5
Nipper 旋轉 推車掛 勾 2 入組 推車 配件 掛勾,5
JAR 嚴選 優選拉 鍊 式 全罩 推車 蚊 帳防 蚊 全罩 蚊帳 雙向,10
現貨 收納 必備 嬰兒車 防塵套 推車 防塵套 推車 收納袋 嬰兒,5
有品 現貨 手推 車搬 運車 平板 車折疊 推車 烏龜 推車 拉,10
臺 中現 貨嬰 兒車 電風扇 嬰兒 車風扇 推車 風扇 推車 電風扇,10
分層 收納 手推 滾輪 置物 手推 車置 物籃 推車 工具 車推車,5
2023 全家 馬 來 貘 推車 福袋,5
台灣現 貨涼 而 不冰 推車 坐 墊 推車 涼 墊 推車 墊 安全 座椅 墊,70
JOOLZAer 空氣 旅行 嬰兒 推車 多款 可選輕 便 推車,5
韓國 Hajour 寶寶防 曬 涼感 透氣毯 防曬毯 被 毯 推車,5
美國 UPPAbabyVISTA 推車 輔助 踏板 安琪 兒婦 嬰百,5
TopTots 天才 萌寶嬰兒 推車 玩具 方向 盤 ToysRU,5
台灣 24h 出貨 折疊 購物車 可 平拉 置物 小 推車 免安裝 收納車,110
台灣 出貨 推車 收納架 手推 車置 物籃 手推 車推車 置物 推車,25
凱堡 多功能 角管 縫隙車 推車 置物架 有 籃款,5
尿 布袋 尿布 包 防水 包隔 尿 墊 尿布 收納袋 推車 掛袋 尿布 收,5
台灣 現貨 附電子 發票 高品 質輕 便 兒童 推車 高景觀 嬰兒 推車,10
THEBABYSHOPPLAYGRO 澳洲 培高 推車 座椅 玩具,10
台灣 24H 出貨 折疊 購物車 可 平拉 置物 小 推車 免安裝 收納車,60
24 小時 出貨 收納架 置物架 手推 車 浴室 置物架 推車,25
推車 坐 墊 推車 軟墊 加厚 推車 坐 墊 安全 座椅 坐墊 推車 冬季 暖 墊,10
推車 掛袋 推車 置 物袋 推車 收納袋 推車 收納 網袋 置物 網袋,5
台灣 現貨 置物架 掛勾 推車 掛鉤 S 掛勾 推車掛 勾露 營掛 勾,5
可議價 小童 話 天天 出 Jolly 推車 輕 便 型 摺 疊 手推,5
床中床 蚊帳 推車 蚊帳 推車 蚊帳 嬰兒車 蚊帳 嬰兒 蚊 帳寶寶,10
360 度 多功能 推車掛 勾 兩入 推車掛 勾 推車 掛鉤 汽車 椅背 掛鉤,5
六輪 新款 折疊式 輕巧 小 推車 收納 手推 車手拉車 烏龜車 買 菜,5
ikloo 宜酷 屋質 感三層 收納 推車 廚房 置物,5
台灣 現貨 實用 必備 推車 棉被 夾推車 夾推車 毛毯 夾推,45
奇哥 Joieaeria 三合一 推車 高景觀 手推 車送,5
寶貝家 收納 推車北 歐風置 物籃 手推 車置物 推車 置物架 收,5
5 瞬涼 QQ 推車 坐 墊 嬰兒 推車 坐 墊 寶寶推車 涼墊安,10
ikloo 宜酷 屋 好好 收納 12 格 玩具 推車 三色,5
台灣出 貨免 運 推車 雨罩 加大 款 雨罩 防風 雨罩 嬰兒 推車,25
欣康 SYNCON 推車 蚊帳 推車 雨罩,5
Chicco 加購價 推車 蚊帳,5
台灣出 貨免 運 推車 蚊帳 嬰兒車 蚊帳 手推 車蚊帳 加大 防蚊,65
Lovelybaby 嬰兒 推車 防風 防雨罩 推車 雨 遮 C12,5
現貨 發票 Vibebe 多功能 隔水 墊 閃 閃 星空 尿 墊 推車 坐,15
HOLA 和 樂 小 青蛙 推車 拱架 推車 汽座 拱架,10
奇哥 Joietourist 輕便型 休旅 推車 送杯 架 原,5
收納 推車 置物 推車 置物架 免安裝 推車 手推 車 置物架 收納架,10
廚房 收納架 附輪 浴室 置物架 推車 收納 推車 浴室 收納架 廁,5
現貨 可 超取 三層 推車 置物 手推 車 置物架 置物 推車 收納,5
好奇 兒童 遮陽 推車,5
Nizio 招福掌 隨身 枕 包巾 彌月 禮物 組可當 餵 乳 枕 推車 枕,5
Joieaeria 高景觀 三合一 推車 兩色 選擇,5
KEENZ7S 推車 豪華版 精裝版免 運費,10
新 錸 家居 三層 多功能 收納置物 推車 贈掛 勾 X4 手推 車 置物架,10
開立 發票 嬰兒車 手推 車蚊 帳立體 拉 鍊 蚊帳 嬰兒車 蚊帳 推車,40
Joietourist 自動 秒 收 推車 可 登機,5
贈滾 輪掛 勾 x4 玩具 收納架 推車 置物架 縫隙 置物架 滾輪,5
新北 現貨 M3B 輕便 手推 車寶寶嬰 幼兒 推車 溜 娃 遛 娃神,15
台灣現 貨折疊 推車 手推 車折疊 手拉車 摺 疊 推車 露營,5
福利品 小 瑕疵 推車 3D 透氣車 墊 汽座 涼 墊 NG 惜福 車墊 不,5
滿額免 運置物 手推 車收納架 碳 鋼耐重 收納 推車 三層,15
全館 台灣 現貨 可愛純 棉 床邊 推車 置物 收納袋 床邊 收納袋,20
2023 新款 竹纖維 包巾 推車 蓋 被 包巾 空氣毯涼 被 推車,5
英國 hybridpremiumcore 推車 雨罩 提籃,5
買 一送 一 迷你 USB 七彩 燈 夾式 推車 風扇 嬰兒車 夾式 電風,5
金 多多 耐重 20 公斤 菜 籃車 買 菜車 買 菜 推車 摺 疊 購物車,5
米 寶貝貝 Miraclebaby 加厚 單層 推車 透氣涼,10
台灣 公司 貨三層 推車 置物架 置物 推車 收納架 推車 收,50
現貨 蚊帳 單人 蚊帳 推車 蚊帳 摺 疊 蚊帳 嬰兒車,5
UPPAbabyMINU 他牌 汽座轉 接器 嬰幼 推車 配件,5
TD 韓版 嬰幼兒 推車 專用 媽咪包 多功能 推車 掛袋 收納袋 推車,5
dreamypet360 度 多功能 推車 勾 推車 掛鉤 360 度,5
台灣 現貨 推車 掛鉤 汽車 掛鉤 360 度旋轉 推車 掛鉤 推車 置,10
現貨床 掛床 繞 JJOVCE 星星 月亮 床繞 推車 掛件,10
台灣 現貨 新品 折扣 推車 坐 墊 推車 墊 冬季 款 冬季 推車 棉墊,10
韓國 Lieto3DAirMesh 超透氣 推車 涼 墊,5
嬰兒 推車 平板 電腦架 推車 平板 架 外出 必備,5
現貨 24H 出貨 超商 免運 加密 網眼 兒童 推車 蚊帳 蚊帳 推車,5
二輪 推車 彎管 10 風輪 推車 圓斗 雙輪 手推 車菜車,5
現貨 附發票 360 度旋轉 推車 掛鉤 推車 置物 勾 嬰兒 車掛 勾,5
佳工坊 加大 摺 疊 6 輪 平板 手拉 推車 購物車 萬用車,5
台灣現 貨附 發票 推車 掛鉤 推車掛 勾 多功能 360 旋轉,5
北歐 手推 多層 置物 收納 推車 2 入 收納架 置物架 收納 推車,5
折疊式 四輪 萬用 購物 手推 車木蓋款 購物 車置物 推車 折疊拉,5
KIDMORY 推車 置 物袋,5
遛 娃 神器 寶寶 手推 車輕 便 推車 兒童 推車 手推 車嬰兒 推車,5
奇哥 Joieevaliteduo 雙人 推車 前 扶手 後,5
NIPPER 推車 汽座 兩用 透氣 墊 河馬,5
預購 111 寶寶購物 小 推車 玩具 收納車 手推 車 零食 收納箱,10
JapanStar 日本 星雙層 購物 推車 可 完整 摺 疊 收納,5
新北 現貨 M3 輕便 手推 車寶寶嬰 幼兒 推車 溜 娃 遛 娃 神器,5
Simba 小獅王 多功能 手推 車旋 轉掛 勾多色 可選 推車 掛鉤,5
新品 上架 寬版 六格 玩具 收納 推車 多彩 收納 推車 玩具 收納,5
Joielitetrax4 時尚 運動 推車,10
秋冬 必備 Muslintree 六層 竹纖維 推車 蓋,5
荷蘭 BugabooAnt 推車 專用 背帶 出清價 299 售完 不,5
奇哥 Joieaeria 三合一 推車 高景觀 手推 車送 奇,5
台灣 24H 免運速 發嬰兒 推車 手機 支架 寶寶 外出 手推 車,20
台灣 現貨 嬰兒 推車 掛鉤 推車 防護掛 勾 魔術 貼掛 鉤 防風掛 勾,5
推車 網袋 遛 娃 神器 黑色 網兜 雙層 嬰兒 推車 網狀 掛袋 收納袋,5
Joieaeria 高景觀 三合一 推車 碳 灰色,5
現貨 24H 寄出 嬰兒車 蚊帳 推車 蚊帳 搖籃 蚊帳 遮 手推 車蚊,5
台灣 現貨 發票 嬰兒 推車 掛鉤 推車 防護掛 勾 魔術 貼掛 鉤 防,10
賣場 2 空調 安撫 豆毯顆 粒安撫毯 推車 蓋毯 幼稚 園 被子 米奇,10
台灣 現貨 日式 小掛 籃 推車 掛籃 掛式 深筆 筒 推車 小掛 籃簡,10
辦 公文 具收納 推車 RH1926,5
ZooperICEPOP 冰冰 涼感 墊 推車 汽座 座 墊,5
Dagebeno 荷 生活 DIY 懶人 收納 推車 置物架 萬向 輪加,5
寶寶購物 小 推車 玩具 收納車 手推 車 零食 收納箱,10
台灣 現貨 福利品 大出 清輕 便 兒童 外出 推車 傘車 必備 溜 娃,5
台灣現 貨附 發票 嬰兒 推車 掛袋 推車 掛包 推車 置 物袋 推車,5
chicco 推車 專利導流 透氣 軟墊 3DAirMesh 適,5
嬰兒 推車 雨罩 防風 防雨 推車 罩 避免 飛沫 食品 級 無毒 無異味,5
ChiccoLondon 輕便 推車 傘車 幾何 黑熱浪 藍,5
LittleLife 推車 杯座,5
Maylily 波蘭 推車 配件 竹纖 推車 安全 帶 保護套 多款 可,5
Joietourist 自動 秒 收 推車 JBB10200A 灰,5
UPPAbabyCRUZV2 推車 輔助 踏板 嬰幼 推車配,5
日式 帶蓋 抽屜 置物 推車,5
