item_name,item
綜合莓 起司 風味星 冰樂,5
草莓 派 風味星 冰樂 20230311f2sn7lkq,5
草莓 派 風味星 冰樂 20230419e5bd6j55,5
草莓 派 風味星 冰樂 20230411b1wimcvr,5
草莓 派 風味星 冰樂 20230424l6t4ggad,5
草莓 派 風味星 冰樂 20230312x3apnb6a,5
草莓 派 風味星 冰樂 20230426f5wj37w9,5
草莓 派 風味星 冰樂 20230429e4jpflke,5
草莓 派 風味星 冰樂 20230303fvrpkv7u,5
草莓 派 風味星 冰樂 20230301s0bqr4jb,5
草莓 派 風味星 冰樂 20230409q2yjqhus,5
草莓 派 風味星 冰樂 20230319l157iy3e,5
草莓 派 風味星 冰樂 20230310j3esgmo5,5
草莓 派 風味星 冰樂 20230305s3ts6mxm,5
草莓 派 風味星 冰樂 20230319b9zs4dsc,5
草莓 派 風味星 冰樂 20230420edcnhike,5
草莓 派 風味星 冰樂 20230312x2bdydr7,5
草莓 派 風味星 冰樂 20230417x5ao8nwd,5
草莓 派 風味星 冰樂 20230302koouhdkk,5
草莓 派 風味星 冰樂 20230426r5crg88g,5
草莓 派 風味星 冰樂 20230416f9yg6504,5
草莓 派 風味星 冰樂 20230423e7gnhus7,5
草莓 派 風味星 冰樂 20230427i3yyuwoe,5
草莓 派 風味星 冰樂 20230428n8fi6e9x,5
草莓 派 風味星 冰樂 20230415q6hece1d,5
草莓 派 風味星 冰樂 20230422n9oflm20,5
草莓 派 風味星 冰樂 20230321b9zsxr6u,5
草莓 派 風味星 冰樂 20230401f1sqd9id,5
草莓 派 風味星 冰樂 20230423x6fj79ia,5
草莓 派 風味星 冰樂 20230426r0nc19mf,5
草莓 派 風味星 冰樂 20230305o9hh9jvr,5
草莓 派 風味星 冰樂 20230417b7khq4ux,5
草莓 派 風味星 冰樂 20230311e5bdx1hn,5
草莓 派 風味星 冰樂 20230416e4cwl0qh,5
草莓 派 風味星 冰樂 20230317c6wl6mgc,5
草莓 派 風味星 冰樂 20230307y1ntexxj,5
草莓 派 風味星 冰樂 20230314m6ws1c52,5
草莓 派 風味星 冰樂 20230319s7ur92e2,5
草莓 派 風味星 冰樂 20230312k0weq1g9,5
草莓 派 風味星 冰樂 20230407g6mz5ct3,5
草莓 派 風味星 冰樂 20230301q4yt5rel,5
草莓 派 風味星 冰樂 20230301j3esa91w,5
草莓 派 風味星 冰樂 20230303e3nyg7qc,5
草莓 派 風味星 冰樂 20230317n9of7ro6,5
草莓 派 風味星 冰樂 20230327x8pserlh,5
草莓 派 風味星 冰樂 20230416e4jpd7d7,5
草莓 派 風味星 冰樂 20230403j5gg1b71,5
草莓 派 風味星 冰樂 20230313v7tfuxih,5
草莓 派 風味星 冰樂 20230428n4lxyxoc,5
草莓 派 風味星 冰樂 20230308v7tfshtj,5
草莓 派 風味星 冰樂 20230302b9zsf76p,5
草莓 派 風味星 冰樂 20230421a3ihwq0g,5
草莓 派 風味星 冰樂 20230312b1fjy4i7,5
草莓 派 風味星 冰樂 20230417nwmrq8f2,5
草莓 派 風味星 冰樂 20230303o4vyw53n,5
草莓 派 風味星 冰樂 20230427j0kzxfyc,5
草莓 派 風味星 冰樂 20230330ki98ez38,5
草莓 派 風味星 冰樂 20230301y3ufx7g9,5
草莓 派 風味星 冰樂 20230407b9vy290p,5
草莓 派 風味星 冰樂 20230314q9wtbbru,5
草莓 派 風味星 冰樂 20230406f3nojx22,5
草莓 派 風味星 冰樂 20230328n8cuf7ks,5
草莓 派 風味星 冰樂 20230328y1byacw3,5
草莓 派 風味星 冰樂 20230425c6wlmpno,5
草莓 派 風味星 冰樂 20230310x7gxol2s,5
草莓 派 風味星 冰樂 20230421s9tgnusi,5
草莓 派 風味星 冰樂 20230416o7tx0437,5
草莓 派 風味星 冰樂 20230308b7khandz,5
草莓 派 風味星 冰樂 20230313l7wwkxkm,5
草莓 派 風味星 冰樂 20230310m1zu1gzl,5
草莓 派 風味星 冰樂 20230307e9huawzc,5
草莓 派 風味星 冰樂 20230423m6qm3cd2,5
草莓 派 風味星 冰樂 20230427t5ybsml5,5
草莓 派 風味星 冰樂 20230304s7ur116m,5
草莓 派 風味星 冰樂 20230402mbv8a04t,5
草莓 派 風味星 冰樂 20230429r5crfied,5
草莓 派 風味星 冰樂 20230308l157bb54,5
草莓 派 風味星 冰樂 20230316e0ps897w,5
草莓 派 風味星 冰樂 20230308j3esdoa9,5
草莓 派 風味星 冰樂 20230314u4ep6c3m,5
草莓 派 風味星 冰樂 20230310c9eibhsm,5
草莓 派 風味星 冰樂 20230319b5iwb1nd,5
草莓 派 風味星 冰樂 20230316f1ey1wb9,5
草莓 派 風味星 冰樂 20230305x2em3s6a,5
草莓 派 風味星 冰樂 20230318h9rifbmf,5
草莓 派 風味星 冰樂 20230314o4vdi7hw,5
草莓 派 風味星 冰樂 20230308x3apvmnv,5
草莓 派 風味星 冰樂 20230323u7fql7z6,5
草莓 派 風味星 冰樂 20230322y9i0jo3m,5
草莓 派 風味星 冰樂 20230305b9uhtnxu,5
草莓 派 風味星 冰樂 20230318m6wswgw0,5
草莓 派 風味星 冰樂 20230303m3vp4g3h,5
草莓 派 風味星 冰樂 20230304n3rthgub,5
草莓 派 風味星 冰樂 20230317s9tgvgat,5
草莓 派 風味星 冰樂 20230309i3lalylo,5
草莓 派 風味星 冰樂 20230323n5rghjfj,5
草莓 派 風味星 冰樂 20230318g6mrfy02,5
草莓 派 風味星 冰樂 20230320x5aolzzj,5
草莓 派 風味星 冰樂 20230317a8jro5p6,5
草莓 派 風味星 冰樂 20230423p1tbbv75,5
草莓 派 風味星 冰樂 20230314a1gabys6,5
草莓 派 風味星 冰樂 20230308y9i0fo1y,5
草莓 派 風味星 冰樂 20230309n3rt0fi7,5
草莓 派 風味星 冰樂 20230307b9zs7wqr,5
