item_name,item
葡萄 風味 吸吸 冰,10
特 製 沙 瓦 葡萄 風味,100
團樂天 優格 風味 碳,65
CHUHI 調酒 抹 茶 風味,50
抹 茶 風味 拿 鐵 20230119wvzm0xpf,5
團冰族 沙士 風味,270
NOKCHAWON 藍莓 風味 冰茶 170ml,10
冰 榛果 風味 杏仁 奶 那堤 單一價,780
PONTI 熱那亞 風味 青醬 135g135g,10
抹 茶 風味 拿 鐵 20230120hwiy3gdx,5
焦糖 風味 一份,2245
鹹 焦糖 風味 一份,3520
延世大學 香蕉 風味 保久 調味 乳 190ml6 入裝,5
Ponti 熱那亞 風味 青醬 135g,5
樂天 優格 風味 碳酸 飲 250ml,15
免運 現貨 Deka 甜麥仁 焦糖 風味 150G 獨立 包裝,5
抹 茶 風味 拿 鐵 20230314fg1suxlv,5
抹 茶 風味 拿 鐵 20230319ixs3amjy,5
