item_name,item
摩卡 可可 碎片 星冰樂 20220916k3cn5rli,5
摩卡 可可 碎片 星冰樂 20220921t0swx4im,5
摩卡 可可 碎片 星冰樂 20220925t198elx1,5
摩卡 可可 碎片 星冰樂 20220903f5azl7m7,5
摩卡 可可 碎片 星冰樂 20220924n4noumfl,5
摩卡 可可 碎片 星冰樂 20220923x2bd73a3,5
摩卡 可可 碎片 星冰樂 20220915i7oa4py0,5
摩卡 可可 碎片 星冰樂 20220917e4jp725c,5
摩卡 可可 碎片 星冰樂 20220910jz2iajbb,5
摩卡 可可 碎片 星冰樂 20220901l7ti08mu,5
摩卡 可可 碎片 星冰樂 20220923a7ge50hh,5
摩卡 可可 碎片 星冰樂 20220923f1sqpn0l,5
摩卡 可可 碎片 星冰樂 20220927b1fj7zo9,5
摩卡 可可 碎片 星冰樂 20220919a3ih852z,5
摩卡 可可 碎片 星冰樂 20220921b7mg73ef,5
摩卡 可可 碎片 星冰樂 20220920j3rnsq2j,5
摩卡 可可 碎片 星冰樂 20220903r4arni26,5
摩卡 可可 碎片 星冰樂 20220916wfx4bh4t,5
摩卡 可可 碎片 星冰樂 20221001b7uev8n8,5
摩卡 可可 碎片 星冰樂 20221029q3lg17ji,5
摩卡 可可 碎片 星冰樂 20220903g6xgp65y,5
摩卡 可可 碎片 星冰樂 20221025b1fjvbez,5
摩卡 可可 碎片 星冰樂 20220920o4vyptmq,5
摩卡 可可 碎片 星冰樂 20220918y1byo8i9,5
摩卡 可可 碎片 星冰樂 20220923h1hi02x3,5
摩卡 可可 碎片 星冰樂 20220914p4hv5n4h,5
摩卡 可可 碎片 星冰樂 20220922j0kzg5lv,5
摩卡 可可 碎片 星冰樂 20220903f4fqab3j,5
摩卡 可可 碎片 星冰樂 20220909p6ffl5d3,5
摩卡 可可 碎片 星冰樂 20220917g6xgvkj3,5
摩卡 可可 碎片 星冰樂 20220918b5ffkwyv,5
摩卡 可可 碎片 星冰樂 20220909b4uf6jzl,5
摩卡 可可 碎片 星冰樂 20220918e0jnjus4,5
摩卡 可可 碎片 星冰樂 20220923m1oodcvt,5
摩卡 可可 碎片 星冰樂 20220915y4ppddkc,5
摩卡 可可 碎片 星冰樂 20220917f1sqdtx7,5
摩卡 可可 碎片 星冰樂 20220921r2nsjugx,5
摩卡 可可 碎片 星冰樂 20220902e0qcxtmi,5
摩卡 可可 碎片 星冰樂 20220910j5gg2mk7,5
摩卡 可可 碎片 星冰樂 20220901j0kz3myh,5
摩卡 可可 碎片 星冰樂 20220928q4yt089a,5
摩卡 可可 碎片 星冰樂 20220923k9dy60j6,5
摩卡 可可 碎片 星冰樂 20220912f3no9f4d,5
摩卡 可可 碎片 星冰樂 20220918e9hu3f7m,5
摩卡 可可 碎片 星冰樂 20220907gptq7nin,5
摩卡 可可 碎片 星冰樂 20220923h1us0noz,5
摩卡 可可 碎片 星冰樂 20220923l6viwh4s,5
摩卡 可可 碎片 星冰樂 20221001r3gpbuzi,5
摩卡 可可 碎片 星冰樂 20221011f5wj6xvf,5
摩卡 可可 碎片 星冰樂 20221002s3tsro4s,5
摩卡 可可 碎片 星冰樂 20221006e9as7c0m,5
摩卡 可可 碎片 星冰樂 20221025e0qcwo1q,5
摩卡 可可 碎片 星冰樂 20221028n4lxb166,5
摩卡 可可 碎片 星冰樂 20221001k2bl88a2,5
摩卡 可可 碎片 星冰樂 20221007f6cxfadk,5
摩卡 可可 碎片 星冰樂 20221002i3laslh8,5
摩卡 可可 碎片 星冰樂 20221025i0trmm73,5
摩卡 可可 碎片 星冰樂 20220908b5dstdkk,5
摩卡 可可 碎片 星冰樂 20220904q6he1kvr,5
摩卡 可可 碎片 星冰樂 20220908t0sw49tc,5
摩卡 可可 碎片 星冰樂 20220912f1sqsmv2,5
摩卡 可可 碎片 星冰樂 20220923c8wpxlia,5
摩卡 可可 碎片 星冰樂 20220907r4arwix2,5
摩卡 可可 碎片 星冰樂 20220906h0yp9g4i,5
摩卡 可可 碎片 星冰樂 20220922dn0b9gkq,5
摩卡 可可 碎片 星冰樂 20221029x7ejqqra,5
摩卡 可可 碎片 星冰樂 20221007i3yycdbm,5
摩卡 可可 碎片 星冰樂 20221020u6hhdgez,5
摩卡 可可 碎片 星冰樂 20221012x3ap517g,5
摩卡 可可 碎片 星冰樂 20220930f6cxh3c1,5
摩卡 可可 碎片 星冰樂 20220912c9gahimd,5
摩卡 可可 碎片 星冰樂 20221014hpbzr5ti,5
摩卡 可可 碎片 星冰樂 20221023e4cww06y,5
摩卡 可可 碎片 星冰樂 20221028i3lax87l,5
摩卡 可可 碎片 星冰樂 20220921e3tvctym,5
摩卡 可可 碎片 星冰樂 20221007k2jmx95r,5
摩卡 可可 碎片 星冰樂 20221022v5xscncn,5
摩卡 可可 碎片 星冰樂 20221008e0qc9u4m,5
摩卡 可可 碎片 星冰樂 20221009b1wix5vn,5
摩卡 可可 碎片 星冰樂 20221007u6gc4wi2,5
摩卡 可可 碎片 星冰樂 20221028e3tv0zx6,5
摩卡 可可 碎片 星冰樂 20221004t0wcmecz,5
摩卡 可可 碎片 星冰樂 20221006f5wjz3eu,5
摩卡 可可 碎片 星冰樂 20221014b5ffjdhi,5
摩卡 可可 碎片 星冰樂 20221015e6vfo9wt,5
摩卡 可可 碎片 星冰樂 20221001f7qtxhcz,5
摩卡 可可 碎片 星冰樂 20221010c9eigc4m,5
摩卡 可可 碎片 星冰樂 20221015t1kcae53,5
摩卡 可可 碎片 星冰樂 20221028e4jpg9a7,5
摩卡 可可 碎片 星冰樂 20221028y4ppt2nj,5
摩卡 可可 碎片 星冰樂 20221029u1peeypl,5
摩卡 可可 碎片 星冰樂 20221026t0sw4xiw,5
摩卡 可可 碎片 星冰樂 20221007hm13wev6,5
摩卡 可可 碎片 星冰樂 20221028i3yyznzr,5
摩卡 可可 碎片 星冰樂 20221018j3rnhmgf,5
摩卡 可可 碎片 星冰樂 20221004i2eo20uq,5
摩卡 可可 碎片 星冰樂 20220910v2qubuwe,5
摩卡 可可 碎片 星冰樂 20221015m8tgsa4q,5
摩卡 可可 碎片 星冰樂 20221022t5ybeybs,5
摩卡 可可 碎片 星冰樂 20221012l1mzrfvi,5
摩卡 可可 碎片 星冰樂 20221031gptq83eo,5
摩卡 可可 碎片 星冰樂 20221027h1hitlzb,5
摩卡 可可 碎片 星冰樂 20221008k1qk63ag,5
摩卡 可可 碎片 星冰樂 20221014nkpgax0m,5
摩卡 可可 碎片 星冰樂 20221020f7uaj0s6,5
摩卡 可可 碎片 星冰樂 20221003i0trrpxb,5
摩卡 可可 碎片 星冰樂 20221016u3mw2p6z,5
摩卡 可可 碎片 星冰樂 20221022j3rne363,5
摩卡 可可 碎片 星冰樂 20221007k7vnmv6w,5
摩卡 可可 碎片 星冰樂 20221004b9vycpui,5
摩卡 可可 碎片 星冰樂 20221025pg974nd8,5
摩卡 可可 碎片 星冰樂 20221027b7mgil1w,5
摩卡 可可 碎片 星冰樂 20221004hm13frnt,5
摩卡 可可 碎片 星冰樂 20221013e1vn2ufs,5
摩卡 可可 碎片 星冰樂 20221001b8kius29,5
摩卡 可可 碎片 星冰樂 20221007b2idl95t,5
摩卡 可可 碎片 星冰樂 20221012c8wpvw8o,5
摩卡 可可 碎片 星冰樂 20221014s9mrrdk8,5
摩卡 可可 碎片 星冰樂 20221002bwoalcff,5
摩卡 可可 碎片 星冰樂 20221002n6alaihr,5
摩卡 可可 碎片 星冰樂 20221012f6cx6lgq,5
摩卡 可可 碎片 星冰樂 20221002t3akh2uq,5
摩卡 可可 碎片 星冰樂 20221007n1f8rrny,5
摩卡 可可 碎片 星冰樂 20221002f9hly4ai,5
摩卡 可可 碎片 星冰樂 20221031wfm9la0u,5
摩卡 可可 碎片 星冰樂 20221005b2fvilsi,5
摩卡 可可 碎片 星冰樂 20221023c5f91t1v,5
摩卡 可可 碎片 星冰樂 20221031p1tb7y5k,5
摩卡 可可 碎片 星冰樂 20221014j0kzjf5d,5
摩卡 可可 碎片 星冰樂 20221023v4rn3484,5
