clusterName_0,clusterNum_0,clusterName_1,clusterNum_1,clusterName_2,clusterNum_2,clusterName_3,clusterNum_3,clusterName_4,clusterNum_4,clusterName_5,clusterNum_5,clusterName_6,clusterNum_6,clusterName_7,clusterNum_7,clusterName_8,clusterNum_8,clusterName_9,clusterNum_9
清潔,588180,現貨,255255,噴霧,519085,日本,244745,手套,274420,拖把,248370,垃圾桶,94250,菜瓜布,401235,入,622900,抹布,221340
日用,270250,台灣,182820,風倍,241295,製,41155,M,37035,拖,37720,感應,6565,海綿,157440,5,538205,吸水,69290
百貨類,270190,出貨,96695,除菌,238545,芳香,30245,OP,32565,1,35685,按,4315,百利,154140,回饋,530210,珊瑚,41780
5,255830,24H,91015,清織物,232670,現貨,28310,乳膠,21720,平板,28270,壓式,3970,餐具,66780,金,508890,擦,32805
零食,205915,購物,76225,消臭,226505,JohnsBlend,21895,絨裡,19670,組,24935,垃圾,3875,專用,60675,香氛,493940,絨,32690
保健食品,204640,小麥,57525,M,166465,香氛,19320,妙潔,19070,包,23455,垃圾袋,3825,洗碗,41940,衣物,469660,洗碗,28025
類,204095,刷,32770,370ML,150030,噴霧,18380,百利,18195,架,22260,12L,3485,3M,40535,機,450605,毛巾,25180
家庭,199100,發票,26860,370ml,61895,山藥,15940,L,17030,補充,20855,台灣,3470,楓康,39860,打火,450320,布,24260
