item_name,item
甲霸 大熱狗,4245
大熱狗 軟糖 30g,3510
大熱狗 卜蜂,155
富統 大熱狗 200g 包 200g 包,1235
國產 原味 大熱狗,41370
YUPI 大熱狗 軟糖 30g 愛買,35
S 大熱狗 軟糖 32g,1315
台 畜甲霸 大熱狗 700g700g 包 10 支,10
富統 大熱狗,1535
丹麥 大熱狗,82485
聖丹麥 大熱狗,15
YUPI 大熱狗 潛艇 堡 熱狗堡 大亨 堡 速食 造型 軟糖,5
大熱狗 麵 包,10
大熱狗 軟糖,10
快速 出貨 現貨 QQINU 台畜 大熱狗 甲霸 大熱狗 2,10
YuPi 大熱狗 軟糖 28g,960
台 畜甲霸 大熱狗 700g 原味 700g 包 10 支,280
照燒 大熱狗,3840
YUPI 大熱狗 軟糖 32g,5
Yapi 大熱狗 軟糖,5
Yupi 大熱狗 軟糖,5
富統 大熱狗 200g 包 778393,5
