item_name,item
美式 花生 牛肉 堡 套餐 20221109agem862q,5
美式 花生 牛肉 堡 套餐,315
美式 花生 牛肉 堡 套餐 20221110y4rtfagb,5
美式 花生 牛肉 堡 套餐 20221122spgucnn7,5
美式 花生 牛肉 堡 套餐 20221117w4to45dl,5
美式 花生 牛肉 堡 套餐 20221121f0sa2uqu,5
美式 花生 牛肉 堡 套餐 20221109y0no9w8l,5
美式 花生 牛肉 堡 套餐 20221106o1emjrec,5
美式 花生 牛肉 堡 套餐 20221111f4uro6h2,5
美式 花生 牛肉 堡 套餐 20221101y9bvri0l,5
美式 花生 牛肉 堡 套餐 20221116y6hfa2kw,5
美式 花生 牛肉 堡 套餐 20221112l68tpfvo,5
美式 花生 牛肉 堡 套餐 20221109e4pfepkv,5
美式 花生 牛肉 堡 套餐 20221122d2pk9jj8,5
美式 花生 牛肉 堡 套餐 20221128wsa9wxxf,5
美式 花生 牛肉 堡 套餐 20221110y3ih6071,5
美式 花生 牛肉 堡 套餐 20221104w1ehn8ro,5
美式 花生 牛肉 堡 套餐 20221128m8td1gr8,5
美式 花生 牛肉 堡 套餐 20221128z861dzn1,5
美式 花生 牛肉 堡 套餐 20221106spguhv4s,5
美式 花生 牛肉 堡 套餐 20221119y7yjq3pc,5
美式 花生 牛肉 堡 套餐 20221102jesy684m,5
美式 花生 牛肉 堡 套餐 20221110l68tebe5,5
美式 花生 牛肉 堡 套餐 20221126y6hfg75d,5
美式 花生 牛肉 堡 套餐 20221127z8614a2f,5
美式 花生 牛肉 堡 套餐 20221103y4hpix7g,5
美式 花生 牛肉 堡 套餐 20221114r5dcmc87,5
美式 花生 牛肉 堡 套餐 20221112l68ttm5b,5
美式 花生 牛肉 堡 套餐 20221106k6x0f2zp,5
美式 花生 牛肉 堡 套餐 20221113e1x4mbjk,5
美式 花生 牛肉 堡 套餐 20221109qhsy9p5b,5
美式 花生 牛肉 堡 套餐 20221114agem4efq,5
美式 花生 牛肉 堡 套餐 20221103w4tojt9c,5
美式 花生 牛肉 堡 套餐 20221119z861gr5s,5
美式 花生 牛肉 堡 套餐 20221119b7ebxlsp,5
美式 花生 牛肉 堡 套餐 20221126w4tophdd,5
美式 花生 牛肉 堡 套餐 20221112l5uuwb1q,5
美式 花生 牛肉 堡 套餐 20221105w4to21l2,5
美式 花生 牛肉 堡 套餐 20221111r5dc1svw,5
美式 花生 牛肉 堡 套餐 20221101qhsy5imm,5
美式 花生 牛肉 堡 套餐 20221109y0tc92ou,5
美式 花生 牛肉 堡 套餐 20221104g6bogauq,5
美式 花生 牛肉 堡 套餐 20221111z9vqc296,5
美式 花生 牛肉 堡 套餐 20221120kx8i4972,5
美式 花生 牛肉 堡 套餐 20221124b4bsa71h,5
美式 花生 牛肉 堡 套餐 20221106o1emy6nx,5
美式 花生 牛肉 堡 套餐 20221110w0qtydl1,5
美式 花生 牛肉 堡 套餐 20221111hfhoiuxc,5
美式 花生 牛肉 堡 套餐 20221101jesyw8qv,5
美式 花生 牛肉 堡 套餐 20221126ca7isg0s,5
美式 花生 牛肉 堡 套餐 20221128o1emlkl7,5
美式 花生 牛肉 堡 套餐 20221113agemq2mm,5
美式 花生 牛肉 堡 套餐 20221128f4urptl1,5
美式 花生 牛肉 堡 套餐 20221118ngdrtoiw,5
美式 花生 牛肉 堡 套餐 20221109gvl85q0p,5
美式 花生 牛肉 堡 套餐 20221101ngdrv1ys,5
美式 花生 牛肉 堡 套餐 20221122ca7ibr16,5
美式 花生 牛肉 堡 套餐 20221128ayj4l865,5
美式 花生 牛肉 堡 套餐 20221124o1em7e7m,5
美式 花生 牛肉 堡 套餐 20221117z1ru4tfj,5
美式 花生 牛肉 堡 套餐 20221111o1emknrz,5
美式 花生 牛肉 堡 套餐 20221103w4sclmzi,5
美式 花生 牛肉 堡 套餐 20221105d2pk3ifn,5
美式 花生 牛肉 堡 套餐 20221105y9bvoble,5
美式 花生 牛肉 堡 套餐 20221123d2pk9rj9,5
美式 花生 牛肉 堡 套餐 20221119y1ti0otw,5
美式 花生 牛肉 堡 套餐 20221123fc4x1e2j,5
美式 花生 牛肉 堡 套餐 20221109z8617h6y,5
美式 花生 牛肉 堡 套餐 20221124y7zmkp44,5
