item_name,item
美式 花生 雙層 脆雞堡 套餐 20221105ayj4ey,5
美式 花生 雙層 脆雞堡 套餐 20221106z861li,5
美式 花生 雙層 脆雞堡 套餐 20221104jesyje,5
美式 花生 雙層 脆雞堡 套餐 20221119y3ihj9,5
美式 花生 雙層 脆雞堡 套餐 20221125y7zm6q,5
美式 花生 雙層 脆雞堡 套餐 20221101agemex,5
美式 花生 雙層 脆雞堡 套餐 20221119y6hfox,5
美式 花生 雙層 脆雞堡 套餐 20221126y0tcg8,5
美式 花生 雙層 脆雞堡 套餐 20221126y6hf8z,5
美式 花生 雙層 脆雞堡 套餐 20221128y3ih1d,5
美式 花生 雙層 脆雞堡 套餐 20221127z3fuei,5
美式 花生 雙層 脆雞堡 套餐 20221110r5dc6o,5
美式 花生 雙層 脆雞堡 套餐 20221107th8fot,5
美式 花生 雙層 脆雞堡 套餐 20221113d2pk6w,5
美式 花生 雙層 脆雞堡 套餐 20221111jesyky,5
美式 花生 雙層 脆雞堡 套餐 20221113e4pfrn,5
美式 花生 雙層 脆雞堡 套餐 20221102w4scyz,5
美式 花生 雙層 脆雞堡 套餐 20221120ayj4v6,5
美式 花生 雙層 脆雞堡 套餐 20221129ca7i73,5
美式 花生 雙層 脆雞堡 套餐 20221129y3ih1a,5
美式 花生 雙層 脆雞堡 套餐 20221103y1ticq,5
美式 花生 雙層 脆雞堡 套餐 20221111ngdrcc,5
美式 花生 雙層 脆雞堡 套餐 20221128kx8i42,5
美式 花生 雙層 脆雞堡 套餐 20221112o1emeg,5
美式 花生 雙層 脆雞堡 套餐 20221103l68tjq,5
美式 花生 雙層 脆雞堡 套餐 20221107ayj4ni,5
美式 花生 雙層 脆雞堡 套餐 20221129nko5fv,5
美式 花生 雙層 脆雞堡 套餐 20221128qvfhb1,5
美式 花生 雙層 脆雞堡 套餐 20221104d5rslh,5
美式 花生 雙層 脆雞堡 套餐 20221102y1ozbq,5
美式 花生 雙層 脆雞堡 套餐 20221107y4khw1,5
美式 花生 雙層 脆雞堡 套餐 20221111y1vp9r,5
美式 花生 雙層 脆雞堡 套餐 20221101r5dc5y,5
美式 花生 雙層 脆雞堡 套餐 20221106f9xs18,5
美式 花生 雙層 脆雞堡 套餐 20221103w4tohj,5
美式 花生 雙層 脆雞堡 套餐 20221124y7zmwn,5
美式 花生 雙層 脆雞堡 套餐 20221106fc4xiq,5
美式 花生 雙層 脆雞堡 套餐 20221129qhsyg7,5
美式 花生 雙層 脆雞堡 套餐 20221129f0sao4,5
美式 花生 雙層 脆雞堡 套餐 20221125z86167,5
美式 花生 雙層 脆雞堡 套餐 20221111dfkqaa,5
美式 花生 雙層 脆雞堡 套餐 20221104qvfh4w,5
美式 花生 雙層 脆雞堡 套餐 20221120y1ti59,5
美式 花生 雙層 脆雞堡 套餐 20221128f4urnr,5
美式 花生 雙層 脆雞堡 套餐 20221104b4bsje,5
美式 花生 雙層 脆雞堡 套餐 20221106y6hfww,5
美式 花生 雙層 脆雞堡 套餐 20221112y4khb6,5
美式 花生 雙層 脆雞堡 套餐 20221108szptwd,5
美式 花生 雙層 脆雞堡 套餐 20221127th8f4s,5
美式 花生 雙層 脆雞堡 套餐 20221102y6hfum,5
美式 花生 雙層 脆雞堡 套餐 20221123y1oz40,5
美式 花生 雙層 脆雞堡 套餐 20221116y3ihwz,5
美式 花生 雙層 脆雞堡 套餐 20221123y4rtve,5
美式 花生 雙層 脆雞堡 套餐 20221125y3iheg,5
美式 花生 雙層 脆雞堡 套餐 20221123spguyt,5
美式 花生 雙層 脆雞堡 套餐 20221107d2pklf,5
美式 花生 雙層 脆雞堡 套餐 20221106poscgo,5
美式 花生 雙層 脆雞堡 套餐 20221127szptlk,5
美式 花生 雙層 脆雞堡 套餐 20221112poscfh,5
美式 花生 雙層 脆雞堡 套餐 20221112zolfo5,5
美式 花生 雙層 脆雞堡 套餐 20221125y3ihbq,5
美式 花生 雙層 脆雞堡 套餐 20221117poscqf,5
美式 花生 雙層 脆雞堡 套餐 20221110r5dcvb,5
美式 花生 雙層 脆雞堡 套餐 20221113y1vpxy,5
美式 花生 雙層 脆雞堡 套餐 20221127poscm7,5
美式 花生 雙層 脆雞堡 套餐 20221104agem9x,5
美式 花生 雙層 脆雞堡 套餐 20221104w1ehkb,5
美式 花生 雙層 脆雞堡 套餐 20221130y4hpjr,5
美式 花生 雙層 脆雞堡 套餐 20221127y4hpsp,5
美式 花生 雙層 脆雞堡 套餐 20221111w1ehxd,5
美式 花生 雙層 脆雞堡 套餐 20221125y9bvp9,5
美式 花生 雙層 脆雞堡 套餐 20221110e4pfih,5
美式 花生 雙層 脆雞堡 套餐 20221108agemwt,5
美式 花生 雙層 脆雞堡 套餐 20221117nko5w9,5
