item_name,item
重磅 培根 雙層 辣雞腿堡 套餐 20221103d2pk8,5
S 買 Calbee 熱浪香 辣味 薯片 55g,1350
韓式 辣味 大熱狗,255
炭火 MAX 雙牛堡 套餐,5
辣味 摩斯 吉士 漢堡 N,6140
辣味 雙層 華堡 單點,350
辣味 摩斯 吉士 漢堡 牛,30
雙層 辣味 摩斯 吉士 堡,560
韓式 辣味 大熱狗 大亨 堡,100
辣味 摩斯 漢堡 牛,10
辣味 小華堡,470
雙層 辣味 摩斯 漢堡,15
重磅 培根 雙層 辣雞腿堡 套餐 20221107qvfhq,5
重磅 培根 雙層 辣雞腿堡 套餐 20221103ngdro,5
重磅 培根 雙層 辣雞腿堡 套餐 20221107poscb,5
重磅 培根 雙層 辣雞腿堡 套餐 20221102e4pfd,5
辣味 華堡餐,540
辣味 雙層 華堡餐,380
洽富 辣味 雞肉 大熱,1965
重磅 培根 雙層 辣雞腿堡 套餐 20221120agemx,5
重磅 培根 雙層 辣雞腿堡 套餐 20221107posc9,5
重磅 培根 雙層 辣雞腿堡 套餐 20221127y4hpg,5
