item_name,item
辣味 華堡 套餐 20221105ca7igd4q,5
辣味 華堡 套餐 20221125z861wynx,5
辣味 小華堡 套餐 20221110y9bv9qev,5
辣味 華堡 套餐 20221105z8615x8h,5
辣味 華堡 套餐 20221112e1x4vbun,5
辣味 華堡 套餐 20221117y1tipfyn,5
辣味 華堡 套餐 20221102z1ruv0sh,5
辣味 華堡 套餐 20221102exotrufa,5
辣味 華堡 套餐 20221118q0fm8dtp,5
辣味 華堡 套餐 20221104ca7id9yv,5
辣味 小華堡 套餐 20221113y4khp6rw,5
辣味 華堡 套餐 20221104o1emx5it,5
辣味 華堡 套餐 20221103d5rsjfp5,5
辣味 華堡 套餐 20221119y1vpnmtf,5
辣味 華堡 套餐 20221122fc4xuvvq,5
雙層 華堡 套餐,65
辣味 華堡 套餐 20221106o1emlk4i,5
辣味 華堡 套餐 20221111z86139c1,5
辣味 華堡 套餐 20221123y4hp4pud,5
漢堡 王 BurgerKing 辣味 華堡 套餐,45
辣味 華堡 套餐 20221125o1emdlud,5
辣味 華堡 套餐 20221104y4hp39wk,5
辣味 華堡 套餐 20221125zolflp47,5
辣味 華堡 套餐 20221127y1tigmd6,5
辣味 雙層 華堡 套餐,85
辣味 華堡 套餐 20221106ca7iys36,5
辣味 雙層 華堡 大,70
辣味 華堡 套餐 20221119ayj4mzds,5
辣味 華堡 套餐 20221110kx8i09w5,5
辣味 華堡 套餐 20221102szpty823,5
辣味 華堡 套餐 20221117y7yj3ho5,5
辣味 華堡 套餐 20221116y1tipmik,5
辣味 華堡 套餐,325
辣味 小華堡 套餐 20221108hfho3qew,5
辣味 華堡 套餐 20221130qhsywsmk,5
辣味 華堡 套餐 20221115y4hpddb0,5
辣味 華堡 套餐 20221123z1ru8cuj,5
辣味 華堡 套餐 20221111jesygy80,5
辣味 華堡 套餐 20221110y2augzuh,5
辣味 華堡 套餐 20221117poscngdw,5
辣味 華堡 套餐 20221105poscyio3,5
辣味 華堡 套餐 20221126y3ihfqv7,5
辣味 華堡 套餐 20221115posccb29,5
辣味 華堡 套餐 20221105z1rup970,5
辣味 小華堡 套餐 20221130g6bocovp,5
辣味 小華堡 套餐 20221119r5dcazkt,5
辣味 華堡 套餐 20221109posck834,5
辣味 華堡 套餐 20221121agemqe2x,5
辣味 小華堡 套餐 20221104w4scnz0a,5
辣味 華堡 套餐 20221115q0fm2zte,5
辣味 華堡 套餐 20221114jesyc42o,5
辣味 華堡 套餐 20221101l5uuty8d,5
辣味 華堡 套餐 20221108z861palt,5
辣味 華堡 套餐 20221123y0nod2uh,5
辣味 華堡 套餐 20221115szpthchd,5
辣味 華堡 套餐 20221102m8td5hla,5
辣味 小華堡 套餐 20221118y7yjoqsr,5
辣味 華堡 套餐 20221115qhsy299h,5
辣味 華堡 套餐 20221120l68tp46i,5
辣味 華堡 套餐 20221127w4togg85,5
辣味 華堡 套餐 20221106ngdr1joj,5
辣味 華堡 套餐 20221112ngdrd4w1,5
辣味 華堡 套餐 20221111w5nrcl3n,5
辣味 華堡 套餐 20221129r5dc30mb,5
辣味 華堡 套餐 20221119y4khtasb,5
辣味 小華堡 套餐 20221107y3ihe48h,5
辣味 華堡 套餐 20221121y7zmqffs,5
辣味 華堡 套餐 20221116glbivrog,5
辣味 華堡 套餐 20221120y1vp7648,5
辣味 華堡 套餐 20221125w4tolphp,5
辣味 華堡 套餐 20221110g6bolvme,5
辣味 華堡 套餐 20221110d2pklivf,5
辣味 華堡 套餐 20221105l68tg1kz,5
漢堡 王 BurgerKing 華堡 套餐,65
辣味 華堡 套餐 20221105qhsyw780,5
辣味 華堡 套餐 20221113dfkquxsa,5
辣味 華堡 套餐 20221106z9vq5m9b,5
辣味 華堡 套餐 20221112y7zm0yqf,5
辣味 華堡 大餐,210
辣味 華堡 套餐 20221123qvfhjafp,5
辣味 小華堡 套餐 20221116z3futfi3,5
辣味 華堡 套餐 20221101qhsymozw,5
辣味 華堡 套餐 20221119y3ihzbav,5
辣味 華堡 套餐 20221121szptrava,5
辣味 華堡 套餐 20221116y7yj9hd8,5
辣味 華堡 套餐 20221124y3ihb02k,5
辣味 華堡 套餐 20221118y7zmxcoz,5
辣味 華堡 套餐 20221122z86156il,5
辣味 華堡 套餐 20221121m8tdw7j7,5
辣味 華堡 套餐 20221104y3ihvjw5,5
辣味 華堡 套餐 20221128glbi6m5w,5
辣味 華堡 套餐 20221112glbizc2g,5
辣味 華堡 套餐 20221115f9xsveg0,5
辣味 華堡 套餐 20221127d5rsb8ya,5
辣味 華堡 套餐 20221110y7yjwhq6,5
辣味 華堡 套餐 20221109y9bv8vyq,5
辣味 華堡 套餐 20221103g6boxpi8,5
辣味 華堡 套餐 20221105y7zmu9i6,5
辣味 華堡 套餐 20221118w4sc2cty,5
辣味 華堡 套餐 20221119glbivach,5
辣味 華堡 套餐 20221129q0fm5p0d,5
辣味 華堡 套餐 20221123glbidn5x,5
辣味 華堡 套餐 20221111kx8iwjqf,5
