item_name,item
有機 苜蓿 芽,6770
有機 豌豆 芽,4910
龍口 食品 有機 黑糖 有機 小 冰糖 有機 砂糖 450g 蝦 皮直,5
有機 綠 豆芽,163435
皇宮 菜 有機,1025
青椒 有機,2895
有機 綠 豆青 荷,30
有機 黃 豆青 荷,70
有機 黑 豆芽,6435
脆柿 有機,755
有機 胡瓜 條,60
有機 豆腐干,215
絲瓜 有機,1980
青泉 菜 有機,1865
冬瓜 有機,305
紅莧 菜 有機,1565
小 芥菜 有機,1225
有機 豇豆,80
有機 黑芝麻,35
芥 藍菜 有機,195
有機 抹 茶,305
芋頭 有機,560
有機 豌豆 嬰,650
小松菜 有機,4385
有機 黃 豆芽,152485
香蕉 有機,8920
有機 苜蓿 芽 自,2135
有機 青松 菜 m,10
有機 冬瓜,630
有機 金滑菇,500
有機 菊苣,90
有機 老 薑 力 新,70
柳丁 有機,790
徳用 有機 抹 茶,280
百香果 有機,1145
過貓 有機,425
有機 系列 貝 比斯特 BabyBest 有機 手指 泡 芙 有 機米,5
高麗菜 有機,13370
糯米 椒 有機,420
菊苣 有機,130
有機 黑豆,20
有機 芝麻 菜,60
有機 山茶 茸,25
S 有機 高麗菜力 新,160
小黃瓜 有機,2105
有機 黃 豆芽 J,10
茴香 有機,135
M 有機 高麗菜力 新,220
有機 百里香,15
有機 四季豆,55
有機 芥 藍菜力 新,95
有機 烤 茶,620
薑 有機,645
有機 日本 茼 萵,75
有機 雙響菇專,490
白莧 菜 有機,1435
有機 杭菊,10
翼豆 有機,250
有機 猴頭菇,6375
有機 半包 A,10
有機 甘藍北農,280
有機 苜宿芽,20
有機 高麗菜 S,15
有機 迷迭香,20
有機 奇亞籽,15
豆薯 有機,85
e 有機 香菇 包,5
有機 高麗菜 M,10
有機 銀耳乾,35
荸薺 有機,420
i 有機 珊瑚 菇,10
i 有機 豌豆苗,85
i 有機 芝麻 葉,30
有機 皇帝 豆,270
有機 黑豆 漿 有 糖 s,30
有機 荷蘭豆,10
i 有機 苜蓿 芽,10
有機 韓小菇 蕈 優,40
有機 荸薺,25
有機 蒜 頭力 新,85
i 有機 乾燥 老 薑 片,10
i 有機 濕 豆豉,5
大埔 有機 農場 有機 乾燥 杭菊,60
i 有機 轉小黃瓜,265
有機 香菜 天崴 有機,5
有機 囍 瑞 澳洲 有機 杏仁 奶 1L,20
i 有機 綠豆,65
i 有機 轉敏豆,105
黃 玉米 有機,280
i 有機 豌豆 莢,135
有機 奇亞子,10
有機 扁 粉豆,35
野莧 有機,15
城南 有機 扁 蒲,5
i 有機 紫蘇葉,5
i 有機 米醋,25
辣椒 有機,135
有機 囍 瑞 澳洲 有機 杏仁 奶 1000ml1000ml,20
有機 金桔,5
有機 寬 麵 統 一生 機,5
黃 秋葵 有機,935
有機 嫩 薑 150g,545
米森 有機 薑 粉 100g 有機 包裝,5
i 有機 猴頭菇,10
蘿 蔔 嬰 100 有機,5
有機 紫蘇,25
有機 蠔菇,175
有機 百香果 S,40
南瓜 有機,160
白蘿 蔔 有機,45
654749351383AVALONORGANICS 有機,10
i 有機 豌豆 芽,1870
山藥 有機,180
i 有機 奇亞籽,10
瓠瓜 有機,315
有機 洋菇,425
有機 青江 菜 鴻,3835
山芋 有機,120
烏殼 筍 有機,20
茭白 筍 有機,135
有機 甘粟,5
有機 青椒,380
美濃瓜 有機,85
有機 芭蕉,40
有機 雪白 菇,10480
地瓜 有機,595
金滑菇 有機,110
i 有機 粉豆,5
紅蘿 蔔 有機,1920
有機 蚵 仔白,5
有機 白木耳,5
青木瓜 有機,5
有機 菾 菜 250g,90
有機 白玉 露,5
青江 菜 有機,1925
有機 大豆 味 噌,5
有機 芥蘭,20
芭蕉 有機,310
e 有機 黑木耳 包,10
紫蘆筍 有機,65
彩椒 有機,715
有機 初 摘 青花 筍,10
茄子 有機,285
有機 薑 黃 200g,5
有機 白味 噌,5
有機 筊 白筍,5
有機 青龍椒,5
有機 木瓜 S,10
美好 人生 稻鴨有 機米餅 3 種 口味 有機 原味 有機 菠菜 有機 地瓜,15
