clusterName_0,clusterNum_0,clusterName_1,clusterNum_1,clusterName_2,clusterNum_2,clusterName_3,clusterNum_3,clusterName_4,clusterNum_4,clusterName_5,clusterNum_5,clusterName_6,clusterNum_6,clusterName_7,clusterNum_7,clusterName_8,clusterNum_8,clusterName_9,clusterNum_9
有,258190,有機,96060,有機,28760,有機,422820,白菜,10285,米森有,500,一生,16930,100g5,1510,有機,3255,有機,6380
家樂福,89325,家樂福,25780,糙米,6310,豆芽,322365,有機,10285,機漢方,220,統,16310,包,1510,黑豆,3255,盒,1545
香菇,54870,菇,24865,銀川,5680,綠,163465,荷葉,4435,機無,205,機有,15065,有機,1420,漿,1420,催芽,1445
機厚肉,53285,雪白,20880,3KG,5500,黃,153785,黑葉,4040,麩質,205,機甘栗,13510,台灣,1010,450ml,1135,活力,1445
機杏,52265,豆芽,18950,100g,4635,芽,15695,亞植,975,聖常,115,150g,13510,豌豆,755,統盛,1135,150g5,1240
鮑菇,40830,綠,10805,雪白,4545,高麗菜,13395,皺葉,905,S,115,S,1190,嬰,755,粉,740,包,1210
5,40480,180g,10520,菇,4545,菜,11810,250g,740,黑芝麻,115,機燕麥,1190,有,720,300g,695,N,1145
珍菇,28385,黃,8960,好菇,4540,菇,10490,甜,610,穀,115,飲,1190,200g5,450,圓滿,695,豆漿,925
