item_name,item
金雪 冰淇淋 巧克力 味,20
0172074488 小美 巧克力 冰淇淋,55
小美 草莓 冰淇淋 1L,30
大 冰淇淋 棉花 糖,165
超級 冰淇淋 淇 淋巧 酥,2035
家福 香草 風味 冰淇淋,7395
台塑 草莓 冰淇淋 500g,5
桂冠 極濃 芝麻 冰淇淋 90,85
百齡雙 氟 防蛀 兒童 漱口水 500ml 冰淇淋 汽水 香檳 葡萄,440
品脫 夏威夷 果仁 冰淇淋,1490
輕享 冰淇淋 草莓,5490
草莓 起士 冰淇淋,115
紅豆 冰淇淋 100G,55
牛奶 脆皮 巧 立方 冰淇淋,6095
小美 巧克力 冰淇淋 66g10 入,275
北海道 義式 冰淇淋 芒果 果肉 口味 138g,145
杜老爺 特級 冰淇淋 瑞士 巧克力 480g,900
不銹鋼 冰淇淋 勺多種 尺寸 4cm5cm6cm 夏天 冰淇淋,10
金 蜜蜂 冰淇淋 汽水 500m,735
抹 茶 冰淇淋 套餐 4oz,310
草莓 冰淇淋 單 32oz,110
義美 芒果 冰淇淋,265
KOCHIICE 冰淇淋 柚子 風味,45
埔里 百香 冰淇淋,15
小美 冰淇淋 香芋,5
泰式 奶茶 黑糖 流心 冰淇淋 大福,505
杜老爺 特級 巧克力 冰淇淋 480g144g 盒,585
Enjoy 冰淇淋 比利 時,235
小美 香草 冰淇淋 85g,4155
關山米 冰淇淋,55
馬 告 冰淇淋,170
阿奇儂 冰淇淋 芋頭 530g 盒 530g 盒,165
義美鮮 乳 冰淇淋 500g 桶,270
雅方瑪克 冰淇淋 薄荷,2100
無罪 甜 抹 茶 冰淇淋,120
楊枝 甘露 冰淇淋,1455
蜂蜜 葡萄柚 冰淇淋,565
桂冠 冰果 室 極濃 芝麻 冰淇淋 90g,5
小美黃杯 冰淇淋 66g10,20
冰淇淋 加購,105
抹 茶 冰淇淋,4470
飛牛 香草 冰淇淋 100g648837,5
義美鮮 乳 冰淇淋 500g,25
飛牛 鮮奶 冰淇淋 100g100g 杯,95
香草 特級 冰淇淋,4240
喜瑪拉雅鹽 紅唇 冰淇淋,45
杜老爺 特級 冰淇淋 芒果 480G 桶 愛買 冷凍,45
西瓜 草莓 冰淇淋,2265
義美鮮 乳 冰淇淋,2715
香草 冰淇淋,125
巧克力 冰淇淋 筒,3480
冰淇淋 大福 芝,2460
酷立 吸 葡萄 冰淇淋,510
杜老爺 特級 瑞巧 冰淇淋 480g144g 盒,810
冰淇淋 杯,20
FeedFit 輕 享系 冰淇淋 大人 可可 200g,240
Picard 冰淇淋 雙 重奏 8 入 240g,165
果實 冰淇淋 藍莓,595
特濃 香草 牛奶 杯 冰淇淋,5165
杜老爺 瑞士 巧克力 冰淇淋 73g6 入袋,100
義美珍奶 冰淇淋,1135
BJ 花生 冰淇淋,590
鳳梨 果肉 冰淇淋 大樹區 農,15
花生 冰淇淋,410
高粱 冰淇淋,5
巧克力 冰淇淋 迷你 杯,2385
小美瑞巧 冰淇淋 10 入,80
動力 果實 冰淇淋,155
童 FashionGirlsBB 夾 3 入 冰淇淋,75
仙草 原味 黑糖 麻 糬 冰淇淋,60
香草 冰淇淋 單 32oz,190
抹 茶 冰淇淋 套餐 8oz,350
白雪 冰淇淋 聖代 芒果,5
蜂蜜 黃 桃 玫瑰 冰淇淋,505
小美 冰淇淋 香草,1460
小美 冰淇淋 草莓,205
初鹿 牛奶 冰淇淋,4865
麻農 柚子 冰淇淋,35
冰淇淋 挖勺 小麥 購物 24H 出貨 台灣 現貨 Y728 冰淇淋,175
贈品 哈根 達斯外 帶 冰淇淋 品脫 473ML 兌換券 2 張,10
阿奇儂 冰淇淋 瑞巧,545
FeedFit 冰淇淋 可可 200,175
SS1 小杯 經典 冰淇淋 x2 原味 脆餅 x2,95
EV 泰式 奶茶 黑糖 流心 冰淇淋 大福 1 顆,10
泰式 奶茶 黑糖 流心 冰淇淋 大福 1 顆 20220913z7x,5
泰式 奶茶 黑糖 流心 冰淇淋 大福 1 顆 20220918z8g,5
高知 冰淇淋 草莓 口味 90g,210
香 濃紫芋 冰淇淋,80
泰奶 黑糖 冰淇淋 大福,14405
CHOOSY 唇膜 葡萄 冰淇淋 香,120
芋圓 冰淇淋 筒,855
阿奇儂 小 雪球 冰淇淋 70,20
M 杜老爺 特級 冰淇淋 香草 1L,70
LOTTE 牛奶 冰淇淋,20
宇治 金時 冰淇淋,45
小美 香草 冰淇淋 10 粒,50
杜老爺 特級 冰淇淋 巧克力 480g,470
草 苺 起司 冰淇淋 大福,22825
北海道 大盒 裝 巧克力 口味 冰淇淋 665g,70
雅方瑪克 冰淇淋 薄荷 巧克力 口味,20
S60 中杯 經典 冰淇淋,215
S88 大杯 經典 冰淇淋 x2 原味 脆餅 x2,80
桂冠 冰果 室 楊枝 甘露 冰淇淋,110
杜老爺 Super 冰淇淋 淇 淋巧 酥 552g 桶,710
FeedFit 冰淇淋 草莓 200,120
新品 大福 4 入組 桂冠 冰 菓 室 芝麻 冰淇淋 大福 2 入 花生 冰淇淋,45
買北極 熊企鵝 冰淇淋 匙,385
小美 香草 冰淇淋 66gx10 入 20220906,5
珍珠奶茶 冰淇淋 蛋,65
冰淇淋 大福 花生,2350
阿奇儂 冰淇淋 芒果 530g,35
桂冠 冰果 室 極濃 花生 冰淇淋 90g,40
杜老爺 特級 冰淇淋 巧克力,175
HaagenDazs 哈根 達斯母 親節 35 吋 純味 冰淇淋,25
鮮奶 冰淇淋,850
泰式 奶茶 黑糖 流心 冰淇淋 大福 禮盒,20
BV 泰式 奶茶 黑糖 流心 冰淇淋 大福 1 顆,5
Coolish 比利 時 巧克力 冰淇淋,10
冰淇淋 機 18ozFKIC552FG,10
小美 冰淇淋 瑞士 巧克力,365
冰淇淋 大福 二入裝 芝麻 70g,75
萊 D 杜老爺 甜筒 高級 冰淇淋 6,40
S80 大杯 經典 冰淇淋,70
麥當 勞小薯 蛋 捲 冰淇淋 即 享券,20
草莓 美莓 冰淇淋 爆米花,3080
統一冰 之戀雪 捲 冰淇淋 雪 捲 牛奶 風味,105
義美珍奶 冰淇淋 500g,20
香濃 巧克力 冰淇淋 杯,1065
60 元 冰淇淋,185
輕享 冰淇淋 可可,5740
FITYO 家庭 號 曲奇 奶油味 冰淇淋 473ml,25
HD 濃脆 花生 醬 冰淇淋,5
雪 捲 牛奶 冰淇淋,14825
Bulla 草莓 優格 冰淇淋 冰淇淋,15
義美 芒果 冰淇淋 500g,55
Kracie 創意 DIY 冰淇淋 小達,95
Kracie 創意 DIY 冰淇淋 小達人 23g,10
義美 冰淇淋 餅乾 牛奶 75g4 個,1230
輕 享系 冰淇淋 大人 可,270
杜老爺 超級 冰淇淋 抹 茶 紅豆 麻 糬 1000ml,645
喜客 冰淇淋 瑞士 巧克,95
喜客 冰淇淋 香草,100
杜老爺 冰淇淋 瑞士 巧克力,150
贈 AlliexHaagendazs 冰淇淋 商品 禮券,30
杜老爺 冰淇淋 香草 圓,5
繽莎 榛果 巧克力 冰淇淋,23395
雅方 火把 冰淇淋 脆冰 185g,425
哈根 抹 茶 冰淇淋,2515
杜老爺 義式 低脂 冰淇淋 寒天 百香果 720g15g 桶,50
黑 巧克力 冰淇淋,1410
蜂巢 狀糖塊 冰淇淋,6375
布丁 冰淇淋 套餐 4oz 乾果,10
極濃 黑玫瑰 鹽 冰淇淋 套餐 6oz,50
Kracie 創意 DIY 冰淇淋 小達人 23G,55
阿奇儂 冰淇淋 芒果,395
小美 冰淇淋 芋頭,160
義美 香芋 冰淇淋,2595
家福 巧克力 冰淇淋,5725
貝親 繽 紛安撫 奶嘴 L 涼夏 冰淇淋,5
HaagenDazs 巧克力 冰淇淋 473ml 盒 473m,145
牛奶 冰淇淋,105
巧克力 餅乾 冰淇淋,15
哈根 達斯外 帶 冰淇淋 迷你 杯 商品 禮卷 0 元加購 贈品 用 現貨 蝦 皮,10
阿奇儂 冰淇淋 芒果,5
義美 巧克力 冰淇淋 500g500g,200
冰戀雪 捲 冰淇淋 牛奶 風味 70g,1245
萊 D 杜老爺 超級 冰淇淋 淇 淋巧,10
Picard 冰淇淋 覆盆子 380g,245
Wa 香草 冰淇淋,615
巧克力 冰淇淋,13335
團 百香 柚子 冰淇淋,35
冰淇淋 同樂會 包,400
泰式 奶茶 黑糖 流心 冰淇淋 大福 1 顆 20220920z3g,5
冰戀 雙旋 冰淇淋 巧克力 香草 風味 70g,2495
漂浮 冰淇淋 咖啡,45
杜老爺 義式 低脂 冰淇淋 芒果 72015g720g15,40
白雪 黃 杯 冰淇淋,5
芝麻 冰淇淋 大福 二入裝 70g,15
冰戀 雙旋 冰淇淋,14645
2 杜老爺 特級 冰淇淋 巧克力 480g1L,40
萊 D 杜老爺 超級 冰淇淋 草莓 口,5
萊 D 杜老爺 超級 冰淇淋 黑糖 珍,5
栗子 風味 冰淇淋 雪派,315
桂冠 極濃 花生 冰淇淋 90,115
巧克力 讚 冰淇淋,5
炒年糕 味 冰淇淋,20
阿奇儂 冰淇淋 香草,555
黑糖 綠豆 蒜 冰淇淋,415
義美 巧克力 冰淇淋,605
小美 冰淇淋 香,35145
貝禮詩 香甜 奶酒 冰淇淋,230
明治 巧克力 脆片 冰淇淋 1 公升,5
D 蛋 捲 冰淇淋,62325
義美 冰淇淋 香芋 500g,220
鹽味 焦糖 杏仁 粒 冰淇淋,120
Mingo 泰國 明果 冰淇淋 頂級 榴 槤 500ML 冰淇淋 共 3 盒,15
杜老爺 超值 冰淇淋 66g6 入袋,200
麥當 勞蛋 捲 冰淇淋 5 支即 享券 分次 使用,15
法式 香草 冰淇淋,675
哈根 達斯 哈密瓜 冰淇淋 392g 杯,50
義美 冰淇淋 芒果 500g 愛買 冷凍,15
巧克力 冰淇淋 餅乾家,210
牛奶 脆皮 冰淇淋,550
酷立 吸 咖啡 冰淇淋,20
臺 虎 朦朧 冰淇淋 汽水 330ml,5
哈根 達斯 草莓 冰淇淋 100ml,30
木 虌 果 冰淇淋,40
阿奇儂 冰淇淋 香草,5
品脫 草莓 冰淇淋,3130
KRACIEDIY 冰淇淋 達人,5
團 哈根 比巧 榛果 冰淇淋,5
Lotte 麻 糬 冰淇淋 草莓 80ml,65
桂冠 花生 冰淇淋 大福 140g,10
HaagenDazs 巧 酥 冰淇淋 460ml,2770
小美 冰淇淋 巧克力 66gx10 杯袋 66gx10 杯袋,55
雅方 冰淇淋 酥杯 24g,25
義美餅 乾 冰淇淋 巧克力,990
巧克力 風味 冰淇淋 杯裝,4535
無罪 甜香 草 冰淇淋,320
杜老爺 Super 冰淇淋 黑糖 珍珠 1000ml620g 桶,120
Picard 冰淇淋 巧克力 雪酪 380g,255
哈根 達斯 冰淇淋 迷你 杯券 100ml,625
義美 牛奶 冰淇淋 餅乾 75g,8115
濃脆 花生 冰淇淋,1425
冰精靈 薄荷 巧克力 冰淇淋,10
HaagenDazs 比利 時 巧克力 冰淇淋 460ml,1185
飛牛 鮮奶 冰淇淋 100g648834,10
草莓 冰淇淋 雪糕,16810
草莓 蛋 捲 冰淇淋 筒,75
火烤 冰淇淋 吐司,10
FITYO 迷你 杯 雙重 巧克力 味 冰淇淋 100ml,50
焦糖 杏仁 冰淇淋,655
HaagenDazs 草莓 冰淇淋 460ml,3085
森永 MOW 宇治 抹 茶 冰淇淋,760
阿奇儂 冰淇淋 1L 芒果,5
現貨 Colorkey 冰淇淋 唇 釉,5
桂冠 極濃 芝麻 冰淇淋 90g,60
Kracie 創意 DIY 冰淇淋 小達人,220
毛豆 冰淇淋,190
明治 巧克力 超級 冰淇淋,870
杜老爺 特級 冰淇淋 瑞士 巧克力 480g,3305
小美 冰淇淋 香草,1170
杜老爺 麻淇 冰淇淋 香,320
家福 芒果 冰淇淋,2500
M 寶格麗大 冰淇淋 棉花 糖 105G,275
FITYO 家庭 號雙重 巧克力 味 冰淇淋 473ml,20
大福 冰淇淋,20
樂客思 香草 巧克力 冰淇淋 蛋 捲 筒 80g5 支盒,20
麥當 勞蛋 捲 冰淇淋 即 享券 活動品,76245
哈根 達斯 冰淇淋 品脫 淇 淋巧 酥 473ml 愛買 冷凍,115
哈根 達斯 濃脆 花生 醬 冰淇淋 473ml 愛買 冷凍,15
小美 乳酸 冰淇淋,4125
冰淇淋 大福 二入裝 花生 70g 盒,110
meiji 明治 芒果 冰淇淋 680g,150
明治 冰淇淋 抹 茶 紅豆,10
明治 北海道 牛奶 冰淇淋 690g,110
阿奇儂 冰淇淋 芋頭 530g 盒 504543,5
FeedFit 輕 享系 冰淇淋 大人 可可 2,70
巧克力 紅 脣 冰淇淋,20
巧克力 冰淇淋 餅乾,3955
北海道 大盒 裝 香草 口味 冰淇淋 674g,50
M 義美 黑糖 珍奶 蛋 捲 冰淇淋 筒 80g4 入,35
香草 冰淇淋 迷你 杯,1610
金 蜜蜂 冰淇淋 汽水 500ml,75
日商 比亞 BASKINROBBINS 冰淇淋 七折 品,50
抹 茶 冰淇淋 套餐 6oz,875
草莓 優格 冰淇淋,10
義美 牛奶 冰淇淋 餅乾 75g 單盒裝,1085
團巧 香巧脆 冰淇淋 420,175
阿奇儂 冰淇淋 香草 530g 盒 530g 盒,295
無沐月貓 小姐 冰淇淋 燒酒,55
杜老爺 麻淇 冰淇淋 芋,265
大樹 農會鳳 梨 果肉 冰淇淋,15
PINO 巧克 冰淇淋 香草,645
白熊 冰淇淋 派 對,670
杜老爺 Super 冰淇淋 巧克力 60815g 桶 愛買 冷凍,20
HTL 香草 冰淇淋,90
大 寮 紅豆 冰淇淋,60
哈根 達斯 冰淇淋,4070
冰淇淋 勺,490
HaagenDazs 濃脆 花生 醬 冰淇淋 品脫,5
阿奇儂 冰淇淋 瑞巧 530g,70
櫻桃 黑莓 冰淇淋,570
杜老爺 Super 冰淇淋 夏威夷 果仁 1000ml56015,140
Coolish 煉乳風味 牛奶 冰淇淋 107g,305
義美 冰淇淋 巧克力 500g 愛買 冷凍,15
義美厚濃 巧克力 蛋 捲 冰淇淋 筒 80g4 支,195
團形 動力 覆盆 莓雪酪 冰淇淋,310
杜老爺 義式 低脂 冰淇淋 草莓 74015g740g15,55
棉花 糖 冰淇淋 套餐 4oz 乾果,320
小美 巧克力 冰淇淋 85g,2215
杜老爺 Super 冰淇淋 巧克力,5
MARKENBURG 棉花 糖 草莓 香草 冰淇淋 巧克力 棉花,70
形動力 真果 實 冰淇淋 草莓 口味,5
明治 超級 杯 冰淇淋 香草,5
ROOMMIChoices 冰淇淋 機,5
黑炫 冰淇淋 蛋糕 8,165
小美 巧克力 冰淇淋 10 入,30
杜老爺 SUPER 草莓 冰淇淋 67215g 桶 愛買 冷凍,25
義美 冰淇淋 香草,335
kracie 知育 果子 創意 DIY 冰淇淋 小達人 23g,70
杜老爺 Super 冰淇淋 搖滾 黑森林 1000m1000ml,580
2 顆 泰式 奶茶 黑糖 流心 冰淇淋 大福,40
冰淇淋 冰火 可頌 50g 個 冷凍 超商 取貨 799 元免 運,430
小美 冰淇淋 香草 口味 85g45gX6 入袋,1410
泰式 奶茶 黑糖 流心 冰淇淋 大福 1 顆,150
P66 中杯 經典 冰淇淋 2,3165
布丁 冰淇淋 套餐 6oz 乾果,5
木瓜 牛奶 冰淇淋 套餐 6oz 餅乾,5
功夫茶 冰淇淋 雪藏紅 茶,645
奇脆 冰淇淋 可可 鬆 餅,75
美味 星 棒棒糖 藍莓 冰淇淋,490
棉花 糖 冰淇淋 套餐 6oz 乾果,755
薄荷 冰淇淋 單 16oz,15
巧克力 冰淇淋 單 16oz,35
明治 冰淇淋 芒果,35
草莓 起司 冰淇淋 大福,1140
大俠 冰淇淋 兌換券,20
奶油 胡桃 冰淇淋,25
極濃 黑玫瑰 鹽 冰淇淋 套餐 8oz,20
木瓜 牛奶 冰淇淋 套餐 6oz 水果,10
免運 台灣 現貨 冰淇淋 奶酪 蛋白 泥膜 75g,5
麥當 勞大蛋 捲 冰淇淋,560
覆盆 莓雪酪 冰淇淋 入,95
小美瑞巧 冰淇淋 520g,25
鳳梨 冰淇淋,255
品脫 哈密瓜 冰淇淋,370
輕享 冰淇淋 清新 草莓,445
南國 白熊 蛋 捲 煉乳 冰淇淋,270
金車 冰淇淋 汽水 585ml,255
買北極 熊企鵝 冰淇淋 匙,20
哈根 蘭姆酒 冰淇淋,105
杜老爺 大福 冰淇淋 草莓 牛奶 7045g,50
明治 牛奶 冰淇淋,1480
紅豆 麻 糬 冰淇淋,285
義美 冰淇淋 香芋,70
杜老爺 聖代 冰淇淋,25
冰果 樹玉 荷包 冰淇淋 90G,35
杜老爺 甜筒 黑糖 珍奶 冰淇淋 82g 支 4 入,70
統一冰 之戀 雙旋 冰淇淋 雙旋 巧克力 香草,135
復 刻堂 冰淇淋 風味 碳酸 飲料,140
DIY 羊毛 氈 冰淇淋 毛氈 甜筒 冰淇淋 甜筒 冰淇淋 仿真 冰淇,70
金雪 冰淇淋 櫻花 口味,15
CHOOSY 唇膜 蘇打 冰淇淋 香,110
童 KALAIFU 壓夾 2 入 熊熊 冰淇淋,20
DALIMI 美味 冰淇淋 店 DL32677,5
杜老爺 超質 黃 杯 冰淇淋,10
曲奇 餅 香草 冰淇淋 入,90
香草 冰淇淋 餅乾 75g,40
花生 冰淇淋 大福 入組,35
義美 冰淇淋 香草 500g,930
雅方脆 冰 冰淇淋,10
香草 冰淇淋 糖,955
麥當 勞大蛋 捲 冰淇淋 即 享券,145
高知 冰淇淋 玄米 抹 茶 口味 85g,155
爽 冰淇淋 香草 牛奶 風味,10
杜超級 草莓 冰淇淋 1L,50
杜老爺 冰淇淋 瑞士 巧克力 73gx6 入,375
包種 茶 冰淇淋,90
Coolish 香草 風味 牛奶 冰淇淋 140ml 個,115
良月 冰淇淋 脆皮 杯 10 入,110
TS41 小杯 經典 冰淇淋 含 原味 脆餅,55
繽紛 草莓 冰淇淋,455
泰式 奶茶 黑糖 流心 冰淇淋 大福 禮盒 ThaiMilkTea,5
明治 冰淇淋 巧克力 脆片,45
鬍 子 茶 冰淇淋 雪霜紅 茶,1700
聖代 冰淇淋,20
香濃 巧克力 冰淇淋,5
0102023526 小美 香草 冰淇淋,115
杜老爺 麻淇 冰淇淋 花,330
花生 冰淇淋 大福,8785
義美 巧克力 冰淇淋 餅乾,220
香草 野莓 冰淇淋,15
極濃 芝麻 冰淇淋,4040
哈根 芒果 冰淇淋,2635
合家 歡 巧克力 冰淇淋 1 公升,5
冰淇淋 1 球 可口,5
森永夾心 脆巧 冰淇淋,5
品脫 巧克力 冰淇淋,720
明治 冰淇淋 北海道 牛奶,45
Coolish 煉乳風味 牛奶 冰淇淋 664866,5
義美 牛奶 冰淇淋 餅乾,6370
HappyZoo 冰淇淋 圈束 灰 391403C3,575
BJ 轟炸巧克 冰淇淋,5
義美 香草 餅乾 冰淇淋,45
冰淇淋,8650
杜老爺 特級 香草 冰淇淋 480g144g 盒,730
素馨 紅茶 冰淇淋,70
CACOMIT 冰淇淋 先生 短 T 女 D2CA028,5
桂冠 楊枝 甘露 冰淇淋,500
桂冠 冰果 室 冰淇淋 極濃 花生 90g,50
冰淇淋 汽水 2000,4255
杜老爺 特級 冰淇淋 瑞士 巧克力,515
小美 冰淇淋,65
水果 冰淇淋,5
義美鮮 乳 冰淇淋 5,145
阿奇儂 冰淇淋 芒果 530g20g 盒 530g20g,210
義美 香草 冰淇淋 500g,95
巧克力 口味 盆栽 冰淇淋,3075
仙草 冰淇淋,15
牛奶 巧酥杯 冰淇淋,1580
杜老爺 DuroalEnjoy 冰淇淋 玫瑰 鹽 焦糖 700g 盒,55
Undergr 冰淇淋,495
Romance 北海道 冰淇淋 風味糖,75
芋心 甘藷 冰淇淋,200
木瓜 牛奶 冰淇淋 套餐 4oz 餅乾,10
冰戀 雙旋 冰淇淋 巧克力 香草,10
棉花 糖 冰淇淋 套餐 32oz 餅乾,10
TP88 大杯 經典 冰淇淋 2 含 原味 脆餅,35
義美 瑞士 巧克力 冰淇淋 500g,5
FITYO 迷你 杯 曲奇 奶油味 冰淇淋 100ml,10
杜老爺 enjoy 冰淇淋 比利 時,5
義美 牛奶 冰淇淋,55
哈根 達斯 冰淇淋 品脫 夏威夷 果,5
義美 冰淇淋 餅乾 巧克力 口味,10
阿奇儂 冰淇淋 芋頭 1L,5
雅方 火把 碎 冰淇淋 185g,105
杜老爺 甜筒 OBlack 愛爾蘭 咖啡 冰淇淋 80gx4 支,5
草莓 冰淇淋 迷你 杯,5120
哈根 比巧 榛果 冰淇淋 37,15
義美 珍珠奶茶 冰淇淋 500g 桶,170
明治 北海道 香草 冰淇淋 1 入,5
冰淇淋 風味糖,5
LOTTE 酷立 吸 冰淇淋 冰鎮鳳 梨 口味,10
杜老爺 冰淇淋 抹 茶,1790
經典 牛奶 冰淇淋,31000
義美 冰淇淋 餅乾 巧克力 75gx4 入,1225
義美 冰淇淋 餅乾 牛奶 696753,5
小美 香草 冰淇淋 1 公升,15
蛋 捲 冰淇淋 四 塊 鷄 塊,90
北海道 大盒 裝 草莓 口味 冰淇淋 674g,90
杜老爺 1L 冰淇淋 香草,5
桂冠 冰果 室 極濃 花生 冰淇淋,245
小美 巧克力 冰淇淋,9820
初鹿 鮮奶 冰淇淋,80
杜老爺 Super 冰淇淋 牛奶 焦糖 584g15g 盒,110
義美蛋 捲 冰淇淋 巧 804,45
LOTTE 酷立 吸 冰淇淋 可爾 必思,5
義美餅 乾 冰淇淋 牛奶,1105
小美 冰淇淋 香草 66g10,3840
杜老爺 低脂 冰淇淋 寒天 草 苺 74,5
繽莎 花生 巧克力 冰淇淋,16355
北海道 義式 冰淇淋 草莓 果肉 口味 143g,120
巧克力 風味 冰淇淋,5790
SUNHONEST 冰淇淋 香草 風味,50
紅絲絨 冰淇淋,3230
小美 香草 黃 杯 冰淇淋,5
小美 冰淇淋 巧克力,30
沐 月 x 貓 小姐 MsCat 冰淇淋 燒酒 360ml,895
團 冰淇淋 甜筒 造型,10
義美芋 泥芋 圓蛋 捲 冰淇淋 筒 80g4 支,40
橘之屋 ST 冰淇淋 杓 52334cm,20
牛奶 脆皮 甜甜 圈 冰淇淋,3835
牛奶 脆皮 巧 立方 冰淇淋,150
百香果 冰淇淋 家庭 號,5
小美黃杯 冰淇淋,170
哈根 達斯 西瓜 草莓 冰淇淋 473ml,60
草莓 冰淇淋 筒,4455
義美 草莓 蛋 捲 冰淇淋 筒 80g4 支,535
美濃 冰品 50 元 冰淇淋,60
杜老爺 低脂 芒果 冰淇淋 850ml,5
草 苺 起司 冰淇淋 大福 禮盒,15
SimonSelectShop 冰淇淋 糖果 繽紛,15
杜老爺 超級 牛奶 焦糖 冰淇淋 1L,10
麥當 勞小薯 蛋 捲 冰淇淋 即 享券,60
杜老爺 家庭 號桶裝 冰淇淋,5
HaagenDazs 抹 茶 冰淇淋 473ml 盒 473ml,380
明治 冰淇淋 蘭姆 702g,10
開心果 冰淇淋 套餐 6oz 乾果,10
哈根 達斯 迷你 杯淇淋巧 酥 冰淇淋 100ML,105
義美巧餅 乾 冰淇淋,40
明治 冰淇淋 蘭姆 葡萄,35
團 牛奶 巧酥杯 冰淇淋,40
瑪克 巧克力 冰淇淋,5
吉安 農會 芋頭 冰淇淋,5
SUNHONEST 冰淇淋 草莓 風味,50
M 小美 香草 冰淇淋 85g6 入袋,45
POLS 牛奶 巧 酥 冰淇淋 杯 85g,110
現貨 附發票 MARKENBURG 棉花 糖 草莓 香草 冰淇淋,60
10A 冰淇淋 綿 花糖,10
CREMIA 冰淇淋,35620
HAAGENDAZS 香草 冰淇淋,10
香草 冰淇淋 盒裝,35
枝仔 冰城 油豆 花生 冰淇淋 云品,15
草莓 起司 冰淇淋 大福 1 顆,255
S40 小杯 經典 冰淇淋,90
明治 超級 冰淇淋 抹 茶,10
巧克力 曲奇 餅 香草 冰淇淋,6435
巧克力 杯 冰淇淋,240
泰式 果粒 冰淇淋,5
14001490722Olivia 曖昧 系列 冰淇淋 戀人 無,5
黑糖 珍奶 蛋 捲 冰淇淋 筒,155
S61 中杯 經典 冰淇淋 W,670
義美 芝麻 麻 糬 冰淇淋 35g2 粒 5 包盒,125
養生 芝麻 冰淇淋,195
森永 MOW 香草 風味 冰淇淋 140ml,70
冰淇淋 雙球 折扣,1385
茉莉 餐具 冰淇淋 勺 挖 冰器 挖 冰 冰淇淋 叭 噗 叭 噗,15
哈根 達斯 冰淇淋 品脫蘭姆 葡萄 473ml 愛買 冷凍,45
茶 果子 冰淇淋,5
HagenDazs 哈根 達斯外 帶 冰淇淋 奶昔 即 享券,10
特級 冰淇淋 甜筒,46435
杜老爺 冰淇淋 草莓,100
極濃 巧克力 冰淇淋 套餐 6oz 配料 蛋糕,5
HaagenDazs 香草 冰淇淋 473ml 盒,225
HaagenDazs 哈根 達斯 哈根 達斯外 帶品 脫 冰淇淋 券,320
羊舍 羊乳 冰淇淋 原味,5
毛豆 冰淇淋 90g,25
無罪 甜 巧克力 冰淇淋,55
小美巧克 冰淇淋,6045
日本 7PREMIUM 白熊 草莓 冰淇淋,5
杜老爺 特級 芒果 冰淇淋 480g144g 盒,140
小美 香草 冰淇淋 1L,5
阿奇儂 冰淇淋 芋頭 530g,50
香草 冰淇淋 泡芙入,245
哈根 達斯 香草 X 覆盆子 巧脆 冰淇淋 420ml,30
枝仔 冰城 冰淇淋,620
HaagenDazs 哈根 達斯外 帶 單球 冰淇淋 券 10 張,75
9789864087884 冰淇淋 風味學 GelatoSor,30
魚池 農會 冰淇淋 阿薩姆紅 茶,15
大聖 冰淇淋,40
團形 動力 芒果 雪酪 冰淇淋,275
義美 香芋 冰淇淋 500g,45
抹 茶 冰淇淋 單 32oz,135
極濃 巧克力 冰淇淋 套餐 6oz 醬料,50
極濃 巧克力 冰淇淋 套餐 4oz 餅乾,15
HAAGENDAZS 抹 茶 冰淇淋,10
PENCIL 草莓 冰淇淋 高蛋白 冰淇淋 低脂 低卡含 膳食 纖維,5
杜老爺 甜筒 淇 淋巧 酥 甜筒 冰淇淋 82gx4 支,5
代收 代付 哈根 達斯 冰淇淋 品脫 夏威夷 果仁 473ml,5
愛戀 巧克力 冰淇淋 爆米花,1250
北海道 冰淇淋 葡萄 口味,250
JellyBelly 綜合 冰淇淋 風味 雷根 糖 70g,120
韓國 EDIYACOFFEE 冰淇淋 甜,20
棉花 糖 冰淇淋 套餐 6oz 水果,110
甜筒 棒 甜筒 造型 冰淇淋 蛋卷 桌上 禮 二次 進場 喜糖 派 對慶,5
極濃 巧克力 冰淇淋 套餐 6oz 乾果,25
香草 冰淇淋,310
哈根 達斯 HaagenDazs 冰淇淋 每桶 414ml 杯,5
巧克力 冰淇淋 單 32oz,185
薄荷 冰淇淋 單 32oz,75
棉花 糖 冰淇淋 單 32oz,35
草莓 冰淇淋 盒裝,20
S41 小杯 經典 冰淇淋 W,335
義美 瑞士 巧克力 冰淇淋,15
冰淇淋 用 預拌 粉,170
義美 黑糖 珍奶 蛋 捲 冰淇淋 筒 80g4 支,95
義美 草莓 蛋 捲 冰淇淋 筒 600147,40
POLS 特濃 香草 牛奶 杯 冰淇淋,110
百齡 kids 雙氟 防蛀 牙膏 冰淇淋 汽,405
義美 冰淇淋 餅乾 巧克力,685
金車 冰淇淋 口味 汽水 585ML4585ML4,370
HaagenDazs 哈根 達斯外 帶 冰淇淋 單球 商品 禮券 單張,60
哈根 達斯 迷你 杯 草莓 冰淇淋 100ML,145
杜老爺 合家 歡 冰淇淋 巧克力,10
草莓 起司 冰淇淋 大福 1 顆 20221105z8ggsx,5
團貝禮詩 香甜 奶酒 冰淇淋,815
夏威夷 果 冰淇淋,160
義美 芒果 冰淇淋 500g 桶 500g 桶,260
極濃 巧克力 冰淇淋 單 32oz,10
極濃 巧克力 冰淇淋 套餐 4oz 醬料,15
金車 冰淇淋 口味 汽水 2000ml,40
杜老爺 特級 冰淇淋 桂花 香芋 480g14g 桶,140
哈根 達斯 冰淇淋 100ml 巧克力,5
ON 金牌 低脂 乳清 蛋白 5 磅 香草 冰淇淋,5
阿奇儂 x 初鹿牧場 牛奶 冰淇淋 85g6 入,165
雅方 北海道 之雪 冰淇淋 香檳 葡萄,45
T81 小杯 經典 冰淇淋 套餐,15
森永 MOW 宇治 抹 茶 冰淇淋 140ml,80
旺旺 凍痴 雪糕 香芋 口味 冰淇淋 乳飲料 冰棒 冰品,10
厚濃 巧克力 蛋 捲 冰淇淋,95
麻 糬 冰淇淋 香草,800
杜老爺 特級 冰淇淋 香草 480g,2340
雅方 火把 冰淇淋 聖代 90g,30
GG 冰淇淋 兔兔 髮 束 兩入 組,480
TP66 中杯 經典 冰淇淋 2 含 原味,1130
紐西蘭 頂級 A2 鮮奶 冰淇淋 自營員購 OB,55
HaagenDazs 哈根 達斯外 帶 冰淇淋 雪糕 券 12 入,5
HaagenDazs 冰淇淋 草莓 100ml 杯,30
哈根 達斯 藍姆 葡萄 冰淇淋 473ml,10
爽 冰淇淋 香草 牛奶 風味 90mlx4 個 盒,420
濃郁 巧克 麻 糬 冰淇淋,15
TP68 超商 集點 冰淇淋,9445
草莓 起司 冰淇淋 大福 1 顆 20221113z4lbir,5
Bulla 芒果 優格 冰淇淋 冰淇淋,10
杜老爺 特級 瑞巧 冰淇淋,15
哈根 達斯 冰淇淋 品脫 香草 473ml 愛買 冷凍,85
FITYO 家庭 號 香草 味 冰淇淋 473ml,15
冰淇淋 加價購 10 元,80
哈根 達斯 冰淇淋 100ml 夏果 夷 果仁,15
爆紅 脆皮 法式 冰淇淋 蛋塔,5
仙草 黑糖 麻 糬 冰淇淋,10
栗子 奶油 冰淇淋 杯,10
哈根 達斯 冰淇淋 品脫 夏威夷 果仁 473ml 愛買 冷凍,40
HaagenDazs 哈根 達斯 X 雙 11 外帶 冰淇淋 迷你 杯,45
代銷 跨 阿奇儂 繽莎 冰淇淋 系,15
HIKARI 冰淇淋 勺,10
香草 風味 冰淇淋,50
開心果 冰淇淋 單 16oz,5
台灣 24H 出貨 不 鏽 鋼 冰淇淋 勺 冰淇淋 勺 冰淇淋 勺 冰淇淋,15
紅茶 冰淇淋,25
棉花 糖 冰淇淋 套餐 32oz 乾果,10
阿 米格 Amigo 小木牛 66001 夢幻 霜淇淋 冰淇淋 杯子,5
鐵觀音 冰淇淋 套餐 32OZ,165
萊 D 哈根 達斯 迷你 杯 冰淇淋 哈,15
杜老爺 超級 冰淇淋 抹 茶 紅豆 麻 糬 998235,10
金 蜜蜂 冰淇淋 汽水 500g,10
0172106343 冰戀 雙旋 冰淇淋 巧克力 香草 風味,100
IDEWCARE 冰淇淋 亮亮 面膜 100g 美莓,65
魚池 農會 冰淇淋 珍珠奶茶 阿薩姆,15
加購 冰淇淋,65
DYDO 復 刻堂 冰淇淋 風味 碳酸 飲料 350mlDonki,20
P40 小杯 經典 冰淇淋 不 含 原味 脆,240
COLDSTONE 冰淇淋 同樂會,5
抹 茶 冰淇淋 套餐 32oz,100
杜老爺 麻淇 冰淇淋 芝,230
贈品 哈根 達斯外 帶 冰淇淋 品脫 473ML 兌換券 1 張,5
1 顆 泰式 奶茶 黑糖 流心 冰淇淋 大福,35
杜老爺 特級 香草 冰淇淋,25
卡 比索 冰淇淋 花生 巧克力 475ML,5
毛豆 頂級 冰淇淋 單入 90g 盒,10
日商 比亞 BASKINROBBINS 冰淇淋 正價品,5015
LOTTE 爽 冰淇淋 懷舊 布丁 口味,10
楊梅區 農會 黑糖 冰淇淋,10
SUNHONEST 冰淇淋 鹽 牛奶 風味,80
金車 冰淇淋,90
楊梅 冰淇淋,170
Coolish 比利 時 巧克力 冰淇淋 140ml 個,55
桂冠 冰果 室 芝麻 冰淇淋 大福 70g,5
杜老爺 甜筒 蘋果 牛奶 冰淇淋 82gx4 支,10
DyDo 復 刻堂 冰淇淋 風味 碳酸 飲料 350ml,40
超質 冰淇淋 6 入,5
泰式 奶茶 黑糖 流心 冰淇淋 大福 1 顆 20220908z2t,5
贈品 coldstone 冰淇淋 兌換券,15
品脫 香草 冰淇淋,250
贈品 哈根 達斯 80 外帶 冰淇淋 單球 品嚐 券 1 張,5
MFITYO 迷你 杯 香草 味 冰淇淋 100ml,5
鮮奶 冰淇淋 家庭 號,10
紅茶 白玉 冰淇淋,245
水蜜桃 冰淇淋,10
VIP 冰淇淋 蛋糕 8 折,255
義美 巧克力 冰淇淋 500g,15
草莓 起司 冰淇淋 大福 1 顆 20221106b2ogi7,5
團 蜂蜜 黃 桃 玫瑰 品脫 冰淇淋,5
極濃 巧克力 冰淇淋 單 16oz,5
咖啡 冰淇淋,20
Smiling 百齡 兒童 漱口水 500mlX3 冰淇淋 汽水,20
萊 D 哈根 西瓜 草莓 冰淇淋 迷你 杯,100
VIRGILS 冰淇淋 汽水 355M,45
棉花 糖 冰淇淋 套餐 6oz 醬料,165
72 黑 巧克力 甘納 許脆 杏仁 冰淇淋 375g 杯,35
哈根 達斯 哈密瓜 冰淇淋 473ml,5
HAAGENDAZS 草莓 冰淇淋,10
哈根 達斯 巧克力 草莓 巧脆 冰淇淋 420ml 杯愛買 冷凍,55
小美大盛 冰淇淋 牛奶 香草 92g,2165
M 義美 巧克力 冰淇淋 銅鑼燒 80g,145
VIRGILS 黑櫻桃 冰淇淋 汽水 3,25
萊爾富 小美 香草 冰淇淋 即 享券 蝦 蝦 果園 活動品,5
扇雀 飴 冰淇淋 蘇打 風味糖 71g,5
大樹 農會玉 荷包 果肉 冰淇淋,50
Picard 三種 巧克力 冰淇淋 捲 470g,15
開心果 冰淇淋 套餐 8oz 乾果,10
IDEWCARE 冰淇淋 水 水面 膜 100g 蛋糕,40
阿 蕯 姆 珍 奶 冰淇淋,10
哈根 達斯 迷你 杯 比利 時 巧克力 冰淇淋 100ML,50
初鹿 鮮乳 冰淇淋,5
濃脆 花生 醬 冰淇淋 品,65
杜老爺 冰淇淋 芒果 480g,5
卡 比索 俄羅斯 冰淇淋 夏威夷 果仁 475,5
迷你 杯紅絲絨 起司 蛋糕 冰淇淋,5675
鐵觀音 冰淇淋 套餐 4OZ,225
棉花 糖 冰淇淋 套餐 8oz 水果,45
小美黃杯 冰淇淋 10 入,5
義美 冰淇淋 餅乾 牛奶 696753,20
無罪 甜山藥 冰淇淋,15
蠟筆 小 新 冰淇淋 可 可口,1390
雅方瑪克 冰淇淋 薄荷 巧克力 口味 500 公克 盒,400
LOZ 冰淇淋 店 LOZ1745,10
鐵觀音 冰淇淋 套餐 16OZ,40
檸檬風味 牛乳 冰淇淋,110
TP88 大杯 經典 冰淇淋 2 含 原味,1210
冰淇淋 彈珠 汽水,1370
GoGoDy 現貨 韓國 Biteme 草莓 冰淇淋 薄荷,5
兒童 防疫 組 冰淇淋 漱口水 500mlx3 冰淇淋 牙膏 70gx2,10
ON 歐恩 金牌 乳清 蛋白 5 磅 香草 冰淇淋,30
AW 冰淇淋 風味 沙士 355ml,75
井村 屋 SKIPPY 花生 醬 冰淇淋,195
草莓 風味 牛乳 冰淇淋,120
阿奇儂 冰淇淋 芋頭 530g 盒 530g 盒,40
FEEDFIT 輕 享系 冰淇淋 大人 可可 200g,15
HagenDazs 哈根 達斯 冰淇淋 迷你 杯 100ml 全省 全家 超,5
阿奇儂 冰淇淋 芒果 530g20g 盒 530g20g,5
哈根 達斯 冰淇淋 品脫 巧克力,5
棉花 糖 冰淇淋 套餐 4oz 水果,75
團 迪士尼 週年 冰淇淋 珍藏,50
哈根 達斯 雪糕 巧克力 脆 杏仁 冰淇淋 80ML,185
杜老爺 特級 瑞巧 冰淇淋 771133,10
哈根 達斯 冰淇淋 品脫 芒果 473ml 愛買 冷凍,10
萊 D 哈 跟 櫻桃 黑莓 冰淇淋 1 杯,65
Movenpick 莫凡 彼 冰淇淋 冷萃 咖啡 巧克力 500ml,5
杜老爺 特級 瑞士 巧克力 冰淇淋 850ml,5
豆腐 冰淇淋,5
CHL 日本 IWAKO 岩澤 造型 繽紛 冰棒 冰淇淋,5
初鹿行 鮮奶 冰淇淋,5
Underground 冰淇淋 280g 草莓 白巧克力,15
小美杯裝 冰淇淋 瑞士 巧克力 10 入,10
HxE4agenDazs 哈根 達斯 冰淇淋 單球 套票 組,5
金雪 冰淇淋 草莓 口味,15
香草 冰淇淋 餅乾,10
晚崙西亞 冰淇淋,15
小美 冰淇淋 超,3030
桂冠 冰室 極濃 芝麻 冰淇淋 奶素 9,10
HaagenDazs 哈根 達斯外 帶 冰淇淋 迷你 杯券 12 入,510
小美瑞巧 冰淇淋 1L,30
杜老爺 香草 冰淇淋 1L,10
HaagenDazs 哈根 達斯 X 雙 11 外帶 單球 冰淇淋 券,10
炸 香草 冰淇淋 20221218v7ixlnh0,5
現貨 Dee 正版 三麗鷗 冰淇淋 萌趣 豆庫 洛米 大,15
正典 牛乳 大王 冰淇淋 冰磚 三文治 夾心 牛奶 巧克力 花生,10
極濃 巧克力 冰淇淋 套餐 8oz 餅乾,5
瑞士 巧克力 炸 冰淇淋,5
金 蜜蜂 冰淇淋 汽水 500ml,5
日本 小倉 紅豆 冰淇淋 套餐 8oz 乾,10
極濃 巧克力 冰淇淋 套餐 32oz 餅乾,5
選 哈根 達斯 抹 茶 冰淇淋 品脫,5
VIP 冰淇淋 蛋糕 7 折,35
泰迪熊 造型 香草 巧克力 冰淇淋,145
哈根 達斯 濃脆 花生 醬 冰淇淋 47,5
圈裝 素描 剪貼 簿 20 張 13K 冰淇淋 象,60
M 形動力 覆盆 莓雪酪 冰淇淋 3 入 180g,5
草莓 起司 冰淇淋 大福 1 顆 20221115z2aqai,5
HxE4agenDazs 哈根 達斯外 帶 冰淇淋 品脫 套,10
IDEWCARE 冰淇淋 舒舒 面膜 100g 抹 茶,35
瑪克 冰淇淋 草莓,70
小美 香草 冰淇淋 黃 杯,20
明治 巧克力 超杯 冰淇淋,6215
金車 冰淇淋 2000,20
哈根 達斯 香草 芒果 巧脆 冰淇淋 420ml,5
阿里山 茶 果子 冰淇淋,75
棉花 糖 冰淇淋 套餐 4oz 醬料,85
8iceGelato 義式 冰淇淋,5
小美 冰淇淋 黃 杯 1 入,5
抹 茶 冰淇淋 單 16oz,20
初鹿 鮮奶 冰淇淋 125g,10
ST 冰淇淋 杓,90
形動力 真果 實 冰淇淋 70g 藍莓,75
KINYODIY 自動 冰淇淋 機一機 三 用 製 冰 機 霜淇淋 機,5
高知 冰淇淋 烘焙 綠茶 口味 80g,85
鐵觀音 冰淇淋 單 32oz,90
極濃 巧克力 冰淇淋 套餐 6oz 水果,5
明治 香草 超杯 冰淇淋,8270
代收 代付 義美 牛奶 冰淇淋 餅乾 75gX4 家庭 號愛買 冷,25
小美 冰淇淋 超級 瑞士 巧克力 1L,5
瑪克 冰淇淋 芒果,70
PENCIL 香草 冰淇淋 馬 達 加斯 加 香草 莢 高蛋白 冰淇淋 低,5
哈根 達斯 冰淇淋 品脫 草莓 473ml 愛買 冷凍,130
套餐 香草 冰淇淋,90
台灣 出貨 LIPHOP 正品 雪糕 唇蜜 冰淇淋 冰棒 口紅唇,15
金車 冰淇淋 口味 汽水 585ML585ML,35
9789864087884 冰淇淋 風味學 Gela,15
阿奇儂 冰淇淋 瑞巧 530g 盒 530g 盒,50
冰淇淋 疊疊樂,555
冰淇淋 匙 小麥 購物 24H 出貨 台灣 現貨 G404 創意 小 湯匙,830
KOCHIICE 冰淇淋 原味,10
莫凡 彼 草莓 冰淇淋,15
HaagenDazs 巧 酥 冰淇淋 473ml 盒 473ml,265
草莓 冰淇淋 單 16oz,30
五甲 木榴 槤 冰淇淋 90g,255
杜老爺 特級 冰淇淋 巧克力 480,5
義美蛋 捲 冰淇淋 芋 804,25
雅方瑪克 冰淇淋 巧克力 500g500g,225
HaagenDazs 藍姆 葡萄 冰淇淋 盒,5
明治 幸福 杯 冰淇淋 宇治 抹 茶 75g,5
團哈 西瓜 草莓 冰淇淋 47,5
哈根 達斯 哈密瓜 冰淇淋 473ML 桶 愛買 冷凍,10
Bulla 野莓 優格 冰淇淋 冰淇淋,10
初鹿牧場 牛奶 冰淇淋,45
Winmax 冰淇淋 指甲油 10ml 草莓 冰沙,5
寶格麗大 冰淇淋 棉花 糖 105G,5
韓國 蜜蜂 台灣 現貨 韓國 JOAJOTA 冰淇淋 面膜 小奶,5
杜老爺 冰淇淋 巧克力 480g,5
板橋 阿禧 鮮魚 行炸 冰淇淋 吐司 冰淇淋 炸冰,10
XOClass 冰淇淋 巧克力 500 公克 3 桶,45
HaagenDazs 冰淇淋 抹 茶 473ml,415
現貨 預購 Dee 正版 三麗鷗 冰淇淋 萌趣 豆庫洛,20
紐西蘭 頂級 A2 鮮奶 冰淇淋 OB,5
Picard 香草 紅莓 冰淇淋 派 410g,5
冰淇淋 蛋撻 雙人 下午茶 IceCreamEggTar,45
青梅 冰淇淋,5
HagenDazs 哈根 達斯外 帶 冰淇淋 聖代花 之戀曲,10
HaagenDazs 草莓 冰淇淋 473ml 盒 275484,10
代收 代付 義美 銅鑼燒 冰淇淋 牛奶 80gX4 入愛買 冷凍,10
韓國 市集 韓國 山下 牧場 果凍 冰淇淋 1 盒 6 包 2022,5
棉花 糖 冰淇淋 套餐 8oz 醬料,40
棉花 糖 冰淇淋 套餐 32oz 醬料,5
FP 台灣 現貨 11 水楊酸 冰淇淋 面膜 300ml 祛,15
哈根 達斯淇淋巧 酥 冰淇淋 100ml,10
Picard 泰迪熊 造型 香草 巧克力 冰淇淋 120g,135
不 鏽 鋼 冰淇淋 勺小麥 購物 24H 出貨 台灣 現貨 Y139 雪,65
HaagenDazs 巧克力 冰淇淋 盒,5
藍姆 葡萄 冰淇淋,5
冰精靈 瑞士 巧克大 冰淇淋,5
葡萄 風味 冰淇淋,35
贈品 請 勿下 單 哈根 達斯外 帶 冰淇淋 杯券,70
現貨 艾妮 EasyParty 火車 企鵝 冰淇淋 獨角獸,5
Underground 冰淇淋 280g 可可 黑 巧克力,10
天仁 茗茶 抹 茶 冰淇淋,5
Miine 莓果 冰淇淋 美妝蛋 3 入,3015
E 杜老爺 甜筒 草莓 起司 冰淇淋,5
哈根 達斯 冰淇淋 100ml 草莓,10
草莓 蛋 捲 冰淇淋 筒 支,5
小美 香草 冰淇淋 10 盒,15
義美 香草 冰淇淋 桶裝 500g,5
特價 出清 挖 叭 哺 冰淇淋 杓 冰淇淋 挖勺 AE02411i,5
LOTTE 爽 冰淇淋 草莓 煉乳,10
茶 果子 冰淇淋 120g45 顆,15
代收 代付 粉彩 冰淇淋 棉花 糖 香草 風味 30g 小三美日,20
冰淇淋 餅乾 牛奶,10
杜 合家 歡 冰淇淋 1L 瑞巧,55
Movenpick 莫凡 彼 100 純 天然 500ML 冰淇淋,30
9784847072536 天空 色 冰淇淋 汽水,10
麥當 勞蛋 捲 冰淇淋 10 支即 享券 分次 使用,5
S81 大杯 經典 冰淇淋 1W,30
鮮乳 冰淇淋,15
10A 冰淇淋 棉花 糖 12 入,10
Picard 黑 醋栗 梨子 冰淇淋 捲 150g,20
蠟筆 小 新 草莓 冰淇淋,12390
雅方瑪克 冰淇淋 薄荷 巧克力 口味 877679,5
草莓 起司 冰淇淋 大福 1 顆 20221110p4tf4m,5
啾 啾 叫 毛絨 冰淇淋 發聲 冰淇淋 冰淇淋 玩具 發聲 玩具 霜淇淋,5
代收 代付 哈根 達斯 冰淇淋 品脫 淇 淋巧 酥 473ml 愛,10
冰淇淋 店 SB601632,5
義美 珍珠奶茶 冰淇淋 500g,5
杜老爺 DuroalEnjoy 冰淇淋 酒釀 黑櫻桃 740g 盒,55
食品 廠紅棗 冰淇淋 杯,5
金車 冰淇淋 汽水 2000ml,5
8 吋 黑 炫 冰淇淋 蛋,5
食品 廠 桑椹 冰淇淋 杯,10
Poki 冰淇淋 巧克力,130
桂冠 冰室 極濃 芝麻 冰淇淋 90g,105
格林 諾夫 原味 冰淇淋,20
阿奇儂 冰淇淋 瑞巧,5
義美 冰淇淋 巧克力 500g,80
小美大盛 冰淇淋 巧克力,10
Enjoy 冰淇淋 藍莓 優,145
跳跳 糖 冰淇淋 20230202aoeysu72,5
鳳梨 檸檬 冰淇淋,10
台中現 貨俊 叡 家 正品 Vinas 冰淇淋 唇,15
杜老爺 特級 巧克力 冰淇淋 850ml,5
冰火 可頌 冰淇淋 50g 個 本島 全館 額免 運費,25
殷茂 棉花 糖 巧克力 芒果 香草 冰淇淋 草莓 味 咪咪 兔 小 舖,5
HaagenDazs 草莓 冰淇淋 盒,15
寶格麗大 冰淇淋 棉花 糖 105g,45
枝仔 冰城 愛文 芒果 冰淇淋,25
現貨聲 光 冰淇淋 店 升降 冰淇淋 機 甜蜜 冰淇淋 店 冰淇淋 組 B,5
小美 AA 瑞巧 冰淇淋,5
阿奇儂 冰淇淋 芒果,75
杜老爺 合家 歡 冰淇淋 香草,10
代銷 特級 冰淇淋 甜筒,650
團 牛奶 巧酥杯 冰淇淋 入裝,40
芒果 雪酪 冰淇淋 入,5
義美巧 冰淇淋 500g,10
布朗 尼 冰淇淋,465
LotteWa 香草 風味 冰淇淋,15
6201700136 鳳梨釋 迦 冰淇淋 713,20
冰戀雪 捲 冰淇淋 牛奶,5
杜老爺 超級 冰淇淋 草莓 口味,40
桂冠 冰室 花生 冰淇淋 大福,5
阿奇儂 牧場 鮮乳 6 入 冰淇淋,5
HAAGENDAZS 巧克力 冰淇淋,10
代收 代付 哈根 達斯 冰淇淋 品脫 草莓 473ml 愛買 冷,30
小美 冰淇淋 香芋 1L,5
冰淇淋 酥杯 230232,15
雅方 北海道 之雪 冰淇淋 瑞士 巧克力 500g,40
紐西蘭 頂級 A2 鮮奶 冰淇淋,5
義美 脆皮 香草 冰淇淋,20
柚子 冰淇淋,40
日本 小倉 紅豆 冰淇淋 套餐 32oz 配,10
小美 1 公升 冰淇淋 香草,5
甘納許 巧克力 冰淇淋,1340
SmilyMia 叭 噗 冰淇淋 香草,10
日本 小倉 紅豆 冰淇淋 單 16oz,5
代收 代付 杜老爺 Super 冰淇淋 搖滾 黑森林 58415,5
大樹 農會玉 荷包 冰淇淋,15
ON 歐恩 金牌 乳清 蛋白 2 磅 香草 冰淇淋,10
Miine 抹 茶 冰淇淋 美妝蛋 3 入,475
小美 冰淇淋 巧克力 1L 盒 520g5 盒,35
小美 冰淇淋 10 入,30
A 冰淇淋 風味 沙士,15
杜老爺 特級 芒果 冰淇淋 850ml,5
哈密瓜 冰淇淋,15
杜老爺 Enjoy 草莓 起司 冰淇淋 1L,15
FeedFit 輕 享系 冰淇淋 清新 草莓,130
冰淇淋 挖勺 小麥 購物 Y728 冰淇淋 勺子 挖勺 湯匙,5
沖 繩島 鹽 冰淇淋 套餐 6oz 乾果,10
Picard 巧克力 焦糖 冰淇淋 捲 925968,5
Chicco 冰淇淋 冰凍 固齒 玩具 1 入佳兒 園婦 幼館,10
番路 農會 柿 果子 冰淇淋,5
小美大盛 冰淇淋 草莓,245
百吉 冰淇淋 巧克力,5
XOClass 冰淇淋 香芋 500 公克 3 桶,15
麥當 勞小薯 蛋 捲 冰淇淋,5
現貨 日本 直送 貝印 KAI 挖冰 杓 冰淇淋 勺 挖,5
棉花 糖 冰淇淋 單 16oz,10
Mingo 泰國 明果 冰淇淋 100ML 迷你 冰淇淋 共 24 盒,35
冰淇淋 造型 罐超 可 愛 冰淇淋 風味糖 卡通 冰淇淋 控 造型,10
冰淇淋 玩具 雪糕 玩具 仿真 兒童 冰淇淋 機 冰淇淋 雪糕 玩具 冰淇,5
明治 1 公升 冰淇淋 芒果,5
阿奇儂 冰淇淋 香草,65
FeedFit 輕 享系 冰淇淋 清新 草莓 200g,15
義美芋 泥芋 圓蛋 捲 冰淇淋 筒,5
北回 x 中祥 三明治 冰淇淋 木瓜 牛奶 口味,5
枝仔 冰城 小農芋頭 冰淇淋,25
蘇格蘭 經典 牛奶 冰淇淋,45
雅方瑪克 冰淇淋 芒果 500g,55
桂冠 冰室 冰淇淋 大福 花生 140g2 入,70
抹 茶 冰淇淋 套餐 16oz,20
小美 冰淇淋 超級 香草,60
萊 D 義美 牛奶 冰淇淋 餅乾 家庭,10
芋頭 牛奶 冰淇淋 套餐 4oz 餅乾,5
小美 巧克力 冰淇淋 10 粒,5
阿奇儂 鮮乳坊 巧 酥 戀乳 冰淇淋,3380
杜老爺 超級 抹 茶 紅豆 冰淇淋 1L,5
宇治 莓 好 冰淇淋 爆米花,55
小美大盛 冰淇淋 抹 茶,5
飛牛 香草 冰淇淋 100g100g 杯,70
代收 代付 哈根 達斯 冰淇淋 品脫蘭姆 葡萄 473ml 愛,35
小美大盛 冰淇淋 巧克,5
芋頭 冰淇淋 家庭 號,5
可達 羊奶 冰淇淋 160g,50
義美 草莓 蛋 捲 冰淇淋 筒 80g4 入,95
阿奇儂 冰淇淋 香草 530G,160
FEEDFIT 輕 享系 冰淇淋 牛奶 高纖燕麥,10
T41 小杯 經典 冰淇淋 套餐,5
初鹿 冰淇淋,5
杜老爺 超級 冰淇淋 草莓 口味 672g,5
貝禮詩 香甜 奶酒 冰淇淋 500 毫升 316 公克 桶,5
西瓜 草莓 冰淇淋 品脫 哈根,5
北回 x 中祥 三明治 冰淇淋 木瓜 牛奶 口味 264g,20
防 益生菌 冰淇淋 涼 被 雪貝藍,35
9784847072475 天空 色 冰淇淋 汽水,5
小美 冰淇淋 巧克力,10
生 可可 冰淇淋 抹 茶 風味,45
M 三 兄妹 冰淇淋 珍珠奶茶 120ml 杯,5
小美大盛 抹 茶 冰淇淋,10
M 杜老爺 超級 冰淇淋 淇 淋巧 酥 口味 552g 桶,5
M 杜老爺 超級 冰淇淋 黑糖 珍奶 口味 620g 桶,5
桂冠 冰 菓 室 極濃 芝麻 冰淇淋,105
Lotte 麻 糬 冰淇淋 草莓,10
桂冠 冰 菓 室 冰淇淋 大福 芝麻 2 入,30
白雪 冰淇淋 聖代 巧克力,10
桂冠 冰室 楊枝 甘露 冰淇淋 奶素 9,5
買 透明 玻璃 冰淇淋 杯 23,5
熱傳導 冰淇淋 匙 SI,10
韓國 卡通 食物 中筒 襪紅粉 冰淇淋,45
現貨 812cm 冰淇淋 配色 夾鏈 袋,5
桂冠 芝麻 冰淇淋 大福 140g,5
花生 好濃 冰淇淋,5
小美 冰淇淋 10 杯,5
枝仔 冰城 小農芋頭 冰淇淋 100g2 入,40
義美 脆皮 香草 口味 冰淇淋 296229,5
飛牛 冰淇淋 香草 通霄,85
歐酷 漢堡 冰淇淋 芋,170
CREMIA 冰淇淋,6005
雅方 北海道 之雪 冰淇淋 瑞士 巧克力,45
雅方 冰淇淋 薄荷 巧克力,5
瑪克 冰淇淋 巧克力,115
LOTTE 酷立 吸 冰淇淋 比利 時 巧克力,5
粉彩 冰淇淋 棉花 糖 香草 風味 30g 小三美日 DS01170,5
玉米 冰淇淋 牛奶 風味 55 克 5 支盒,55
蘇格蘭 Mackies 糖塊 冰淇淋,5
義美 花生 牛奶 蛋 捲 冰淇淋 筒 320,5
Poki 冰淇淋 香草,135
超商免 運卷 哈根 達斯 冰淇淋 迷你 杯 100ml 外帶,5
古早 味店 單支 懷舊 糖果 樂 彩球 冰淇淋 奶瓶 QQ 糖,20
義美蛋 捲 冰淇淋 筒厚濃 巧克力 80g4 入,160
代收 代付 哈根 達斯 巧克力 草莓 巧脆 冰淇淋 420ml 杯 愛,5
統一冰 之戀雪 捲 冰淇淋 牛奶 風味 100g,15
阿奇儂 x 初鹿牧場 牛奶 冰淇淋,95
桂冠 冰 菓 室 極濃 花生 冰淇淋,70
極濃重 乳 冰淇淋,30
紐西蘭 頂級 A2 鮮奶 冰淇淋 VIP 限定 組 OB,115
雅方 北海道 之雪 冰淇淋 薄荷 巧克力 500g,45
明果 黃 金榴 槤 冰淇淋 迷你 杯 4 入組 60g4 入盒,15
阿奇儂 冰淇淋 芋頭,35
義美 脆皮 香草 口味 冰淇淋 25g10 入盒,80
甘納許 香草 冰淇淋,990
脆皮 巧克力 冰淇淋,125
團購 初鹿 冰淇淋,5
團生 可可 抹 茶 風味 冰淇淋,545
杜 合家 歡 冰淇淋 1L 香草,60
小美大聖 冰淇淋 230cc 盒,10
防 益生菌 冰淇淋 涼 被 草莓 粉,30
哈 西瓜 草莓 冰淇淋 473,20
義美 冰淇淋 巧克力 500g,5
一次 取小美 冰淇淋 香草 66gx10 入,55
杜老爺 Enjoy 冰淇淋 比利 時 巧克力 120954,5
德國 Hape 美味 冰淇淋 玩沙組,5
小美 冰淇淋 香草 66 公克 x10 入,25
Dove 多芬 石榴 籽 和 乳木果 油 冰淇淋 磨砂膏 298g1,20
小美 超級 巧克力 冰淇淋 1L,5
Poki 冰淇淋 巧 酥 黑餅,275
杜老爺 Super 冰淇淋 夏威夷 果仁 56015g 桶 愛買 冷,30
M 哈根 雪糕 草莓 冰淇淋 80ML,15
金車 冰淇淋 汽水 2000cc,5
草莓 優格 冰淇淋 套餐 4oz 乾果,10
Fofos 早餐 系列 豆漿 油條 冰淇淋 爆米花 水餃 粽子,5
FeedFit 輕 享系 冰淇淋 大人 可可,125
阿奇濃 公升 冰淇淋 瑞巧,10
鼎霖 馬 卡諦 冰淇淋 舒芙蕾 二折 品,5
Super 美 X 福義軒 冰淇淋 夾心餅 乾芋 冰蘇 打餅 90g,15
杜老爺 超質 冰淇淋,10
雅方 北海道 之雪 冰淇淋 香草,40
HaagenDazs 冰淇淋 抹 茶,25
杜老爺 超級 淇 淋巧 酥 冰淇淋 1L,15
杜老爺 Enjoy 冰淇淋 藍莓 優格 688g,35
雅方 火把 聖代 冰淇淋,20
防 益生菌 冰淇淋 涼 被 抹 茶 綠,20
桂冠 冰 菓 室 極濃 巧克力 布朗 尼 冰淇淋,10
香蕉 冰淇淋 單 32oz,15
杜老爺 特級 冰淇淋 香草 口味,35
牛奶 冰淇淋 餅乾單,65
小美大盛 冰淇淋 抹 茶 92g,5
殷茂 香草 冰淇淋 棉花 糖 40g,5
團生 可可 皇家 奶茶 風味 冰淇淋,420
美食村 心 冰淇淋 麵 包芋頭,45
LOZ 冰淇淋 車 LOZ1112,5
冰精靈 香草 冰淇淋,10
阿姆 厚奶 冰淇淋,5
CREMIA 冰淇淋,5
S61 中杯 經典 冰淇淋 原味 脆餅,5
義美脆 巧克 冰淇淋 10 入,5
杜老爺 超級 冰淇淋 蘭姆 葡萄 口味 656g,15
義美 脆皮 巧克力 冰淇淋 25g10 入盒,65
桂冠 冰果 室 冰淇淋 楊枝 甘露 90g,60
萊 D 卡 比索 冰淇淋 花生 巧克力,30
白雪 玉米 冰淇淋,5
經典 木玩 TOPBRIGHT 有趣 繽紛 DIY 冰淇淋 盒,5
杜 1L 冰淇淋 芋頭,5
榛果 冰淇淋 大福,725
桂冠 冰室 冰淇淋 大福 芝 140g2 入,40
AW 冰淇淋 風味 沙士 355ML,10
阿奇儂 冰淇淋 香草 530g,40
HaagenDazs 巧 酥 冰淇淋,5
杜老爺 超質 冰淇淋 6 入,5
ON 歐恩 金牌 乳清 蛋白 10 磅 香草 冰淇淋,15
草莓 優格 冰淇淋 套餐 8oz 乾果,10
瑪克 冰淇淋 巧克力 500g,15
義美 脆皮 香草 口味 冰淇淋 250G,5
義美 花生 牛奶 蛋 捲 冰淇淋,10
雅方瑪克 冰淇淋 芋頭 口味 500 公克 盒,70
杜老爺 大福 冰淇淋 草莓 牛奶,5
代銷 巧克力 曲奇 餅 香草 冰淇淋,40
FEEDFIT 輕 享系 冰淇淋 牛奶 高纖燕麥 200g,5
M 卡 比索 冰淇淋 香草 120ml 杯,10
小美 超級 香草 冰淇淋 1L,5
雅芳 北海道 冰淇淋 薄巧,5
Lotte 麻 糬 冰淇淋 香草 風味 69g 盒,15
HaagenDazs 香草 冰淇淋,15
巧克 榛果 碎片 冰淇淋,105
小美大盛 冰淇淋 牛奶 香草 x15,5
杜老爺 超級 冰淇淋 草莓 口味 672g,55
桂冠 冰室 冰淇淋 大福 巧克 榛果 碎片 140g2 入,50
冰淇淋 雙 重奏 入,10
免運 現貨 快速 出貨 日本 Cheerio 哈密瓜 冰淇淋 碳酸,15
小美 冰淇淋 草莓 1L 盒 520g5 盒,45
高知 桃子 冰淇淋,5
M 哈根 雪糕 芒果 冰淇淋 80ML,10
兒童 造型 BB 夾 冰淇淋 小狗 藍,5
百吉 冰淇淋 巧 酥 黑餅 乾,5
雅方 北海道 之雪 冰淇淋 薄荷 巧克力 500g,5
香蕉 草莓 冰淇淋,5
兒童 仿真 雪糕 冰淇淋 玩具 組網,5
榛果 香草 冰淇淋,15
COLDSTONE 小杯 冰淇淋 經典 口味 好禮 即 享券 活動,160
ELOTTE 爽 冰淇淋 香草 口味,10
S41 小杯 經典 冰淇淋 含 W,30
大樹玉 荷包 冰淇淋,5
XOClass 冰淇淋 香草 500 公克 3 桶,35
玉米 冰淇淋 香草 口味,255
雅方 北海道 之雪 冰淇淋 香草 500g,50
高知 柚子 冰淇淋,10
別海 乳業 抹 茶 冰淇淋 120ml,5
別海 乳業 香草 冰淇淋 120ml,5
WINMAX 冰淇淋 指甲油 伯爵 奶茶 10mL,5
KINYO 自動 DIY 冰淇淋 機黃,15
粉紅豬 冰淇淋 車 音效,10
脆皮 巧克力 冰淇淋,195
義美 冰淇淋 筒 芋圓,5
明治 北海道 蘭姆 葡萄 冰淇淋 712g,5
代收 代付 哈根 達斯 冰淇淋 品脫 香草 473ml 愛買 冷,5
小美 冰淇淋 芋頭 1L 盒 520g5 盒,10
義美 冰淇淋 香草 500g,5
團生 可可 冰淇淋,590
真果 實 冰淇淋 草莓 口味,20
大拇指 巧克力 冰淇淋,5
Picard 黑 醋栗 梨子 冰淇淋 捲 925926,5
小美 乳酸 冰淇淋 66gx10 入,5
阿姆 珍奶 冰淇淋,5
冰淇淋 挖勺 冰淇淋 勺 挖 勺 挖球器 挖球 勺 小麥 購物 冰淇,15
杜老爺 冰淇淋 瑞巧 480g,5
義美 冰淇淋 餅乾 巧克力 75gx4 入,5
杜老爺 特級 冰淇淋 香草 口味 480g,65
阿奇濃 公升 冰淇淋 香草,5
現貨 批發 官方 授權 正品 奶素 甜筒 冰淇淋 軟糖古 早味 零,5
棉花 糖 冰淇淋 套餐 16oz 乾果,15
WINMAX 冰淇淋 指甲油 10ml 牛奶 巧克力,10
瑪克 冰淇淋 薄荷 巧 500g,5
瑪克 冰淇淋 瑞巧 500g,5
鐵觀音 冰淇淋 單 16oz,10
阿奇儂 冰淇淋 瑞士 巧克,85
BA304 不 鏽 鋼 冰淇淋 勺 不 鏽 鋼 冰淇淋 勺 冰淇淋 挖勺 冰淇,5
義美 巧克力 冰淇淋,5
義美 銅鑼燒 冰淇淋 紅豆煉 乳 80g4 入,5
FELISSIMO 冰淇淋 收納包 綜合杯裝,5
義美 冰淇淋 餅乾巧克,15
金車 冰淇淋 汽水 2000ml 瓶 734474,5
巧克力 冰淇淋 頭套 可布魯 的 豆卡 頻道,5
巧克力 鯛 魚燒 造型 冰淇淋,2115
小美 乳酸 冰淇淋 66g45gx10 杯袋,125
UNDERGROUND 草莓 白巧克力 脆片 冰淇淋 280g,30
SweetLilMonster 香草 棉花 糖 冰淇淋 固齒器,5
Oolab 良 杯 製 所 冰淇淋 系列 甜筒 撞色杯 提袋 豪華 組合,5
金 柑 冰淇淋 140ml,10
HaagenDazs 冰淇淋 夏威夷 果仁 473ml,10
SwitchEasyGelatominifan 冰淇淋,10
明果 綜合 冰淇淋 迷你 杯 4 入組 60g4 入盒,10
FeedFit 輕 享系 冰淇淋 大人 可可 200g,15
M 哈根 迷你 杯 比利 時 巧克力 冰淇淋 100ML,5
巧酥戀 乳 冰淇淋 杯,35
叉叉 日貨 預購 3 月 角落 生物 31 冰淇淋 聯名果 凍 貼紙 粉紅,5
阿奇儂 冰淇淋 芒果 530G,75
紅豆 豆腐 冰淇淋,10
義美 銅鑼燒 冰淇淋 牛奶 80gX4 入愛買 冷凍,30
萊 D 杜老爺 超質 冰淇淋 香草 口,10
小農芋頭 冰淇淋,560
雅方 北海道 之雪 冰淇淋 香檳 葡萄,25
9789864013654GELATO 義式 冰淇淋,25
生 可可 冰淇淋,50
義美 巧克力 冰淇淋 500g772674,5
M 杜老爺 特級 冰淇淋 巧克力 1L,45
桂冠 冰 菓 室 冰淇淋 大福 巧克 榛果 碎片 2 入,55
真果 實 冰淇淋 藍莓 口味,25
義美 冰淇淋 香芋 500g,10
釋迦 冰淇淋,20
GoodMall 手工 冰淇淋 蜂蜜 牛奶 100g,15
哈根 達斯 冰淇淋 100ml 香草,10
生 可可 冰淇淋 皇家 奶茶,30
芋頭 牛奶 冰淇淋 套餐 8oz 乾果,5
M 冰戀 雙旋 冰淇淋 巧克力 香草 風味 70g4,10
叉叉 日貨 預購 3 月 角落 生物 31 冰淇淋 聯名 白熊 企鵝豬,5
生 乳酪 冰淇淋 套餐 6oz 乾果,10
三星 蔥 冰淇淋,40
鬍 子 爺 爺 香草 卡士 達 冰淇淋,8660
UNDERGROUND 草莓 白巧克力 脆片 冰淇淋,10
NENECHICKEN 炸雞 冰淇淋 冬瓜 檸檬,5
贈品 哈根 達斯暖心 真摯 冰淇淋 湯,25
別海 乳業 草莓 冰淇淋 120ml,5
玉米 冰淇淋 牛奶 風味 619062,5
飛牛 冰淇淋 鮮乳 通霄,50
UNDERGROUND 可可 黑 巧克力 脆片 冰淇淋,20
31 冰淇淋 微風 UB,5
義美 冰淇淋 巧克力,50
杜老爺 超級 冰淇淋 淇 淋巧 酥 552 公克,65
小美 乳酸 冰淇淋 66gx10 入,60
義美 銅鑼燒 冰淇淋 奶茶,80
LotteWa 香草 風味 冰淇淋 190ml,10
小美 銅鑼燒 冰淇淋 巧克,5
芝麻 豆漿 冰淇淋,10
玉米 冰淇淋 花生 口味,35
杜老爺 Super 冰淇淋 黑糖 珍珠,5
義美脆 香草 冰淇淋 10 入,20
杜老爺 芒果 冰淇淋,5
義美 冰淇淋 芒果 500g,5
Talenti 芒果 冰淇淋,10
高知 鹽味 冰淇淋,5
昊鼎 水產 酥 炸 冰淇淋 320g10 入炸 冰堡 炸 冰炸冰,25
杜老爺 麻 糬 冰淇淋 香芋,5
杜老爺 Enjoy 冰淇淋 藍莓 優格,5
義美 冰淇淋 餅乾 牛奶 75gx4 入,5
杜老爺 特級 冰淇淋 巧克力 480g,10
meiji 明治 芒果 冰淇淋 芒果,40
義美 銅鑼燒 冰淇淋 香草 口味 696120,15
雅方 北海道 之雪 冰淇淋 薄荷 巧克力,30
HaagenDazs 冰淇淋 抹 茶 473ml,5
丹尼 船長 熱銷 冠軍組 哈根 達斯 冰淇淋 組 5 入組 明星 口,35
脆皮 香草 冰淇淋,330
阿奇儂 冰淇淋 芋頭 530G,70
義美蛋 捲 冰淇淋 筒厚濃 巧克力 80g4 入,5
義美 牛奶 冰淇淋 餅乾 75gX4,5
HaagenDazs 冰淇淋 夏威夷 果仁,50
團 五甲 木榴 槤 冰淇淋 4,20
杜老爺 特級 冰淇淋 芒果 480G,5
ECM 冰淇淋 造型 棉花 糖 105g,5
桂冠 冰 菓 室 冰淇淋 大福 花生 2 入,25
杜老爺 義式 低脂 冰淇淋 香草 56815g568g15,35
明治 牛奶 巧 酥 冰淇淋 705g,110
阿奇儂 鮮乳坊 巧 酥 可可 冰淇淋,3585
井村 屋開運 鯛 魚燒 冰淇淋 巧克力 風味,100
雅方 北海道 之雪 冰淇淋 香檳 葡萄 500g,25
小美瑞巧 冰淇淋,10
杜老爺 巧克力 冰淇淋,5
冰淇淋 切切 樂,10
義美 消化 餅 冰淇淋 香,10
小美 香草 冰淇淋 66g,15
雅方 火把 冰淇淋 脆冰 185g,10
冰淇淋 蘇打青 蘋果 風味,15
芋頭 牛奶 冰淇淋 套餐 6oz 乾果,5
冰淇淋 汽水 味 飲料 棒,10
新品 上市 現貨 童年 的 回憶 冰淇淋 甜筒 軟糖 300g,5
大樹金 鑽鳳梨 冰淇淋,5
杜老爺 特級 芒果 冰淇淋 635388,5
北海道 別海 町 香草 冰淇淋,5
POLS 保羅熊極 濃重 乳 冰淇淋 250g,5
杜老爺 麻 糬 冰淇淋 香草,5
ZAKKA 小卡 冰淇淋 攤,5
QMAN 積木三麗鷗 美樂蒂 甜心 冰淇淋 屋,10
品脫 冰淇淋 五入 組,1245
杜老爺 瑞巧 冰淇淋 1l,5
兒童 26 件 組 彩色 黏土 無毒 冰淇淋 機 霜淇淋 機 冰棒,5
SweetLilMonster 草莓 棉花 糖 冰淇淋 固齒器,5
綜合 冰淇淋 果凍,10
草莓 美莓 冰淇淋 爆米花 3,5
義美 脆皮 冰淇淋 巧克力,5
新 珍珠奶茶 冰淇淋,10
小美 冰淇淋 大盛 巧克力,10
明治 1 公升 冰淇淋 牛奶 巧 酥,5
雅方 北海道 之雪 冰淇淋 香檳 葡萄 500g,5
北回 x 中祥 三明治 冰淇淋 木瓜 牛奶 口味 264g,5
香蜜 芒果 冰淇淋,10
小美 草莓 冰淇淋 520g,10
萊爾富 小美 巧克力 冰淇淋 即 享券,5
朦朧 冰淇淋 汽水 330ML,15
明治 公升 冰淇淋 巧克力 脆皮,5
小丸子 冰淇淋 疊疊樂,115
0172156169 義美 銅鑼燒 冰淇淋 香草 口味,30
HaagenDazs 冰淇淋 芒果,5
4713057455728KINYO 迷你 冰淇淋 機,5
美膳 雅 冰淇淋 機,55
義美 巧克力 冰淇淋 桶裝 500g,5
冰淇淋 自 製 機 兒 童 DIY 冰淇淋 兒童 迷你 自 製 美味 家用 冰淇淋,5
杜老爺 特級 冰淇淋 瑞士 巧克力 4,5
杜老爺 冰淇淋 巧克力 480 公克 850 毫升,5
杜老爺 冰淇淋 瑞士 巧克力 圓,5
義美 冰淇淋 餅乾 巧克力,5
義美 冰淇淋 桶裝 瑞士 巧克力,5
愛文 芒果 冰淇淋,455
桂冠 花生 冰淇淋 大福,5
金車 冰淇淋 汽水,2185
Coolish 香草 風味 牛奶 冰淇淋,5
小美大盛 香草 冰淇淋,5
木瓜 牛奶 冰淇淋 套餐 8oz 乾果,5
杜老爺 1L 冰淇淋 香草,5
9789865406493 熱情 人生 的 冰淇淋,5
哈根 達斯 香草 X 芒果 巧脆 冰淇淋 420ml,10
HaagenDazs 藍姆 葡萄 冰淇淋 473ml 盒 2754,5
森 手感 仿真 帶孔 迷你 慕斯杯 珍珠奶茶 吸管 杯 冰淇淋 聖代,5
小美 香草 冰淇淋 520g,10
木瓜 牛奶 冰淇淋 套餐 4oz 水果,5
義美 銅鑼燒 冰淇淋 牛奶 80gX,5
富友 真果 實 冰淇淋 藍莓,5
JOJOGO 防 x87A8 益生菌 冰淇淋 涼 被 2 入,5
現貨 冰淇淋 漸層 條紋 針織 上衣 T10109 微秋 冰淇淋 色,5
日本 Glico 固力果 大 甜筒 特價 三味 冰淇淋 甜筒 巧克,5
木瓜 牛奶 冰淇淋 套餐 6oz 乾果,15
PENCIL 萊姆酒 葡萄 冰淇淋 BACARDI 高蛋白 冰淇淋,5
鐵觀音 拿 鐵 冰淇淋,5
義美 銅鑼燒 冰淇淋 香,5
兒童 26 件 組 彩色 黏土 冰淇淋 機 霜淇淋 機 冰棒 甜筒,10
冰淇淋 綿 花糖,5
杜老爺 香草 1 公升 冰淇淋,5
韓國 熊津 黑芝麻 年糕 冰淇淋 筒,5
冰淇淋 紅韻 21,5
森 手感 仿真 迷你 冰淇淋 花托 脆筒餅 乾 霜淇淋 超輕土,5
CHOOSY 唇膜 葡萄 冰淇淋 香 1 片 Donki 日本 唐吉訶,5
K0042 冰淇淋 挖勺 三 口味 針織外,5
冰淇淋 風味學 GelatoSorbet,10
定夏 芒果 冰淇淋,10
冰淇淋 造型 便利 貼,115
義美 冰淇淋 珍珠奶茶,5
富友 牛奶 巧 酥 冰淇淋 杯,5
代銷 藍莓 塔 冰淇淋 迷,1080
Chicco 冰淇淋 冰凍 固齒 玩具 4mCHE715200,10
極濃 黑玫瑰 鹽 冰淇淋 套餐 16oz,10
Barbie 芭比 冰淇淋 店 組合,5
Pasabahce 沃福 甜筒 造型 冰淇淋 杯 245cc 可疊杯,5
E050129305 冰淇淋 風味學 GelatoSorbet,5
玉 荷包 果肉 冰淇淋 82g,5
DALIMI 美味 冰淇淋 店 DL32677,5
義美 黑糖 珍珠 蛋 捲 冰淇淋 筒 4 入,5
杜老爺 麻 糬 冰淇淋 花生,5
冰淇淋 蘇打彈 珠 汽水 風味,15
COLDSTONE 經典 冰淇淋 雙人 套餐 兌換券,5
白雪 QQ 玉米 冰淇淋 10 入,10
義美 巧克力 冰淇淋 筒,5
哈根 達斯 冰淇淋 卷,5
效期 202388PENCIL 香草 冰淇淋 馬 達 加斯 加香,5
現貨 Doris 韓系飾品 糖果 色 蛋糕 冰淇淋 髮 夾韓風 髮 飾,15
台灣 現貨 生日 佈 置 麥當 勞薯 條漢堡 冰淇淋 甜筒 冰淇淋 燈,5
CHOOSY 唇膜餅 乾 奶油 冰淇淋 香 1 片 Donki 日本,5
杜老爺 Super 冰淇淋 搖滾 黑森林 58415g 桶 愛買 冷,5
義美 香芋 冰淇淋 桶裝,5
明治 冰淇淋 百香 柚子,5
漢堡 冰淇淋,5
冰精靈 大湖 草莓 冰淇淋,10
木瓜 牛奶 冰淇淋 套餐 4oz 醬料,10
明治 芒果 冰淇淋 686g,5
義美 香草 冰淇淋,5
DYDO 復 刻堂 冰淇淋,5
義美 瑞士 巧克力 冰淇淋 桶裝 500g,5
定夏 手工 冰淇淋 55 元,5
現貨 優惠感 日本 CHEERIO 哈密瓜 冰淇淋 汽水 哈密瓜,5
雅芳 北海道 冰淇淋 香檳 葡萄,5
CHOOSY 唇膜 蘇打 冰淇淋 香 1 片 Donki 日本 唐吉訶,5
Movenpick 莫凡 彼 冰淇淋 百香果 芒果 牛奶 500ml,5
小美 香草 公升 冰淇淋,5
