item_name,item
阿奇儂 花生 花豆 冰沙 330g,920
二配 深 焙 花生 滿餡 麵 包,245700
阿奇儂 冰沙 花生 花豆,310
杜老爺 麻淇冰 花生 2 入,280
新竹 福源 花生 雪沙 130g,1230
花生 雪沙,935
阿奇儂 冰沙 花生 花豆 330g,1060
杜老爺 福爾摩沙 麻淇冰 花生 家庭 號 42g35g10 入,220
杜老爺 麻淇冰 花生,45
阿奇儂 花生 花豆 冰沙 330g,60
阿奇儂 花生 冰砂,5
阿奇儂 冰沙 花生 花豆 330g 杯 860093,5
阿奇儂 冰砂 花生 花豆,180
仁美草湖 花生 冰,470
4 入 麻 糬 花生 口味 140g,1980
阿奇儂 花生 花豆 冰沙,10
萊 D 百吉 澎湖 花生,70
杜老爺 福爾摩沙 麻淇冰 花生 家庭 號 601353,5
Skippy 吉比 花生 醬 340g 柔滑,30
流沙 花生,45
冰 奶茶 去 冰 花生 雞,5
元歲 本 舖 特級 花生,15
花生 醬多 微冰,10
阿奇儂 冰沙 花生 花豆杯,5
森永 花生 牛奶糖 260g,260
黑糖 花生 大福 210g12 入箱,230
哈根 達斯 濃脆 花生 醬冰,5
霧 隱城 x 福利 熊 日式 麻 糬 花生 180g,175
青葉 Q 彈 花生 麵 筋,2830
新竹 福源 花生 醬 360g,380
熱銷 北港 9 號 花生 黑金 剛 花生 原味 鹽 酥 蒜 味 高山,285
美國 JIF 香滑 花生 醬 454g,10
冠 軍 花生 麵 筋易開,40
杜老 麻淇冰 花生 45g,10
義美香濃 花生 夾心 酥 400g 袋 646851,5
Tryall 蛋白 花生 脆皮 卷 30g,460
森永 牛奶糖 花生 口味,5
味全 花生 麵 筋 170g 現貨新 貨特價 22 元,5
SYuKi 花生 夾心餅 150g,230
日月潭 花生 麻 糬 35g6 粒盒,215
阿奇儂 冰沙 花生 花豆 330g,25
西北 麻吉燒 花生 312903,25
新貴派 大格 酥 972g 焙烤 花生,865
飛燕 花生 煉乳,105
盛香珍 竹炭 花生 90g 愛買,15
現貨 花生 酥糖 250g180g 沙士 糖森永牛,245
4710469910623 新竹 福源 花生,20
杜雙 麻淇 花生,5
杜老爺 花蓮 麻淇冰 花生 10 粒愛買 冷凍,60
推麻淇冰 花生,5
大容量 麻 荖 椰子 荖 米 荖 花生 荖 麻佬 椰子 佬 米 佬,95
冠 軍 花生 麵 筋易 開罐 24,5
元華 花生,35
發票 黑師傅 捲 心 酥 X 新竹 福源 花生 醬恩晴 小 舖 福源,10
花生 安格斯 牛肉 堡 可樂中,15
0361228 旗坂尾 家 滷 花生 豬腳 3 包,5
志 昇 花生 荖 20,5
金元 富 竹炭 花生,20
S 新貴 派 花生 9 入 144g,1660
花生 麻吉燒 3Kg 包,10
吉比 可可 花生 雙醬 360g,20
4713002010446 新竹 福源 花生,20
吉比 柔滑 可可 風味 花生 雙醬 350g350g,50
花生 醬多 可樂 去 冰,5
義美 夾心 酥 花生 152g,15
代收 代付 新貴 派 花生 9 入 144g,30
花生 絕 配餐 1 可樂,5
杜老爺 花生 麻淇冰,5
N013133587 八豆聯 軍 麻辣 三星 香蔥 花生 隨手 包任,5
花生 安格斯 牛肉 堡 可樂 中紅,25
美式 花生 重磅 雙牛堡 套餐 20230423y7zm6s,5
花生 雞牛 雙人 澎湃 餐 20230428l68tl2v,5
美式 花生 雙層 安格斯 套餐 20230327r5dcn3,5
霧 隱城 x 福利 熊 日式 麻 糬 花生 180g,10
美式 花生 雙層 安格斯 套餐 20230414wsa9zg,5
美式 花生 雙層 安格斯 套餐 20230313r5dcyx,5
美式 花生 重磅 雙牛堡 套餐 20230326fc4xmp,5
美式 花生 雙層 安格斯 套餐 20230422w5nrhu,5
美式 花生 雙層 安格斯 套餐 20230310f7j6qw,5
美式 花生 雙層 安格斯 套餐 20230318z861df,5
杜老爺 福爾摩沙 麻淇冰 花生 家庭 號,10
美式 花生 重磅 雙牛堡 套餐 20230402g6bo1s,5
花生 雞牛 雙人 澎湃 餐 20230428yeb70arh,5
美式 花生 重磅 雙牛堡 套餐 20230402yeb7tv,5
美式 花生 重磅 雙牛堡 套餐 20230414z861xy,5
金塊 香蒜 花生 買三送 一,3585
美式 花生 雙層 安格斯 套餐 20230404z8612q,5
美式 花生 雙層 安格斯 套餐 20230412z1rudm,5
味 王冠 軍 花生 麵 筋 170g 現貨,5
美式 花生 重磅 雙牛堡 套餐 20230415fc4xg0,5
浩漢 花生 麻署 140G,10
桂冠 花生 冰 大福 70g2,30
元華 五香 花生 300g,25
花生 雞牛 雙人 澎湃 餐 20230427ngdrwn0,5
美式 花生 重磅 雙牛堡 套餐 20230403y7zm0p,5
花生 雞牛 雙人 澎湃 餐 20230426d5rsozi,5
美式 花生 重磅 雙牛堡 套餐 20230428y3ihai,5
美式 花生 雙層 安格斯 套餐 20230424y7zmnh,5
美式 花生 雙層 安格斯 套餐 20230322o1emrl,5
永發 一口 酥 杏仁 味 花生 味 芝麻 味 180g 現貨 蝦 皮直,5
美式 花生 雙層 安格斯 套餐 20230409qhsys4,5
美式 花生 重磅 雙牛堡 套餐 20230419y1tifc,5
美式 花生 重磅 雙牛堡 套餐 20230409snqlaj,5
免運 發票 新竹 福源 油炸 花生 恩晴 小 舖 福源 花生,5
美式 花生 重磅 雙牛堡 套餐 20230310l68tyx,5
美式 花生 重磅 雙牛堡 套餐 20230401w0qtew,5
美式 花生 重磅 雙牛堡 套餐 20230318f4ur5z,5
新竹 福源 花生 雪沙 130g,10
美式 花生 重磅 雙牛堡 套餐 20230311ayj4jo,5
美式 花生 重磅 雙牛堡 套餐 20230415poscbd,5
美式 花生 雙層 安格斯 套餐 20230430y4hp0e,5
竹炭 花生 600 克包,5
美式 花生 重磅 雙牛堡 套餐 20230425qhsy82,5
美式 花生 雙層 安格斯 套餐 20230313dfkqry,5
美式 花生 重磅 雙牛堡 套餐 20230414z9vqvw,5
免運 發票 新竹 福源 花生 醬 夾心 酥 福源 恩晴 小 舖,10
美式 花生 重磅 雙牛堡 套餐 20230402wsa959,5
美式 花生 雙層 安格斯 套餐 20230420z1ru1t,5
美式 花生 重磅 雙牛堡 套餐 20230318d2pkfz,5
美式 花生 重磅 雙牛堡 套餐 20230315y7zm8w,5
美式 花生 重磅 雙牛堡 套餐 20230321d2pk0a,5
美式 花生 重磅 雙牛堡 套餐 20230312d2pkeu,5
美式 花生 雙層 安格斯 套餐 20230424f4urc9,5
美式 花生 重磅 雙牛堡 套餐 20230316ca7ic1,5
美式 花生 重磅 雙牛堡 套餐 20230317spguqx,5
美式 花生 重磅 雙牛堡 套餐 20230406wsa93s,5
美式 花生 重磅 雙牛堡 套餐 20230319posce6,5
美式 花生 雙層 安格斯 套餐 20230313f4ure3,5
北田 Mini 花生 風味 捲 140g,5
N011000186 滿面 香 芝麻 花生 銅,5
美式 花生 雙層 安格斯 套餐 20230402kx8imm,5
美式 花生 重磅 雙牛堡 套餐 20230430w1eh3q,5
北田 Mini 花生 風味 捲 140G,5
美式 花生 雙層 安格斯 套餐 20230425y3ih5f,5
代收 代付 味 王冠 軍 花生 麵 筋 3 入愛買,15
現貨 促銷 69 元 芥末 花生 哇沙米 花生 山 葵花 生台灣 裹 粉花,5
杜老爺 福爾摩沙 麻淇冰 花生 家庭 號 42g10 粒,55
美式 花生 重磅 雙牛堡 套餐 20230405ayj498,5
美式 花生 重磅 雙牛堡 套餐 20230321e1x4l7,5
美式 花生 雙層 安格斯 套餐 20230415b4bsfo,5
美式 花生 重磅 雙牛堡 套餐 20230420yeb770,5
美式 花生 重磅 雙牛堡 套餐 20230322d2pkwf,5
美式 花生 重磅 雙牛堡 套餐 20230405y7zmn7,5
美式 花生 重磅 雙牛堡 套餐 20230420y3ihq2,5
美式 花生 重磅 雙牛堡 套餐 20230405ca7iys,5
美式 花生 重磅 雙牛堡 套餐 20230309ayj4wp,5
花生 雞牛 雙人 澎湃 餐 20230429k6x0r3b,5
美式 花生 重磅 雙牛堡 套餐 20230401y3ihg8,5
美式 花生 重磅 雙牛堡 套餐 20230414spgudx,5
香草 脆皮 花生,5
美式 花生 重磅 雙牛堡 套餐 20230422z861c1,5
花生 冰沙,5
美式 花生 雙層 安格斯 套餐 20230322glbilm,5
美式 花生 重磅 雙牛堡 套餐 20230314szpt30,5
美式 花生 重磅 雙牛堡 套餐 20230328qhsy7d,5
冠 軍 花生 麵 筋 170g,5
美式 花生 重磅 雙牛堡 套餐 20230320e4pfgt,5
美式 花生 重磅 雙牛堡 套餐 20230308o1emab,5
美式 花生 重磅 雙牛堡 套餐 20230320agembq,5
美式 花生 重磅 雙牛堡 套餐 20230321d2pk4z,5
美式 花生 重磅 雙牛餐,605
美式 花生 重磅 雙牛堡 套餐 20230313ca7i74,5
美式 花生 重磅 雙牛堡 套餐 20230308agemer,5
美式 花生 雙層 安格斯 套餐 20230319qhsyai,5
美式 花生 重磅 雙牛堡 套餐 20230428z861fa,5
美式 花生 雙層 安格斯 套餐 20230420ovnjvh,5
美式 花生 雙層 安格斯 套餐 20230415snqlsu,5
美式 花生 雙層 安格斯 套餐 20230413ojk62t,5
台灣 傳統 米 麻 糬 花生,60
美式 花生 雙層 安格斯 套餐 20230420szpts3,5
美式 花生 重磅 雙牛堡 套餐 20230317glbizs,5
吉比 花生 醬 柔滑 510g 罐 384923,5
美式 花生 重磅 雙牛堡 套餐 20230312w5nr91,5
美式 花生 雙層 安格斯 套餐 20230421f9xs5z,5
美式 花生 雙層 安格斯 套餐 20230317f0sagk,5
阿奇儂 冰砂 花生 花豆 330g,5
吉比 花生 醬 510g 現貨 蝦 皮直 送,5
阿奇儂 花生 花豆 冰沙 x5,10
美式 花生 重磅 雙牛堡 套餐 20230312z1ru87,5
美式 花生 重磅 雙牛堡 套餐 20230327yeb7e8,5
發票 新竹 福源 爆餡 花生 醬脆 卷 福源 恩晴 小 舖,5
美式 花生 雙層 安格斯 套餐 20230316l68ts5,5
吉時 饌 小琉球 麻花 捲 花生 煉乳青蔥 風味,5
代收 代付 77 新貴 派 花生 18 入 288g,5
美式 花生 重磅 雙牛堡 套餐 20230319exot6i,5
冠 軍 花生 麵 筋 3 入,5
美式 花生 重磅 雙牛堡 套餐 20230324y1yi06,5
美式 花生 重磅 雙牛堡 套餐 20230311qvfhdy,5
美式 花生 重磅 雙牛堡 套餐 20230320e1x4k7,5
日本 冰 花生,5
美式 花生 雙層 安格斯 套餐 20230324kx8ix8,5
美式 花生 雙層 安格斯 套餐 20230329y3ih8d,5
