item_name,item
芒果 青 冰棒,4620
義美 土豆 仁 牛奶 冰棒 875g5 支盒 875g5 支,875
大樹 農會 芋頭 冰棒,5
IMURAYA 紅豆 冰棒 6 支盒 450g,130
0102030890 義美 土豆 仁 牛奶 冰棒,25
貓熊 冰棒,10
薄荷 巧克力 冰棒,865
紅豆 冰棒,70
冬瓜 檸檬 冰棒,640
團綠豆 鑽 冰棒,1380
莊記 綠豆 鑽 冰棒,5315
黃 金榴 槤 冰棒,10630
分批 取義美 牛奶 冰棒 土豆 仁 875gx5 入,45
分批 取義美 牛奶 冰棒 紅 豆粉 粿 875gx5 入,45
芋角 牛奶 冰棒 家,340
黑糖 珍珠 紅豆 冰棒,105
冰潮 蜂蜜 情人 果夾心 冰棒 65g45gX5 支盒,15
奇美 鳳梨 冰棒,70
竹田 冰棒,455
彈珠 汽水 冰棒,1155
奇異果 冰棒,135
義美綠豆 牛奶 冰棒 5 入,165
森永 嗨 啾 葡萄 冰棒,3630
光武 可爾 必斯 冰棒,1620
小美紅 豆粉 粿 冰棒,2290
乳酸 多多 冰棒,11505
Picard70 巧克力 冰棒 4 入 250g,170
芋頭 冰棒,95
東區 農 冰棒,30
嘎哩君 冰棒 葡萄柚,65
Lotte 西瓜 冰棒,5360
義美紅豆 牛奶 冰棒 5 支盒 875gx5 支盒,3605
明治 北海道 牛奶 冰棒 4,90
義美紅 豆粉 粿 牛奶 冰棒 875g5,1860
海神 奶茶 冰棒,25
花生 牛奶 冰棒 盒,175
綠豆 鑽 冰棒 牛奶,45
分批 取義美 牛奶 冰棒 紅豆 875gx5 入,65
百香果 雪條 冰棒,20
推 奇美 檸檬 冰棒,70
假三色 冰棒,15
奇美 檸檬 冰棒,75
百香果 冰棒,405
綠豆 牛奶 冰棒 盒,1230
紫蘇梅 冰棒,10
Picard 草莓 西瓜 雪酪 冰棒 5 入 275g,140
脆皮 巧克力 冰棒,1145
DONKI 檸檬 草莓 冰棒 台灣,235
小美紅 豆粉 粿 冰棒 80 公克 x5 入,1455
雅方古 早味 脆皮 巧克力 冰棒,30
LotteJoanna 雙重 口味 冰棒 396ml396g,65
蕃茄 冰棒,40
紅豆 牛奶 冰棒,28720
玉井 情人 果大脆 冰棒,53785
義美芋 泥 牛奶 冰棒 5 支盒 875gx5 支盒,380
冰潮 百香果 冰棒,525
DONKI 西瓜 草莓 冰棒 台灣,195
小美紅 豆粉 粿 冰棒 5 入,20
食品 廠 金桔 冰棒,40
推 奇美 芒果 冰棒,75
LotteJoanna 雙重 口味 冰棒,70
CHLOES 有機 冰棒,3800
義美 花生 牛奶 冰棒 875gx5 支盒,120
P52016 特大 涼一夏 冰棒 組 4 入,195
義美 冰棒 紅豆 牛奶 875gX5 支愛買 冷凍,75
LOTTE 西瓜 冰棒,160
舞味本 舖 光武 HiPis 乳酸 冰棒 咖啡 冰棒 水果 冰棒,55
大觀 冰棒,370
FUTABA 巧克力 脆片 冰棒,130
農會釋 迦 冰棒,85
綠豆 牛奶 冰棒,75
杜老爺 玉井 情人 果大脆 冰棒 83g5,3610
Lotte 西瓜 冰棒 西瓜,175
比菲多 冰棒 乳酸 風味,225
櫻桃 風味 冰棒,30
KUNSAKI 昆崎 冰棒 葡萄 哈密瓜 乳酸 冰棒 8 隻 一包,60
奇美 芒果 二重奏 冰棒,125
P52012 冰棒 組 方型,230
雙葉紅 豆粉 粿 冰棒 67g5 支盒 67g5 支盒,380
義美 x 歇 腳亭紅 豆粉 粿 珍珠 冰棒,340
森永 嗨 啾 冰棒 葡萄 口味 122g 支,85
善化 農會 花生 冰棒,35
杜老爺 關廟 鳳梨大脆 冰棒 78g5 入盒,280
P52016 特大 涼一夏 冰棒 組,5
抹 茶 紅豆 牛奶 冰棒,180
義美 牛奶 冰棒 紅豆 875gx5 入,3155
義美 台灣芋 角 牛奶 冰棒 875g5 入,190
推明果 冰棒 椰香,20
義美紅豆 冰棒,30
冰棒 棍 100 入 冰棒 棍 100 入,10
義美 冰棒 紅 豆粉 粿,60
義美紅 豆粉 粿 牛奶 冰棒 5 支盒 832689,20
大拇指 紅 豆粉 粿 冰棒 5 入盒 655733,10
義美 珍珠 紅豆 冰棒 5 入,55
小美 牛奶 冰棒,25
柴燒 桂圓 冰棒,230
義美紅 豆粉 粿 牛奶 冰棒 5 支盒 875gx5 支盒,3005
大拇指 百香果 冰棒 5 入盒 5 入盒,345
大拇指 鳳梨 冰棒 5 入盒 5 入盒,490
鳳荔 冰棒,10
義美 芒果 冰棒 875gx5 支盒 875gx5 支盒,420
推 乳酸 口味 冰棒,30
哈密瓜 草莓 冰棒,30
FUTABA 香蕉 風味 巧克力 脆皮 冰棒,215
小美紅心 芭檸 冰棒,2020
花開 富桂 冰棒,185
義美 冰棒 紅豆 牛奶,685
義美芋 泥 冰棒 5 入,145
小美 冰棒 紅 豆粉 粿,5
冰棒 鳳梨,15
牛奶 芋泥 冰棒,25
義美紅 豆粉 粿 牛奶 冰棒,31265
杜老爺 玉井 情人 果大脆 冰棒 83g,2110
雙葉 冰棒 紅豆 牛奶,435
9000000054 冰棒 0123,475
大人 系嘎哩 嘎 哩 君 剉 冰棒 綜合 苺 果,10
義美抹 茶紅豆 牛奶 冰棒 875gx5 支盒 875gx5 支,445
Dole 水果 冰棒,305
雙葉紅豆 冰棒,35
N012756879 春 一枝 天然 水果 冰棒 買 10 送 4 支 min,5
杜 情人 果脆 冰棒 83g5,155
紅 豆粉 粿 牛奶 冰棒,8350
HSY 巧克 檸檬 冰棒,115
義美 雙色 冰棒 芒果 牛奶,150
雙葉 冰棒 蘇打 風味,5
台灣現 貨免 運附蓋 50 根 冰棍 DIY 冰棒 雪糕,15
芋角 牛奶 冰棒 單,160
VV 冰棒 紅豆 牛奶 350g5 入裝,5445
胡桃 風味 冰棒,55
萊 D 杜老爺 情人 果脆 冰棒 5 入,5
義美紅豆 牛奶 冰棒 875g5,2890
BAKI 巧克力 冰棒,355
冰棒 花生 牛奶,40
雙葉 冰棒 紅 豆粉 粿,210
雙葉紅豆 牛奶 冰棒,40
義美 冰棒 芋泥 牛奶,80
現貨 發票 崑 崎 冰棒 益生菌 乳酸 棒 葡萄 果汁 冰棒 乳酸菌 冰,205
義美 芒果 雙色 冰棒,80
明治 角十棒 彈珠 汽水 冰棒 優格 檸檬 40g10 入,50
紅心 芭檸 冰棒,2120
芋角 牛奶 冰棒,3205
東興 清涼 冰棒,70
大樹 農會 冰果 樹 桑葚 冰棒,25
比菲多 冰棒 原味 纖維 40,80
青草地 鮮乳 百香果 冰棒,15
森永彈 珠 汽水 風味 冰棒 家庭 號蘇 打 葡萄 463g10 入,25
吉利 高 葡萄 園 冰棒,30
水蜜桃 冰棒,45
鮮芋 仙 仙草 大 冰棒,5
奇美 芒果 冰棒,110
森永 嗨 啾 冰棒 葡萄 口味 122g,45
GoldPak 果汁 冰棒 福岡 草莓 風味,110
春 一枝 冰棒 海鹽 西瓜 口味,10
杜老爺 清爽 冰棒 組關 廟 鳳梨脆 冰棒 家庭 號 情人 果脆 冰棒 家庭,15
食品 廠芋頭 冰棒,25
百吉 布丁 雪糕 冰棒,15
義美 土豆 仁 牛奶 冰棒 6,100
萊 D 奇美 芒果 冰棒,40
義美 花生 牛奶 冰棒,35
冷凍袋 冰袋 冰棒 袋 100 入包 冰棒 夾鏈 袋 冰棒 台灣,25
小美蘇 打 冰棒,3260
P52012 涼一夏 冰棒 組 方型,395
超酸 檸檬彈 珠 汽水 風味 冰棒,4575
牛奶 冰棒,40
芋泥 牛奶 冰棒,510
巧克力 冰棒,400
梅子 冰棒 棒,200
葡萄 冰棒,175
小美紅豆 牛奶 冰棒 5 入,10
莊記 綠豆 鑽 冰棒 原味,15
冰棒 桂圓,65
吉農鮮 乳 冰棒,5
冰棒 鮮奶,20
義美 雙色 抹 茶 冰棒 5 入,85
東興古 早味 冰棒 70GX10 支袋 買 一送 一愛買 冷凍,30
米諾諾 15cm 冰棒 棍 30 支入,45
義美紅豆 牛奶 冰棒 832931,40
麝香 葡萄 冰棒,85
團 百香果 檸檬 冰棒,150
Picard70 巧克力 冰棒 4 入 881241,10
義美抹 茶紅豆 牛奶 冰棒,220
森永彈 珠 汽水 風味 冰棒 家庭 號蘇 打 葡萄,55
杜老爺 玉井 情人 果大脆 冰棒 x5,25
冰棒 紅豆,10
鮮乳 冰棒,20
烤 地瓜 風味 冰棒,2535
0172158639 黑丸 檸檬紅 茶 QQ 脆 冰棒,5
現貨 最夯 石榴 汁 冰棒 紅 石榴 膠原 蛋白 冰棒 紅 石榴 冰棒 膠原 蛋,10
日本 光 武 製 果 乳酸 冰棒 10 入 630ml,5
吉利 高 芒果 冰棒,20
義美 冰棒 紅豆 牛奶,15
Lotte 西瓜 冰棒,3475
嘎哩 嘎 哩 君 剉 冰棒 檸檬蘇 打,505
義美鳳 梨 牛奶 冰棒,265
義美綠豆 牛奶 冰棒 875g5 支,520
0172095444 義美紅 豆粉 粿 牛奶 冰棒,65
光武 牛奶 風味 飲 冰棒,50
莊記 綠豆 鑽 冰棒 牛奶,35
舞光 10W 冰棒 燈 65KE27,10
蘇澳 農會 冷泉 花生 冰棒,5
東興 冰棒 紅鳳芋 酸,5
小美紅 豆粉 粿 冰棒 80g5 入,3240
義美 黑糖 珍珠 紅豆 冰棒,10
米糕 冰棒,40
莊記 綠豆 鑽 冰棒 原 450g,25
推義美 芒果 冰棒,300
芋頭 椰奶 冰棒,75
冰棒 芋頭,35
義美 土豆 仁 牛奶 冰棒 875ccx5 入,1305
食品 廠紅豆 冰棒,35
萊 DJoanna 雙重 口味 冰棒,5
雙葉 冰棒 紅豆 牛奶,10
春 一枝 葡萄 冰棒 紫色,30
東興 清涼 冰棒 10 入袋,15
HAITAI 胡桃 風味 冰棒,5
檸檬 冰棒,30
焙蒂絲 三連 冰棒 造型 矽膠 冰棒 模 SM205SM205,20
鮮芋 仙 招牌 仙草 大 冰棒,105
吉利 高優格 冰棒,60
義美紅 豆粉 粿 冰棒 5 入,795
冰棒 棍 50 入木百貨 無 漂白 DIY 冰棒 棍 房子 冰棒 棍子,100
義美 土豆 仁 牛奶 冰棒 875g5 支盒 110990,30
Lotte 西瓜 冰棒 75ml,295
義美紅 豆粉 粿 牛奶 冰棒 875gx5 入,1775
團 荔枝 冰棒,5945
巧克力 曲奇 冰棒,45
杜老爺 鳳梨 冰棒,4615
台灣 水果 冰棒 第一 品牌 春 一枝 天然 水果 手作 冰棒 海鹽 西瓜 口味,5
大樹 農會 冰果 樹 情人 果 冰棒,35
善化 農會 紅豆 冰棒,25
冰潮 紅豆 牛奶 冰棒,40
產履 芋頭 冰棒,5
抹 茶 冰棒,5
推明果 荔枝 冰棒,315
麝香 葡萄 乳酸 多多 冰棒,11905
義美芋 泥 牛奶 冰棒,10
芝麻 冰棒,20
推 芒果 口味 冰棒,50
黑丸 檸檬紅 茶 冰棒,350
紅 豆粉 粿 冰棒,160
義美抹 茶紅豆 牛奶 冰棒 雙色,5
M 義美紅豆 牛奶 冰棒 875g5 盒,55
鮮芋 仙 仙草 冰棒,415
Picard 草莓 西瓜 雪酪 冰棒 5 入,10
40 元 冰棒,150
BAKI 巧克力 冰棒 6 入,10
大拇指 花生 牛奶 冰棒 5 入盒 655681,5
茶葉 冰棒,5
吉農 花生 冰棒,25
義美抹 茶紅豆 牛奶 冰棒 5 入,5
推明果 榴 槤 冰棒,305
雙葉紅 豆粉 粿 冰棒 67g5 支盒 459888,15
BananaStore 特價 台灣 麝香 葡萄 風味 冰棒,20
義美紅豆 牛奶 冰棒 家庭,5
吉利 高 晶晶 冰棒,65
香草 牛奶 風味 冰棒,130
比菲多 冰棒 原味,7155
水果醋 冰棒 梅子,5
義美 x 歇 腳亭紅 豆粉 粿 珍珠 冰棒 875g5 入,475
VV 冰棒 紅 豆粉 粿 350g5 入裝,4365
P52010 冰棒 組圓型,140
紅 豆粉 粿 冰棒 家,1210
芒果 冰棒,30
原味 本 舖 紅豆 牛奶 冰棒,5
杜老爺 玉井 情人 果 冰棒,10
梅子 冰棒 棒 850G,15
M 杜老爺 玉井 情人 果大脆 冰棒 83g5,45
義美鳳 梨 冰棒 5 支盒 875gx5 支盒,140
義美紅 豆粉 粿 牛奶 冰棒 832689,30
新品 現貨 HOLDLIVE 小奶 狗 小 冰棒 唇 泥霧 感啞 光 不,15
西瓜 莓果 冰棒,30
愛吻 芒果 冰棒,10
小美 情人 果 檸檬 冰棒,5
柑橘 蘇打 冰棒 支盒,5
桑椹 冰棒,20
信義 梅子 冰棒 棒,30
義美芋頭 牛奶 冰棒,15
鮮芋 仙芋頭 椰奶 冰棒,80
梅子 冰棒 棒單,40
嘎哩君 冰棒 買 一送 一 110211SB,5
草莓 夾心 冰棒,730
莊記 綠豆 鑽 冰棒 90g5 入,75
亞虎小麥 黏土 甜蜜 冰棒,15
雙葉蘇 打 冰棒 80g5 支,5
推 奇美 釋迦 冰棒,55
萊 D 奇美 芒果 二重奏 冰棒 盒,10
雙葉 花生 冰棒 5 支盒 859976,5
檸檬 薑 汁 雪酪 冰棒 入,5
Lotte 雙層 草莓 夾心 冰棒,50
豆嫂 日本 冰棒 GoldPak 水果 果汁 棒 多 口味,5
雅方 蕃茄 蜜 冰棒 75g4 盒,10
萊 D 奇美 檸檬 冰棒,40
雙葉紅豆 冰棒 5 入,35
草莓 糖果 風味 冰棒,35
吉安 百香果 冰棒,20
碎 芒果 冰棒,15
萊 D 義美 芒果 冰棒 盒,5
台灣現 貨免 運發票 附蓋 50 根 冰棍 DIY 冰棒,25
大人 系嘎哩 君 剉 冰棒 綜合莓果,40
大人 系嘎哩 嘎 哩 君 剉 冰棒 奢華草,55
吉安 鮮奶 冰棒,15
大樹 農會 冰果 樹金 鑽 冰棒,10
大樹 農會 冰果 樹鳳梨荔汁 冰棒,5
比菲多 冰棒 原味 纖維 80g5,5
小美 柑橘 蘇打 冰棒,60
吉安 芋頭 冰棒,15
Picard 水果 軟糖雪酪 冰棒 6 入 279g,60
萊 D 奇美 檸檬 冰棒 盒,15
草莓 西瓜 雪酪 冰棒,20
萊爾富 義美紅豆 牛奶 冰棒 即 享券,55
原味 本 舖 花生 牛奶 冰棒,5
Lotte 黃 西瓜 冰棒,20
食品 廠 桑椹 冰棒,20
牛奶 餅乾 冰棒 7 支入,5
焙蒂絲 6 連立體 矽膠 冰棒 模 SM207SM207,10
大拇指 百香果 冰棒 5 入盒 360451,20
雅方古 早味 芒果 青 冰棒 5 支盒,225
吃貨 驛 站 現貨免 運附 發票 乳酸 乳酸菌 冰棒 冰品 風味,5
KEYWAY 聯府 彩虹 方型 自 製 冰棒 組 4 入 製 冰 盒 冰棒,5
吉安 鄉農會 巧克力 冰棒,10
Picard 檸檬 薑 汁 雪酪 冰棒 5 入 275g,260
舞光 10W 冰棒 燈 40KE27,5
Picard 鳳梨 芒果 椰 香雪 酪 冰棒 5 入 275g,45
崑 崎 冰棒 葡萄 果汁 冰棒 哈密瓜 風味 棒 葡萄 哈密瓜 口味 果,10
吉農芋頭 冰棒,5
義美紅 豆粉 粿 牛奶 冰棒 4375g,15
烏梅 鹹 冰棒,30
區春 一枝 元 冰棒,25
團 百香果 檸檬 冰棒 入盒,40
杜老爺 玉井 情人 果大脆 冰棒 83gx5 支,5
推明果 可樂 冰棒,190
脆皮 冰棒 雙葉,5
蜜瓜 糖果 風味 冰棒,5
歐莉 歐巧克 冰棒,15
義美 雙色 芒果 冰棒 5 入,85
日本 丹五企鵝 冰棒 果汁 棒 彈珠 汽水 風味 冰棒,10
梅子 冰棒 支,180
團 土豆 仁 牛奶 冰棒 支入 盒,25
義美紅豆 牛奶 冰棒 5 支盒 832931,20
雅方古 早味 紅豆 冰棒 5 支盒 5 支盒,50
甜心 冰棒 輕量 玻纖傘,5
一次 取義美 牛奶 冰棒 土豆 仁 875gx5 入,30
台灣 現貨 全網 最低 價 不 鏽 鋼 碎冰 棒冰 槌 雞尾酒 搗 冰棒 搗泥,30
食品 廠 紫 蘇梅 冰棒,15
蜂蜜 檸檬 冰棒,5
班 鳩 冰棒 支,5
雅方古 早味 冰棒 芒果 5 支盒 5 支盒,90
代收 代付 義美 冰棒 紅豆 牛奶 875gX5 支愛買 冷凍,15
蛋黃 鹹 冰棒,10
KEYWAY 聯府 彩虹 圓型 自 製 冰棒 組 4 入 製 冰 盒 冰棒,5
信義農會 梅子 冰棒 棒 850 公克,5
冰棒 橡擦,70
義美綠豆 牛奶 冰棒 752214,10
0172156780 杜老爺 關廟 鳳梨大脆 冰棒,5
信義鄉 農會酸 果梅 梅子 冰棒 棒,110
一次 取義美 牛奶 冰棒 紅 豆粉 粿 875gx5 入,50
雙葉紅豆 冰棒 5 支 6 盒,5
大拇指 紅豆 牛奶 冰棒 5 入盒 655668,10
義美 花生 冰棒,5
吉安 檸檬 冰棒,10
抹 茶 紅豆 牛奶 冰棒 支,165
團鳳梨 冰棒 支入,5
IMEI 義美紅 豆粉 粿 牛奶 冰棒 紅 豆粉 粿 冰棒,120
冰棒 製 冰 器 ARZC034 日本 製 製 冰棒 盒 自 製 冰棒,5
紅豆 牛奶 冰棒 萬丹,20
IMEI 義美 土豆 仁 牛奶 冰棒 土豆 仁 冰棒,70
杜老爺 關廟 鳳梨大脆 冰棒 78g5,205
波士 多光武 冰棒 蘇打 冰棒 乳酸 冰棒 可爾 必思 冰棒 乳酸 棒,10
杜老爺 關廟 鳳梨大脆 冰棒 78g 支 5 支,55
雅方 Hoo 芒果 青 冰棒 70g5 入,110
台酒 百香果 冰棒 支,260
Daiichi 蜜桃 剉 冰棒 82g3 入,15
冰棒 草莓 迷努酷,10
鳳梨 芒果 椰 香雪 酪 冰棒,185
台酒 烏梅 黑麥汁 冰棒 支,65
南國 白熊 水果 風味 冰棒,40
米糕 冰棒 善化,15
嘎哩 嘎 哩 君 剉 冰棒 蘇打,5
70 巧克力 冰棒,10
雅方 Hoo 芒果 青 冰棒,75
MSHOHO 百香果 檸檬 冰棒 80gX4 支盒,55
14001279616 日本 3 入 冰棒 DIY 製 冰,15
IMEI 義美 花生 牛奶 冰棒 花生 冰棒,20
免運現 貨發票 崑 崎 冰棒 葡萄 果汁 冰棒 哈密瓜 風味 棒 益生菌 乳,85
Lotte 巧克力 冰棒,75
雙葉紅豆 牛奶 冰棒 70g5,5
義美紅豆 牛奶 冰棒 5cc,20
義美 芒果 冰棒 875g,5
義美 芒果 冰棒 875g5 入,140
青草地 鮮乳 花生 冰棒,15
義美 台灣芋 角 冰棒 875gx5,5
IMEI 義美綠豆 牛奶 冰棒 綠豆 冰棒,55
埔里 百香果 冰棒,50
Picard 螺旋 水果 冰棒 5 入 375g,20
日本 製 INOMATA 冰棒 製 冰 器 DIY 冰棒 盒,40
代收 代付 角落 生物 小夥伴 冰棒 橡皮擦 B 白,10
杜老爺 玉井 情人 果大脆 冰棒 83g5 入,10
義美 x 歇 腳亭紅 豆粉 粿 珍珠 冰棒 875g5 入,10
濃脆 焦糖 花生 冰棒,590
義美紅豆 牛奶 冰棒 家庭 號 5 入,5
冷凍袋 冰袋 冰棒 袋 100 入 冰棒 古早 味 冰棒 夾鏈 袋,10
蜜桃 剉 冰棒,410
雅芳 紅豆 冰棒,5
tgh 冰棒 紅豆 牛奶 350g5 入裝,75
光武 奶油 蘇打 冰棒,5
雅方古 早紅豆 冰棒 5 入,10
推明果 橘子 冰棒,170
小美紅 豆粉 粿 冰棒 80g4,675
義美紅 豆粉 粿 牛奶 冰棒 875gx5 入,45
善化 農會 冰棒 牛奶,5
小美酷 涼蘇 打 冰棒,60
百吉 翡翠 檸檬茶 冰棒,245
V 紅 豆粉 粿 冰棒,10
香柚 剉 冰棒,225
免運 現貨 Kunsaki 麝香 葡萄 冰棒 巨峰 葡萄 冰棒 葡萄,5
老實 農場 xHoHo 姐 蜂蜜 檸檬 冰棒,40
小美純 紅豆 冰棒,5
Lotte 西瓜 冰棒 79g 包,155
吉安 鄉農會 花生 冰棒,5
雅方 古早 芒果 青 冰棒 5,15
雙葉 脆皮 巧克力 冰棒 5 入,5
七股 鹽山 烏梅 鹹 冰棒 80,105
百吉 乳酸 冰棒,10
義美 芒果 冰棒 5 入,10
義美 牛奶 冰棒 紅豆 875gx5 入,40
大樹 農會 冰果 樹鳳梨 冰棒,10
一次 取義美 土豆 仁 牛奶 冰棒 875gx5 入,5
團芋 角 牛奶 冰棒 支入 盒,10
雅方 Hoo 芒果 青 冰棒 入,5
吉時 饌 崑 崎 冰棒 益生菌 乳酸 棒 哈密瓜 風味 棒 葡萄 風味 棒,15
台 酒紹興 米糕 冰棒 支,180
雅方 芒果 青 冰棒,10
善化 農會 芋頭 冰棒,25
小美 冰棒 情人 果 檸檬,10
義美 土豆 仁 牛奶 冰棒 875gx5,10
芒果 百香 雪酪 冰棒,90
翡翠 檸檬 冰棒,160
水果 冰棒,10
義美 土豆 仁 冰棒,15
光武 奶昔 風味 冰棒,5
老實 百香 檸檬 冰棒 80g,35
DanceLight 舞光 冰棒 燈小 雪糕 小晶靈 10W,10
大阪 北極 牛奶 冰棒 79g,5
枝 仔冰套 冰棒 套 自 製 冰棒 冰棒 枝仔冰 冰棒 塑料套 冰棒 模,30
義美紅 豆粉 粿 牛奶 冰棒 875gx5,5
焙蒂絲 6 連傳統 造型 矽膠 冰棒 模 SM208SM208,5
小美 乳酸 冰棒,5
夏雪 芒果 冰棒,20
南瓜 冰棒,5
小美 柑橘 蘇打 冰棒 75g4 入,10
DIY 冰棒 盒 製 冰 盒 冰棒 盒 冰棒 模 雪糕 模 雪糕 模具 冰棒,5
森永 葡萄 口味 嗨 啾 冰棒 122g,5
吉安 檸檬 冰棒,5
義美紅豆 牛乳 冰棒,15
Calpis 風味 冰棒 911878,20
萊 D 義美 芒果 冰棒,5
大樹 農會 百香果 冰棒,15
義美 芒果 冰棒 入,10
一次 取義美紅 豆粉 粿 牛奶 冰棒 875gx5 入,20
冰棒 糖 棒棒糖 柳橙 葡萄 草莓 鳳梨青 蘋果,5
杜老爺 玉井 情人 果脆 冰棒,5
古早 味 芒果 冰棒,435
晚崙西亞 冰棒,15
ICE 環保 冰棒 組 冰棍,15
義美鳳 梨 牛奶 雙色 冰棒 5 入,5
義美 芒果 冰棒 5 入,5
CHENset 冰棒 網紅 DIY 雪糕 12 支附 木棒,20
Picard 鳳梨 芒果 椰 香雪 酪 冰棒 5 入,5
森永彈 珠 汽水 風味 冰棒 蘇打 葡萄 463g10 支盒,5
鳳梨 冰棒,85
大樹 農會 紅豆 牛奶 冰棒,5
義美鳳 梨 冰棒 875gx5,5
義美芋 角 牛奶 冰棒 5 入,5
釋迦 冰棒,35
紅 石榴 味鮮果 冰棒,25
善農 芝麻 冰棒,5
光武蘇 打 冰棒,655
小美紅心 芭檸 冰棒 75g4 入,170
小美 情人 果 檸檬 冰棒,5
雅方 蕃茄 蜜 冰棒,10
活益 比菲多 冰棒 原味 纖維 80g5 入,5
七股 核桃 杏仁 鹹 冰棒 80,65
彩色 原色 冰棒 棍 材料 包 50 入 木棍 木棒 冰棍 雪糕 棍,10
夏橙 冰棒,20
古早 味 芒果 青 冰棒,870
雙葉蘇 打 冰棒 5 入,5
Lotte 西瓜 冰棒 75ml,10
小美 乳酸 蘇打 冰棒 5 入,10
SS 甜點 花園 眼彩 06 蜜桃 脆片 冰棒,5
愛文 芒果 冰棒,1325
雙葉紅豆 牛奶 冰棒 5 入,5
梅子 冰棒 棒 850g,5
義美 牛奶 冰棒 土豆 仁 875g5,235
小紅 西瓜 冰棒,5
LOTTE 黃 西瓜 冰棒,5
莓果 冰棒,10
雅方 芒果 青 冰棒,5
柚來 旺 冰棒 單,5
義美鳳 梨 牛奶 冰棒 875gx5 支盒 875gx5 支盒,20
百香果 檸檬 冰棒,255
Lotte 雙層 草莓 夾心 冰棒 80g 包,95
春 一枝 造型 冰棒 百香,20
ICE 環保 冰棒 組 雪糕,10
屏縣 農 芒果 冰棒,20
埔心 鮮果 芒果 冰棒,10
萊 D 莊記 綠豆 鑽 原味 冰棒,20
義美 雙色 冰棒 鳳梨 牛奶,15
萬丹 農會 金萬丹 紅豆 牛奶 冰棒,5
烏梅 冰棒,25
愛文 芒果 口味 冰棒,35
日本 NIJIYA 贅澤 草莓 冰棒,5
雅方 芒果 青 冰棒 5 入,15
雙葉 牛奶 巧 酥 冰棒,10
KitchenCraft 雨傘 冰棒 模 6 入,5
東方 美人 茶 冰棒,5
義美 台灣芋 角 牛奶 冰棒 524823,10
雅方古 早味 冰棒 清冰,15
冰棒 模具 可愛 造型 冰棒 雪糕 製 冰 模具 papa 母嬰冰,10
大樹農 百香果 冰棒,20
義美鳳 梨 冰棒,460
現貨 冰棒 麝香 葡萄 冰棒 海鹽 檸檬 冰棒 蘇打 冰棒 夏天 冰品,15
鮮奶 冰棒,10
善化 農會鳳 梨 冰棒,35
屏縣 農紅豆 冰棒,35
大人 系嘎哩 嘎 哩 君 剉 冰棒 奢華 草莓,5
義美 芒果 冰棒 5 入,5
現貨 冰棒 麝香 葡萄 冰棒 巨峰 葡萄 冰棒 葡萄 冰棒 夏天 冰品,5
義美鳳 梨 冰棒 5 入,10
現貨 夏天 冰棒 光武 冰棒 HiPis 乳酸 冰棒 蘇打 乳酸 風味,5
吉農鳳 梨 冰棒,5
現貨紅 石榴 膠原 蛋白 冰棒 平均 單支 超優惠,20
百吉 巧克力 脆皮 冰棒 5 入,5
INOMATA 冰棒 模 3 支取,5
蘋果 冰茶 冰棒,15
梅子 冰棒 棒 信義鄉 農會常溫 包裝 10 支 850g 包雙色 雙口,5
大樹 農會 冰果 樹紅豆 牛奶 冰棒,5
嘎哩君 冰棒 經典 汽水,5
金桔 甘蔗 冰棒,10
Bulla 草莓 冰棒,20
日本 光武 冰棒 乳酸 冰棒 蘇打 冰棒 10 入袋,5
吉農 冰棒,25
50 根 冰棍 冰棒 模具 自 製 冰棒 愛心款 夏日 消暑 造型 冰棒 盒,5
矽膠 冰棒 模具 小麥 購物 24H 出貨 台灣 現貨 G102 冰棒 模,10
紅豆 牛奶 冰棒 家,20
大拇指 鳳梨 冰棒 5 入盒 360464,5
北海道 香草 風味 牛奶 冰棒,5
義美綠豆 牛奶 冰棒 875gx5 入 2022080,5
美濃 冰品 35 元 冰棒,5
義美芋 泥 牛奶 冰棒 盒,5
日本 光武 乳酸 冰棒 現貨免 運蝦幣 10 倍 送 可爾 必斯蘇,10
Lotte 雙層 草莓 夾心 冰棒,15
