item_name,item
彩蔬 鮮菇 比薩獨 享餐 20220903z3uyj3hk,5
彩蔬 鮮菇 比薩獨 享餐 20220921q4arixcf,5
彩蔬 鮮菇 比薩獨 享餐 20220925e1dh2x91,5
彩蔬 鮮菇 比薩獨 享餐 20220924e6ce9dnx,5
彩蔬 鮮菇 比薩獨 享餐 20220915q4arzcgy,5
彩蔬 鮮菇 比薩獨 享餐 20220918q4arreju,5
彩蔬 鮮菇 比薩獨 享餐 20220925z5ansksc,5
彩蔬 鮮菇 比薩獨 享餐 20220912f7niskg4,5
彩蔬 鮮菇 比薩獨 享餐 20220926z2alr7hj,5
彩蔬 鮮菇 比薩獨 享餐 20220924ylcoyv2z,5
彩蔬 鮮菇 比薩獨 享餐 20220911z4psufh6,5
彩蔬 鮮菇 比薩獨 享餐 20220905b8nspcyj,5
彩蔬 鮮菇 比薩獨 享餐 20220926q0srhdyx,5
彩蔬 鮮菇 比薩獨 享餐 20220921n6uzgv57,5
彩蔬 鮮菇 比薩獨 享餐 20220914y1vc9mt0,5
彩蔬 鮮菇 比薩獨 享餐 20220930b8ns62js,5
彩蔬 鮮菇 比薩獨 享餐 20220924z9xwejt5,5
彩蔬 鮮菇 比薩獨 享餐 20220907y2obxs3h,5
彩蔬 鮮菇 比薩獨 享餐 20220914z6rd6lb1,5
彩蔬 鮮菇 比薩獨 享餐 20220915z6ipde5d,5
彩蔬 鮮菇 比薩獨 享餐 20220912z2feykuj,5
彩蔬 鮮菇 比薩獨 享餐 20220916y0ijrzpt,5
彩蔬 鮮菇 比薩獨 享餐 20220923y1nhht9a,5
彩蔬 鮮菇 比薩獨 享餐 20220905y1vc8vo9,5
彩蔬 鮮菇 比薩獨 享餐 20221026e7dxaqrb,5
彩蔬 鮮菇 比薩獨 享餐 20220910e2mvdyyd,5
彩蔬 鮮菇 比薩獨 享餐 20220912e6qsbm3u,5
彩蔬 鮮菇 比薩獨 享餐 20220903y1nh6ibp,5
彩蔬 鮮菇 比薩獨 享餐 20220903y9qmcbxz,5
彩蔬 鮮菇 比薩獨 享餐 20220910y5krgqiu,5
彩蔬 鮮菇 比薩獨 享餐 20220918z1pqu1go,5
彩蔬 鮮菇 比薩獨 享餐 20220913z0jr5teg,5
彩蔬 鮮菇 比薩獨 享餐 VegetableDelightPi,310
彩蔬 鮮菇 比薩獨 享餐 20220909z0oosf8w,5
彩蔬 鮮菇 比薩獨 享餐 20220920z7deqqp9,5
彩蔬 鮮菇 比薩獨 享餐 20220910z0jr5mse,5
彩蔬 鮮菇 比薩獨 享餐 20220914z5oypj8j,5
彩蔬 鮮菇 比薩獨 享餐 20220925z8crm6kc,5
彩蔬 鮮菇 比薩獨 享餐 20221007z7sx6p78,5
彩蔬 鮮菇 比薩獨 享餐 20220925z3uy7q7v,5
彩蔬 鮮菇 比薩獨 享餐 20220911z0vspn6g,5
彩蔬 鮮菇 比薩獨 享餐 20220912z2nhux2s,5
彩蔬 鮮菇 比薩獨 享餐 20220923c7ii15ve,5
彩蔬 鮮菇 比薩獨 享餐 20220913b8nsnccy,5
彩蔬 鮮菇 比薩獨 享餐 20221023z3uypxx2,5
彩蔬 鮮菇 比薩獨 享餐 20220907z6amnqb0,5
彩蔬 鮮菇 比薩獨 享餐 20220911u7ck4ph0,5
彩蔬 鮮菇 比薩獨 享餐 20220910y2obmhc1,5
彩蔬 鮮菇 比薩獨 享餐 20221009a5qwnmjl,5
彩蔬 鮮菇 比薩獨 享餐 20221013z4ps7z3n,5
彩蔬 鮮菇 比薩獨 享餐 20221024z2qeavdo,5
彩蔬 鮮菇 比薩獨 享餐 20220912b5wowq4v,5
彩蔬 鮮菇 比薩獨 享餐 20220908y4dxgjll,5
彩蔬 鮮菇 比薩獨 享餐 20220913b5vbv0e4,5
彩蔬 鮮菇 比薩獨 享餐 20221010z5fhc8ex,5
彩蔬 鮮菇 比薩獨 享餐 20221017a8kfkevx,5
彩蔬 鮮菇 比薩獨 享餐 20220916e6cekyor,5
彩蔬 鮮菇 比薩獨 享餐 20221024b8nsobdu,5
彩蔬 鮮菇 比薩獨 享餐 20221008z8orlwd3,5
彩蔬 鮮菇 比薩獨 享餐 20221027l1pbta4s,5
彩蔬 鮮菇 比薩獨 享餐 20220922ylcojc5b,5
彩蔬 鮮菇 比薩獨 享餐 20220904z1kn3lp9,5
彩蔬 鮮菇 比薩獨 享餐 20220908vc1dee1m,5
彩蔬 鮮菇 比薩獨 享餐 20220929z8nbf3fb,5
彩蔬 鮮菇 比薩獨 享餐 20220908z5hf4xpe,5
彩蔬 鮮菇 比薩獨 享餐 20220907z3uyviig,5
彩蔬 鮮菇 比薩獨 享餐 20221026z4ip0llg,5
彩蔬 鮮菇 比薩獨 享餐 20221010z2it1c8e,5
彩蔬 鮮菇 比薩獨 享餐 20221025ip9md4jg,5
彩蔬 鮮菇 比薩獨 享餐 20221029z6bsj609,5
彩蔬 鮮菇 比薩獨 享餐 20221012z7id51yr,5
彩蔬 鮮菇 比薩獨 享餐 20221010b1ihck2e,5
彩蔬 鮮菇 比薩獨 享餐 20221010a8huzbr2,5
彩蔬 鮮菇 比薩獨 享餐 20221011z6wpcng4,5
彩蔬 鮮菇 比薩獨 享餐 20221013z9diiz81,5
彩蔬 鮮菇 比薩獨 享餐 20221023y5odxfyy,5
彩蔬 鮮菇 比薩獨 享餐 20221001z6bsx04d,5
彩蔬 鮮菇 比薩獨 享餐 20221011m6cd3kj6,5
彩蔬 鮮菇 比薩獨 享餐 20221022z8ngozs7,5
彩蔬 鮮菇 比薩獨 享餐 20220907l1pbn7e4,5
彩蔬 鮮菇 比薩獨 享餐 20221022c7wsfrst,5
彩蔬 鮮菇 比薩獨 享餐 20221001z0rlimth,5
彩蔬 鮮菇 比薩獨 享餐 20221022z3iml66e,5
彩蔬 鮮菇 比薩獨 享餐 20221015z0vpn4ef,5
彩蔬 鮮菇 比薩獨 享餐 20221003z0jrs3in,5
彩蔬 鮮菇 比薩獨 享餐 20221027c9l5gjo4,5
彩蔬 鮮菇 比薩獨 享餐 20221017z3wtmms6,5
彩蔬 鮮菇 比薩獨 享餐 20221023e6cewhkz,5
彩蔬 鮮菇 比薩獨 享餐 20221029z1ywqsck,5
彩蔬 鮮菇 比薩獨 享餐 20221007d5wxlvnv,5
彩蔬 鮮菇 比薩獨 享餐 20221001z3qon6tt,5
彩蔬 鮮菇 比薩獨 享餐 20221007z2it1392,5
彩蔬 鮮菇 比薩獨 享餐 20221027z5fhaenl,5
彩蔬 鮮菇 比薩獨 享餐 20221006a8kfytfw,5
彩蔬 鮮菇 比薩獨 享餐 20221014y6zmw4yt,5
彩蔬 鮮菇 比薩獨 享餐 20221017y4bosg81,5
彩蔬 鮮菇 比薩獨 享餐 20221007z5ang1os,5
彩蔬 鮮菇 比薩獨 享餐 20221027b8nsfrug,5
彩蔬 鮮菇 比薩獨 享餐 20221022z8btyhfd,5
彩蔬 鮮菇 比薩獨 享餐 20221012d9qtjat4,5
彩蔬 鮮菇 比薩獨 享餐 20221001e2mv8gnb,5
彩蔬 鮮菇 比薩獨 享餐 20221023z0vpld1s,5
彩蔬 鮮菇 比薩獨 享餐 20221020d7jwvvi2,5
彩蔬 鮮菇 比薩獨 享餐 20221028z6jaikrn,5
彩蔬 鮮菇 比薩獨 享餐 20221017z2izhmus,5
彩蔬 鮮菇 比薩獨 享餐 20221013b5vbqvfa,5
彩蔬 鮮菇 比薩獨 享餐 20221028b2pqpjd7,5
彩蔬 鮮菇 比薩獨 享餐 20221012b8nefbtk,5
