item_name,item
奇美 鹿港 鮮 肉包,53890
蒸鮮 肉包 65g,525
奇美 香辣 鮮 肉包,38575
義美筍 香鮮 肉包 85gx6 粒,15
奇美 冷凍 香筍 肉包,9470
IMEI 義美筍 香鮮 肉包 筍香鮮 肉包,50
活力 Ohiyo 肉包,1535
筍香鮮 肉包,4045
IMEI 義美鮮 肉包 肉包,15
招牌 生煎鮮 肉包,155
奇美 李錦記 聯名 XO 醬叉燒 肉包 6 顆,10
大拇指 鮮 肉包 650g 包 650g 包豬 肉產 地台 灣,465
信功 日式 燒 肉包 4 入,125
大拇指 筍香 肉包 650g 包 650g 包豬 肉產 地台,490
CHIMEI 奇美 鮮 肉包 650 公克 10 入裝包,10
鮮 肉包,55
麻 膳堂 麻辣 鮮 肉包 6 入裝,5
鼎王 麻辣 肉包,13380
紅豆 食府 鮮 肉包 奶皇包 芝麻 包高麗菜 冬粉 鮮 肉包 6 入,5
奇美 香蔥 肉包,330
義美 香菇 滷 肉包 冷凍 775709,5
奇美 招牌 鮮 肉包,435
獨家 麻辣 鮮 肉包,45
奇美 食品 x 李錦記 冷凍 XO 醬叉燒 肉包,470
100g 筍香大 肉包 25 粒包 2 包箱,5
香蔥鮮 肉包,9145
松 包子 上品 鮮 肉包,1585
義美筍 香鮮 肉包 85gx6,40
琦 珍筍 肉包,25
吉鮮 肉包 6 入,550
懷舊 脆 筍豬 肉包,90
打包 招牌 鮮 肉包 500g,50
淡水 林家 包子 鮮 肉包 520g,5
奇美 冷凍叉燒 肉包 8 入,145
蔥 燒鮮 肉包,350
三芝 肉包 饅頭,20
餐飲 經典 蔥 肉包,60
奇美 香筍 肉包,60
奇美 叉燒 肉包,10765
萊 1D 奇美 鹿港 鮮 肉包 10 入,35
奇美 冷凍 香筍 肉包 390g,3050
大拇指 鮮 肉包 650g 包 527619,15
吉鮮 肉包,40
三芝 筊 白筍 鮮 肉包,20
蔥 燒鮮 肉包 5 入袋,5
淡水 林家 包子 鮮 肉包 520g,5
奇美 鮮 肉包 6 入,30
鮮蔥 大 肉包 品樂坊,5
日 香堂 大 肉包,180
三圓大 肉包,5
立家鮮 肉包 饅頭,5
桂冠 醬燒 小 肉包 360g 包 12 粒包 679042,5
三芝 黑豬 瓜仔 肉包,5
士林 夜市 大 上海 生 煎 包鮮 肉包,40
蔥 阿伯 呷 雄霸 系列 蔥 燒鮮 肉包 筍香鮮 肉包 80gx 約 8 顆,5
義美筍 香鮮 肉包,5
麻 膳堂 麻辣 鮮 肉包 65g6 顆包,25
奇美 冷凍古 早味 鮮筍 肉包,325
麻 膳堂 韭黃鮮 肉包,440
NG 鮮 肉包,20
大 玉成 鮮 肉包,5725
桂冠 冷凍 包子 肉包 6 粒,70
奇美 香筍 肉包 6 入,15
晨 桂冠 筍香大 肉包,10
松 包子 鮮 肉包 滿 350,15
CHIMEI 奇美 鮮美滿 餡 肉包子 系列 鮮 肉包 香筍 肉包,10
奇美 香筍 肉包 6 入,20
品樂坊 起士 肉包,5
大師鮮 肉包 80g 個 80g 個,420
M 鮮 肉包 6 入包,165
奇美 冷凍 香筍 肉包 390G 包,15
快速 出貨 現貨 QQINU 奇美 鮮 肉包 2 公斤 鮮 肉包,20
常 溫 滷 肉包 任選 200g,5
everyday 小鮮 肉包 仔 300g,225
胖 包子 鮮 肉包,5
招牌 鮮 肉包 5 入袋,5
萊 1D 松 包子 炭燒鮮 肉包 3,10
奇美 冷凍叉燒 肉包 入,10
台灣鮮 肉包,10
奇美 鮮 肉包 6 粒,5
三芝 嚴選 茭白 筍鮮 肉包,5
義美鮮 肉包,10
