item_name,item
辣椒 包六包,20
需要 辣椒 包 以及 餐,15
要 5 包 辣椒 包,30
要 餐巾 辣椒 包,5
辣椒 包 四包,25
要 餐巾 辣椒 包 2 包,5
麻煩 請給 我 6 包 辣椒,10
請 提供 辣椒 包和餐,20
需要 四包 辣椒 包謝,5
要 五包 辣椒 包及 餐,5
要 附 辣椒 包 四包,5
辣椒 包請給 四包,5
辣椒 10 包,60
10 包 辣椒 包 5 份餐,5
麻煩給 我 8 包 辣椒 包,5
請 提供 辣椒 包及 餐,40
辣椒 包 三包 需要 餐,5
要 3 包 辣椒 包謝謝,5
四包 辣椒 包 四份 餐,5
給我 5 包 辣椒 包,5
需要 辣椒 包 三包 需,5
提供 辣椒 包 8 包及 餐,5
我要 十包 辣椒 包,5
辣椒 包 2 需要 餐,5
辣椒 2 包,150
需要 辣椒 包及 餐,5
需要 十包 辣椒 包,5
3 包 胡椒 2 包 辣椒,5
10 包 辣椒 包,5
需要 辣椒 包及 起司,5
需要 餐紙 及 辣椒 包,5
餐巾 辣椒 包 各 8 份,5
辣椒 包要 6 包,10
餐巾 紙 6 包 辣椒 包,5
辣椒 8 包,25
一包 辣椒 包 一包 餐,5
要 餐巾 辣椒 包,5
麻煩 請 附 2 包 辣椒 包,5
請給 我 4 包 辣椒 包,10
10 包 辣椒 包,50
辣椒 5 包,95
辣椒 包請給 我 15 包,5
紅燒 湯包 附 1 包 辣椒 麻,20
辣椒 包兩 包要 餐,5
辣椒 1 包,15
請 提供 4 包 辣椒 及餐,5
辣椒 包 5 包起 司粉,5
辣椒 3 包,100
辣椒 4 包,125
3 包 餐巾 2 包 辣椒,5
一定 要 辣椒 8 包,5
辣椒 15 包,5
辣椒 5 包 胡椒 5 包,5
需要 辣椒 包和餐,5
我要 6 包 辣椒 包跟餐,5
請給 我 3 包 辣椒 包謝,5
辣椒 包 三包,15
辣椒 6 包,60
要 6 包 辣椒 包,20
及 辣椒 包,25
2 包紙 巾 3 包 辣椒 包,5
要 辣椒 3 包,15
請給 我 3 包 辣椒 包及,5
麻煩給 我 3 包 辣椒 包,5
辣椒 包要 10 包要 餐,5
需要 辣椒 包 3 包,5
索取 辣椒 包謝謝,5
請給 我 45 包 辣椒 包,5
請給 我 5 包 辣椒 包,5
需要 4 包 辣椒 包餐,10
要 3 包 辣椒 包,10
5 包 辣椒 包及 5 包餐,5
要 辣椒 5 包,5
6 包 辣椒 包 和 6 包餐,5
餐巾 2 包 辣椒 包,5
3 包 辣椒 包,5
請給 我 幾包 辣椒 包,5
麻煩 辣椒 2 包 即可,5
餐巾 辣椒 包問,5
要 8 包 辣椒 包,5
辣椒 4 包 餐巾 4 份,5
要 4 包 辣椒 包,10
3 包 辣椒 包請 送到,5
3 包 辣椒 3 包 黑胡椒,5
需要 餐巾 辣椒 包,5
6 包 辣椒 2 包 胡椒,5
餐巾 紙 5 包 辣椒 包,5
麻煩 提供 5 包 辣椒 包,5
煩請給 五包 辣椒 包,5
餐巾 辣椒 包 2 包,5
辣椒 包 四包 謝謝,5
辣椒 包 胡椒 包 各 5 包,5
辣椒 包要 15 包,5
披薩醬 多 辣椒 包,5
起司 粉及 辣椒 包,5
1 包 辣椒 包 即可,5
需 2 包 辣椒 包,5
需要 6 包 辣椒 包與餐,5
請 提供 辣椒 包 五包,10
請給 我 6 包 辣椒 包謝,5
麻煩 提供 3 包 辣椒 包,10
麻煩 三包 辣椒 包,5
麻煩 辣椒 包 可以 5 包,5
麻煩 提供 2 包 辣椒 包,10
麻煩 請 給予 4 包 辣椒,5
要 10 包 辣椒 包,5
辣椒 包 4 包起 司粉,5
辣椒 包要 5 包,5
2 包 胡椒 3 包 辣椒,5
請 提供 辣椒 包 三包,5
紙巾 辣椒 包起司 包,5
8 包 辣椒 3 包 番茄,5
2 包 餐巾 2 包 辣椒 包,5
麻煩 四包 辣椒 包,5
麻煩 10 包 辣椒 包,5
需要 4 包 辣椒 包與餐,5
麻煩給 4 包 辣椒 包,5
辣椒 包請給 我 6 包,5
麻煩給 2 包 辣椒 包,5
麻煩給 6 包 辣椒 包,5
麻煩 給二包 辣椒 包,5
3 包 辣椒,5
麻煩 附 4 包 辣椒 包,5
麻煩 五包 辣椒 包謝,5
2 刀叉 3 包 辣椒 包,5
剝皮 辣椒 茶碗 蒸嘗 鮮價 3915NG,10
想 所取 辣椒 包和起,5
2 包 辣椒 2 包 胡椒 餐,5
辣椒 包 4 包 需要 餐,5
辣椒 3 包,5
需 提供 辣椒 包和餐,5
椒 包 辣椒 包還 有餐,5
請給 五包 辣椒 包,5
辣椒 包乘 3 包,5
辣椒 包請給 五包,5
餐巾 2 份 辣椒 4 包,5
需要 辣椒 包 5 餐,5
要 1 包 辣椒 包,5
索取 辣椒 包 3 包謝,5
要六包 辣椒,5
3 包 辣椒 包 酌量 餐,5
要 多 包 辣椒 包餐,5
要 辣椒 六包,5
餐巾 包 辣椒 包十,5
麻煩給 10 包 辣椒 包,5
需要 辣椒 包 8 包跟餐,5
給 2 包 辣椒 包,5
我要 3 個 辣椒 包和餐,5
麻煩 提供 4 包 辣椒 包,10
3 包 辣椒 包 3 包胡,5
6 包 辣椒 包 需要 餐,5
需 8 包 辣椒 包,5
辣椒 包 胡椒 包 各 4 包,10
麻煩給 五包 辣椒 包,5
3 包 辣椒 包 需要 餐,5
辣椒 5 包,5
辣椒 包七包,5
附 2 包 辣椒 包,5
請給 我 2 包 辣椒 包,5
餐巾 辣椒 包,15
辣椒 包請給 我 2 包,5
4 包 辣椒 包 2 包餐,5
要 辣椒 10 包,5
辣椒 包 四包,5
麻煩 要 辣椒 包 30 包,5
6 包 辣椒 包 4 包餐,5
辣椒 包要 五包,5
需要 辣椒 包餐點 請,5
餐巾 紙 4 包 辣椒 包,5
需要 辣椒 包 2 包餐,5
十包 辣椒 包,5
請給 我 6 包 辣椒 包,10
需要 餐巾 辣椒 包,10
3 包 辣椒 包 3 份餐,5
