clusterName_0,clusterNum_0,clusterName_1,clusterNum_1,clusterName_2,clusterNum_2,clusterName_3,clusterNum_3,clusterName_4,clusterNum_4,clusterName_5,clusterNum_5,clusterName_6,clusterNum_6,clusterName_7,clusterNum_7,clusterName_8,clusterNum_8,clusterName_9,clusterNum_9
美式,29800,包,2060,彩蔬,845,燒包,1400,肉包,158150,包,310,奇美,126975,辣味,19165,饅頭,6990,包,59115
包,25290,辣椒,1775,鮮菇,845,叉,1370,奇美,117695,胡椒,235,包子,53265,麥,18980,地瓜,3080,芝麻,58955
餐包,24435,2,285,比薩獨,845,酥皮,1070,鮮,101250,鹽,95,芝麻,51995,脆,18980,物,3080,粒包,1020
茶碗,23810,3,265,享餐,845,焗,1070,鹿港,53925,2,80,捲,41165,鷄,18980,穀,2115,大拇指,1020
蒸,23665,4,240,VegetableDelightPi,310,團李錦記,225,香辣,38575,3,65,黑糖,26660,腿,18980,栗,1315,390g,1020
蒜,23470,5,205,20220903z3uyj3hk,5,醬,225,麻辣,13455,小燒,35,叉,19895,套餐,18765,佐藤,1165,65g6,1015
日式,22110,6,165,20220921q4arixcf,5,黑椒,50,鼎王,13380,需要,35,燒包,19895,2,18585,黑糖,1000,餐飲,210
HIL,18380,要,160,20220925e1dh2x91,5,刺,50,冷凍,13080,4,35,正港,19885,塊,18580,義美,965,包熱,205
