item_name,item
巴迪 三合一 咖啡 香濃 原味 18g25,10
東山 農會 三合一 即 溶 焦糖 咖啡 17gx15 包盒,10
台 琥庫 三合一 黑糖 咖啡 拿 鐵 1 盒 24g30 入台琥,5
鮮 一杯 老舊 金山 三合一 拿 鐵 咖啡 x4 盒 12gx50 入盒,145
摩卡 現在 最好 特調 三合一 咖啡 16gx30 包袋,1035
KOPIKO 三合一 即 溶 濃醇 咖啡 300g,60
西雅圖 榛果 白 咖啡 三合一 拿 鐵 25gx52 入盒,10
澤合 怡保 白 咖啡 含糖 三合一 25g15 入 12 袋,5
舊 街場 白 咖啡 6 種 口味 任選 15 包袋 三合一 經典 榛果,105
印尼 KOPIKOLA 三合一 即 溶白 咖啡 250g 小三美,5
摩卡 現在 最好 曼特寧 三合一 咖啡 16gx25 包袋,805
UCC3 合 1 咖啡 原味 拿鐵炭 燒拿鐵 三合一 即 溶 咖啡粉,15
伯朗 咖啡 義式 拿 鐵經濟 包 三合一 175gx45 包,310
摩卡 咖啡 COCCA 原味 三合一 20 包入 經典 好 滋味 用 老,5
伯朗 咖啡 伯朗 三合一 奶茶 30 入袋,250
摩卡 三合一 白 咖啡 36g15 包袋,300
伯朗 咖啡 三合一 曼特寧 風味 45 入袋,140
伯朗 咖啡 三合一 卡布 奇諾 風味 30 入袋,125
DongsuhMaxim 三合一 咖啡 摩卡 風味 12gx,15
Mocca 摩卡 泡沫 白 咖啡 三合一 25g15 包袋,40
UCC 炭燒 珈 琲 三合一 即 溶 咖啡 17gx100 包特選 炭火 焙,25
OLDTOWN 舊 街場 三合一 榛果 白 咖啡 10 入,190
東勝 ESSENSO 微磨 三合一 咖啡 25gx12 入盒,5
鮮 一杯 老舊 金山 拿 鐵 咖啡 三合一 12gx50 入,25
蘋果 市集 越南 G7 三合一 即 溶 咖啡 50 入袋裝,25
摩卡 三合一 咖啡 隨身 包 16gx20 包盒,90
品皇 摩卡 基諾 三合一 咖啡 38gx18 入,5
西雅圖 榛果 風味 瑪琪朵 三合一 即 溶 咖啡 35gx10 包袋 裝,15
熙舍 精品 咖啡 極品 純拿鐵 低糖 三合一 18g12 入,30
超殺 價西雅圖 即品 拿 鐵 三合一 咖啡 21gX10 包有,65
免運電子 發票 20g 鮮 一杯 拿 鐵 咖啡 二合一 三合一,20
Nestle 雀巢 三合一 濃醇 咖啡 X2 盒組 15gX100,95
親愛的 白 咖啡 三合一 30 公克 X80 包,15
台 琥庫 三合一 鴛鴦 咖啡 拿 鐵 24gx10 包,5
舊 街場 白 咖啡 6 種 口味 任選 15 包袋 三合一 經典,90
鮮 一杯 老舊 金山 拿 鐵 咖啡 三合一,20
BOBE 便利 士 印尼 KOPIKO 三合一 即 溶 咖啡 系列,45
DONGSUHMaxim 三合一 咖啡 濃厚 拿 鐵風味 13,30
嚴選 SHOPG7 三合一 咖啡 50 小包 入袋 裝量 販包,15
G7 三合一 即 溶 咖啡 50 入袋裝,5
伯朗 咖啡 伯朗 三合一 奶茶 17gx45 包袋,590
西雅圖 榛果 風味白 咖啡 三合一 25gx52 入盒,330
伯朗 咖啡 三合一 焦糖 瑪琪朵 風味 45 入袋,215
澤合 怡保 白 咖啡 含糖 三合一 25gx15 入 x5 袋 組網,15
世界 GO 印尼 KOPIKO 三合一 即 溶 咖啡 10 包袋,45
現貨免 運 快速 出貨 韓國 Maxim 即 溶 咖啡 三合一,70
巴迪 三合一 咖啡 醇香 原味,5
G7 三合一 即 溶 咖啡 16g50 包新 包裝 3 組,60
G7 三合一 即 溶 咖啡 800g,15
Luwak 三合一 即 溶白 咖啡 原味 200g10 入裝,850
貝納頌 三合一 經典 曼特寧 咖啡 120 入箱,5
舊 街場 三合一 特濃白 咖啡 35g15 入愛買,15
G7 三合一 即 溶 咖啡 16g50 包,50
印尼 TORABIKAKopiSUSU 即 溶 三合一 咖啡,5
親愛的 紫 三合一 白 咖啡 30gX20 包盒,70
澤合 怡保 白 咖啡 含糖 三合一 無糖 二合一 整箱 出貨免 運,20
Melitta 即期 品德 國美樂家 經典 三合一 咖啡 20g,60
摩卡 三合一 白 咖啡 36g15 包袋 大買家,5
G7 三合一 即 溶 咖啡 16g21 入,20
Maxim 韓國 麥心 極品 黃 金 三合一 拿 鐵 咖啡 135g,10
DONGSUHMaxim 三合一 咖啡 1180g,5
Maxim 麥心 白金 三合一 即 溶 咖啡 100 入,10
台 琥庫 三合一 鴛鴦 咖啡 拿 鐵 24gx10 入盒,5
韓國 MAXIM 三合一 原味 即 溶 咖啡 100 包盒 效期 2,5
KOPIKO 三合一 即 溶黃糖 咖啡 275g 袋,35
韓國 MAXIM 三合一 咖啡 原味 摩卡 白金 單包入,15
鮮 一杯 老舊 金山 拿 鐵 咖啡 三合一 50 入盒,60
KOPIKO 三合一 即 溶 濃醇 咖啡 300g 袋,170
代收 代付 印尼 KOPIKO 三合一 即 溶黃糖 咖啡 275,20
西雅圖 馥郁 白拿鐵 三合一 即 溶 咖啡 41gX6 入盒 盒裝 蝦 皮,15
BuddyDean 巴迪 三合一 咖啡 醇香 原味 15gx5,25
印尼 Indocafe 三合一 咖啡,5
西雅圖 咖啡 極品 深 焙 拿 鐵 三合一 23g 袋裝 冷熱 皆宜,10
伯朗 咖啡 三合一 焦糖 瑪琪朵 風味 30 入袋,75
印尼 KOPIKO 三合一 即 溶黃糖 咖啡 275g 小三美日,5
鮮 一杯 老舊 金山 拿 鐵 三合一 二合一 咖啡 20gx10 包袋,25
BuddyDean 巴迪 三合一 咖啡 香濃 原味 18gx2,10
舞味本 舖 越南 G7 即 溶黑 咖啡 2g15 入 G7 三合一,25
NESCAFE 雀巢咖啡 三合一 香滑 原味 袋裝 咖啡 27 入 x,5
4710958652034 古坑 鄉 農會加 比山 三合一 即 溶 咖啡,10
再折 30 越南 G7 黑 咖啡 三合一 即 溶卡布奇,20
鮮 一杯 即 溶 系列 老舊 金山 拿 鐵 咖啡 三合一 20gx12 包,5
TGC 雲林 古坑 高山 三合一 咖啡 組 2 盒網,5
東山 三合一 即 溶 咖啡 17g16 包,10
東勝 LORESSENSO 微磨 咖啡 三合一 十盒 裝即,10
Vinacafe 三合一 即 溶 咖啡 20 入 藍 400G,15
台 琥庫 三合一 鴛鴦 咖啡 拿 鐵 24gx10 入盒,60
Luwak 三合一 即 溶白 咖啡 焦糖 200g10 入裝,370
UCC 精選 綜合 三合一 咖啡 單包 隨機 短效 品,5
Nestle 雀巢 三合一 濃醇 原味 咖啡 x2 盒組 15gX1,120
伯朗 咖啡 三合一 藍山 風味 30 入袋,85
澤合 怡保 白 咖啡 含糖 三合一 25gx15 入袋,185
親愛的 三合一 白 咖啡 12 盒組 30gX10 包盒 共 120,5
現貨 不用 等 韓國 Maxim 即 溶 咖啡 隨身 包 三合一 咖,30
Nestle 雀巢 三合一 濃醇 原味 咖啡 X2 盒組 15gX1,1030
NESCAFE 雀巢咖啡 三合一 香滑 原味 咖啡 超值 裝經濟裝,320
鮮 一杯 老舊 金山 三合一 拿 鐵 咖啡 12gx50 入,75
古坑 鄉 農會加 比山 三合一 即 溶 咖啡 306g17g18 包,20
摩卡 嚴選白 咖啡 三合一,60
Vinacafe 三合一 即 溶 咖啡 20g20 入,65
鮮 一杯 老舊 金山 拿 鐵 咖啡 二合一 三合一 12gx50 入 蝦,110
西雅圖 榛果 風味白 咖啡 三合一 25g52 入網,145
厚 實珈 琲 咖啡 拿 鐵 三合一 含糖 25g15 入,70
歐客 佬 低糖 三合一 即 溶 咖啡 20 包盒 410102,135
HOYA 三合一 咖啡 20gx30 包入,75
舊 街場 三合一 減糖白 咖啡 35G15 入 2 入 組愛買,30
古坑 三合一 即 溶 咖啡 17g318 包盒,5
Mocca 摩卡 厚 實珈 琲 咖啡 拿 鐵 三合一 25g15 包,15
Mocca 摩卡 厚 實珈 琲 咖啡 拿 鐵 三合一 25gX50 入,55
G7 三合一 即 溶 咖啡 16g50 包新 包裝,75
KOPIKOLA 三合一 即 溶白 咖啡 x4 袋 250g 袋,25
G7 三合一 即 溶 咖啡 16g50 入,20
鮮 一杯 老舊 金山 拿 鐵 咖啡 三合一 12 入盒,5
伯朗 咖啡 三合一 曼特寧 風味 30 入袋,50
Maxim 冰 摩卡 三合一 即 溶 咖啡 贈兔 兔 變色 涼 水杯 13g,65
促銷 美食 館 韓國 Maxim 即 溶 三合一 咖啡 隨身 包,5
KOPIKOLA 三合一 即 溶白 咖啡 250g 袋,25
韓國 DongSuhMaxim 三合一 即 溶 咖啡 摩卡 風味,5
MOCCA 摩卡 白 咖啡 三合一 二合一,40
G7 三合一 即 溶 咖啡 16g500 包新 包裝,10
鮮 一杯 即 溶 系列 老舊 金山 三合一 拿 鐵 二合一 咖啡 20gx50,5
鮮 一杯 即 溶 系列 老舊 金山 拿 鐵 咖啡 三合一 12gx50 入,40
健康 本味 越南 G7 三合一 即 溶 咖啡,5
Mocca 摩 卡特 調 三合一 咖啡 16g30 包袋,70
舊 街場 三合一 經典 白 咖啡 38g15 包,110
德國 Melitta 美樂家 經典 三合一 咖啡 20g30 條 x,15
史代新 文具 西雅圖 大地 原始 拿 鐵 三合一 咖啡 1 箱 500,5
祥溢 古坑 咖啡 30 入 二合一 三合一 良品 小倉,75
印尼 KOPIKO 三合一 即 溶 濃醇 咖啡 250g 小三美日,10
WeWell 鈣白 咖啡 二合一 三合一 25gx20 入有,140
G7 三合一 即 溶 咖啡 16gx21 包,25
鮮 一杯 20g 老舊 金山 三合一 拿 鐵 二合一 咖啡 20gx50 入,20
DongsuhMaxim 三合一 咖啡 118gx100,15
分批 取 雀巢 三合一 咖啡 濃醇 原味 15gx42 入,30
台 琥庫 三合一 黑糖 咖啡 拿 鐵 24gx10 包,10
西雅圖 白 咖啡 二合一 即 溶黑 摩卡 拿 鐵 三合一 即 溶 英式 濃 奶茶,65
森吉小 舖 印尼 KOPIKO 三合一 即 溶 咖啡 10 包袋,155
量 販伯朗 咖啡 藍山 風味 三合一 15g30 入,15
分批 取麥斯 威爾特濃 三合一 咖啡 13gx40 入,10
Mocca 摩卡 現在 最好 特調 三合一 咖啡 16gx30 包,5
Nestle 雀巢 三合一 濃醇 原味 咖啡 限量 超值 裝 x2 盒組,40
摩卡 三合一 白 咖啡 36gX15 包袋 大買家,10
MAXIM 摩卡 經典 三合一 咖啡 12g50 入盒 隨身 包,5
越南 G7 咖啡 三合一 50 小包 入 日期 2024,665
澤合 怡保 白 咖啡 含糖 三合一 無糖 二合一,55
伯朗 咖啡 三合一 藍山 風味 45 入袋,140
舊 街場 三合一 經典 白 咖啡 38Gx15 愛買,5
越南 G7 咖啡 三合一 50 小包 入 日期 2023,25
下 殺元 美樂家 Melitta 經典 三合一 咖啡 單 小包 2,105
G7 三合一 即 溶 咖啡 16gx50 包袋 2 袋入,40
現貨鮮 一杯 拿 鐵 咖啡 國寶茶 二合一 拿 鐵 三合一 拿 鐵 南非 國,40
量 販伯朗 咖啡 曼特寧 風味 三合一 16g30 入,20
代收 代付 歐客 佬 低糖 三合一 即 溶 咖啡 20 包盒,100
G7 三合一 即 溶 咖啡 16gx100 包,75
本月 主打 美樂家 經典 三合一 咖啡 20g30 包,10
澤合 怡保 白 咖啡 含糖 三合一 x2 袋組 25gx15 入袋,120
UCC 炭燒 珈 琲 三合一 即 溶 咖啡 17gx100 包袋,30
老舊 金山 原味 拿 鐵 咖啡 三合一 20g100 包好市 多 COST,5
BuddyDean 巴迪 三合一 咖啡 炭燒 風味 18g25 包,5
親愛的 經典 三合一 白 咖啡 10 包 X3 盒 共 30 包,5
麥斯 威爾特濃 三合一 咖啡 13G40 入愛買,5
TGC 大尖山 台灣華山 三合一 咖啡 分享 袋 17 公克 x18 包,10
附發票 Darling 親愛的 白 咖啡 原味 三合一 無糖,5
廣吉白 咖啡 三合一 35G10 入愛買,5
代收 代付 品皇 三合一 咖啡 長 條狀 經濟包 15gX30,5
現貨 零食 研究所 韓國 Maxim 三合一 即 溶 咖啡 10,5
台 琥庫 三合一 黑糖 咖啡 拿 鐵 24g30 入,5
上田即 溶 三合一 咖啡 900g 包,10
舊 街場 三合一 特濃白 咖啡 35G15 入 2 入 組愛買,5
印尼 GOODDAY 好日子 三合一 咖啡 20g50 包大,15
鮮 一杯 老舊 金山 拿 鐵 咖啡 三合一 20gx12 入,5
慕南 G7 三合一 咖啡,25
台灣 現貨 MAXIM 小小 兵聯 名款 摩卡 三合一 咖啡 210 入,5
越南 Legend 三合一 即 溶 咖啡,10
代收 代付 品皇即 溶 咖啡 三合一 商用 包 1kg 裝,90
BuddyDean 巴迪 三合一 咖啡 雙倍 特濃 18gx2,25
韓國 Maximcoffee 摩卡 三合一 咖啡 20 入 韓購網,20
台 琥庫 三合一 黑糖 咖啡 拿 鐵 13gx20 入袋,5
鮮 一杯 老舊 金山 拿 鐵 咖啡 二合一 三合一 12gX50 入 蝦,130
舊 街場 三合一 榛果 白 咖啡 38Gx,5
印尼 迎樂 特調 三合一 即 溶 咖啡 30pc20gIndoc,15
好市 多代 購親 愛的 白 咖啡 二合一 三合一 30 公,5
鮮 一杯 即 溶 系列 12g 小包 的 唷 老舊 金山 拿 鐵 三合一 咖啡,20
西雅圖 咖啡 極品 深 焙 三合一 拿 鐵 23g10 包袋 裝出 貨無盒,10
舊 街場 鹽香 焦糖 味 三合一 咖啡 35G15 入愛買,5
麥斯威爾 香醇 低脂 三合一 咖啡 13G25 入 2 入 組愛買,5
益昌 經典 三合一 白 咖啡 15 入 EXP20230926,15
UCC 三合一 即 溶 咖啡 原味 拿 鐵 18G50 入愛買,5
雀巢咖啡 三合一 二合一 即 溶 咖啡 濃醇 原味 香滑 原味,10
越南 G7 三合一 咖啡 21 入 盒裝 X8 盒,5
台 琥庫 三合一 黑糖 咖啡 拿 鐵 24gx30 包,25
G7 三合一 即 溶 咖啡 16gX50 入,10
愛戀 三合一 咖啡 薇 薇 特南哥 風味業務用 100 入,5
G725gx24s 三合一 即 溶 濃醇 咖啡,5
BuddyDean 巴迪 三合一 咖啡 特濃拿鐵 風味 18g2,5
西雅圖 榛果 風味白 咖啡 二合一 三合一 兩盒 組,5
MORI 百貨 現貨 即期 品特 賣伯朗 三合一 咖啡 包單 包售,5
Melitta 美樂家 經典 三合一 咖啡 20gX30 條 1,5
鮮 一杯 老舊 金山 三合一 拿 鐵 咖啡 20gx12 入,50
代收 代付 越南 G7 三合一 即 溶 咖啡 50 入袋 裝小三,40
親愛的 白 咖啡 三合一 30gX,5
鮮 一杯 老舊 金山 拿 鐵 咖啡 二合一 三合一 50 入盒,75
澤合 怡保 白 咖啡 含糖 三合一 x30 袋箱 25gx15 入袋,10
TGC 大尖山 台灣白 咖啡 三合一 30g10 入盒,15
代收 代付 奇奇 文具 雀巢 三合一 香滑 原味 咖啡 15gx1,5
代收 代付 越南 Vinacafe 三合一 即 溶 咖啡 20g,15
UCC 精選 綜合 三合一 咖啡 單包,10
西雅圖 即品 拿 鐵 三合一 咖啡 21g50 包袋 裝,15
台 琥庫 三合一 鴛鴦 咖啡 拿 鐵 24gx30 入盒 2 盒,10
BuddyDean 巴迪 三合一 咖啡 炭燒 風味 18gx25,5
cosway 科士威 MILDURA 卡布 其諾白 咖啡 三合一,5
代收 代付 摩卡 三合一 白 咖啡 36g15 入袋 愛買,5
超殺 價西雅圖 黃 金 淺 焙 三合一 咖啡 21gx10 包有 糖,5
伯朗 咖啡 義式 拿 鐵 三合一 175G45 入愛買,20
舊 街場 三合一 榛果 白 咖啡 38Gx15 愛買,35
代收 代付 麥斯 威爾特濃 三合一 咖啡 13G40 入愛,5
摩卡 三合一 白 咖啡 36g15 包袋,5
Nestle 雀巢 三合一 香滑 原味 袋裝 咖啡 25 入 15g,5
西雅圖 即品 拿 鐵 三合一 咖啡 21g50 包 100 包袋 裝,25
效期 20243 後 西雅圖 即品 拿 鐵 三合一 咖啡 100 入彩,5
黑金 磚 二合一 三合一 咖啡 黑糖 奶茶 15 包盒,5
Mdmmd 三合一 抗暈 防水 眉筆 升級 版 焦糖 咖啡,5
KOPIKO 三合一 即 溶白 咖啡 300g 袋,30
新 上市 韓國 MAXIM 三合一 即 溶 咖啡 濃厚 拿 鐵橘,15
伯朗 咖啡 三合一 藍山 風味 15gx45 入伯朗,10
Legend 三合一 即 溶 咖啡 9 入 盒裝 225g,5
史代新 文具 西雅圖 黃 金 淺 焙 三合一 咖啡 21g100,5
Maxim 阿拉比 卡 三合一 咖啡 118gx100 入,5
舊 街場 三合一 天然 蔗糖 白 咖啡 36G15 入 2 入 組愛買,20
西雅圖 即品 拿 鐵 三合一 咖啡 21gX300 入禮盒 包裝,5
摩卡 三合一 白 咖啡 36g15 入袋 愛買,25
Nestle 雀巢 三合一 濃醇 原味 咖啡 100 入 x2 盒組 1,15
澤合 怡保 白 咖啡 含糖 三合一 25gx15 入 x4 袋組,5
BuddyDean 巴迪 三合一 咖啡 特濃拿鐵 風味 18gx,5
BuddyDean 巴迪 三合一 咖啡 香濃 原味 18g25,5
西雅圖 藍山 風味 三合一 拿鐵有 糖 咖啡 21g15 入 原盒,10
代收 代付 印尼 KOPIKO 三合一 即 溶 濃醇 咖啡 250,5
MAXIM 麥心 摩卡 經典 三合一 咖啡 隨身 包 100 入盒,15
LORESSENSO 微磨 咖啡 二合一 三合一 8 條裝,5
Legend 特調 三合一 即 溶 咖啡 18 入 盒裝 450g,10
UCC 精選 綜合 三合一 即 溶 咖啡,5
西雅圖 榛果 風味白 咖啡 三合一 拿 鐵 52 入原 盒裝,10
代收 代付 台 琥庫 三合一 鴛鴦 咖啡 拿 鐵 24Gx30 愛買,5
台 琥庫 三合一 鴛鴦 咖啡 拿 鐵 24gx30 入,5
蝦 皮代開 發票 MAXIM 摩卡 經典 三合一 咖啡 210 入盒,5
舊 街場 三合一 經典 白 咖啡 38gx15 包家樂福,5
印尼 Luwakm 露哇 三合一 白 咖啡 ID89941711012,5
NESCAFE 雀巢咖啡 三合一 濃醇 原味 咖啡 限量 超值 裝,5
西雅圖 咖啡 西雅圖 即品 拿 鐵 一箱 100 入 二合一 三合一,10
G7 越南 三合一 咖啡 16gx50 入愛買,5
澤合 怡保 白 咖啡 王 三合一 25gx15 包,5
舊 街場 三合一 天然 蔗糖 白 咖啡 36gx15 愛買,5
伯朗 三合一 咖啡 藍山 風味 15gx45 入愛買,45
小小 兵 咖啡 免運 限量 MAXIM 小小 兵聯 名款 摩卡 三合一,10
KOPIKO 三合一 即 溶黃糖 咖啡 x2 袋 275g 袋,5
台 琥庫 三合一 鴛鴦 咖啡 拿 鐵 24gx30 入盒,5
優遊 吧 斯 阿里山 瑪翡 三合一 咖啡 50 入袋,5
金車伯朗 咖啡 三合一 16g 小麥 購物 24H 出貨 台灣現,15
GoodMorning 三合一 咖啡 480g,10
西雅圖 咖啡 藍山 風味 拿 鐵 三合一 21g100 包好市 多 COS,10
舊 街場 三合一 減糖白 咖啡 35g15 入袋 愛買,10
HOYA 三合一 咖啡 600g12,5
4718251172280 上田即 溶 三合一 咖啡 900g,5
韓國 原裝 Maxim 摩卡 三合一 咖啡 隨身 包 12g10,5
黃 金 咖啡 54 元品 皇 10 包 三合一 15g 二合,5
金車伯朗 咖啡 三合一 曼特寧 風味 16gX30 包入 x6 袋,5
西雅圖 即品 拿 鐵 三合一 咖啡 21g15 入,20
預購 西雅圖 咖啡 極品 深 焙 拿 鐵 三合一 23g 袋裝 冷熱,10
蝦 皮代開 電子 發票 親愛的 白 咖啡 二合一 三合一 2400,5
美食 館 韓國 Maxim 即 溶 三合一 咖啡 隨身 包單 條原,50
代收 代付 舊 街場 三合一 經典 白 咖啡 38Gx15 愛買,10
效期 202401 好市 多代 購親 愛的 白 咖啡 三合一 30 公,5
鮮 一杯 老舊 金山 拿 鐵 咖啡 二合一 三合一 5 入盒 20,5
鮮 一杯 雙倍 三合一 拿 鐵 咖啡 20gx10 入盒,5
BuddyDean 巴迪 三合一 咖啡 炭燒 風味 18g25,10
現貨貝納頌 三合一 二合一 經典 咖啡 系列 25 入盒 曼特,5
巴登 咖啡 三合一 二合一 隨身 包 100 包入 特價 570 元台灣 咖,5
西雅圖 白 咖啡 三合一 42gx8 入,5
代收 代付 品皇黃金 三合一 咖啡 隨身 包 15gX50 包,5
台 琥庫 台 琥庫 三合一 鴛鴦 咖啡 拿 鐵 24gx30 包,5
經典 熱銷 限時 下 殺 老舊 金山 拿 鐵 咖啡 原味 三合一 2,10
MrRight 怡保 白 咖啡 印度 拉茶 二合一 三合一 速,35
好代 GO 老舊 金山 原味 拿 鐵 咖啡 含糖 三合一 125 包 20,5
雀巢咖啡 三合一 濃醇 原味 袋裝 15g42 入 最新 效期 咖啡 隨,5
開發票 現貨 G7 三合一 即 溶 咖啡 16gx21 包,5
Chara 韓國 MAXIMCOFFE 三合一 咖啡 原,5
舊 街場 三合一 白 咖啡 15,5
摩卡 白 咖啡 三合一 15 入,5
TGC 大尖山 台灣華山 三合一 咖啡 17 公克 x15 包,10
單包 裝澤合 怡保 白 咖啡 含糖 三合一 無糖 二合一 試,5
加比山 三合一 即 溶 咖啡 12g18 入盒,15
鮮 一杯 即 溶 系列 老舊 金山 拿 鐵 咖啡 三合一 12,5
G7 三合一 即 溶 咖啡 16g20 入包 16g20 入包,5
任 G7 三合一 即 溶 咖啡 16g50 包袋,5
Blendy 三合一 咖啡 歐蕾,5
華山 三合一 咖啡 分享 包,5
熙舍 精品 咖啡 極品 純拿鐵 x2 盒無糖 二合一 低糖 三合一,10
西雅圖 白 咖啡 三合一 42gx8 入盒,5
