item_name,item
摩卡 最好 拿 鐵 4 合一,2220
雀巢 鷹牌 煉奶 支裝,1590
瑞特 採血針 50 支入,660
UCC114 即 溶,685
咖碼 濾掛 花香,1760
卡薩馬拉威 濾掛,775
醇品 經典 風味補 充包,880
分批 取 camacafe 濾掛 清爽 花香 淺 焙 8gx8,140
貝納頌 經典 曼特寧 3 入 290ml3 瓶 組合包,580
鷹牌 煉奶,55165
KS 即 溶 咖啡粉,3410
衣索 比亞耶加 豆,90
金牌 濾掛 柑橘 果香,640
入,5
加拿大 ZAVIDA 雅菲達楓 糖 愛爾蘭濾 掛禮盒 組 10g,5
桂冠 日式 醇香 焙 煎 胡,5
金牌 濾掛 中 烘焙,2630
橙品 手作義 大利 黃 金 玉米粉 細粉 分裝 烘焙 材料,15
雀巢 金牌 濾掛 純正 阿拉比 卡中 烘焙 10X8g 盒,220
川果 紅殼 蛋 570g30g10 入紅,240
雀巢 醇品 補 充包,3530
馬 玉山 山藥 五榖 粥 35gx10 入,30
焦糖 拿鐵 盒裝 50 入,375
克寧 即 溶 奶粉 75050G,5
歐客 佬 冷萃 專用 音樂家 特調 系列 葡萄乾 蜜處理 浸泡 式 咖,15
歐客 佬 印尼 綠寶石 水洗 掛耳 包深 烘焙 4301,130
雀巢 美式 鑑賞 補 充包,80
Moomin 聯名 濾掛 組金裝,15
克寧 即 溶 奶粉 23Kg,5
分批 取原萃 日式 焙茶 580ml,5
橙品 手作 台灣 嚴選 天然 竹 炭粉 分裝 烘焙 材料,35
2012 濃縮 烘焙,1765
歐客佬瓜 地馬拉 阿 卡特 南果 卡斯卡 達莊園 水洗 掛耳包,110
韓國 Hometaco 即 溶 奶茶 17g6 入,175
關西鎮 農會 即 溶 仙草 3g15 包入,5
4713510124024camacafe 鎖香 煎 焙 濾掛,45
UCC3 合 1 珈 琲 炭燒 拿 鐵 17gx12 入,80
UCC118 精選 即 溶 咖,925
歐客 佬 巴布 亞新 幾內亞西 格里 天堂 鳥圓豆 掛耳包,80
親愛的 卡布 奇諾 20 包裝 30gX20 入 現貨 沖 泡 首選,60
歐客 佬 藍山 風味 農場 掛耳包 50 包 200 包袋 原廠,5
KS 即 溶 咖啡粉,135
金牌 濾掛 沖 繩,1500
歐客 佬 尼加拉瓜 小藍 山水 洗掛 耳 包黃金 烘焙 4,450
STARBUCKS 星巴克 星巴克 特選 系列 深度 烘焙 即 溶黑,140
貝納頌 經典 曼特寧 210mlx48 入,20
貝納頌 經典 拿 鐵 210mlx6 入,25
Mocca 摩卡 衣索 比亞 西達摩 烘焙 豆 1 磅袋,15
舞味本 舖 即 溶 咖啡粉 8020 克 100 阿拉比 卡 豆 製 成,45
關西鎮 農會 即 溶 仙草 粉 仙草 3gx25 包 大包 裝,15
VOW 微拉凍 美條 15g10 入,235
原萃 日式 焙茶 580ml4 入,20
雀巢 金牌 濾掛 純正 阿拉比 卡中 烘焙 3 盒組,15
現貨快 出 MAXIMKANU 孔 劉中 焙 減糖 拿 鐵 系列 漸層 奶,20
KEY 特級 即 溶,375
西雅圖 即品 拿 鐵 21gx100 入盒,150
4711257001714 星巴克 濾掛 咖,45
電子 票券 camacafe 大杯 拿 鐵即 享券,125
桂冠 日式 醇香 焙 煎 胡麻 醬 362619,5
雀巢 纖維佳,5
歐客 佬 陳 年 阿拉比 卡農場 掛耳包 50 包 200 包袋,30
法式 深焙濾 掛式,2425
桂冠 日式 醇香 焙 煎 胡麻 醬 240 公克 袋 6 包入,85
單入 布朗 尼,25
傳佳知 寶 奶粉 袋 30 入,25
Maxim 贅澤 香醇 即 溶,1495
歐客 佬 黃 金曼摩風味 掛耳禮盒 20 入附 提繩 4,5
台灣 茶 人 比賽級 金萱 150g 包 x7 入,5
麥當 勞現 烤 焙果 即 享券,15
公香魚 180g2 入盒,440
歐客佬藝 伎 風味掛 耳禮盒 10 入盒 黃 金 烘焙 中淺,120
歐客 佬 巴拿馬蕾莉達 莊園 帕卡瑪拉日 曬 掛耳包 黃,15
NESCAFE 雀巢咖啡 醇品 補 充包 200g 包,50
橙品 手作 紐西蘭恆 天然 超特級 全脂奶粉 分裝 烘焙,60
韓國 HOMETACO 即 溶 奶茶 17g6 入 韓國 原裝 進口,20
camacafe 卡布 奇諾 即 享券 大杯,325
麥當 勞大麥克薯 條大 可樂 中 即 享券,65
Nestle 雀巢 鷹牌 煉乳 支裝 170g 支,10
星巴克 特選 系列 焦糖 風味 拿 鐵 215gx4 入,55
台酒 TTL 即期 品 花雕 雞袋 麵 3 入袋 200G 入,200
剝殼 椰子 包裝,10
橙品 手作 紐西蘭恆 天然 超特級 脫脂 奶粉 分裝 烘焙,20
歐客 佬 巴拿馬 小 農精選 系列 阿波羅日 曬 掛耳包 黃,15
台灣 現貨 奶嘴 盒 奶嘴 收納盒 香草 奶嘴 盒安撫 奶嘴 收納盒,15
EC 豆豆 貼 10 入,15
歐客 佬 哥斯大黎 加拉 米尼塔 征服者 水洗 掛耳 包中,30
西雅圖 ESP 大地 原始 拿 鐵 20gx50 入盒,55
歐客 佬 巴西 Veloso 莊園 紅卡 杜艾日 曬 掛耳包,210
聯名 濾 掛瑪格,20
西雅圖 藍山 風味 拿 鐵 21g100 入 x 兩盒 組加 贈西,5
Kirkland 科克 蘭即 溶 咖啡粉 好市 多代 購 科克 蘭即 溶,10
即 溶 奶精 5gX50,50
Moomin 聯名 濾 掛組,40
3 點 1 刻拿鐵 系列 10 盒裝任 選買 一送 一,5
4902201436144 星巴克 濾掛 咖,10
STARBUCKS 星巴克 即期 品特 選 系列 燕麥 拿 鐵 4 入,20
PHILIPS 飛利浦 香草 奶嘴 香草 奶嘴 收納蓋 奶嘴 收納蓋,50
甘 百世 榛果 84 克袋 裝台 灣 製,10
阿拉比 豆 450g 大包 經典,40
美濃瓜 包裝,25
卡薩 尼加拉瓜 濾掛式,40
費 拉拉 巴拿馬 甜蜜 哈特曼 莊園 一磅 送 一掛 耳 SCA 與 C,25
西雅圖 極品 嚴焙大濾掛 12gx50 入盒,15
拉蓓 微笑 甘麥 茶入,30
歐客 佬 農場 掛耳禮盒 20 入 5 種風味 買 10 盒 送 1 盒,50
卡薩 精選高 海拔 阿拉比 卡豆,45
中 五格,15
歐客 佬 哥倫 比亞小藍 山水 洗掛 耳 包中深 烘焙 4,155
星巴克 卡布 奇諾,700
三 立 製 果 源氏 派 家庭 包 273g,25
UCC3 合 1 珈 琲 原味 拿 鐵 18gx12 入,210
4710498995912 雀巢 克寧 100 天然 純淨 即 溶奶,10
中 寮 農會炭 烤 龍 眼乾 1 包組 600g 包,5
930 前買 5 盒 送 1 盒 即期 品 雀巢咖啡 DOLCEG,5
貝納頌 經典 曼特寧 210mlx6 入,95
關西鎮 農會 即 溶 仙草 3 公克 x15 包入 盒 台灣 農漁會,5
4713510124017camacafe 鎖香 煎 焙 濾掛,55
璞 珞珈 琲 經典 研磨 咖啡粉 6 包組 80g 包 杏仁 黑 可可,5
歐客 佬 哥斯大黎 加托布 希莊園 藝伎 厭氧日 曬 掛耳包,55
UCC3 合 1 珈 琲 原味 拿 鐵 18g12 入,70
雀巢 金牌 濾掛 晨間 珈 琲 所 函館 星空 風格 8gx10 入,275
精 緻 蛋糕 90g,5
STARBUCKS 星巴克 星巴克 特選 系列 即 溶 焦糖 瑪奇朵,90
歐客 佬 衣索 比亞 耶加雪菲 柯契爾 牧羊人 水洗 掛耳包,80
OKLAO 歐客 佬 巴拿馬藝 伎 風味 黃 金 烘焙 掛耳包 10 包入,30
肯寶 KB99 防彈 綠拿鐵量 販包 15g24 包綠拿鐵,10
雀巢咖啡 伴侶 袋裝,35
雀巢 金牌 濾掛 晨間 珈 琲 所 夏日 沖 繩 10X8g 盒,180
關西鎮 農會 即 溶燒 仙草 10g12 包入 盒,5
歐客 佬 哥斯大黎加 COE 精品 巧克力 交響 曲 水洗 掛耳包,55
麥當 勞大麥克薯 條大 可樂 中 即 享券,20
鮮 一杯 大濾 掛雙 明星 分享 盒 10gX50 入,25
三合 一包,5
黃 豆芽 包裝,10
京都 小川 深焙濾掛,15
9789869394123 格格不入,5
歐客 佬 肯亞公豆 水洗 掛耳 包中 烘焙 430100,105
歐客 佬 農場 掛耳包 50 包 200 包袋 5 種風味 原廠,205
莊園級 拿 鐵,935
數位 達 人 SmallRig 斯莫格 2795 迷你 球頭球,5
歐客 佬 哥倫比亞 托利 馬 小 農精選 水洗 掛耳包 中深,75
歐客佬瓜 地馬拉 安提瓜 花神 水洗 掛耳包 白金 烘焙,490
熱銷款 台 灣 製 B52 羽毛 奶嘴 盒 香草 奶嘴 盒 奶嘴 盒,5
家樂氏 格格 脆 330g,50
12 孔花 嘴盒 收納盒 空盒 1 入花 嘴 盒子,5
雀巢 濾掛 咖中 焙,6445
歐客 佬 尼加拉瓜 奇 蹟 莊園 爪哇 尼卡蜜 處理 掛耳包,15
莊園 拿 鐵,20
濾掛式 花香 耶加雪菲,45
歐客 佬 巴拿馬波 奎特 花蝴蝶 日曬 掛耳包 白金 烘焙,45
星巴克 肉桂 捲,385
雀巢 金牌 濾掛 純正 阿拉比 卡中 烘焙 10x8g,80
雀巢咖啡 醇品 經典 風味補 充包 200g 袋,5
咖碼 濾掛 經典,445
即 溶義式 濃縮 咖啡粉,150
UCC 典藏 風味 濾掛,45
璞 珞濾掛 花香,660
澳洲 JOCO 啾 口 玻璃 隨行 咖啡杯 12oz354ml 五,10
典藏 風味濾 掛式,2455
安克諾斯 AcronisTrueImage2021 入門,5
Nestle 雀巢 即期 品 金牌 濾掛 晨間 珈 琲 所 夏日 沖 繩風格,100
歐客 佬 衣索 比亞古吉 烏洛迦 露西 水洗 G1 掛耳包,25
UCC 珈 琲 對 話 曼 巴特 調濾掛 8G,25
聯名 濾掛 耶加,25
OTB 阿拉斯加,20
歐客 佬 藝伎濾掛,1145
歐客 佬 巴西 巴烏莊 園圓 舞曲 日曬 掛耳包 中深 烘焙,55
歐客 佬 巴拿馬 艾莉達 莊園 卡 杜拉 水洗 掛耳 包深 烘,40
分批 取 雀巢 醇品 經典 風味補 充包 200g,20
雀巢 濾掛 咖深 焙,320
奇麗灣杏芋 香奶 450g 奇麗灣 珍奶 文化 館,5
台酒 TTL 花雕 雞袋 麵 3 入袋 200G 入,100
MountHagen 公平 貿易 低 咖啡因 即 溶 咖啡粉 2g,5
鮮 一杯 濾掛 綜合 50 入 分享 盒 9gX50 入,85
MountHagen 公平 貿易 即 溶 咖啡粉 100g 罐,55
歐客 佬 衣索 比亞古吉 安娜 索拉莊園 酵素 水洗 G1 咖,60
歐客 佬 綜合 農場 掛耳包 50 包 200 包袋 5 種風味,55
歐客 佬 衣索 比亞耶加 雪菲莉 可處 理廠 水洗 G1 掛耳包,250
歐客 佬 哥斯大黎加 COE 精品 甜蜜 總匯 水洗 掛耳包,45
歐客佬瓜 地馬拉 溫泉 莊園 藝伎 水洗 掛耳包 黑金 烘焙,5
歐客 佬 葉門 依斯瑪利 小 摩卡 日曬 掛耳包 中深 烘焙,25
雀巢 濾掛 歡聚組,105
豆豆 叔叔 坦尚尼亞 低酸 單品 莊園 精品 豆掛 耳濾掛 咖,5
CoFeel 凱飛鮮 烘 豆馬拉威 厭氧 酒香 藝妓 淺 中 焙 極品 阿拉比 卡,5
好 包裝 1 號 7 號 PP 夾鏈 袋 加厚 100 入多 規格,85
雀巢 金牌 濾掛 晨間 珈 琲 所 夏日 沖 繩風格 8gx10 入,130
OKLAO 歐客 佬 肯亞安達 貝斯莊園 微 批次 白金 烘焙 掛耳包,10
纖 Q 紅豆水 x1 袋 2gx30 入袋,25
山善 YAMAZENEGLC1280TW 溫控手 沖 壺,5
西雅圖 藍山 風味 拿 鐵 21g100 入 x 兩盒 組,240
西雅圖 ESP 大地 原始 拿 鐵 50 入盒 X 兩盒 組,50
歐客佬瓜 地馬拉薇 薇 特南果 SHB 水洗 掛耳包 中深,200
拌 伴餐 飲 阿罔姨 QQ 迷你 小 饅頭 400gx1 包,20
歐客 佬 衣索 比亞西達 摩獅子 王日 曬 掛耳 包黃金 烘焙,55
歐客 佬 巴拿馬 艾利達 莊園 藝伎 厭氧日 曬 掛耳包 黃,30
歐客 佬 葉門白 駱駝 摩卡 馬 大利 日曬 掛耳包 中深,25
典豆 成金 蘇門 答臘濾掛,15
B 悠活 原力 高 濃縮 蔓 越莓 私密 益生菌 60 粒瓶 保健食品 類美 肌纖體 15 米 菈 生活 館 清潔 棒 梳子 工具 頭 髮 掃 把 清 梳器 清潔器 梳 日用 百貨類 家庭 清潔 用品 30M00448318539 飲料 類茶 飲 5M00473218154 飲料 類茶 飲 5 日本 花王 強效 去污 洗衣 棒 襪子 泥 汙 白色 衣物 清潔白 襪子 清潔 日用 百貨類 衣物 清潔 302 顆 巧克力 冰藏 起司 塔 烘焙 甜點類 其他 甜食 40 扇雀 飴岩 鹽 糖 70g 點心 零食 類 糖果 5 小朋友 咖哩 20221121z0qn06t4 點心 零食 類 糖果 5 呦 皮 什錦漢堡 QQ375g 點心 零食 類 糖果 110 單點 和 風章 魚燒個 人 比薩 X220221106z1 冷凍 食品 類冷凍 海鮮 25 茶樹 莊園 茶樹 檸檬超 濃縮 洗碗 精 1000g 日用 百貨類 家庭 清潔 用品 30 台灣豬 里肌肉 丁生鮮 食品 類生鮮 肉品 2514001498372 素 包包 小七超 商點心 零食 類 糖果 15 買 PullOut 收納盒 透 128182 點心 零食 類 糖果 85 輕 鬆 微笑 室 內布 拖鞋 咖 29cm 日用 百貨類 家庭 清潔 用品 35M494907158 飲料 類茶 飲 5 廚房 濕巾 80 抽 廚房 專用 清潔 紙巾 廚房 專用 濕紙 巾 清潔 抹布 日用 百貨類 家庭 清潔 用品 60 新萬仁 綠油 精 天竺葵 滾珠瓶 5g 乙類 保健食品 類醫材 藥品 45 三立 幼兒 米餅 蔬菜 味 原味 米餅 50g 嬰兒 米果 米 菓 點心 零食 類 糖果 30 義美 威化 捲 桶 香草 牛點心 零食 類餅 乾 30 加蘇 打 洗衣 槽 去污 日用 百貨類 衣物 清潔 10SW 韓國 搓 仙皂 椰奶 飲料類 果汁 果醋 飲 5 蝦幣 10 倍 送 我 超 便宜 義美 巧克力 酥片 牛奶 巧克力 點心 零食 類 糖果 25 義美 原味 堅果 綜合 五果 360 公克 素食 點心 零食 類 糖果 10 金 牛角 原味 420g 點心 零食 類 糖果 75 汽水 冰淇淋 風味 調酒 冰品 類 冰淇淋 25XCREME 超快感 水溶性 潤滑液 系列 冰晶 潤滑液 100ml 保健食品 類醫材 藥品 5CW 可可豆 風味 麻 糬 餅 240g 點心 零食 類 糖果 5 泡舒 PAOS 洗潔 精壓頭 補 充包 檸檬綠茶 800g1 日用 百貨類 家庭 清潔 用品 35 淨毒 五郎 衣物 驅蹣噴霧 260ml 防蹣防塵 蹣 日用 百貨類 家庭 清潔 用品 395 洗室 內 晾衣 超濃縮 洗衣 膠囊 日用 百貨類 衣物 清潔 320M11101665832 飲料 類茶 飲 5M13130549747 飲料 類茶 飲 5 冷凍 鱈 蟹 鉗 300 克盒 300 克盒 冷凍 食品 類冷凍 海鮮 154713170181023 好 日 好 食好 飲 系列 手工 紅棗 桂圓 飲料 類茶 飲 35BOBE 便利 士 加拿大 Steeves 楓糖漿 點心 零食 類 糖果 10 芫荽 太太 全新 高效能 日本 雞 仔牌 ST999 洗衣日 用百貨類 衣物 清潔 5 裕芳 食品 辛辣 洋芋片 點心 零食 類餅 乾 60 農心馬鈴薯 麵 入 保健食品 類 保健 養生 15 克潮 靈吊 掛式 除 濕袋 晨露 香氛 吸濕量 245ml200g 日用 百貨類 家庭 清潔 用品 25 火腿 歐姆 可頌堡 組合餐 20220904f0cmwa4 鮮食 類漢堡 5 牛 丼 20220910f5zei272 鮮食 類米 飯類 5 池上 多力 米 台東 池上 多力 冠軍香 鑽米 15kg 冠軍品種 高 民生 食材類 米 115DHC 超級 胜 月 太 精華乳 限定 組 80ml2 入組 保健食品 類 保健 養生 10EIWA 伊華 抹 茶 棉花 糖 75gDonki 日本 唐吉訶德點 心 零食 類 糖果 10 牛奶 蒸 果子 烘焙 甜點類 蛋糕 245 電子 發票 現貨 Popokke 原味 韓式 脆 雞 麵 照燒 韓式 脆 雞點心 零食 類肉 乾肉紙 5 茶樹 莊園 茶樹海 鹽超 濃縮 洗碗 精 日用 百貨類 家庭 清潔 洗劑 245 唐山 排骨 便 當加 淋粹 魯 20220923y7flekh 鮮食 類米 飯類 5 統一 LP33 優酪 乳 乳品 類優酪 乳 20 自然 之顏 紫菜 蘇 打量 販包 點心 零食 類餅 乾 160 韓式 海鮮 豆腐 鍋 民生 食材類 泡 麵 15Walkers 蘇格蘭 皇家 迷你 圓形 奶油 餅乾 125g 點心 零食 類餅 乾 55 石二鍋 剝皮 辣椒 雞鍋 1280g 鮮食類 麵 食類 30BurtsBees 草莓 護 唇膏 425g 日用 百貨類 民生 紙品 155 區真 飽 牛 丼 鮮 食 類 米 飯 類 215 竹葉堂 土鳳梨 酥 烘焙 甜點類 其他 甜食 310 味全 水餃 醬汁 香辣 民生 食材類 料理 調味 160 茶 裏 王青心 烏龍 飲料 類茶 飲 45Niu 日本 小林 去 血污 清潔 劑經 血洗 潔劑 女性 專用 口紅 日用 百貨類 家庭 清潔 洗劑 15 放牧 雞蛋 生鮮 食品 類生鮮 肉品 90 極輕柔 細 緻 洗 臉 巾 日用 百貨類 民生 紙品 785 有骨氣 鍋燒 麵 兌 換券鮮 食類 麵 食類 790 現貨 正品 funcare 船井生 醫負 離子 磁力 項圈 M 保健食品 類醫材 藥品 85 辣薯 球大點 心 零食 類餅 乾 580SOYJOY 大豆 水果 營養 棒 杏仁 巧克力 30g 保健食品 類 保健 養生 395 奇亞籽 紫菜 蘇打餅 294g 點心 零食 類餅 乾 25 台灣現 貨附 發票 無痕 強力 拖把 架 拖把 架 日用 百貨類 家庭 清潔 用品 195 黑松汽水 245mlx24 家樂福 飲料類 碳酸 汽水 30 冰燕麥奶 焦糖 瑪奇朵 x220220901k0efr 烘焙 甜點類 其他 甜食 5 熱燕麥 可可 瑪奇朵 x220220922m1oovf 咖啡 類現 做 咖啡 飲品 5EC 雀巢 瑪奇朵 23 點心 零食 類 巧克力 15 馬 桶 清潔 S 型 彎曲 零 死角 馬 桶 刷 去 汙 清潔 易清洗 彎頭 日用 百貨類 家庭 清潔 洗劑 30 京 田 製 巧 虎 寶 寶 米 餅 草莓 口味 45g 點心 零食 類 巧克力 35 福源 花生 芝麻 蛋 捲 320G 點心 零食 類餅 乾 90 好市 多愛之 味醇 濃燕麥 340ml 飲料 類養生 飲品 15 限量 特賣 西雅圖 極品 咖啡 即品 拿 鐵 三合一 咖啡 100 包快 點心 零食 類即 飲 甜品 110 伸縮 衣架 防風 魔術 衣架 加長 型 無痕 衣架 曬 棉被 摩登 系列 日用 百貨類 家庭 清潔 用品 255 美國 ONWheyProtein 金牌 低脂 乳清 蛋白 5 保健食品 類 保健 養生 35DrBrowns 布朗 博士 360 度 防漏 水杯 300ml 日用 百貨類 家庭 清潔 用品 5 半熟 蛋蔥 牛 丼 鮮 食 類 米 飯 類 150 唐山 排骨 便 當加 淋粹 魯 20220903a0vq8n9 鮮食 類米 飯類 5 唐山 排骨 便 當加 淋粹 魯 20220903a1ybha4 鮮食 類米 飯類 5 唐山 排骨 便 當加 淋粹 魯 20220924f4mo028 鮮食 類米 飯類 5 自然 優高纖 五香 蒟 蒻 片 3 入組 200g 包點心 零食 類餅 乾 30 舒潔雪潤 舒鼻盒 裝面紙 110 抽 x4 盒家樂福 日用 百貨類 民生 紙品 15 釩 泰魚 型 4D 韓版立體 醫療 用 口罩 20 片台 灣 製 造 雙 鋼 保健食品 類醫材 藥品 1060 起泡 網台灣 現貨 肥皂 起泡 網 起泡 打泡 網 彩色 肥皂 日用 百貨類 家庭 清潔 洗劑 25 原木 製 作 天然 樟木 丸 天然 芳香 除臭 樟腦球 樟樹 樟 腦球 日用 百貨類 家庭 清潔 用品 75 現貨 Ms 尹 小姐 毛孔 吸塵器 AHC 綠泥 清潔 面膜 清潔 面膜 日用 百貨類 家庭 清潔 用品 25 西雅圖 咖啡 即品 拿 鐵 二合一 咖啡 無 加糖 21g100 包無原 咖啡 類罐 裝瓶裝 咖啡 35 英式 奶茶 熱中 咖啡 類現 做 咖啡 飲品 1980Yodo 優朵 超細柔 抽取 式 花紋 衛生紙 日用 百貨類 民生 紙品 5 克潮 靈環 保除 濕桶 超值 組網 日用 百貨類 家庭 清潔 用品 10CAFEN 硬 咖啡 單品 濾掛 咖啡 微醺 森巴 熊美款 LI,15
雀巢咖啡 伴侶 袋裝 4537g,120
UCC 金質 精選 香醇 綜合 研磨 咖啡粉 330g 袋 日本 製,20
三 認證 皮蛋,115
建詮 阿薩姆 奶茶 x1 袋 18gx25 包袋,10
現貨 手持 棒 氣球 艾妮 EasyParty,25
科克 蘭即 溶 咖啡粉,5320
星巴克 特選中 焙,15
鮮 一杯 濾掛 綜合 50 入 分享 盒 9gX50 入 蝦 皮直 送 現貨,775
舌尖 上 的 美味 NESCAFE 雀巢咖啡 醇品 安全 鐵,55
32Gi 濃縮 咖啡因 單包裝 運動續 航力 咖啡因,5
纖 Q 紅豆水 x3 袋 2gx30 入袋,20
歐客 佬 巴拿馬 哈特曼 莊園 卡 杜拉日 曬 掛耳 包黃金,95
大茂 大黑 瓜 3 入 375g 入,115
鮮 一杯 濾掛 綜合 分享 盒 50 入盒 x2 盒,10
科克 蘭即 溶 咖啡粉 好市 多代 購 Kirkland 科克 蘭即 溶 咖,10
無毒 安全 小籃球 6 吋,50
Casa 卡薩 世界 莊園 淺 中 烘焙 濾掛 中秋 禮盒 綜合 四款 風味 共,35
分批 取大醇 豆豆 漿 1857ml,90
歐客 佬 哥斯大黎 加三奇 蹟 莊園 F1 日曬 掛耳包 中深,40
歐客 佬 巴拿馬 翡翠 莊園 帕米拉 卡杜艾 水洗 掛耳包,45
米諾諾 中 粗 S 勾 10 入,5
美濃農會 美 濃米餅 照燒 口味 40gX1 盒,5
豆豆 叔叔 尼加拉瓜 象豆 SHB 莊園 精品 豆掛 耳濾掛 咖,10
STARBUCKS 星巴克 即期 品特 選 系列 即 溶卡布 奇諾,120
分批 取 香草 戰斧豬 排約 400g2 入盒,5
巴拿馬 日 曬 花蝴蝶 100 藝伎 淺 焙,5
LAVAZZA 紅牌 Rossa 中 烘焙 咖啡粉 250g 袋,60
橙品 手作 日本 伊 那 寒天 不易 塌 分裝 烘焙 材料,5
歐客 佬 哥斯大黎 加拉 米尼塔 征服者 水洗 掛耳包 日式,65
鮮 一杯 產區 嚴選大濾掛 綜合 分享 盒 10gx60 入,35
歐客 佬 肯亞安達 貝斯莊園 微 批次 日曬 掛耳包 白金,5
橙品 手作 日本 神谷 深 煎 黑須 皮 去 黄豆粉 分裝橙品 手,10
日本 TWININGS 英國 皇室 御用 五種 風味 特選伯,25
奇美 CHIMEIVCHP4LSA2in1 輕量 級 多,5
雀巢 金牌 微 研磨,4030
歐客 佬 肯亞奇 古舒 AATOP 水洗 掛耳 包黃金,5
歐客 佬 巴拿馬 艾利達 莊園 藝伎日 曬 掛耳 包黃金 烘,15
歐客 佬 印尼 林東 陳 年 曼特寧 水洗 掛耳包 中深 烘焙,15
illy 即 溶 咖啡粉 中 焙 95g 罐,15
落建 外用 溶液 560ml 保健食品 類醫材 藥品 50 現貨免 運 日本 PanasonicERGK20 男士 飲料 類茶 飲 5 日本 有 機桑葉粉 保健食品 類 保健 養生 30M00481152455 飲料 類茶 飲 10 喜兒法 歐勒葉超 S 纖鮮 自然 10 盒加贈 一盒 10 包盒網 保健食品 類 保健 養生 20 台灣 三洋 SANLUX 數位 體重計 SYES301W 白色 保健食品 類醫材 藥品 10 亞培安素 高 鈣 鈣 強化 配方 香草 減甜 口味 237MLx24 入 保健食品 類 保健 養生 20 旺旺 米小餅 金薯 口味 米果 160G16g10 袋點心 零食 類 糖果 20ARIEL4D 抗菌 洗衣 膠囊袋 裝微 香型 31 入 x9 袋 日用 百貨類 衣物 清潔 514001405934iMeBoBo 小 尺寸 耳塞 睡眠 耳塞 保健食品 類醫材 藥品 10 匠心 醫療 口罩 婦幼 平面 50 入 盒裝 M 保健食品 類醫材 藥品 15 金圓頭 奇異果 25u 生鮮 食品 類生鮮 水果 5 亨式 迷你 瓶 番茄 醬 3 入組 民生 食材類 料理 調味 5Rocket 葡萄柚 香 弱酸性 洗碗 精 600ml 日用 百貨類 家庭 清潔 洗劑 50 香奈兒 N5LEAU 飲料 類茶 飲 10 絨布 蜜粉 撲 1 入 日用 百貨類 家庭 清潔 用品 60CAFEN 硬 咖啡 經典 阿拉比 卡濾掛 咖啡 任選 4 盒組 10,100
camacafe 即期 品鎖 香 煎 焙 綜合濾掛 40 入 x2 袋,5
歐客 佬 哥倫 比亞薇 拉紅寶石 莊園 粉紅 波旁 掛耳包,20
歐客 佬 哥斯大黎 加多塔 女神 莊園 藝伎掛 耳包 黑金 烘焙,5
源牧鮮 蛋 10 入裝,5
黑豆 米果 160g10 袋,250
半磅 百年 冠軍莊園 巴拿馬 日 曬,5
歐客 佬 巴拿馬 翡翠 莊園 鑽 石山 日曬掛 耳 包黃金 烘,55
橙品 手作 封口 吐司 袋 baking450g10 入,10
吉立 食品 5 號 10 號 PP 夾鏈 袋 加厚 100 入多 規格,5
推 UCC 炭燒 濾掛,105
澳洲 JOCO 啾 口 玻璃 隨行 咖啡杯 8oz236ml 四色,5
組 即期 品特 價大 金星 二瓶 800,70
嚴選 花香 中焙豆 單瓜 地馬拉 花神 圓豆 pb 中 焙 水洗,5
新品 現貨快 出 韓國 MAXIM 麥心 Kanu 溫醇 美式 即 溶,20
歐客 佬 衣索 比亞西達 摩獅子 王 水洗 掛耳 包黃金 烘,45
德國 Naturata 義式 濃縮 即 溶 咖啡粉 2gx25 入機,5
歐客 佬 印尼 瓦哈納 莊園 長 豆 水洗 掛耳包 白金 烘焙,15
星球 工坊 抹 茶 拿 鐵 MatchaLatte,20
雀巢 金牌 濾掛 純正 阿拉比 卡深 烘焙 8gx10 入,30
小白 鯧盒,15
甜柿 盒,115
藍山 拿 鐵 65 元西雅圖 10 包藍山 風味 拿 鐵 二合,30
STARBUCKS 星巴克 即期 品特 選 系列 即 溶 焦糖 瑪奇,160
西雅圖 即品 拿 鐵 15 入 21g15 入網,15
即 溶 仙草 25 包,5
現貨 澳洲 ThursdayPlantation 星期四 農,5
歐客佬牙 買加 克里 福頓 莊園 藍山 No1 掛耳包,5
杏 桃花 香中 烘焙,35
古德太歲 金金 紙安太歲 神明 用 盒子 金,25
HAUSBRANDTORO 金牌 咖啡粉 250g 包,30
歐客 佬 巴拿馬 翡翠 莊園 鑽 石山 日曬 掛耳包 白金 烘,25
歐客 佬 衣索 比亞古吉 烏拉嘎 水洗 G1 水洗 掛耳包,10
歐客 佬 宏都拉斯 馬 爾 卡拉 大橋 莊園 藝伎 水洗 掛耳包,120
國際 碳 鋅 電池 3 號 24 入 促銷 包裝,25
傳統 即 溶 咖啡粉,410
Nestle 雀巢 金牌 微 研磨 超值 組罐裝 120g1 補,10
歐客佬藝 伎 盛宴 精品 掛耳禮盒 20 入盒 附 提袋,5
淡濃縮,55
西雅圖 即品 拿 鐵 21gx15 入盒,210
分批 取 雀巢咖啡 醇品 罐裝 200g,10
歐客 佬 2019WCRC 世界 烘豆 大賽 世界 亞軍 烘焙 配,15
歐客 佬 衣索 比亞 耶加雪菲 水洗 掛耳 包黃金 烘焙,660
炸 豆包 盒非 基改,470
香包 紗袋 17512 香 包袋 香囊 袋 透氣,10
STARBUCKS 星巴克 即期 品特 選即 溶 焦糖 瑪奇朵 卡,135
貝麗瑪丹 L13 兩用 粉 撲 10 入,20
金牌 濾掛 深 烘焙,1195
贈品 三 得利 系列 商品 隨機 六包,60
4712927495000VENUS 迷你 溫控,5
citysuper,445
camacafe 鎖香 煎 焙 綜合濾掛 40 入 x2 袋 含 cam,120
歐客 佬 巴拿馬 翡翠 莊園 鑽 石山 水洗 掛耳包 白金 烘,15
現貨 韓國 直進 孔劉 KANU 中深 焙 低 咖啡因 冰泡,10
嚴選日 曬 豆 單衣 索匹亞 古吉 神木 日 曬 每份 200,10
4902201437561 星巴克 濾掛 咖,45
鮮 一杯 濾掛 綜合 50 入 分享 盒 9gX50 入網,60
代收 代付 歐客 佬 綜合 掛耳包 50 包袋 5 種風味 一,10
加價購 雀巢 鷹牌 煉奶 支裝 170g,10
米粒 森現貨 innisfreex 史努比 pea,935
冬天 必備 即 溶 可可粉 單包入,5
99 純度 鼠尾草 籽 奇亞籽 檢驗 合格 400g 包高 纖維,5
歐客 佬 巴拿馬 阿布 莊園 藝伎 厭氧緩 慢日 曬 掛耳包,30
英國 MissNELLA 明日之星 時尚組 6 入組,5
全新 現貨 2022 拉亞漢堡 卡娜 赫拉 保冷保 溫袋 生日 禮物,15
HAUSBRANDT 美式 咖啡粉 250g 包,15
Nestle 雀巢 鷹牌 煉乳 397g 罐,365
老舊 金山 原味 拿 鐵 20 公克 X125 入期效 202306,10
無毒 安全 小 足球 6 吋,30
歐客 佬 精品 掛耳包 35 元 40 元 共 52 包厚實 濃郁,180
半磅 莊園 老 饕 深 焙,15
藥品 保存 7 日 彩虹 藥盒 21 格 分格 飾品 盒 分裝 藥盒 隨,20
Casa 卡薩 世界 莊園 系列 衣索 比亞 耶加雪菲 淺 中 烘焙 濾掛,70
費 拉拉 巴西 喜拉朵 一磅 送 一掛 耳 SCA 與 CQI 雙重國,40
愛的 小 舖 科克 蘭即 溶 咖啡粉 454 公克,15
澳洲 JOCO 啾 口 玻璃 隨行 咖啡杯 16oz473ml 多,5
MaximKANU 升級 版 signature 炭 焙 中 焙 美式,25
LAVAZZA 金牌 ORO 中 烘焙 咖啡粉 250g 袋,50
焙茶,120
歐客 佬 衣索 比亞 安娜 索拉莊園 酵素 水洗 G1 掛耳包,95
代收 代付 星巴克 特選 焦糖 瑪奇朵 23G4 入愛買,10
YM2PANASONIC 松下 國際牌 NCR18650,45
四合 一伴 手,5
歐客 佬 肯亞 AA 水洗 處理 掛耳包 中深 烘焙 43,65
星巴克 即 溶 烘培 咖啡粉 鋁罐裝 中度 深度 Starbucks,5
橙品 手作 日本 娜麗茹卡 伯爵 紅茶 粉 烘焙 專用 分裝,30
雀巢咖啡 伴侶 袋裝 4537g,10
雀巢咖啡 金牌 風味補 充包 120g,35
歐客 佬 衣索 比亞 古吉夏奇索 日 曬 掛耳 包黃金 烘焙,65
濾掛式 耶加雪菲,150
雀巢咖啡 醇品 補 充包 200g,40
紅龍 香辣 搖搖雞球 500g 包,5
馬 卡龍 阿拉比 卡,25
康寶 中式 濃湯 獨享 杯 1 盒 3 入組 港式 酸辣 日式 味 噌,295
加拿大 ZAVIDA 雅菲達 巴伐利 亞 巧克力 風味 濾掛 10 克,5
超值 福利品 DysonAirwrapComplete,15
MaximKANU 冷泡 冰拿鐵 30 入 135g 入,25
勁香團 生豆 衣索 比亞北 北卡藝 妓日 曬,80
雀巢 鷹牌 煉奶,3695
Moccona 中 烘焙 即 溶 咖啡粉 400g,20
蓮霧 中盒,5
濾掛式 曼巴,135
14001491382Panasonic 國際牌 NEO 黑,5
費 拉拉 精品 義 大利 一磅 送 一掛 耳 SCA 與 CQI 雙重 國際,60
歐客 佬 典藏 精品 掛耳禮 盒厚實 果香 20 入盒,5
國際 碳 鋅 電池 3 號 32 入 促銷 包裝,15
福利品 有 刮傷 Panasonic 國際牌 數位 DECT,5
瑪詩琳 Moccona 中 烘焙 即 溶 咖啡粉 400 公克 即,5
現貨 韓國 直進 孔劉 KANU 中深 焙 低 咖啡因 冰泡 升,15
星巴克 滿額 贈 星巴克 質感馬克杯,35
ECSTARBUCKS 中 焙,110
LAVAZZA 黑牌 Espresso 咖啡粉 250g 袋,30
歐客 佬 玻利維亞 卡拉 納維 阿拉 西塔 莊園 藝伎 水洗 掛,25
日出 雲朵 咖啡杯,90
歐客 佬 夏威夷 可娜 格林 威爾莊園 水洗 掛耳包 白金,15
OKLAO 歐客 佬 冠軍職 人手 沖 精品 掛耳禮盒 10 包盒,5
illy 即 溶 咖啡粉 深焙 95g 罐,10
歐客 佬 精品 掛耳包 35 元 40 元 共 52 包 果香 酸甜,15
AshCo 鋁 合金 3510 入 錶 盒,30
KANU 雙倍 濃縮 拿 鐵 135g,100
伯朗 大濾掛 中深 焙,590
歐客佬炭 燒風味 掛耳包 特惠 精選 10 包袋 4101,105
西雅圖 即品 約克夏 奶茶 25g100 包,15
OKLAO 歐客 佬 巴拿馬 小 農精選 系列 阿波羅中 烘焙 掛耳包,10
美安獨家 ASUS 華碩 RTAC68U,5
勁香團 依索 比亞耶加 雪菲科 卡日 曬,15
雀巢 鷹牌 煉奶 450g 瓶 500383,10
代收 代付 星巴克 特選卡布 奇諾 14G4 入愛買,10
關西 農會 即 溶燒 仙草 2 盒組 10g12 包盒,10
Nutrimate 你 滋美得 高效 維他 命 B 群 3 入 組共 18,10
4 號袋,1135
馬 卡龍 藍山 風味,20
MCT 德國 原裝 進口 爆珠型 薄荷 口味 捲 菸 捲 煙海綿,10
2351215 旗京 工即 時 飲 10 袋 1 盒 款式 可選,5
中一 精選白蛋 10 入,17830
林森 四路 189 號安,5
歐客 佬 巴拿馬藝 伎 風味掛 耳 包黃金 烘焙 4301,255
雀巢 鷹牌 煉乳 支裝,15
KEYCOFFEE 總匯 濾掛 研磨 隨身 包,185
德 國 製 actiTube 活性碳 捲 菸 濾 嘴 6mm10 入,5
美安獨家 Panasonic 國際牌 3,5
8801037006391Maxim 摩卡 咖,15
Bialetti 比亞樂堤 經典 摩卡 壺 MOKA3 杯份享,185
小獅 王辛巴標 準馬卡龍 萬用 蓋果 綠 日用 百貨類 嬰幼兒 用品 10 那堤 20230205x8ps1nrn 烘焙 甜點類 其他 甜食 5 那堤 20230216t5ybkcpz 烘焙 甜點類 其他 甜食 5HelloKitty 造型 暖 暖 包單 包 手握 式速 發熱 10 保健食品 類醫材 藥品 245 鮮奶 青茶 半糖熱 飲料 類現 做 茶 飲品 5 有 機紅 辣椒 100g 生鮮 食品 類生鮮 蔬菜 305 鮮食家 任選 799 村子 口 FC 酸 白菜 老 甕 火鍋 1200g 烘焙 甜點類 蛋糕 15MAYBELLINE 媚比琳 黑眼圈 擦擦 筆 6ml2 入組 保健食品 類醫材 藥品 130Sofy 蘇菲超 熟睡 內 褲型 涼 感衛生 棉 LXL 箱購 2 片 x 日用 百貨類 民生 紙品 375857 大童 安全帽 日用 百貨類 汽機車 用品 類 40 華麗糖 芯 日 拋 10 片裝果 凍 摩卡 425 保健食品 類醫材 藥品 20 黑豬 絞肉 細生鮮 食品 類生鮮 肉品 10 蜜柑 鮮果 凍 整箱 烘焙 甜點類 其他 甜食 55 非基 改黃 豆芽 民生 食材類 南北 乾貨雜 糧食材 2870 外送費 20221218r2rex2tw 鮮食類 小菜 滷 味 5 外送費 20221224i7dc8539 鮮食類 小菜 滷 味 5 馬 告豆 干 300g 台灣味 烘焙 甜點類 蛋糕 40 金鑽鳳梨有 機生鮮 食品 類生鮮 蔬菜 2300 有機 冷凍 白花 椰 300g 免福業 生鮮 食品 類生鮮 蔬菜 190 輕 鬆 走 棉 洗 褲 淑女 L 日用 百貨類 家庭 清潔 用品 170 外送費 20221231jsgxc8yn 鮮食類 小菜 滷 味 5 外送費 20221231us6tl0f2 鮮食類 小菜 滷 味 59789866284304 天生 涼薄 上 點心 零食 類餅 乾 10 外送費 20221220g2ic1vqz 鮮食類 小菜 滷 味 5SIMPLY 新 普利 夜間 代謝 酵素 錠 30 顆盒 保健食品 類美 肌纖體 1050KIRIN 麒麟 午後紅 茶 原味 紅茶 500mlx4 入 飲料 類茶 飲 140 一手 私藏 世界 紅茶 愛文 芒果乾 100gX1 袋 飲料 類茶 飲 10 秧田 良品 無毒 友善 台灣 金針 80g 袋 冷凍 食品 類冷凍 海鮮 5 御衣坊 卡娜 赫拉 的 小動物 綜合 暖 暖 包 10 入 圖案 隨機 出貨 烘焙 甜點類 其他 甜食 50DUSKIN 樂清立 可擦 日用 百貨類 家庭 清潔 用品 185 幫寶適 一級 幫紙 尿褲 尿布 L120 片 日本 原裝箱 日用 百貨類 嬰幼兒 用品 1005 現貨 多功能 兒童 安全 座椅 餐盤 推車 餐盤 托盤 畫畫板 日用 百貨類 嬰幼兒 用品 510R 後 照鏡 CBR650RNINJA 忍 400 小阿魯 R15v 飲料 類茶 飲 10 油工 坊 NWB9mmDW 石墨 雨刷 膠條 日系 車通 日用 百貨類 汽機車 用品 類 10media 媚點 自然光 感美肌 BB 霜 保健食品 類醫材 藥品 255 雞 百分 蔓越莓 雪花 餅蔓 越莓 口味 雪餅 獨立 包裝台 灣 製 點 心 零食 類餅 乾 30 辣味 魚薯 條點心 零食 類 其他 零食 9454711908805548 中衛 醫療 口罩 1 盒入 50 片盒 保健食品 類醫材 藥品 380 妞妞 寶寶新 包裝 悠活 原力 維生素 D3120 粒瓶 非 活性 飲料 類茶 飲 25 津津 蘆筍 汁 300MLx24 飲料 類茶 飲 5 買 一送 一 自然 主義農園 洛神 花 保健食品 類美 肌纖體 5 康門 貝爾 乾酪 點心 零食 類堅果 1160 代收 代付 白蘭鮮 豔 護色 洗衣粉 45kg 愛買 日用 百貨類 家庭 清潔 用品 53 點 一刻 休閒 奶茶 原味 100g 點心 零食 類 其他 零食 730 威猛 先生 浴室 全效 清潔劑 補 充瓶 超潔淨 500g 日用 百貨類 家庭 清潔 用品 5KANU 拿 鐵 咖啡 135g 飲料 類茶 飲 60 正品 寧波 年糕 烘焙 甜點類 其他 甜食 12655SPellegrino 聖沛 黎洛氣 泡礦 泉水 PET 瓶 10 水類氣 泡水 325 小 磨坊 吃 飯珍 青 鬆 鰹 魚 營 養 90g 罐 90g 罐鮮 食類 湯品 520 山形 土司 75 烘焙 甜點類 麵 包 5 外送費 20221209s4ar80j0 鮮食類 小菜 滷 味 5 外送費 20221212j5gh48jn 鮮食類 小菜 滷 味 5 外送費 20221212kghra1yd 鮮食類 小菜 滷 味 5 日本 獅王 LION 奈米樂境 內版 NANOX 超濃縮 洗衣日 用百貨類 衣物 清潔 5 奧利奧 巧克力 口味 夾心餅 乾 2392g 點心 零食 類餅 乾 215 分批 取華元 野菜 園洋蔥 圈 70g 民生 食材類 泡 麵 35 小華堡 起司 醬洋點 心 零食 類餅 乾 95 那堤 20221216f6cxobt3 烘焙 甜點類 其他 甜食 5 蜂膠 金桔 檸檬潤 喉糖 保健食品 類 保健 養生 180 手工 柴燒 醬 油膏 民生 食材類 南北 乾貨雜 糧食材 75 呦 皮 QQ 巨寶堡 日用 百貨類 汽機車 用品 類 575 金品 吉諾亞 青醬 蛤蜊 麵 390g 盒 民生 食材類 南北 乾貨雜 糧食材 10Edot 多功能 可 拆 不 鏽 鋼 料理 剪刀 雞骨 剪 附磁吸 保護套 日用 百貨類 餐廚 用品 10 法國 Staub 矽膠 多功能 勺 日用 百貨類 餐廚 用品 45LUGROA 車內 芳香 凝膠 雪 之 幻想 日用 百貨類 汽機車 用品 類 45 日 南 製 藥 成 長 高手 增高 膠囊 EX 版 5 盒 30 粒盒 大 老 闆 聯 保健食品 類 保健 養生 25 鴨間 稻米 香 120g 蔓越莓 保健食品 類美 肌纖體 5Edot 大號 無紡布 衣物 棉被 收納袋 日用 百貨類 嬰幼兒 用品 5 分批 取依 必朗 防霉 抗菌 洗衣 精補 充包 防霉 茶 花香 氛 1800g 日用 百貨類 家庭 清潔 用品 230DasMarchen 德國童 話 即期 品 洋甘菊 茶茶 包輕 飲料類 沖 泡類 飲品 10 古道 梅子 綠茶 1500mlx12 瓶箱 飲料 類茶 飲 10 巧克力 曲奇 餅 香草冰 淇 烘焙 甜點類 其他 甜食 120 外送費 20221201f6yinmyi 鮮食類 小菜 滷 味 5 外送費 20221222f1ok6j1z 鮮食類 小菜 滷 味 5 外送費 20221222g0pmdb8l 鮮食類 小菜 滷 味 5 外送費 20221220kxvw7sru 鮮食類 小菜 滷 味 5 外送費 20221221e2unt8mu 鮮食類 小菜 滷 味 5 天仁 茗茶 茗 揚茶 禮茶 葉禮盒 高山 烏龍 茶葉 100g 精焙 烏龍 飲料 類茶 飲 60 鱈魚 香絲 原味 細點心 零食 類魷魚 絲 39545 光泉 果汁 調味 乳 乳品 類調 味 乳 28600 乾杯 燒肉 披薩 日用 百貨類 餐廚 用品 30 義美 濃蒜 青豆 178g 包 178g 包 冰品 類 冰淇淋 565 外送費 20221201invz6aox 鮮食類 小菜 滷 味 5 巧克力 貓掌 小 蛋糕 日用 百貨類 餐廚 用品 12385NEOFLAM 多功能 矽膠 鍋蓋 242628 公分 FIKA 日用 百貨類 餐廚 用品 65 經典 紅茶 那堤 20221202q9wt10tk 飲料 類茶 飲 5 咔 啦 雞腿堡 XL 套餐 中辣 20221216z3qi 鮮食類 湯品 10DEW 恆潤 膜法 晶露 保健食品 類美 肌纖體 75 之好物 黑糖 桂圓紅棗 茶磚 204g 飲料 類茶 飲 15 濃湯 燕麥 白醬 雞肉鮮 食類 小菜 滷 味 1135 京采 包子 熊麻吉包 4 入 一包 全 素日 用百貨類 民生 紙品 20BHL 秉 衡量 高精度 專業 廚房 料理 秤 BHM12k12 日用 百貨類 餐廚 用品 5dayneeds 日 需百備 輕型 60X45X165 公分 廚房 日用 百貨類 民生 紙品 5BLACKDECKER 防疫 必備 美國 百工 乾濕 兩用 車用 日用 百貨類 汽機車 用品 類 5 週期購 康乃馨 寶寶潔膚 濕巾 超厚 尺寸 80 片 整箱 80 片 日用 百貨類 民生 紙品 60 真好家 黑 胡椒粉 30g 點心 零食 類 其他 零食 225 最佳 灣岸 淡愛爾 飲料 類茶 飲 20 屈臣氏 亮彩止 汗 爽身 滾珠瓶 50ml 保健食品 類醫材 藥品 210 外送費 20221208t5joyroi 鮮食類 小菜 滷 味 5 外送費 20221208tzyyko76 鮮食類 小菜 滷 味 5 外送費 20221221h8581nih 鮮食類 小菜 滷 味 5 美吾 髮 艾 系列 強運 能量 無矽靈 洗 沐 2 合 1 潔淨露 330ml 保健食品 類醫材 藥品 40BAC 日本 絆創膏 50 入 保健食品 類醫材 藥品 25 松珍素 麥克雞塊 奶蛋素 冷凍 食品 類冷凍 微波 料理 25PG0082 佩佩豬 童室 內皮 拖 藍 16 日用 百貨類 嬰幼兒 用品 215MauveG0070 極簡柔 感棉 女褲 黑 F 保健食品 類醫材 藥品 470 果果 堅果 水合 型 肌酸 MicronizedCreatin 飲料 類茶 飲 15SONAX 旗艦 頂級 洗車 精 2L 贈洗 車綿 中性 無 磷 不傷 日用 百貨類 汽機車 用品 類 45 台灣蘿美心 400g5 袋 400g5 袋 生鮮 食品 類生鮮 肉品 750 現預 大 嬸 婆鴻運發 財年 菜 6 件 組買 就 送 御品 佛 跳 牆 保健食品 類醫材 藥品 5 世一 5 吋 珠光 圓形 氣球 15 入 天然 乳 膠 製 作 保健食品 類醫材 藥品 35 品冠 雞蛋 2 斤 生鮮 食品 類生鮮 肉品 20 森美 妍 xBIOUP 白茶 美顏霜 SPF502 撫紋 保健食品 類美 肌纖體 5 雪印 NeoSoft 脂肪 抹 醬 烘焙 甜點類 蛋糕 80 唐山 排骨 便 當加 淋粹 魯 20221218odaormg 鮮食 類米 飯類 5 美式 鬆 餅 特餐 20221218g5vob233 烘焙 甜點類 其他 甜食 5 唐山 排骨 便 當加 淋粹 魯 20221211f5jh3qa 鮮食 類米 飯類 5 台灣雲林 自產 烏魚子 三 兩 烏魚子 烏魚子 年節 美食 伴手 禮冷凍 食品 類冷凍 海鮮 10 聖誕節 平安夜 雪人 平口 包裝袋 禮物袋 禮品袋 塑膠袋 收納 日用 百貨類 餐廚 用品 80 鮮 煎 干貝 2 顆生鮮 食品 類生鮮 肉品 15 新年 版 濃巧 雙層 巧克力 薄片 12 入 烘焙 甜點類 蛋糕 5 幸福 堂 優格 蛋糕 10 入 烘焙 甜點類 蛋糕 5 八田 25 度 烏龍 茶燒 酎 720ml 飲料 類茶 飲 15800 晶碩 彩色 日 拋樂 森林 系列 10 片裝 優雅 鸚鵡 灰 保健食品 類醫材 藥品 65 冷藏 台灣 絞肉 70 瘦肉 生鮮 食品 類生鮮 肉品 19285 德國 Bioneed 瞬效 新生 魚子 精華組 魚子 x1 眼霜 x1 保健食品 類美 肌纖體 10 外送費 20221228y8yntujm 鮮食類 小菜 滷 味 5 外送費 20221228z3od76tw 鮮食類 小菜 滷 味 5 台灣 出貨 不必 等 車載 軟管 風扇 風扇 消暑 車載 風 扇車 日用 百貨類 汽機車 用品 類 30inomata 牛奶 鍋 造型 短量 匙 2 入 組大 藍小橘 日用 百貨類 餐廚 用品 20 小獅 王辛巴 好樂 飲 PPSU 防漏 滑蓋 學習 水杯 250ml 悠悠 日用 百貨類 家庭 清潔 用品 110 義廚 寶義 大利 製 新 絕 色 系列 不沾鍋 深 炒鍋 32cm 單鍋 日用 百貨類 餐廚 用品 70 義美 清香 檸檬 夾心 酥 400g 點心 零食 類餅 乾 345CNP 小農積 雪草 修護 保濕霜 50ml 保健食品 類美 肌纖體 20 慕甜龍筍 鮮肉鍋 貼 600 鮮食類 麵 食類 10 灰熊 日貨 日本 製 HARIOV60 耐熱 玻璃 咖啡 壺 咖啡 壺 日用 百貨類 餐廚 用品 15 佳德糕 餅新鮮 原味 鳳梨 酥 12 入 6 入附 提袋 台 烘焙 甜點類 蛋糕 55 分批 取 生活 良好 麥 可可 糖 70g 飲料 類茶 飲 20 慕南枝 八 烘焙 甜點類 其他 甜食 5 外送費 20221222z8mucmey 鮮食類 小菜 滷 味 5 外送費 20221206v186hc9j 鮮食類 小菜 滷 味 5 信用卡 0286 保健食品 類醫材 藥品 75 信用卡 0419 保健食品 類醫材 藥品 50NEOFLAMPOTE 樸 石 系列 28CM 平底 鍋 IH 爐 適用 日用 百貨類 餐廚 用品 20 花生 湯圓 冷凍 食品 類冷凍 微波 料理 19590 桂格 每日 穀 珍 杏仁 蓮子 飲料類 沖 泡類 飲品 5 巴芙洛時 尚經 典葉 知秋 遮光 窗簾 200cm 寬 165cm 高 遮 烘焙 甜點類 蛋糕 10BHKs 酵母 NMN 喚采 素食 膠囊 30 粒盒 2 盒組 保健食品 類 保健 養生 10 雙雙 的 店 現貨 可 愛 糖果 色系 無糖 海鹽 水果 薄荷糖 100g 烘焙 甜點類 蛋糕 15 金棗 剝皮 辣椒 點心 零食 類餅 乾 10 代銷 五花 薄切 肉片 生鮮 食品 類生鮮 肉品 45 統 一生 機 果然 優 葡萄乾 400gx3 罐 烘焙 甜點類 蛋糕 45 旺旺 浪味 炒 麵 南洋 風味 6 袋箱 經典 人氣 印尼 炒泡 麵 民生 食材類 泡 麵 40PG 洗衣 抗菌 4D 威力 球補充 包潔 淨型 清香 藍 39 入 日用 百貨類 家庭 清潔 用品 75 代收 代付 境內版 韓國 農心 浣熊 麵 五包 入 600 民生 食材類 泡 麵 5 米森 Vilson 有機 無 加糖 抹 茶 拿 鐵 200g 盒 飲料類 沖 泡類 飲品 25 外送費 20221220xkbmrf8e 鮮食類 小菜 滷 味 5 外送費 20221220y8s4q2bf 鮮食類 小菜 滷 味 5 外送費 20221220s1lxr1oj 鮮食類 小菜 滷 味 5Arche 艾鉅雙 1111 快 閃 優惠 汽柴 救車 行動 電源 日用 百貨類 汽機車 用品 類 10BASEUS 倍 思易控 Pro 伸縮 旋轉 吸盤式 車用 中控台 手機 日用 百貨類 汽機車 用品 類 40 草生元 氣德國元氣 C1000mg 鋅 15mg 發泡 錠 X3 保健食品 類美 肌纖體 15 和 風章 魚燒 比薩獨 享餐 20221216z7ueybd 鮮食類 關東 煮 5 太妃 核果 風味 那堤 20221202b6swqase 烘焙 甜點類 其他 甜食 5 蜜柚 紅茶 20221216a3ihavs4 飲料 類茶 飲 5 外送費 20221227uv33rd21 鮮食類 小菜 滷 味 5 威瑪舒培 循利寧 植物 葡萄糖 胺 膜 衣錠 全素 添加 大豆 酪梨萃 保健食品 類 保健 養生 25 外送費 20221230y4qi2jnc 鮮食類 小菜 滷 味 5 外送費 20221221b1xocb3y 鮮食類 小菜 滷 味 5RUMIDUNLOP 登祿普 TT93GPTT93 日用 百貨類 汽機車 用品 類 35 珍珍 魷 魚片 80g 包生鮮 食品 類生 鮮海鮮 775 天使 神纖子 20s 鳳梨 口味 烘焙 甜點類 其他 甜食 5 米 菈 生活 館 停車牌 電話 卡號 碼牌 停車 卡無痕 貼 汽車 用 日用 百貨類 汽機車 用品 類 15S 買 MM 象 泰式 烤 海苔 酷辣 香味 60 點心 零食 類 其他 零食 2910 現貨 日本 Pierfu 耳洞 清潔 棒 60 入 玫瑰 薄荷 耳 保健食品 類醫材 藥品 40 瑪莉屋 PIZZA 重 乳酪 瑪格麗特 150G 愛買 冷凍 烘焙 甜點類 蛋糕 15 代收 代付 PLUS 普樂士 42255 筆型 可換式 修 日用 百貨類 汽機車 用品 類 5 新東陽 QQ 蒜味 小香腸 冷凍 食品 類冷凍 肉品 15 德國 WMF36cm 五層 炒鍋 日用 百貨類 餐廚 用品 15M 北海道 生 吐司 厚片 香蒜 90g 民生 食材類 南北 乾貨雜 糧食材 85 外送費 20221227z9mky66z 鮮食類 小菜 滷 味 5S 蜜思朵 黑糖 薑 母紅 茶茶 磚 204g 點心 零食 類 其他 零食 1600 韓國樂天 巧克力 派 一組 2 入 烘焙 甜點類 蛋糕 10 外送費 20221216f0rwrlwf 鮮食類 小菜 滷 味 5 外送費 20221216f2wp9q8i 鮮食類 小菜 滷 味 5S 家樂氏 SpecialK 草莓 香脆 麥米 飲料類 沖 泡類 飲品 95 克潮 靈集 水袋 補充 包 400ml 去 霉味 3 入組 x12 組 保健食品 類醫材 藥品 140 工研壽司 醋 300ml 民生 食材類 米 60 外送費 20221226he5m26oy 鮮食類 小菜 滷 味 5 外送費 20221226he5mlokn 鮮食類 小菜 滷 味 5 外送費 20221226hrfhlqw6 鮮食類 小菜 滷 味 53M 新絲 舒眠 Z250 兒童 午安 被 胎冬用 四季 兩款 可選 日用 百貨類 嬰幼兒 用品 5 半熟 起司 塔 1 顆 20221207z5hvm5rn 烘焙 甜點類 蛋糕 5 小獅 王辛巴桃樂絲 PPSU 寬口 雙凹 中 奶瓶 270ml 福利 日用 百貨類 家庭 清潔 洗劑 140 外送費 20221203d4gz2nes 鮮食類 小菜 滷 味 5 裕芳 食品 妹子 薯條 點心 零食 類餅 乾 55 汽車 用掛 勾車 飾車 座椅 手機 支架 椅背 式 收納 掛架掛 勾 整理 日用 百貨類 汽機車 用品 類 5 新生 兒 睡袋 加厚 智能 感温 包巾 防 踢 被 肚圍 防驚嚇 抱 被 嬰兒 抱 被 日用 百貨類 嬰幼兒 用品 40 外送費 20221221h9qca1yr 鮮食類 小菜 滷 味 5 外送費 20221228nul7s76h 鮮食類 小菜 滷 味 5 氣炸鍋 烘焙 紙 30 張袋 氣炸鍋 專用紙 烘焙 紙紙 盤 隔油 紙 日用 百貨類 餐廚 用品 215DIY 樂樂 NG 福利品 矽膠 模具 單孔 60110 克 系列 2 個 日用 百貨類 餐廚 用品 20 蝦幣 10 回饋 3M 軟 水生 飲雙效 HCR05HCR05 飲料 類茶 飲 30 外送費 20221220xtzakj22 鮮食類 小菜 滷 味 5 外送費 20221220toqi1slr 鮮食類 小菜 滷 味 5 石墨 烯船 襪 5 入 保健食品 類醫材 藥品 595P05 藜 麥 海洋 套餐 飲料類 沖 泡類 飲品 15 外送費 20221221vpsss8ff 鮮食類 小菜 滷 味 5 外送費 20221228m2ger08q 鮮食類 小菜 滷 味 5 冰冰 特級 紅燒 羊肉 爐 日用 百貨類 餐廚 用品 10 外送費 20221220jch80s7s 鮮食類 小菜 滷 味 5 外送費 20221221v1gxjiiq 鮮食類 小菜 滷 味 5 外送費 20221221x3xg73ll 鮮食類 小菜 滷 味 5 外送費 20221205e2sh7w48 鮮食類 小菜 滷 味 5 生活 職人 洗碗 布 洗碗 巾 抹布 擦 手巾 珊瑚 絨清潔布 珊 日用 百貨類 家庭 清潔 用品 5 甲上 生鮮 客家 粄 條 200g10 包 麵 條板條 民生 食材類 泡 麵 20 外送費 20221221a5iye9rl 鮮食類 小菜 滷 味 5 調味 便 當菜 微辣 155g 明德 民生 食材類 南北 乾貨雜 糧食材 110 聖藏 買 S 有機 催芽 豆漿 無糖 活生鮮 食品 類生鮮 肉品 870615 台 灣 製 竹炭 紗 生理 褲黑 L 保健食品 類醫材 藥品 165 外送費 20221214p0siu8o3 鮮食類 小菜 滷 味 5 外送費 20221228e4qn7b1g 鮮食類 小菜 滷 味 5BabyBright 眼膜 2 入 番茄 穀 胱 甘生鮮 食品 類生鮮 水果 755Cosplay09 三田 杏 保健食品 類醫材 藥品 5 咔 啦 雞腿堡 XL 套餐 中辣 20221206a8hj 鮮食類 湯品 5 咔 啦 雞腿堡 XL 套餐 中辣 20221206y5wj 鮮食類 湯品 5 蕃茄 黃 金 蝦堡 組合餐 20221206mjkelxqt 生鮮 食品 類生鮮 肉品 5 康貝 Combi 電動 磨甲機 薄荷 藍櫻 花粉 長 輩 嬰兒 皆 日用 百貨類 家庭 清潔 用品 90 外送費 20221207srub1opi 鮮食類 小菜 滷 味 5 外送費 20221210p1nsakb2 鮮食類 小菜 滷 味 5 外送費 20221224y4gv5d27 鮮食類 小菜 滷 味 5 外送費 20221213g9mx9rf6 鮮食類 小菜 滷 味 5 太妃 核果 風味 那堤 20221209e5km0m92 烘焙 甜點類 其他 甜食 5 小比薩任 你 配 套餐 20221223z6hvneoo 日用 百貨類 汽機車 用品 類 5 戚風 蛋糕 捲 5 倍數 訂貨 烘焙 甜點類 蛋糕 12825 加威 HERLS 女鞋 八折 品飲料 類茶 飲 130MyWonderful13 色 日本 大地 農園 天然 蕨葉 永生 保健食品 類醫材 藥品 95 高 CP 值 一 年份 濾心 10 通用 規格 8 支入 抗漲 商品 超,15
Moccona 中 烘焙 即 溶 咖啡粉 400g,30
雀巢 金牌 濾掛 花香 10 入,40
歐客 佬 哥倫 比亞瑪莉亞 莊園 厭氧日 曬 酒心 可可 掛耳包,35
加購品 含安裝 Windows10 家用 隨機版 64 位元 中,5
歐客 佬 巴拿馬 艾利達 莊園 卡 杜艾日 曬 掛耳包 中 烘,20
星球 工坊 可可 高粱 爆米花 40g 獨特 口味 必備 零食,55
米森有 機未 烘焙 核桃 200gx1 包,5
雀巢 金牌 濾掛 柑橘 10 入,35
OKLAO 歐客佬鴻兔 大展 精品 掛耳禮盒 20 入盒 伴,5
理冒 喉寧口 含錠 20S,30
歐客 佬 巴 烏莊園 黃 波旁 去果 日 曬 掛耳包 中深 烘焙,15
麥斯 威爾拿鐵 25 入,5
臻 品甜點 15 粒盒裝,720
鷹牌 煉乳 397g,2405
含稅 10 蝦幣維 他 盒子 Vitabox 法國西 印度 櫻,10
歐客 佬 巴拿馬 哈特曼 莊園 帕卡瑪拉 水洗 掛耳 包中,30
歐客 佬 巴拿馬波 奎特 彩虹 莊園 揚卡 公主 卡杜艾 獨家 批次 水洗,35
超值 五盒 組 Nestle 雀巢 星巴克,10
雀巢 鷹牌 煉乳 450g 愛買,115
歐客 佬 衣索 比亞 西達摩 艾拉 處理廠 G1 厭氧日 曬掛,10
伯朗 可可 亞 15G30 包愛買,25
氣彈 一盒 10 入,5
星芒 濾紙 100 入 M26 包,5
雀巢 鷹牌 煉奶 支裝 170g,130
分批 取 camacafe 尋豆師 精選豆 中 淺 焙 花香 454,110
磨針 30 入,10
4902201412346Nestle 雀巢 金牌 微 研磨 咖,5
星巴克 特選 系列 焦糖 瑪奇朵 卡布 奇諾 4 入盒 口味,315
勁香團 生豆 衣索 比亞耶魯 巴伯 藝妓 日 曬,25
加購 專用 美白 蠟鐵盒 配件 加購 鐵盒 配件 不含 蠟罐 含鐵盒,5
森永 可可 之力 CACAO70 即 溶粉,55
雀巢咖啡 伴侶 袋裝 453g,35
雀巢 鷹牌 煉奶 贈 30 點,25
Nestle 雀巢 金牌 微 研磨 組合 罐裝 120g1 補充,640
雀巢 經典 醇品 補 充包 200g,85
關西鎮 農會 即 溶燒 仙草 10g12 包入,5
享吃 美味 日式 叉 燒肉 15 包 100g10 包,5
歐客 佬 哥倫比亞 波頓 莊園 象豆 水洗 掛耳包 中深,5
HAUSBRANDTNERO 咖啡粉 250g 包,25
歐客 佬 哥斯大黎 加托布 希莊園 藝伎 黑蜜 處理 掛耳包,10
極品 嚴焙大濾 掛包,15
歐客 佬 巴西 伊帕內 瑪莊園 黑金 剛蜜 處理掛 耳 包中,90
摩卡 衣索 比亞 西達摩 烘焙 豆 454g 大買家,5
川元 現貨 健康 沖 泡 飲品 五 穀 粉 600g 安全 檢驗 合格,15
AGF 奢華濾掛,190
嚴選日 曬 豆 單哥斯大黎加 米拉 蘇莊園 G1 日 曬 每,5
4713381570975TRIBOCOFFEE 濾掛式 咖,5
勁香團 衣索 比亞 耶加雪菲 牧羊人 特規日 曬 G1,5
代收 代付 雀巢咖啡 美式 鑑賞 原味 瓶裝 175G 愛買,5
costco 代購 MOCCONA 中 焙 即 溶 咖啡粉 400g,5
摩卡 精選 烘焙 豆 908 公克,10
勁香團 生豆 衣索 比亞 酒漬 畢洛亞 厭氧日 曬,20
巴拿馬 黑沃 莊園 黃 卡 杜艾日 曬,5
2 月 嚴選日 曬 豆 單衣索 比亞 阿貝果 納黑蜜 處理 每,10
衣索 比亞耶加 雪夫妲 娜拉 合作社 日 曬 DararoG1,25
澳洲 JOCO 啾 口 玻璃 隨行 咖啡杯 16oz,5
星巴克 星巴克 質感馬克杯,40
歐客 佬 巴拿馬 伊莉塔 莊園 卡 杜拉 水洗 掛耳包 白金,40
UCC 炭燒 無糖 珈 琲 包 100 入 X2 袋無糖 22gX20,15
STARBUCKS 星巴克 即期 品特 選即 溶 焦糖 瑪奇朵賞,95
UCC3 合 1 珈 琲 原味 拿 鐵大潤發,5
LAVAZZA 紅牌 Rossa 中 烘焙 咖啡粉 x3 包組 250,10
星巴克 特選 系列 焦糖 瑪奇朵 卡布 奇諾 摩卡 風味 4 入盒,235
歐客 佬 巴拿馬波 奎特 科特 瓦 鄧肯 莊園 卡 杜拉厭 氧日 曬,20
歐客 佬 巴拿馬 艾利達 莊園 藝伎 厭氧緩 慢日 曬 掛耳包,5
組 即期 品特 價大 金星 一箱 4300,10
Panasonic 國際牌 32L 雙溫控,5
大 鸚帝國 澳大利 亞維達發 Vetafarm 日常 調理 合成,10
達摩 本草 法國西 印度 櫻桃 植萃 天然 維他 命 C3 入組 1 入 3,110
歐客 佬 哥斯大黎 加托布 希莊園 藝伎 厭氧蜜 處理 掛耳包,15
立即 去 拿,5
雀巢 金牌 濾掛 阿拉比 卡中 烘焙 8G10 入愛買,40
達摩 本草 法國西 印度 櫻桃 植萃 天然 維他 命 C6 入組 1 入 3,30
CAMMIE 香醇 濃郁特 濃珈 琲 糖 60 克,20
歐客 佬 巴拿馬 伊莉塔 莊園 藝伎日 曬 掛耳 包黃金 烘,10
大 鸚帝國 澳大利 亞維達發 Vetafarm 天堂 合成 糧,20
雀巢 鷹牌 煉奶條,30
STARBUCKS 星巴克 特選 系列 即 溶 優惠 5 盒組 摩卡,70
N012528205HERSTORY 法國 精品,5
林森北路 258 號安,5
歐客 佬 巴拿馬 艾利達 莊園 卡 杜艾 水洗 掛耳包 黃,15
N011683159Panasonic 國際牌 日,5
歐客 佬 巴拿馬 詹森 莊園 藝伎日 曬 Lot615 掛,15
歐客 佬 巴拿馬 艾茵布羅莊園 藝伎日 曬 掛耳 包黃金,15
金牌 濾掛 中 焙 108g,10
勁香團 生豆 哥倫比亞 拉斯 瑪利亞 頂級 批次 藝伎日 曬,5
HAUSBRANDT 美式 咖啡粉 250g 包,10
歐客 佬 哥斯大黎 加托布 希莊園 藝伎 厭氧日 曬 掛耳包,135
國際 碳 鋅 電池 4 號 24 入 促銷 包裝,35
SATUR 薩圖爾 農神 之禮 盎然 韻綠 綜合濾 掛款,10
新 雀巢 鷹牌 煉奶 397g,15
KEYCOFFEE 浸泡 式 冰 咖啡粉 30gX4 入包 日本,5
OKLAO 歐客佬瓜 地馬拉薇 薇 特南果 高 海拔 精選瑪雅 中深 烘,25
Bialetti 比亞樂堤 經典 摩卡 壺 MOKA4 杯份,70
14001491372Panasonic 國際牌 NEO 黑,5
雀巢咖啡 濾掛 純正 阿拉比 卡中 烘焙 10X8g 盒,5
KEYCOFFEE 深焙 研磨 濾掛 4 袋組 18 入袋,15
分批 取 camacafe 濾掛 經典 風味 中 焙 8gx,40
OKLAO 歐客佬瓜 地馬拉 安提瓜 花神 黑金 烘焙 掛耳包 10,5
Felala 衣索 比亞耶珈 雪啡 聯盟 日曬果 丁丁 合作社,5
現撈 急凍 黑格,5
Panasonic 國際牌 白金 級安裝 RX 頂級 旗艦 系列 4,15
鷹牌 煉奶 原味 170g,10
口味 各 切成 12 片,5
限量 禮盒 雀巢咖啡 DOLCEGUS,5
3 月 嚴選日 曬 豆 單衣索 比亞 阿貝果 納日 曬 處理 每,5
KINTOCast 咖啡杯 220ml,5
現貨 日式 田園 風 咖啡杯 300mlLifeShoppin,10
達摩 本草 法國西 印度 櫻桃 植萃 天然 維他 命 C9 入組 1 入 3,10
森永 可可 之力 CACAO70 即 溶粉,10
歐客 佬 巴拿馬 翡翠 莊園 綠標 藝伎日 曬 掛耳包 黃,5
歐客 佬 衣索 比亞班 奇馬吉藝 伎 厭氧日 曬 掛耳包 黃,15
美安獨家 Panasonic 國際牌 1,5
OKLAO 歐客 佬 精品 掛耳包 40 元厚實 濃郁 果香 酸甜,10
西雅 圖貝 瑞斯 塔 21 拿 鐵 21g36 包袋 裝,5
歐客 佬 祕 魯庫斯 科七寶瀑 水洗 掛耳包 中深 烘焙,10
布 穀 鳥 濃湯 17g3 包盒 三種 口味 隨機,5
即期 品 EDIYACOFFEE 香草 風味 拿 鐵 15g10,115
紅鷹 牌 日式 風 蒲燒 鰻 100gX3 入,5
鑄鐵鍋 折折盒,115
古德 極品 金元 寶極品 銀元 寶環 保元 寶盒 裝元,10
林森北路 312 號安,5
林森 路 1771 號安,5
Nestle 雀巢 金牌 微 研磨 組合 罐裝 120g 補充 包 1,25
超值 福利品 DysonV10FluffyExtra,10
雀巢 鷹牌 煉奶 500383,5
怡悅靜 電空 氣濾 網三入量 販包,10
藥膳 濾 雜袋 4 入,55
御奉 拿 鐵 沖 泡 包 12 入袋 紅茶 拿 鐵 抹 茶 拿 鐵炭 焙 鐵,5
摩卡 精選 烘焙 豆 908 公克,60
地鐵 求生 121 二版,5
2 月 嚴選日 曬 豆單 伊索 比亞 古吉花 之蝶 G1 日 曬,5
UCC 炭燒 無糖 珈 琲 包 100 包袋 極上 炭火 焙 煎,5
西雅圖 西雅圖 草本 精華飲 環保 提袋 魚腥 草 健康 維持,10
T472 工程 車 5 合一,30
仁道 蛋 24 入,20
UCC 艾洛瑪 拿 鐵 500mlx24 入團 購組,5
Nestle 雀巢 醇品 補 充包 200gx4 包組贈 巴西 濃,20
普拿疼,15
西雅圖 深 焙 家常 濾掛,75
BergWu 客 製 批次 衣索 比亞 水洗 耶珈 雪啡 巫里 處理,10
鮮 一杯 無 咖啡因 南非 國寶茶 50 包盒 蝦 皮團購,40
N011336493 艾維雅 超值 一 年份 濾心組 7 支裝,5
紅豆 銅鑼燒 5 入,20
滷 包 過 濾 袋 4 入,30
歐客 佬 巴拿馬 詹森 莊園 藝伎日 曬 掛耳 包黃金 烘焙,15
福 香蕉 140g1 入,1215
H 焦糖 拿 鐵,5
中山北路 275 號安,5
台灣現 貨免 運 tyeso 手提 冰霸杯 710ML 咖啡杯,1290
拉特 維夫 伏特加,5
江鳥 咖啡杯 測烘豆師 精選 系列 綜合 中 淺 中 中 深焙濾 掛式 咖,30
代收 代付 宏亞 新貴 派 花生 口味 288g18 片裝 愛買,10
伯郎 嚴選濾掛 抬啡 焙郁 醇香 風味,5
比菲多 減糖 110ML9 入,165
4 月 嚴選日 曬 豆 單衣索 比亞古吉 天堂 玫瑰 日 曬 每,5
歐客 佬 藍山 風味 農場 掛耳包 50 包 220 包袋 原廠,5
KANU 雙倍 濃縮 拿 鐵 135g,20
美安獨家 Panasonic 國際牌,5
歐客 佬 巴拿馬 伊莉塔 莊園 聖 拉蒙 日曬掛 耳 包黃金,5
illy 意利 摩卡 MOKA 中 焙 咖啡粉 250g 二罐 組總代,5
派克 市場 烘焙 掛耳,655
分批 取 WeSweet 芋見 幸福 千層 160g2 入,5
烘焙 便利 屋三箭牌 不 沾 烤 盤布 4 種 尺寸,5
金富 發 珍藏 西伯 利亞 祖母 綠項 鍊 1 克拉,5
達摩 本草 法國西 印度 櫻桃 植萃 天然 維他 命 C1 入組 1 入 3,15
伯朗濾 掛義式 中深 焙,10
g000037373 贈品 OFoodin 好 食袋 配件 去,25
UP 咖啡因 能量棒 1 盒裝 香蕉 可可 26g 支,15
橙品 手作 日本 娜麗茹卡 伯爵 紅茶 粉 烘焙 專用 分裝 烘,10
大老婆 10 入,10
台灣 現貨 MAXIM 香草 拿 鐵 2448 入盒 香草 拿,10
LIFECODE 鋁 合金 營繩 調節片 10 入,5
伯朗 濾掛 榛 曦,30
楓康 山蕉 單入,130
盒蛋廠 整套 組 1390 元 ReMeNT 史努比 美式 風格,10
衣索 比亞 耶加雪菲 WestArsiNaturalG,5
同榮 香筍 鮪 魚 3 入 170g 入,20
1028 精打 細算 眉彩組 02 咖啡色,5
H 拿 鐵,135
4 月 嚴選日 曬 豆 單巴拿馬 阿波羅太陽神 G1 日 曬,5
現貨 科克 蘭即 溶 咖啡粉 454 公克 Costco 好市 多,5
歐客 佬 巴拿馬蕾莉達 莊園 卡 杜艾蜜 處理 掛耳包,35
KEYWAY 馬 卡龍 全家 鞋架 4 入,10
林森北路 511 號安,5
代收 代付 alashaQ 咪 咖啡杯 印花 T,5
勁香團 生豆 哥斯大黎加 聖 伊格 納西 奧莊園 日 曬,5
聯名 濾掛 薇 薇,5
iCT 中 烘焙 即 溶,5
好市 多 Moccona 中 焙 即 溶 咖啡粉 400 公克 Chin,10
JOEKI450ML 雙層 玻璃 咖啡杯 CC0178 耐熱,15
Ivory 香皂 3 入,240
8 入 10 入 MAXIMKANU 多款 風味 拿 鐵 美式 黑 咖,25
韓國 BeBeLock 吸蓋式 儲存盒 8 入 120ml,5
Twinings 唐寧茶 皇家 伯爵 無 咖啡因 茶 2gx25 包,20
完整 品項 24 入 30 入 KANU 孔劉 多款 風味 拿 鐵,25
味全 36 法郎 典藏 曼特寧 240ml6 入,10
巴特里 餐包 10 入,20
雀巢 鷹牌 條裝煉 乳 170g,5
日本 BROOKS 布魯 克斯 綜合 體驗餐 12 入掛 耳式 濾 泡 黑,15
中熱 拿 鐵,3595
台灣現 貨免 運 不 鏽 鋼 保 溫 馬 克 杯 馬 克 杯 保 溫 馬 克 杯 咖啡杯,10
QQ 球 5 入,115
統一 布丁 3 入裝 4300g,275
嚴選 低酸中 焙 豆單 巴西 COE 冠 軍 皇后 莊園 10,10
V60 漂白 掛耳式 濾紙 22 入,5
柚花濾 掛式 抬啡 8 包盒,15
臻 愛巧 拼 3030CM9 入,60
neuve 惹 我 眉筆 咖啡色,10
雙層 玻璃杯 450ml 附保 溫杯 蓋 耐冷熱 抗酸 鹼 咖啡杯,25
點 秋香 嚴選上 等 鐵竹 24cm 鐵 砲 串 25 支入,20
I 焦糖 拿 鐵,15
福利品 ZendureSuperHub48W 多 合一 充,5
地上 即可,5
304 手提式 咖啡杯 600ml 便利 杯,15
西雅圖 即品 拿 鐵 8 入,5
伯朗濾 掛陽光 馥郁 10 入,5
活益 比菲多 原味 212082,5
西雅圖 濾掛 藍山 綜 5 入,5
仁舟 淨塑 500ml 矽密 咖啡杯 20 矽膠 水杯 杯子 隨,10
洞洞 鉛筆 HB12 入 一零一,5
歐客佬炭 燒風味 掛耳包 特惠 精選 10 包盒 附 提繩,10
野營掛 勾 便 攜式 卡扣 掛鉤 野外 掛勾露 營掛 勾 登山 掛勾 不織,5
可退式 束帶 76300MM20 入白,5
Besovida 甘甘杯 配件 咖啡杯 蓋,10
菱格香 菠蘿 104g,1700
拿鐵冰 小,185
大 杯 第二杯 25 拿 鐵,15
買 復 古 咖啡杯 小 180cc 棕綠白,5
星巴克 中度 烘焙,130
卡旺 瓦斯 罐 3 入,95
咖啡杯 迷你 濃縮 咖啡杯 日式 復 古 創意 粗陶 100ml,5
濾掛式 果樹 女神,35
香鐵蛋 6 入,10
義 大利 Corsini 醇金 咖啡粉 250g 包 250 公克 包,50
波浪 珊瑚 海棉 二入,15
妙 管家 和 風燒 烤 盤 中 HKGP27 烤盤,15
雀巢 鷹牌 煉奶 條裝,5
摩卡 棕盒裝 10 入,25
贈品森 歐黎漾 質 進化 咖啡因 三連包 19ml,5
點加 價購 FMC 綠拿鐵,10
仁舟 淨塑 官方 旗艦店 矽膠 折疊杯 環保杯 咖啡杯 矽密 咖啡杯,15
WAKECUP 生活 風味 系列 5am 小 清醒 濾掛,10
歐客 佬 哥斯大黎加 鑽石 系列 小農 精選 系列 日曬 掛耳包,15
acerpure 新一代 acerpurecool 二合,30
烘焙 便利 屋圓型 風車款 kt 款 咖字款 兔子 草莓,5
甜品 匙 30 入,5
CreativeTops 濃縮 咖啡杯 消光 灰 100ml,5
冰烘豆師 精選 拿 鐵 M,45
Honeywell 長 效 TrueHEPA 濾心 盒二入,5
ILLY 即 溶 咖啡粉 中 焙 95G,5
統一 布丁 3 入,10
和 風柚 香醬 雅薇,35
dayneeds 德克 掛籃 40cm,15
加厚 刻度 玻璃杯 刻度 杯 牛奶 杯 咖啡杯 DKTYBLB 梅森,5
皇家 伯爵 低 咖啡因 茶 2g25 入盒 2g25 入盒,20
KeyCoffee 深焙,30
斜掛 掛繩 復 古相機 iPhone13iPhone12iPh,5
海尼根 星級 鑄鐵烤 盤 1,5
REMAXUSBlightningTypeC 四合 一,5
大衛 杜夫醇 萃香煙 醇香 5 毫克,260
STASH 無 咖啡因 草本 薄荷 茶 20g,10
UCC3 合 1 珈 琲 原味 拿 鐵 4 盒組 18gx12 入共 4,10
鮮 一杯 公平 濾掛,215
PhotoFastiTypeCReader 四合 一蘋,5
附蓋 湯杯 260cc10 入,15
法爵 拿 鐵 雪球 柚香金 萱 酥脆 綿密 清香味 拿 鐵風味,5
哥倫比亞 三 冠王 莊園 希望 莊園 酒香 日曬 處理,10
3M 甜甜 圈膠 帶 810DD8 咖啡色,10
分批 取阿珠 嬤 韓式 辣味 萬用 醬 330g,5
同榮 黃 平二號 3 入 230g 入,45
AustinShine 琺瑯 鑄鐵鍋 23CM 紫丁香 色,5
14000712571 日本 桃雪飯 店 浴巾 咖啡色,5
尚潔 VP102 碗 20 入,5
原 木香 盤香小盤 香香 環安汶 沉香 小盤 香味 甜韻長 阿拉伯,25
50 包好市 多 Costco 代購 西雅圖 極品 嚴焙大濾掛 咖,5
中熱 拿 鐵 OK,1030
QQ 小圓盒 3 入 SB009,5
買極光 玻璃 咖啡杯 220ml 褐,65
Tiamo 雙層 玻璃杯 275cc2 入 HG2232,5
日式 咖哩 飯外,20
薌園 早安 豆漿 25g12 入袋,5
妙潔密 實袋 M25 入 2 入,25
樂雅樂 主廚 系列 咖哩 200g 入 任選 6 入 泰式 綠 咖哩 雞,5
阿薩姆芋 香 奶茶 6 入,5
雀巢咖啡 伴侶 袋裝 奶精 4537g4537g 包,15
大熱 拿 鐵,6395
臻 愛巧 拼 5050CM4 入,10
H 抹 茶 拿 鐵,15
台 製 三 花 怪手 夾香奈兒 咖啡色 9cmC274940,75
紅 地球 真空 咖啡杯 520ml 薄荷 綠 92x85x17cm,5
Costco 好市 多代 購西雅圖 極品 嚴焙大濾掛 12 公克 X,5
明山 玫伊 comHAPPYHOUSE 五合一 香茅 薄荷 平,75
超 研磨 阿拉比 卡深 焙 拿 鐵 275ml,15
橘之屋 8oz 專業 用 咖啡杯 20 入 8oz240cc,15
56879 拿鐵折 價卷,5
拿 鐵 L,35
i 雀巢 金牌 濾掛,150
西雅圖 嚴焙大濾掛,1745
美亞 咖啡杯 260ml350ml304 不 鏽 鋼 口杯 水杯,5
3 點 1 刻 抹 茶 拿 鐵 10 入盒 再 加送 4 包拿鐵,10
代銷 香蕉 單入,415
富貴佛 具安欣 香茅 芙蓉 薄荷 抹 草 四合 一皂 清爽 涼感,5
CAS 香米 3KG 箱 8 入,25
BijouxC 韓 製 大 腸 圈 咖啡色 2 入,5
分批 取 OFFCOFFEE 冰拿鐵 中杯,165
分批 取西堤 咖哩 優格 風味醬 200ml,15
OMORY 氣炸鍋 圓形 烘焙 紙 20CM50 入,105
星巴克 家常 VIA12,370
CAS 香米 3KG 箱 8 入,20
4713760225106 珠 友台 灣 花布 可 調式 提 把 咖啡杯 提袋,5
烘焙 便利 屋盈發 仙草 凍粉 80g 不含 運費 部分 合 併,5
代收 代付 歐客 佬 尼加拉瓜 小藍 山水 洗掛 耳包,5
無 香味 退熱貼 4 入,45
鮮 一杯 低 咖啡因 9 克 x4 入,10
台灣 現貨 C004 單購 杯 蓋 時尚 保溫 咖啡杯 510ml,45
健康 控量 調理壺 300ML,5
I 提拉 米 蘇拿鐵,10
雀巢 金牌 濾掛 晨間 珈 琲 所 函館 星空 10X8g 盒,125
00762111473363 星巴克 星巴克 BAMBOO 吸管,5
薄荷 清香 退熱貼 4 入,50
放 鬆 家居 加厚 南北 極地 玻璃杯 企鵝杯 北極 熊杯 咖啡杯,5
ADAMHubA08 八 合一 USBCHUB 集,5
Harvest,5
舊 街場 經典 3 合 1 白 咖,215
西雅圖 即品 拿 鐵 15 入,215
星巴克 濾掛 派克,210
星巴克 深度 烘焙,75
天海 之味 125g,5
西雅圖 老 饕 大濾掛,10
珠 友台 灣 花布 雙杯款 咖啡杯 提袋 環保杯 套 手提 飲料 袋,5
雀巢咖啡 香滑 原味 袋裝 15gx42 入,5
雙子掛 勾 2 入,10
原味 拿鐵熱,10
HAUSBRANDTORO 金牌 咖啡粉 250g 包,10
衣索 比亞耶加 日 曬 掛耳,5
廣式 小月餅 12 入,100
不 鏽 鋼 S 掛鉤 9CM6 入,10
湘南 物語 咖啡粉 濃郁,10
買 10 送 1UP 咖啡因 能量棒 鳳梨 可可 盒裝 10 入運,5
買濾 茶紙 40 入 105498,5
點加價 購熱 單品 拿 鐵,30
NewLifeatHome 居家 新 生活 15W 六合一,50
領先者 H01 二合一 GPS 白光 大字 測速 提醒 HUD,5
買濾 茶紙 66 入 106921,230
同榮 紅平二號 6 入 230g 入,40
半磅 曼特寧 迦佑山 G1,15
45x60cm 經濟包 50 入,10
涼 麵 三合 一味 增湯 20220817jdwyve4,5
分批 取 巴黎 貝爾 香榭 奶香 薄餅 84g,110
Snoopy 史努比 內 陶瓷 層 不 鏽 鋼 咖啡杯 510ml1 入,15
EC 星巴克 卡布 72CT,5
買濾 茶紙 66 入 106921,5
dayneeds 德克 掛籃 21cm,10
比菲多 原味 110ML9 入,65
效期 4 月 28 日義 大利 illy 重 烘培 咖啡粉,5
VV 洗選盒 蛋白 560g10 入,13960
Nestle 雀巢 金牌 濾掛 函館 星空 3 盒 夏日 沖 繩 3 盒,20
營多珍 饌 系列 蒜 香極品 炒 麵 80g5 入,20
柯曼 Campingmoon 桌邊 掛包 BG1235 側掛,10
任選 25 包出貨 50 包巴拿馬波 奎特 花蝴蝶 白金 烘焙 掛,5
大量 現貨 Costco 好市 多代 購西雅圖 即品 拿 鐵 三合,20
吊來 一客 麻婆豆腐,10
烤布蕾 N6 入,15
佑 合滅菌 6ENT 棉棒 10 入,20
TRENY 砂布 1003 入,5
三合 一桌 掛鬧 鐘白 6 吋,25
日本 ELUO 吊掛式 小物夾 4 入,20
921906808 下去 拿,5
Kanu 拿 鐵 135g,5
Nestle 雀巢咖啡 伴侶 袋裝 4537g 袋,10
UCC3 合 1 珈 琲 原味 拿 鐵 18gx12 入,10
2101229010illy 意利熱 拿 鐵,5
歐客 佬 綜合 農場 掛耳禮盒 20 入附 提繩 5 種風,40
比菲多 減糖 160G6 入,15
家 適帝 吊 掛式 真空 壓縮 收納袋 大 尺寸 12 入,10
附發票 INS 風 玻璃 咖啡杯 搖搖杯 咖啡杯 吸管 咖啡杯,5
嚴選 SHOP16cm 圓盒 提袋 6 吋 圓盒 提袋 拉拉 袋乳,15
UP 咖啡因 能量棒 香蕉 可可 1 入運動 前 最佳 碳水 補給品,5
3 點 1 刻 抹 茶 拿 鐵 22gx10 包盒,5
烘焙 便利 屋 9 格萬用 盒花 嘴盒,5
STARBUCKS 星巴克 特選 系列 燕麥 拿 鐵 4 入盒,40
Tiamo 雙層 玻璃杯 275cc2 入 HG2232,5
統一 布丁 3 入,15
熱 摩卡 拿 鐵,50
台中 現貨 510ml 大容量 陶瓷 保溫杯 咖啡杯 保溫 陶瓷杯,15
艾波 索薩拉諾 香腸,40
香腸 禮盒 2 入,75
經典 濾掛 綜合 40 入盒,20
EZlife 可掛式 真空 收納袋 3 入組,5
錦 豆腐 盒,220
伊多 資濾網 50 入泰,5
元 本山 海苔 6 束 5 入,5
一星 桌球 3 入白,10
統一 布丁 3 入,105
唐寧 皇家 伯爵 茶 2g25 入,25
一番 搾 350ml 六入,520
統一 布丁 100g3 入,3505
費 拉拉 耶加雪菲 花香 水洗 G1 日曬 沃卡 合作社 一磅 送 一掛 耳,65
澎澎 MAN 咖啡因 洗面乳 100g,15
MoshiAltra 可 調式 掛繩,15
鉅 瑋 拋棄式 香氛 餐墊紙 50 張包妙 妙 熊 糖果 香氛 一,5
KS 香皂 15 入,525
鮮烘義式 濃縮 配方 嚴選 高雄 打狗 配方 藍山 風味 拿 鐵 配方,10
Philips 飛利浦 頂級 多效 合一 刷頭 3 入 HX9093,5
316 內塗層 手提 咖啡杯,20
現貨 ins 韓系 浪漫 家居 風 卡片 咖啡店 軟裝 裝飾 藝術 卡片,10
EDDHAFE6 螯合 鐵 EDDHA 螯合,10
現烤 漢式 Q 餅 4 入,60
藥普拿疼 12,80
莊園級 熱拿鐵大杯 x30,15
西雅圖 濾掛 極品,845
Nestle 雀巢 雀巢咖啡 雲朵 即 溶拿鐵 10 入 x6 盒 共 6,300
林家 豬腳 萬巒 豬腳 切片 670g 入 249 入 肉品,5
ADAMHubi4 四合 一 USBCiPadPr,5
熱拿鐵中 自帶 杯,900
烘焙 便利 屋單 層置 涼架,10
TakewayTAP01 原廠 止 滑 墊 1 包三入,5
拿 鐵熱中,240
Bialetti 比亞樂堤 風味 研磨 咖啡粉 3 入組 香草 榛,5
伊多 資濾網 50 入,5
束香三入,5
推 螢幕掛 燈白,15
1028 精打 細算 眉彩組 02 咖啡色,10
I 卡布,20
DUO 麗 優五效 合一 卸,35
I 拿 鐵,245
HAUSBRANDT 低 咖啡因 咖啡粉 250g 包,5
10 拉曼 栗子 饅頭 16g9 入,80
青葉魯肉 飯料 3 入 110g 入,20
滷 包 過 濾 袋 4 入,5
任選 25 包買 1 送 1 肯亞安達 貝斯莊園 日 曬 微 批次 掛耳,5
嚴選 SHOP22CM 歐式 庭院 風紙袋 禮盒 袋 乳酪 盒袋,5
KEYCOFFEE 香甜 研磨 濾掛 4 袋組 18 入袋,5
聚福批 發賣場 100 入 台 製 現 貨 供 應 葫 蘆,25
迷你 咖啡杯 護 唇膏 2 入組 4gx2 入組,5
巴萊濾 掛式 10 入,5
KANU 拿 鐵 135g,10
14001490834Panasonic 國際牌 NEO 黑,5
4713510122334camacafe 尋豆師 精選 咖,10
買春櫻 筷子 5 入,80
緣茂 包材 手提 站立 式 保冷袋 咖啡色,10
套 I 拿 鐵,5
點加 價購 FMC 紫拿鐵,10
古道 綠茶 2L8 入,5
日本 進口 現貨 SGS 檢驗 日本 進口 掛耳式 濾袋 100 入耳 掛,25
台灣 現貨 加厚 款 真空 壓縮袋 可 掛式 懸 掛式 真空 收納袋 可 重覆,50
現烤 月 皇 酥 4 入,20
冠 軍 egg 冠軍洗 選蛋 600gL10 粒入,1785
Picard 可頌 8 入 440g,55
點加 價購 三合,50
烘焙 用白巧,10
分批 取 OFFCOFFEE 熱拿鐵 中杯,160
中熱 抹 茶 拿 鐵,145
S30365M48A48 五角 海綿 5 入,15
FB001A4 分類 檔案 盒 1 入,35
台式 刈包 500g10 入餐 御宴,30
糖鼎 四合 一 黑糖 薑 母 30g7 入,45
烘焙 波浪 紙烤 杯 100 入,15
西雅圖 即品 拿 鐵 21g8 入,5
KINYO 三合 一桌 掛鬧鐘 優雅香 檳金 ACK7112,15
MisterDonut 二入 甜甜 圈即 享券,105
冰烘豆師 精選 拿 鐵 L,50
UCC3 合 1 珈 琲 原味 拿 鐵 18g12 入,90
分批 取 UCCAROMABREW 艾洛瑪 拿 鐵 500ml,25
衣索 比亞耶珈 雪啡 伊迪朵 處理廠 ArdentAsh,5
團 咖,10
統一 布丁 3 入,10
Fackelmann 烘焙 刷,70
鍋寶 316 內塗層 手提 咖啡杯 540CC 天際白,5
M 純萃 喝 阿拉比 卡拿鐵 275ml,20
西雅圖 濾 泡 星光,10
GoPlayer 軟式 練 習袋 軟式 可折疊 高爾夫練 習袋,10
小川 深焙 咖啡粉 180g,5
優質 棉麻 附發票 拉 繩式 中藥袋 束口 濾渣袋 煎藥 香料,5
三效 合一 過濾器 SF2,5
分批 取立頓 奶茶 原味 250mlx6 入,100
歐客 佬 宏都拉斯 亞馬 希望 之歌藝 伎 水洗 掛耳包,5
乾坤 耐煮 濾袋 每包 100 只入 台 灣 製 耐 煮 袋 戴帽 式 濾袋,15
歐客 佬 黃 金曼摩 農場 掛耳包 50 包 200 包袋 原廠,5
歐客 佬 經典 曼巴掛 耳禮盒 20 入附 提繩 含運,5
送杯 刷北 歐風 兩用 耐熱 玻璃 隨行杯 600ML 咖啡杯 附,5
伯朗 卡布 奇諾 抬啡 24 入,5
RACEONx92ED 速雙速 咖啡因 雙層 錠 2 盒,5
8801037066784KANU 拿 鐵 30T13,5
香醇 甜辣 醬 220g 明德,25
活益 比菲多 原味,200
買葉 雙吸 掛架白 2104,50
香腸 一條,5
LAVAZZA 經典 CremaeGusto 咖啡粉 250,5
同榮豆 鼓 鰻易 100gx3 組愛買,25
富山 香堂 世界 之美傳 香盒 單盒 沉香 檀香 藏香 花香 合香,10
錐形 無 漂白 濾紙 LZBV014040 入 12 杯,5
古德 一號 葫蘆果 凍 蠟燭 整箱 6 對入 免運費 葫,5
廚衛過 濾 棉 2 入 2405,25
真心 良品 丹波單 抽式 整理 箱 20L3 入,5
3 點 1 刻 抹 茶 拿 鐵 10 入盒,5
味王 王子 麵 滷 味 用 40 入,5
濾渣袋 小號 大號 蝦 皮團購,5
4713302972451NOTEBOOK 系列 喝咖啡,5
UCCAROMABREW 拿 鐵 500ml,45
20315 雀巢 一代 咖啡粉 50g 由 蝦 皮代開 發票,5
賈以 食日 大人 系 日式 咖哩 組啡啡 牛,5
Nestle 雀巢 金牌 濾掛 晨間 珈 琲 所 函館 星空 風格 8gx,25
NG 焙果 6 入,25
月亮 蝦餅 3 入,5
溫伯 朗曼 特寧 240ml,15
拿 鐵 擦拭 巾 M2 入,15
小可 頌五入,220
費 拉拉 巴拿馬 聖特蕾 莎 莊園 卡 杜拉 一磅 送 一掛 耳 SCA 與 C,15
TRENY 烘焙 料理 秤大托盤 3kg,5
舊 街場 3 合 1 蔗糖 白 咖,50
吸引 異性 費洛蒙 香水 MOVOTease 費洛蒙香氛 女,5
KINTOCast 濃縮 咖啡杯 90ml,15
PALLADIO 柔暢 眉筆 咖啡色,15
QQ 小圓盒 3 入裝,5
少冰記 得 拿 吸管,10
香蒜 爆漿 餐包 5 入,10
伯朗 焦糖 瑪奇朵 30 入,10
玻璃杯 實拍 用給 你 看 優質 高硼矽 茶杯 咖啡杯 隔熱,5
曼寧 檸香 薑 茶 15 入,20
UCCX 家樂氏 AROMABREW 艾洛瑪 500mlx8 入,10
R 普拿疼 伏 冒 檸檬熱 飲 20 包入,525
台 灣 製 0 束 6 入圓珠 咖啡色 系 AD5105C5,5
善緣閣 香爐 蓋子 可 更 換盤 香爐 蓋子,5
台灣 24H 出貨 不 鏽 鋼 隨 行 咖啡杯 高質 感日系 咖啡杯 保溫,40
金品 綜合 比薩 5 入,5
FOXRUN 掛式 濾 茶球 65cm,5
德克 鐵管 9CM 掛架 3 入,5
盎司 杯 玻璃 量杯 刻度 量杯 意式 咖啡杯 喜奈 而,5
3 點 1 刻拿鐵 系列 10 盒裝 任選,5
熱巴拿馬,5
鐵管 折合 椅 W44xD47xH79cm1403,20
DLLENCASETypec 擴展 塢 六合 一八 合一 多功能 拓,20
露營 單頭燈 掛架 白色 豬 尾巴 掛勾 咖啡色 豬 尾巴 掛勾 LUYI,5
二入 組威剛 ADATAmicroSDHC32GB,5
味榮 萬用 燒烤 醬 155ml,5
咖撞 黑盒 裝 50 入,45
清涼 冷萃杯 600ML 可 微波 可 冷藏 咖啡杯 手持 杯,5
烘焙 紙蒸 籠紙 100 入 85 吋 可 裁剪 氣炸鍋 烘焙 紙 烘焙,5
日東 奶茶 10 入 超低 咖啡因,70
台灣出 貨破 損包 賠 雙層 玻璃杯 耐熱 玻璃杯 雙層 杯 咖啡杯,15
coffeeplay 雙耳 掛式 濾紙 15 入,80
哥倫比亞 VIA12 入,425
GOGO 露現 貨掛 繩掛 勾營 繩掛 勾 晾衣 繩露營,5
代收 代付 比架王 40cm 德克 掛籃 P20186 掛架掛,5
現貨 附發票 12oz16oz 雙層 中空 杯 內層 淋膜 咖啡杯,10
304 不 鏽 鋼 親 子 杯 兒 童 水杯 美式 咖啡杯 隔熱杯 咖啡杯,40
柚香 和 風沾醬 230ml,10
KSelect 現貨 Tritan 咖啡杯 牛奶 杯 環保,20
莫札特 即期 品魔 笛 咖啡粉 深 烘焙 250g 袋裝 有效 日期,10
46 五香豆 乾 35g8 入,25
嚴選 帽子 拿鐵冰,60
加拿大 鱈香魚 300G10 包,5
午后 重乳 抬啡 拿 330ml,5
TROMSO 斯芬 木紋 4X6 相框 咖啡色 相框,5
買長 尾 山雀 筷子 5 入,75
代收 代付 1124 月 即期 品買 3 送 3 同 口味 雀巢 義式 濃,5
頂級 精品 豆 秘魯藝 妓耳掛 濾掛 低 溫悶 烘 期間 限定 限量,105
楓康 耐熱 袋中 150 入 20x25cm,40
歐客 佬 衣索 比亞 耶加雪菲 伊迪朵 合作社 G1 水洗 掛,15
Hario02V60 濾紙 14 人 100 入,5
幸運貓 咪 杯 臺 灣現貨 陶瓷杯 馬 克杯 咖啡杯 水杯 貓咪,5
LEIDFORL033 真空 保溫 咖啡杯 500ml 雙層 不,5
惹 我 眉筆 咖啡色 BR15g 支 15g 支,5
中熱 榛果 拿 鐵,55
山蕉 單入,55
星巴克 濃縮 烘焙,160
現烤 月 皇 酥 1 入,85
可 手提 保溫 咖啡杯 雙層 真空 便 攜式 304 提手 咖啡杯 不銹鋼,5
高森 日式 燒炒 麵 3 入,15
優貝選 SNOOPY 史努比 萬用 不 鏽 鋼 咖啡杯 辦公杯 馬,10
真心 良品 皇家 拿 鐵 不 鏽 鋼 烤肉 網中 2 入,5
樂扣彈 跳 316 不 鏽 鋼 咖啡杯 550ml 韓風 簡約佳瑪,65
台灣 現貨 WarmHouse 日式 簡約 咖啡杯 咖啡杯,5
NewBalance 復 古鞋 中性 咖啡色 M2002R,10
醇耀妍 10 包入,885
勁香團 衣索 比亞北 北卡藝 妓日 曬,10
Tiamo 極細濾網 附轉 接盤 咖啡色 HG2320,10
萊 精 緻 深 焙 濾 掛,10
NITORI 宜 得利 家居 味 噌 濾網 Days 味 噌 濾網 D,5
STASH 無 咖啡因 草本 薄荷 茶 20g,10
伯朗 奶茶 45 入 6 袋,5
星巴克 哥倫比亞,105
抽屜 式 提盒 可裝 12 入 金秋 映 月 兔 兔 星球 空盒 2 入,5
錐形 無 漂白 濾紙 LZBV024040 入 24 杯,5
統一 布丁 100g12 入,25
附發票 雙層 玻璃杯 高硼 矽雙層 耐熱 玻璃杯 品茗 杯 咖啡杯,15
鄉村 抬啡,10
微熱 山丘 鳳梨 酥 10 入含 帆布 提袋,25
海尼根 330cc 易 6 入,5
BROTHER 兄弟 牌丹寧 有 背 折疊椅 咖啡色 1 張 4 張入,10
官方 授權 寶可夢 隨身 吊 掛式 風扇 粉 卡比 獸,5
現貨 掛式 耳卡 100 入 大包 裝可 掛式 耳卡耳 環卡耳釘 卡掛,5
優貝選 SNOOPY 史努比 不 鏽 鋼 咖啡杯 辦公杯 馬 克杯,5
德式 經典 紅茶 無 咖啡因 每盒 25 包 x175g,5
熱烘豆師 精選 拿 鐵 L,5
ROITHAI 泰式 綠 咖哩 500ML,25
SYSMAXSYSMAX 希思美 創意 咖啡杯 造型 筆筒,10
葡萄 餐包 5 入,265
CookPower 鍋寶 316 超 真空 手提 咖啡杯 540ml,5
DAYDAY 鍋蓋架 掛式 ST3027B,5
歐客 佬 哥斯大黎加 聖蘿蔓 處理場 蜂 鳥 水洗 掛耳包,25
含稅 25 入條 包材 先生 8oz 瓦楞 杯防 燙 杯 咖啡杯,10
NG 品濾掛 特調 1 與 4 號混料,5
CookPower 鍋寶 316 超 真空 手提 咖啡杯 540m,35
三合 街段 456 號,5
Disney 迪士尼 掛勾 1 組 2 入,5
豆漿 過濾袋 2 入,50
WORKFIX 渥 克斯 MA6TypeC 六合一 多功,25
MBrookside 巴,10
代收 代付 比架王 德克 19 型 掛籃 P20193 掛架 掛籃,20
比菲多 原味 6 入,5
氣炸鍋 烘焙 紙入,15
M10AWANA 手提 咖啡杯,30
岱門 包裝 抽屜 型 禮盒 內 襯彈力 繩 咖啡色 70cm10 入,5
義 大利 Covim 皇家 咖啡粉 250g 袋 250g 袋,5
Ocean 可啡 系列 咖啡杯 杯盤 組共 5 款拾 光 玻璃 濃,15
AGFLATORY 沖 泡 飲 拿 鐵風味 60g,5
嵐楓 居家 軟式 硅藻土 吸水 止滑 地 墊 1 入 多款 綜合 單入,10
PhotofastiTypeCReader 四合 一蘋,15
賈以 食日 大人 系 日式 咖哩 組啡啡 牛 可可 雞,10
嚴選 拿 鐵熱,15
首爾 DESIGN 氣質 咖系 抓 夾香檳 透中 213,30
MilkySip 神奇 牛奶 吸管 香蕉 5 入,200
認證 優質 賣家 現貨 秒 出 全新 日韓 磨砂 保溫 咖啡杯 咖啡杯,10
淨斯香積 飯 香醇 咖哩 272g4 包入,5
古德大寶牌 電子點 香器 瓦斯 罐 CW180,5
綜合 禮盒 9 入,5
瑞典 BlueairBLUEPURE231 前置 濾網 三,5
Picard 迷你 可頌 10 入 883465,5
Picard 迷你 可頌 10 入 250g,20
全品 廣式 小月餅 6 入,5
勁香團 生豆 依索 比亞耶加 雪菲雪列 圖特 規日 曬,5
分批 取 雀巢咖啡 2 合 1 義式 拿 鐵 12gx25 入,5
Edot 不 沾 烘焙 冷 卻 架 散 熱架,5
dimancheNotebook 系列 喝咖啡,5
古德大寶牌 電子點 香器 瓦斯 罐 CW230,5
大熱重 乳拿鐵,305
阿里山 金萱 袋 茶 20 入,10
神準 商店 公版 8oz12oz16oz 咖啡杯 紙,10
KAZMIKZMIMS 掛勾 好勢 露營 IMS 吊掛 掛架,5
皇室 珍珠 8 入,5
過濾袋 一次性 過濾袋 不織布 有 綁 繩 可 綁 可熱 封口 香包,35
HARIOV60 錐 形濾紙 100 入袋 日本,50
銅鑼燒 8 入,5
請 幫 我 拿給 管理 員,5
4x6 香豆 干 90g5 入,5
4713510122327camacafe 尋豆師 精選 咖,10
熱烘豆師 精選 拿 鐵 M,30
小老婆 5 入,15
PLAYBOY 單肩 背包 Limitless 系列 咖啡色,5
第二袋,5
唐寧 皇家 伯爵 無 咖啡因 茶 2g25 入,20
外出 趣戶 外露 營可 掛式 便 攜 蚊香盒 內層 金屬 防燙,25
CITIZEN 星辰 手臂 式 血 壓計 CHUA715 保健食品 類醫材 藥品 54710484310231URBANER 奧本台 灣 製 CT 保健食品 類醫材 藥品 5 金龍彩 平安 糕 禮盒 10 入 烘焙 甜點類 蛋糕 5 買 一贈 一滴 劑 環境 寵物貓 狗 通用 寵物 除蚤 噴霧 跳蚤 噴劑 日用 百貨類 家庭 清潔 洗劑 30 樂扣 樂扣 玩趣 抗菌 砧板 四款 任選 保健食品 類醫材 藥品 15 旺旺 素食 黑豆 米果 餅乾點 心 零食 類餅 乾 5 養元堂 養元果 50 粒 保健食品 類 保健 養生 5 澎湖 海味 干貝醬 民生 食材類 南北 乾貨 5DTAS50 智能 運動手 錶 保健食品 類醫材 藥品 5 香氛 片 一鹿 平安 香氛 片車 用 香片 擴 香片 浴室 衣櫥 冷氣 日用 百貨類 家庭 清潔 洗劑 250 喵 喵 旺旺 B065 台灣現 貨防 打翻 懸掛式 寵物 碗 寵物 碗 狗 碗 日用 百貨類 家庭 清潔 洗劑 45GOGOBIZGOGORO2Ai1Ai3EC 生鮮 食品 類生鮮 水果 5Petian 氂牛 起司 脆片 寵物餅 乾寵物 零食 狗 零食 素點心 零食 類餅 乾 109789576938085 看見 孩子 的 亮點 阿德勒 鼓勵 原則 在家 生鮮 食品 類生鮮 水果 59789863595755 離婚 季節 保健食品 類醫材 藥品 5E050117927 完美 裸體 姿勢 集君島 美緒 電子 書 保健食品 類醫材 藥品 54550344596906MUJI 無 印良品 聚碳酸酯 鋼筆 用 保健食品 類醫材 藥品 104712839709547 智力 測驗 全方位 第 3 版 保健食品 類 保健 養生 5 多立 康韻 養媽 咪 葉酸 肌醇 膠囊 3 盒組 60 粒盒 x3 盒 保健食品 類 保健 養生 5 專屬 優惠 台灣 Jazzy2123 吋 沙比利 木烏克麗麗 生鮮 食品 類生鮮 水果 5GASH300 點票 生鮮 食品 類生鮮 水果 40 享 5 蝦幣 回饋 宅配 免運 TATUNG 大同 20 公點心 零食 類餅 乾 59789863735496 國 中小 1200 英文 單字 生鮮 食品 類生鮮 水果 59789864470525 智能 障礙性 教育性 相關 行為 問題 的 評 保健食品 類 保健 養生 514001404372 黑師傅 捲 心 酥 巧克力 捲 心 酥 點心 零食 類餅 乾 59789864941216 無雙 四 完生鮮 食品 類生鮮 水果 5 紅谷 數位 vivo 維沃 Y76Y55Y21sY21 點心 零食 類餅 乾 40 貓 卡卡 的 裁縫 店 好 品格 故事集 誠品 獨家 3 冊合售 點心 零食 類餅 乾 259789573335634 小書痴 的 下 剋 上 FANBOOK 為 了 點心 零食 類餅 乾 15 雙子 星蟹 味 棒 退冰 即食 烘焙 甜點類 蛋糕 480HOKUCHIN 章魚 鱈魚 薄片 冷凍 食品 類冷凍 海鮮 75 尾西 沖 泡 即食 昆布 飯 糰 民生 食材類 料理 調味 45 埔里 香菇 貢丸 民生 食材類 南北 乾貨 35 美心 原味 雞 蛋卷 0812 點心 零食 類餅 乾 25 哥倫比亞 烏 伊拉 豆單 包販售 用 飲料 類茶 飲 60 特 製 牛排 雞排 生鮮 食品 類生鮮 肉品 15 無極限 粉餅 盒 裸點心 零食 類餅 乾 130 統一藥品 民生 食材類 料理 調味 5 喜寶生機 水果 趣 蘋果 草莓 100g 烘焙 甜點類 其他 甜食 54715466100176 祥記 梅子 漿 含 果肉 150ml 點心 零食 類餅 乾 5R1 膠原 蛋白 飲品 水解 胜肽 RuleOne 台灣 總 代理 低 保健食品 類美 肌纖體 10 台灣 24H 出貨 旅行 收納袋 七件 組 加厚 款 旅行 收納袋 旅行 點心 零食 類餅 乾 50 元免 運 含糖 西雅圖 即品 拿 鐵 三合一 咖啡 有糖 21g10 咖啡 類 沖 泡式 咖啡 5 菊泉堂 胡麻 道樂 200g 點心 零食 類餅 乾 5Bourbon 北 日本 起司 仙貝 814g 點心 零食 類餅 乾 5ONEPIECE 航海王 102 首刷 限定版 拆封 不退 免點心 零食 類餅 乾 5ABELEVO 省力 降噪 封箱 切台 綠生鮮 食品 類生鮮 水果 5E050127033 英文 的 奧妙 從 拼字 文法 標點 符號 到 髒 話 生 鮮 食品 類生鮮 水果 10N011341055 統 一生 機蒲燒 鯛 魚排 300g 包點心 零食 類餅 乾 10N012916577 阿成 水果 高雄 燕巢 珍珠 芭樂 1518 生鮮 食品 類生鮮 水果 5010860550108QueenShop0108605 生鮮 食品 類生鮮 水果 59786263077065 最初 是 一顆 核桃 生命 教育 繪本 生鮮 食品 類生鮮 水果 10896899000227GogoQuinoa 有 機紅藜 麥 飲料 類養生 飲品 10 馬 來 貘 露營 cherngVIVAMIX 正版 授權車 身防 保健食品 類醫材 藥品 5FANTECHHG1171 環繞 立體聲 RGB 耳罩 式 電競耳 保健食品 類醫材 藥品 5 代收 代付 BIRKENSTOCKArizonaEVA 保健食品 類 保健 養生 5 代收 代付 南紡 購物 中心 SilkSoft 詩柔 30 生鮮 食品 類生鮮 水果 5 現貨五惠 黎山 草莓 果醬 營業 用 33kg 民生 食材 類果 醬 抹 醬 5 艾洛萌 星期四 農莊 茶樹 指甲 修護液 10mlThurs 保健食品 類醫材 藥品 10 現貨 202307DHC 大豆 精華 大豆 異黃酮 高效 吸收 保健食品 類美 肌纖體 10 祥鈺水產 日本 生食 級 干貝 3S 等級 10 顆裝 生鮮 食品 類生鮮 水果 10AIQ 綑 綁 帶 專家 LT0031 日本 暢銷 棘輪 貨物 綁 生鮮 食品 類生鮮 水果 10GOR 保護 貼 AppleiPhone1212 保健食品 類醫材 藥品 10 海味 嚴選 吻 仔魚 200g1500 免運台 灣 魩 仔 魚 生 點 心 零食 類餅 乾 10 台灣現 貨純 欲 感散粉 Piara 保健食品 類 保健 養生 15 大賀屋 日貨 SKATER 杯子 水杯 漱口杯 3 入杯 寶可點 心 零食 類餅 乾 154713436140344SP 廣穎 QP15 支援 PD 生鮮 食品 類生鮮 水果 514001320568AGRICOLA 植物 者 檸檬 精油 20 民生 食材類 料理 調味 5 螃蟹 米粉 泰國代購 超商限 兩箱 現貨 螃蟹 米粉 昂 55g 一箱 民生 食材類 米 5 現貨 春日 水族 AZOO 沉水馬達 1800L 銷售長 達 10 水類 礦 泉水 59789869372138 畫個 圓單 字 背 更 多 任何人 都 可以 馬 保健食品 類醫材 藥品 59781536206784 小鼠 波波 上 幼兒園 Maisys 點心 零食 類餅 乾 10 台 灣 製 開 發 票 客 製 尺寸 豆漿 布豆 漿袋 蒸 籠布 發酵布 保健食品 類醫材 藥品 45 直播 限定 玫瑰花 蜜醋 500ml 民生 食材 類果 醬 抹 醬 15 金菇 味 噌 湯補 充包 1 袋 20 入裝 咖啡 類 沖 泡式 咖啡 15 小鹿 山丘 天然 有機 精油 防 小黑 蚊噴霧 幼兒 防蚊 60g 麗兒 日用 百貨類 家庭 清潔 用品 15 免運費 台灣 賣家手 沖 壺 咖啡 壺 350ml600ml,15
台灣現 貨免 運高品 質保溫 咖啡杯 咖啡杯 保溫 咖非杯 隨行,10
勁香團 生豆 衣索 比亞 春神 雷娜 日 曬,5
范特西亞 Fantasia 多款 I 幼貓 安全 項圈 XS 安,10
綜合 吸管 組 3 入,30
小宅 私物 耐熱 雙層 玻璃杯 4 款 可 選隔 熱杯 咖啡杯,5
清涼 冷萃杯 540ML 可 微波 可 冷藏 咖啡杯 手持 杯,5
一次 取味 一素 香 鬆 250g,20
微醺 D 調香蘋 330 六入,5
新品 優惠 陶瓷 馬 克杯 咖啡杯 馬 克杯 JustHo,5
冷凍 巴沙 魚片 3 入 500600 克包 176610,10
14001358091SHOWHAN 六合一 60WTY,5
代收 代付 歐客 佬 綜合掛 耳禮盒 20 入 5 種風味,5
PhotoFastiTypeCReader 四合 一蘋,5
GP 女款 輕量 果凍 夾腳 拖鞋 G2234W 咖啡色 SIZE,10
皇 咖衣索 比亞 咖啡粉 4 包,5
真心 良品 丹波單 抽式 整理 箱 20L2 入,10
官方 授權 寶可夢 隨身 吊 掛式 風扇 白 皮卡丘,5
多款 特殊 杯款 買場 紙杯 咖啡杯 免洗 杯試 飲杯 衛生杯,10
台 灣 製 0 束雙 圈圓 鐨 咖啡色,10
大冰 拿 鐵,19410
紐奇 肌 咖啡因 養 髮 噴霧 60mlx 三入 頭皮 神仙 水,5
Nespresso 經典 饗 宴 100 顆及 咖啡杯 組加 價購 1,5
善牧計畫 老 饕 組 50 入掛 耳盒 衣索 比亞古吉 20 入 巴西 聖塔,10
普德 BUDERDC 濾心 四入 組 RO1101 兩支 RO,5
300ml 拿 鐵拉花 咖啡杯 卡布 奇諾 美式 陶瓷杯 喜奈 而,15
S 麥香 綠茶 TP375mL 六入,60
Saeco 雙層 玻璃杯 兩入 零元 加購 賣場,5
中熱 焦糖 拿 鐵 OK,25
IP 榛巧 小西 點 8 入,100
歐可 茶葉 英式 真 奶茶 無 咖啡因 款 x1 盒 26gx8 包盒,5
統一 布丁 100g3 入,1450
N011000182 滿面 香 豆沙包 5 顆入,5
illy 意利 美式 中 焙 咖啡粉 250g 二罐 組總 代理 公司 貨,15
鍍金掛 勾 2 入,10
Bialetti 比亞樂堤 中深 焙 那不勒斯 帝國 9 號 咖啡粉 2,25
中一國民 蛋白 蛋 60030g10 入,1575
氣炸鍋 烘焙 紙 50 入神 腦 生活,5
掛耳式 濾杯,10
Birkenstock 經典 系列 Arizona 咖啡色 兩,5
DCP 原廠 濾紙 300 入裝 vvcafe,5
遠洋豆 鼓燒 鰻 3 入 100g 入,15
珍昕台 灣 製 優 品 櫻 花 網 框 濾 網 棉 1 包 5 入濾 網濾網,5
陽明 山下 智久 日本 貝印 KAI 章 魚燒 安全 錐子 DS1,5
CM 三合 一眼 妝筆 77,10
EDIYACOFFEE 特調 重乳拿鐵 11g20 入盒,35
伯朗 奶茶 港式 風味,5
如意 過濾袋 110 號需 封口 盒 茶 包袋 過濾 袋中 藥濾,5
買極光 玻璃 咖啡杯 22,5
藥普拿疼 24,15
嘉騰 小 舖 日式 咖啡杯 9oz 免洗 杯衛 生杯 紙杯 1 條,10
COACHPVCLogo 拼接 真皮 萬用 手拿包 卡其 焦糖,10
Bialetti 摩卡 壺 咖啡粉 全新 包裝 上市,10
月 見 煎 餃,10
鍋墊 大 1 入,55
避雷 帽二入,10
FUJIGRACE 富士 雅麗 手提 咖啡杯 蓋 500ml,65
十全 味 噌 140g5 入,5
熱烘豆師 精選 拿 鐵 16oz,5
現貨 秒 出 英國 Myprotein 純 咖啡因 片 100,35
雀巢 鷹牌 煉奶支,5
FOSSILFiona 真皮 醫生 包 咖啡色 ZB72682,5
dayneeds 塑膠 S 掛勾 5 入,10
現貨 茶 包袋 100 入無紡布 中藥 袋 滷 包 過 濾 袋,95
MOTOTWOYAMAHA 山葉 原廠 風光 125 濾清,5
衣索 比亞耶珈 雪啡科 洽雷 龐德處 理廠 G174110 品種,10
分批 取 JECYJUCY 石榴 汁 80mlx4 入,25
VAN 可可粉 摩卡 風味 15gx5 入,5
火鍋 餃 四合 一組合包,10
輸入,5
磁鐵圓型 203mm10 入,5
TRENY 砂布 4003 入,15
味島 香 鬆 52gx3 入,5
賈以 食日 大人 系 日式 咖哩 組 1 盒 2 入啡啡 牛 1 可可 雞,20
蔗香 煙肉 生三層 肉,10
數位 衛生 套繽紛 混合型 12 入,15
西雅圖 ESP 大地 原始 拿 鐵 20g50 入 盒網,180
國際 碳 鋅 電池 4 號 32 入 促銷 包裝,5
珠友 雙杯款 咖啡杯 提袋 塑行動 環保杯 套 手提 飲料 袋,5
烘焙 便利 屋 Bettys 焙蒂絲 4 入古銅金 量杯 CT46,5
買 一送 一樂 扣樂扣 韓風 簡約彈 跳 316 不 鏽 鋼 咖啡杯 550,15
鐵觀 音現,5
處 地上 即可,5
HAUSBRANDTDELIZIA 咖啡粉 250g 包,10
歐客 佬 藍山 風味 農場 掛耳禮盒 20 入附 提繩 原,5
橘果 設計翠綠 掛布 背景 掛布 風景 掛布 掛毯 掛布 掛畫 直播,5
鮮 一杯 即 溶拿鐵 三小福箱,5
加油 大熱 拿 鐵,400
SOLOVintage 手工 銅雕 釉彩 濃縮 咖啡杯 盤組 70M,10
NESCAFE 雀巢咖啡 金牌 濾掛 晨間 珈 琲 所 函館 星空 風格,10
靜思書軒 香醇 咖哩 香積 飯 4 入裝網,10
悠游 過濾 棉 4 入,20
香草 風味 拿 鐵冰中,40
多 10 分鐘 就 會 去 拿,5
九土 手工 創意 拼接 意式 咖啡杯 日式 咖啡杯 精 緻 帶 碟 套 裝 手工 復 古意 式,5
北歐 風門 掛式 垃圾桶 洛希 可嚴 選台灣 現貨 24H 出貨 掛式 垃圾,5
鍋寶 316 超 真空 手提 咖啡杯 2 入組 玫瑰 金 玫瑰 金 EO,5
台灣 現貨 WarmHouse 北歐 咖啡杯 圓 弧形 咖啡杯,10
卜蜂 香烤 入味 歐式 香烤 肋排 260g 盒,5
紀文厚燒 黑輪入,125
拿 鐵 R,5
Kyowa 烘焙 紙 30cm5m,5
歐客 佬 阿拉比 卡,10
清新 北歐 風馬克杯 咖啡杯 陶瓷杯 280ml 多色 任選,5
券 後 299 免運 2 入手 提冰 霸杯 710ML 咖啡杯,10
妙潔 耐熱袋 六 兩 180 入 半斤 140 入 一,5
點加 價購 FMC 綠拿鐵,5
菲力 家族 咖啡杯,985
Moccona 中 烘焙 即 溶 咖啡粉 400 公克,10
4711216551434 仁舟 淨塑 矽密 咖啡杯 205,5
4711216551441 仁舟 淨塑 矽密 咖啡杯 205,5
同榮 虱目 魚 3 入 230g 入,30
S 麥香 綠茶 TP300ml 六入,50
上島 珈 琲 濾掛 禮盒,355
東山 綜 合 滷 味 已 加 熱,5
環保杯 折疊杯 咖啡杯 發票 送刷具 24H 出貨 750ml,75
拿鐵熱 小,70
同榮 鮪 魚 3 入 185g 入煙 仔虎,40
Tilley 經典 香皂 山谷 百合 100g,5
星巴克,6000
歐客 佬 黃 金曼 特寧 農場 掛耳禮盒 20 入附 提繩,5
0804 第 32 標 蟑螂 藥 一盒 12 入,15
UCC3 合 1 珈 琲 原味 拿 鐵 18g12 入,5
CAFFINO 即期 品經典 拿 鐵 3 袋組 20 公克 x10,5
三月 三 合金 筷 5 雙,40
雀巢 鷹牌 煉奶 450g 瓶,5
星球 工坊 蔗香 焦糖 爆米花 110g 五入 組 囤貨 零食 必備,5
會員入 會費,25
Coppola 柯 波拉 切丁 番茄 400g 一入,5
可懸掛 真空 壓縮袋 4 入組,10
4902201436137 星巴克 濾掛 咖,15
西雅圖 藍山 風味 拿 鐵 100 入網,10
STARBUCKS 星巴克 星巴克 特選 系列 太妃 核果 即 溶 拿,255
分批 取德記 甜酒 豆腐乳 200g,155
德式 香腸 酸奶 鐵鍋 附餐,60
UCC3 合 1 珈 琲 炭燒 拿 鐵 4 盒組 17gx12 入共 4,5
百思 NL12 軍事 風掛 繩證件 掛繩 卡套 掛繩 頸 掛繩,10
同正辣 芒果 60g5 入,5
選福記 香鐵蛋 原味 鵪鶉 蛋,5
歐客 佬 陳 年 阿拉比 卡農場 掛耳禮盒 20 入附 提繩,10
小 咖啡杯 組 3 入 200MLES703,5
QUBE 料理 鐵人 lm17 煎 烤 盤 不 含袋,5
嚴選 SHOP10 入 含蓋 咖色 咖啡杯 G88432,5
幸沐 商行 耐熱 加厚 雙層 杯 咖啡杯 雙層 玻璃杯 隔熱 玻璃杯,5
鮮烘義式 濃縮 配方 嚴選 高雄 打狗 藍山 風味 拿 鐵 配方 每,5
Melitta 即期 品 金牌 咖啡粉 250gx3 袋 效期 至 2,25
雙層 玻璃杯 350ml 附保 溫杯 蓋 耐冷熱 抗酸 鹼 咖啡杯,5
薇 薇 特拿鐵 熱中,15
MOS 摩斯 漢堡 日式 咖哩 包 6 入 200g 入,40
領券 滿額 折 130 兩入 免運 299 元時 尚保溫 咖啡杯 51,5
放入 即可 到 了 麻煩,5
7613038631110 星巴克 特選 系列 焦糖 風味 拿 鐵焦,25
Coffee 刻度 杯 玻璃 意式 杯 意式 濃縮 意式 咖啡杯,5
即 溶燒 仙草 12 入,10
妙潔 PE 密實 袋中 25 入大潤發,5
鷹牌 煉乳 170g,10
鍋墊 中 2 入,50
鍋寶 316 內塗層 手提 咖啡杯 540ml 二入 組 星野 藍 X,30
RASTORT6TypeCMicroUSB 三合,5
曼寧 玫瑰花 茶 ElegantRose40 入量 販盒,15
SY 焦糖 扁 梳 輕巧型,5
日式 炒 烏龍 3 入,5
特價到 34Moccona 中 烘焙 即 溶 咖啡粉 400 公,5
14001491024Panasonic 國際牌 NEO 黑,5
買葉 雙吸 掛架 綠 2104,25
KINYO 多 合一 晶片 讀卡機 KCR6251,15
KINYO 多 合一 晶片 讀卡機 KCR6252,5
合柄 中 煎 匙 1 入,5
公平 貿易 即 溶 咖啡粉 保灃,15
HTC 宏達電 A 級 福利品 Desire20Pro6,5
Bialetti 比亞樂堤 中 深焙哥 倫比亞 7 號 咖啡粉 25,5
濾掛 藍山 風味 買 10 送 10,5
現貨戈雅甲 油膠 咖啡色 系,20
KIRKLANDSIGNATURE 科克 蘭即 溶 咖啡粉 45,5
OKLAO 歐客 佬 年度 銷售 冠 軍 推薦 精品 掛耳禮盒 20 入,10
的 三合院,5
樂扣 樂扣 手 沖 濾網 咖啡杯 580ml 三色 任選,25
HAGiBiS 海備思 iMac24 吋 Typec 七 合一,5
KALAIFU 甜甜 BB 夾 2 入,5
OKLAO 歐客佬瓜 地馬拉 安提瓜 花神 白金 烘焙 掛耳包 10,5
FORHONEST 烘焙 用 烤 盤布 薄 2434cm1 入,15
鍋寶 316 內 陶瓷 手提 咖啡杯 540ml 四色 任選,5
CM 三合 一眼 妝筆 76,5
布圈 千鳥格 咖,5
合儀,5
伯朗 濾掛 焙郁 醇香 10 入,10
I 抹 茶 拿 鐵,5
一星 桌球 6 入橘,5
鍋寶 316 超 真空 手提 咖啡杯 540ml 內有 二入 組,5
俏媽 咪 耐熱袋 六 兩 180 入 半斤 140 入 一斤,10
一星 桌球 3 入 橘色,15
衝評 價現 貨開 發票 現貨 好市 多 雀巢咖啡 純拿鐵 二合,15
N012111739SimpleKaffa 世界 冠軍濾掛,5
幸沐 商行 日式 條紋 高 硼 硅耐熱 玻璃 水杯 咖啡杯 拿鐵果 茶杯,5
抽繩式 中藥濾 渣袋 拉 繩式 束口 濾渣袋 煲 湯 滷 包袋 煎藥 香料,5
HAPPYHOUSE 頂級 香茅 香薰 杯 2 入 130ML,5
4719742171409 我會 比一比,5
貝納頌 經典 曼特寧 210mlx24 入,5
一星 桌球 3 入 白色,5
巴洛克 波浪 枕巾 1 入,10
山寧泰 枕套 2 入,10
WAKECUP 生活 風味 系列 8am 自然 醒濾掛,5
155 料理 盒 5 入 430ml,5
現貨益 康泰 式 料理 包 放肆 綠 咖哩 320g 包團購,5
韓國 Paldo 韓國 御膳 味 噌 拉 麵 5 入 600g 現貨,5
歐客 佬 巴西 巴烏莊 園黃象 豆 日 曬 掛耳包 中深 烘焙,5
MaximKANU 雙倍 濃縮 拿 鐵 405g,10
奇麗灣 經典 低糖 即 溶 奶茶 隨身 包 8 入,5
歐客 佬 年度 銷售 冠 軍 推薦 精品 掛耳禮盒 20 包盒,5
illy 意利 摩卡 MOKA 中 焙 咖啡粉 250g 四罐 組總代,5
特價 Moccona 中 烘焙 即 溶 咖啡粉 400 公克,5
