item_name,item
4713264490024HWC 黑沃馬 卡龍 系列 咖啡 掛耳,515
貝納頌 二合一 經典 曼特寧 咖啡 25 入盒,180
N012901757 湛盧 咖啡 繽紛 莊園 單品 系列 咖啡豆 哥倫,5
古坑 鄉 農會加 比山 二合一 即 溶 咖啡 216g12gx18 包盒,20
咖啡豆 北北卡 猛虎 藝伎藝 妓瑰夏 Geisha 咖啡,20
西雅 圖晨間 陽光濾 泡 咖啡 10gx10 入盒,50
澤合 怡保 白 咖啡 無糖 二合一 x2 袋組 16gx15 入袋,160
UCC 冠軍監 修 醇厚 香韻濾 掛式 咖啡 10gx10 入,50
鮮 一杯 老舊 金山 拿 鐵 咖啡 二合一 12g50 入 3 盒網,215
MRBROWN 伯 朗伯 朗金典 義式 咖啡 膠囊 x8 盒 10 入,60
西雅圖 榛果 風味白 咖啡 二合一 21gX52 入 蝦 皮直 送 現貨,15
分批 取 camacafe 冷熱萃 浸泡 式 咖啡 中 焙 蔗香 茶韻,120
金車伯朗 即期 品伯朗 即 溶 咖啡 任選 1 入 極 緻 香醇 風味,25
榮獲 2021 年國際 食品 風味大賞 大濾 掛式 咖啡 耶加雪夫風,5
歐客 佬 經典 卡布 奇諾白 咖啡 商品 貨號 41010255,45
咖啡 工廠 9 種風味 任選 咖啡豆 450g 包,85
UCC 職人 系列 綜合 風味濾 掛式 咖啡 6 盒組 8gx 共 72 入,530
貝納頌 二合一 經典 曼特寧 咖啡 4 盒組 25 入盒 共 100 入,185
咖樂迪 咖啡 農場 波旁 種單品 系列 巴西 巨嘴 鳥 咖啡豆 200g,10
江鳥 咖啡 烘豆 師醇 拿 鐵 15gx10 入盒,45
CAFEALTURA 有機 冷凍 乾燥 低 咖啡因 即 溶 咖啡 低 咖,5
摩卡 現在 最好 特調 咖啡 16gx30 包,60
camacafe 冷萃 浸泡 式 咖啡 酒香 胡桃 10gx8 入,55
Casa 卡薩 精選 世界 莊園 綜合濾掛 咖啡 60 入,15
KANU 美式 黑 咖啡 輕度 烘焙 10T16g,150
有 機濾 泡式 咖啡 衣索 比亞 水洗 10gx6 卡塔 摩納,110
西雅圖 即品 拿 鐵約克夏 藍山 咖啡 盒裝 原箱 100 入 好市,5
TM 原味 咖啡 嚼 片 80 克瓶 裝台 灣 製,20
江鳥 咖啡 衣索 比亞西達 摩小農中 焙 咖啡豆 225g 袋長,110
Catamona 卡塔 摩納亞洲 濾 泡式 咖啡 10 入,10
江鳥 咖啡 經典 咖啡茶 包式 濾 掛式 3 入散裝,3615
AGF 即 溶黑 咖啡 任選 6 罐組 80g 罐金罐 柔順 醇厚,470
瘋狂 嚴選 日本 羅 多倫 DOUTOR 濾掛式 咖啡 濃郁,20
歐客 佬 品鑑 咖啡 大全 精品 掛耳禮盒 4 小盒 共 20 包附,230
camacafe 鎖香 煎 焙 濾 掛式 咖啡 淺 焙 花蜜 中焙 堅果,710
UCC 職人 系列 法式 深焙濾 掛式 咖啡 6 盒組 8gx12 入,570
咖啡 工廠 特選曼 巴風味 綜合 咖啡豆 450g 包,25
分級 選 零食 江鳥 咖啡 經典 咖啡茶 包式 濾 掛式 3 入散裝,125
咖啡 工廠 接單 烘焙 特選義式 咖啡豆 450gX4 包,5
分批 取 camacafe 冷熱萃 浸泡 式 咖啡 中深 焙 酒香 胡,80
AGF 微奢華 咖啡店 芳醇 即 溶 咖啡 補充 包 x2 袋組 70g 袋,335
情熱 價格 日本 製 濾 掛 式 咖啡 8gx20 入 Donki 日本,10
歐客 佬 COE 精品 特調 咖啡 掛耳禮盒 20 入附 提繩,5
星巴克 特選 系列 中度 烘焙 咖啡 10 入盒,40
歐客 佬 哥斯大黎 加薇 若拉處 理廠 神父 咖啡 水洗 掛耳包,480
NESCAFE 雀巢咖啡 二合一 香滑 原味 咖啡 超值 經濟裝,210
DOUTOR 羅 多倫 濃郁濾 掛式 咖啡 3 袋組 7g8 包,20
龜甲萬龜 甲 萬 豆乳 麥芽 咖啡 風味 1000ml,5
HWC 黑沃馬 卡龍 系列 咖啡 掛耳禮盒 10gX20 入 盒禮,210
UCC113 精 緻 即 溶 咖啡 100g 瓶 100g 瓶,40
咖樂迪 咖啡 農場 六味 豆茶 x1 袋 5gx20 入袋,10
UCC 職人 典藏 風味濾 掛式 咖啡 8g12 包,265
Casa 卡薩 阿拉比 卡濾掛 咖啡 9g100 入箱,415
SATUR 薩圖爾 安提瓜 濾掛式 精品 咖啡 兩盒 10gX10,10
hyBTS 香草 風味 拿 鐵 咖啡 270ml 包裝 隨機 出貨,5
UCC 冠軍監 修 甘醇 橙香濾 掛式 咖啡 10g10 包盒,10
UCC 冠軍監 修 綜合濾 掛式 咖啡 10 入 x6 盒 組贈 未來 美 8,95
Mocca 摩卡 衣索 比亞濾掛 咖啡 10g15 包盒,5
哈亞 極品 咖啡 巴拿馬 玻葵 德和諧 舞曲 中深 烘焙 咖啡豆,5
UCC 週期 購職 人 系列 綜合 風味濾 掛式 咖啡 6 盒組 8gx,155
豆豆 叔叔 哥倫比亞 莊園 精品 豆掛 耳濾掛 咖啡 新鮮 烘焙,20
Doutor 羅 多倫 濃郁 風味濾 掛式 咖啡 7gx8 包袋,5
新篇章 咖啡 衣索 比亞 耶加雪菲 單品 咖啡豆 225g 袋 包裝,20
雲谷 經典 曼巴風味濾 掛式 咖啡 9g5 包入,70
熙舍 精品 咖啡 極品 重拿鐵無糖 二合一 15g12 入,45
伯朗 咖啡 二合一 曼特寧 無糖 30 包袋,25
雀巢 即 溶 咖啡 三 二合一 盒裝 65 入 100 入 大包 裝任 選專,950
咖啡 工廠 9 種風味 任選 咖啡豆 2 入組 450gX2 包,55
鮮 一杯 老舊 金山 萃 釀式 咖啡 9g50 入,15
星巴克 黃 金 烘焙 咖啡 膠囊 53g10 顆盒,45
西雅圖 榛果 風味 濃淬 咖啡 球 18mlx40 入盒 2 盒組,40
UCC 產地 嚴選濾 掛式 咖啡 耶加雪菲薇 薇 特南果 8gx6,80
星巴克 特選 系列 中度 烘焙 咖啡 23gx10 入,120
璞 珞珈 琲 冷萃 浸泡 式 咖啡 10gx50 入袋 榛果 黑 可可,155
camacafe 尋豆師 精選濾 掛式 咖啡 中焙 經典 風味 新舊,45
Casa 卡薩濾 掛式 咖啡 藍山曼 特寧曼巴 阿拉比 卡 9g,5
義 大利 可洛 詩丹 典藏 即 溶黑 咖啡 100gX1 罐,45
買 一送 一江鳥 咖啡 巴西 皇后 莊園 濾 掛式 10 入盒,80
片岡 MON 濾泡 咖啡 10 入低 咖啡因 8gx10,5
極品 莊園 咖啡 15 入濾掛 中秋 禮盒 九種 風味 綜合 G1551,5
TM 特濃 咖啡 嚼 片 80 克瓶 裝台 灣 製,10
Doutor 羅 多倫濾 掛式 咖啡 香醇 7gx8 包袋,30
咖樂迪 咖啡 農場 RoiThai 泰式 打 拋調 理包 80g,45
咖樂迪 咖啡 農場 MOHEJI 黑豆 宇治 焙茶 2gx12 入 x1,10
鮮 一杯 老舊 金山 拿 鐵 咖啡 二合一 50 入盒,635
嚴選 高山 精品 咖啡 濾掛 耳掛 高山 耶加雪菲 精品 豆 氮 氣充,90
台糖 高地 小農濾 掛式 咖啡 10G6 包入 2 入 組愛買,5
雲谷曼 特寧 風味濾 掛式 咖啡 9gx5 包入,50
丞言丞語 哥倫 比亞薇拉濾 掛式 咖啡 10 入盒,5
韓國 MAXIMKANU 美式 黑 咖啡 三款 10 入盒 裝懂 吃,5
咖樂迪 咖啡 農場 瑪黛茶 2gx16 入 x1 袋,15
有 機濾 泡式 咖啡 瓜地 馬 拉 水洗 10gx6 包 卡塔 摩納,30
伯郎 嚴選濾掛 咖啡 焙郁 醇香 風味,5
星巴克 特選 系列 卡布 奇諾 咖啡 4x14g,80
咖樂迪 咖啡 農場 MOHEJI 六條 麥茶 10gx16 入 x1 袋,225
韓劇 同款 kopiko 咖啡 糖盒 裝 24 包 超值 特惠 現,10
camacafe 尋豆師 精選濾 掛式 咖啡 淺 焙 清爽 花香 中 焙,195
摩斯 漢堡 C92 熱 摩斯 咖啡 即 享券,130
UCC 法式 深焙濾 掛式 咖啡 8g12 入 2 入 組愛買,305
UCC 即 溶 咖啡 口味 任選 117114 芳醇 90gx,1755
MRBROWN 伯朗 大濾掛 咖啡 義式 中深 焙 15g,10
MRBROWN 伯朗 大濾掛 咖啡 精選深 烘焙 15g,5
Maxim 即期 品韓國 KANU 低 咖啡因 美式 咖啡 0,5
金寶白 咖啡 卡布 奇諾 25gx20 包袋,40
UCC 典藏 風味濾 掛式 咖啡 8gx12 入愛買,35
Maxwell 麥斯威爾 香醇 原味 3 合 1 咖啡 14gx40 包,135
丹尼 船長 阿拉比 卡極 上 研磨 咖啡 味 100g 奶素,2210
咖樂迪 咖啡 農場 柔和 咖樂迪 咖啡豆 3 入組 200g1 包,190
UCC 典藏 風味濾 掛式 咖啡 8gx12 入 x16 盒,10
鮮 一杯 老舊 金山 二合一 拿 鐵 咖啡 20gx12 入 x8 盒,75
澤合 怡保 白 咖啡 無糖 二合一 16g15 入 12 袋箱,5
丹尼 船長 米 米 花 阿拉比 卡極 上 研磨 咖啡 味 100g 包奶素 非,80
東勝 ESSENSO 阿拉比 卡微磨 黑 咖啡 x3 盒組 2gx,40
江鳥 咖啡 莊園 中 淺 中 焙 咖啡豆 x4 袋組 225g 袋 巴西,380
川雲義 大利 濃縮 咖啡 1 磅 450g2 包入,35
東勝 LORESSENSO 微磨 咖啡 二合一 十盒 裝即,45
鮮 一杯 蘇門 答臘曼 特寧濾掛 咖啡 9gx48 入,20
摩 卡特 賞 咖啡 經濟補 充包 150g 袋 150g 袋,720
山豬園 台灣 果子狸 麝香 咖啡 濾掛式 6 入 盒裝,10
MaximKANU 夏季 迷你 美式 咖啡 1g100 入盒,170
伯朗 咖啡 精品 咖啡豆 巴西 喜拉朵 x2 袋組 250 克袋,15
咖樂迪 咖啡 農場 庭園 花茶 紫花 檸檬草 2gx10 入 x1 袋,10
STARBUCKS 星巴克 星巴克 特選 系列 卡布 奇諾 咖啡,140
MJB 冷泡 咖啡 濾泡 2 包組 40 入袋,15
伯朗 藍山 風味 咖啡 240mlx2 箱共 48 入,280
江鳥 咖啡 巴西 皇后 莊園 中 焙 咖啡豆 225g 袋,45
台北 捷運北捷 嚴選 歐客 佬 哥斯大黎加 咖啡 2 盒,10
Doutor 羅 多倫濾 掛式 咖啡 香醇 7g8 包袋,90
Casa 卡薩 蘇門 答臘 綠寶石濾 掛式 咖啡 6 入,5
咖啡 工廠 接單 烘焙 特選曼 特寧 咖啡豆 450gX4,5
限時 特賣 好市 多 西雅圖 大濾掛 咖啡 1 箱 50 包入 極品 嚴,5
西雅圖 榛果 風味白 咖啡 二合一 21g52 入網,270
卡薩 casa 阿拉比 卡濾 泡式 咖啡 100 入箱,30
Doutor 羅 多倫濾 掛式 咖啡 濃郁 7g8 包袋,80
星巴克 特選 系列 中度 深度 烘焙 咖啡 10 入盒 口味,260
VIPCasa 卡薩 嚴選 綜合濾 掛式 咖啡 100 入 五款 風,5
費 拉拉 精品 義 大利 1 磅 手 沖 咖啡 拿鐵中 淺 烘焙 柑,10
0923 第 18 標 古典式 咖啡 同 口味 一次 兩包,10
BLACK 義式 深 焙 黑 咖啡 20g 優質 蛋白 單包,10
AGF 即 溶 咖啡 補充 包 120gx3 袋 組四種 口味 任選,70
MaximKANU 夏季 迷你 美式 咖啡 1gx100 入盒,125
MJB 冷泡 咖啡 濾泡 包 18 公克 X40 入 aC12678,10
咖樂迪 咖啡 農場 TeaFantasy 皇家 伯爵 錫蘭紅 茶 2g,85
加價購 專用 騎士 精品 咖啡 花神 咖啡豆 半磅 x1 包,5
歐客 佬 掛耳式 咖啡 專用 杯 31131406 咖啡杯,260
歐客 佬 咖啡 寶盒 精品 掛耳禮盒 15 入盒 果香 厚,40
KEYCOFFEE 濾掛式 咖啡 18 入深 焙 香甜 濃厚 研磨,100
UCC117 即 溶 咖啡 90g 瓶現 貨蝦 皮直 送,90
星巴克 特選 系列 隨手 包 中度 烘焙 咖啡,5
咖啡 工廠 3 種 烘焙 度 任選 咖啡豆 450g 包,385
古坑 農會加 比山 二合一 無糖 即 溶 咖啡 x2 盒組 12gx18,5
米諾 咖啡 買 一送 一藝 妓 剋 星日 曬 咖啡豆 半磅 950 元,20
咖樂迪 咖啡 農場 單品 系列 哥倫比亞 咖啡豆 200g1 包,10
豆豆 叔叔 試喝 價衣索 比亞 莊園 精品 豆掛 耳濾掛 咖啡,220
神戶 齋藤珈 琲 店 鑑定士 嗜濾 泡式 咖啡,50
OldTown 舊 街場 白 咖啡 口味 任選 x4 袋組 15 入袋,1410
京都 小川 淺 焙 藍山濾 掛式 咖啡 5P 日本 京都 知名品牌,10
分批 取 星巴克 特選 系列 卡布 奇諾 咖啡 14gx4 入,40
camacafe 冷萃 浸泡 式 咖啡 蔗香 茶韻 10gx8 入,90
摩卡 咖啡 香 濃拿鐵 香醇 無糖炭 燒風味 28 包入,20
免運附 發票 AGFMAXIM 即 溶 咖啡 80G 箴言 咖,10
MaximKANU 輕焙 美式 黑 咖啡 100 入 09g 入,45
camacafe 尋豆師 精選濾 掛式 咖啡 淺 焙 清爽 花香,15
芒果 牌環遊 咖啡 小香 組東 非大遷 徙 20 克 咖啡豆 袖珍 包,5
UCC 濾掛式 咖啡 炭燒 典藏 風味 法式 深焙 8gx12 入,1715
東勝 LORESSENSO 蘇門 答臘 微磨 黑 咖啡 即 溶 咖,5
BROOKS 布魯 克斯 綜合濾掛 咖啡 10g50 入袋,30
STARBUCKS 星巴克 即期 品濾掛 咖啡 夏日 精選 風味禮,30
費 拉拉 瓜地 馬 拉 花神 安提瓜 1 磅 手 沖 咖啡 拿鐵中,15
Maxim 即期 品韓國 KANU 中 焙 美式 黑 咖啡 09g,25
UCC 職人 系列 綜合 風味濾 掛式 咖啡 6 盒組 8gx 共 72 入,210
台糖 高地 小農濾 掛式 咖啡 10G6 包入 愛買,25
Doutor 羅 多倫 香醇 風味濾 掛式 咖啡 7gx8 包袋,55
龜甲萬 豆乳 麥芽 咖啡 風味 1000ml,15
Catamona 卡塔 摩納 非洲 濾泡式 咖啡 10 入,5
西雅圖 極品 嚴焙大濾掛 咖啡 50 包 12g 袋裝 好市 多 熱銷,10
摩卡 咖啡 MOCCA 法式 拿 鐵 四合 一 隨身 包 100 入,50
丹尼 船長 米 米 花 阿拉比 卡極 上 研磨 咖啡 味 100g 包奶 素台,205
ELNATIVO 艾拿鐵夫 原生 咖啡 茉莉 玫瑰 5 入組 有機,20
江鳥 咖啡 中淺 中 焙 精品 咖啡豆 x4 袋組 225g 袋瓦 湳,10
澤合 怡保 白 咖啡 無糖 二合一 16gx15 入袋,225
分批 取 UCC 典藏 風味濾 掛式 咖啡 8gx12 入,135
薩圖爾義式 濾 掛式 咖啡 10 入 10,10
鮮 一杯 老舊 金山 二合一 拿 鐵 咖啡 x4 盒 12gx50 入盒,775
CAFFINO 即期 品經典 拿 鐵 咖啡 20 公克 x10 入袋,60
75 包好市 多 Costco 代購 UCC 職人 精選濾 掛式 咖啡,140
AGFMAXIM4 種風味 綜合 黑 咖啡 2gx8 入盒,175
咖樂迪 咖啡 農場 Janat 格雷伯爵 茶 2gx50 入 x3 盒,40
AGFMAXIM4 種風味 綜合 黑 咖啡 2gx20 入盒,50
TGC 大尖山 台灣華山 二合一 咖啡 12 公克 x15 包,75
TM 原味 咖啡 嚼 片 35 克瓶 裝台 灣 製,10
金車伯朗 極 緻 香醇 即 溶黑 咖啡 x6 罐組 100g 罐,25
Casa 卡薩 精選 世界 莊園 綜合濾掛 咖啡 60 入,70
日本 味之素 AGFBlendy 即 溶 咖啡 柔香 風味 5 袋,5
CAFFINO 即期 品卡布 奇諾 咖啡 20 公克 x10 入袋,110
西雅圖 極品 嚴焙大濾掛 咖啡 12gx50 包盒,80
即期 品出 清 CAFFINO 經典 拿 鐵卡布 奇諾 咖啡 任,5
西雅圖 大地 原始 無 加糖 二合一 咖啡 20g 包 10 入,5
UCC 冠軍監 修 醇厚 香韻濾 掛式 咖啡 10g10 包,75
星巴克 特選 系列 隨手 包 中度 烘焙 咖啡 23g10 入,60
即期 品 小川 精選 特調 混合 濾泡 咖啡 包 80g10gx8 入,15
LAYONS 雷恩 獅濾掛 咖啡 經典 系列 精美 送禮禮,10
OldTown 舊 街場 白 咖啡 口味 任選 x4 袋組 限量 增量 包,375
德國 Melitta 美樂家 金牌 即 溶 咖啡 100g,60
分批 取 星巴克 特選 系列 隨手 包 中度 烘焙 咖啡 23gx1,5
片岡 MON 濾泡 咖啡 10 入藍山,5
分批 取 UCC 法式 深焙濾 掛式 咖啡 8gx12 入,25
西雅圖 極品 咖啡 貝 瑞斯 塔 2121gx18 入 x24 盒,20
咖啡 工廠 特選 藍山 風味 綜合 咖啡豆 450g 包,15
貝納頌 冷熱萃 浸泡 咖啡 黃 金曼巴 10 入盒,45
金車伯 朗曼 特寧風味 二合一 咖啡 無糖 240mlx24 入,15
MRBROWN 伯朗 衣索 比亞義式 咖啡 膠囊 x4 盒 10 入,45
SimpleKaffa 興波 咖啡 吳則霖 世界 冠軍濾 掛式,195
力代即 溶黑 咖啡 力代 典藏 風味 500g,150
愛山玲 現貨快 出 LV 等級 咖啡 嚼 醒 升級 版 五合一 即食 綜,90
西雅圖 極品 嚴焙防彈 咖啡 30g30 包盒,10
蕎拉燕麥 纖女 燕麥 150gX2 包贈 5 包濾 掛式 咖啡 口味,5
星巴克 VIA 義 大利 烘焙 即 溶 咖啡 20220907c1,5
限時 優惠 DYDOM 香醇 咖啡 250ml,10
限量 優惠 AGF 微奢華 咖啡店 芳醇 即 溶 咖啡 70G,70
力代即 溶黑 咖啡 曼特寧 風味 500g,30
摩卡 現在 最好 2 合 1 拿 鐵風味 咖啡 10gx30 入,165
Legend 淺焙濾 掛式 咖啡 10gx10 入盒 即期 良品,5
StarbucksVia 派克 市場 即 溶 研磨 咖啡 21g,15
星巴克 特選 系列 深度 烘焙 咖啡 10 入盒,20
品皇 3in1 條狀 咖啡 經濟包 15gx30 入,45
歐客佬炭 燒風味 50 包袋 掛耳 咖啡 特惠 精選 OKLA,10
Catamona 卡塔 摩納想 喝 就 喝 浸泡 式 咖啡 60 入,5
西雅圖 711 版 咖 柏斯 濃萃 浸泡 式 咖啡 8gx10 包袋 裝,10
TGC 大尖山 台灣白 咖啡 二合一 22 公克 10 包,5
韓國 MAXIMKANU 溫醇 美式 即 溶 咖啡 90g 贈 陶瓷 變,5
大地 拿 鐵 二合一 64 元西雅圖 咖啡 大地 原始 拿 鐵,20
AGFBlendy 柔香 即 溶 咖啡 補充 包 X2 袋組 70g 袋,85
星巴克 派克 市場 烘焙 咖啡 膠囊 12 顆盒 適用 於 多趣 酷,5
蔬福良品 綠 原酸 咖啡 生酮 飲 隨身 包 28g 包 7 包盒,5
川雲哥 倫比亞 翡翠 山掛 耳 咖啡 10 包入 盒,5
Maxwell 麥斯威爾 精選 咖啡 環保包 150g 包,895
咖樂迪 咖啡 農場 日式 咖哩 調理包 200g12 入 牛肉 雞肉,265
星巴克 卡布 奇諾 咖啡 膠囊 單盒 12 顆入,95
歐客佬瓜 地馬拉 安提瓜 拉米 尼塔 花神 丸豆 水洗 咖啡,10
湛盧 咖啡 接單 現烘經典 獨家 系列 日安吾愛 咖啡豆 200,5
豆豆 叔叔 衣索 比亞藝 伎 咖啡 古優 原生 種莊園 精品 豆掛,160
Mocca 摩卡 白 咖啡 二合一 無糖 25g15 包袋,365
UCC 黑金 炭燒 二合一 咖啡 2 盒 無 奶精 15g50 入盒,70
江鳥 咖啡 早安 江鳥 中深 焙 咖啡豆 225g 袋,60
金車伯 朗伯 朗 精 緻 濃 萃 風 味 即 溶 咖啡 x3 罐組 100g 瓶,25
SATUR 薩圖爾義式 中深 焙濾掛 咖啡 10gx10 入盒,5
鮮 一杯 蘇門 答臘濾掛 咖啡 48 入箱 蝦 皮團購,20
豆豆 叔叔 巴西 莊園 精品 豆掛 耳濾掛 咖啡 新鮮 烘焙 特選,45
西雅圖 ESP 經典 綜合濾掛 咖啡 8g30 入網,15
即期 品 UCC 職人 系列 炭燒 濾 掛式 咖啡 8gx24 入,615
星巴克 濃縮 烘焙 濃縮 咖啡 膠囊 12 顆 X3 盒,25
品皇即 溶 二代 純 咖啡 商用 包裝 500g 袋,50
UCC 職人 系列 綜合 風味濾 掛式 咖啡 6 盒組 8gx 共 72 入,4240
Mocca 摩卡 西達摩 單品 浸泡 式 咖啡 10g10 包盒,60
澤合 怡保 白 咖啡 二合一 禮盒 組 16gx60 包組 無糖,40
MaximKANU 聖誕節 迷你 美式 咖啡 09gx100 入,40
camacafe 鎖香 煎 焙 濾 掛式 咖啡 中焙 香純 堅果 8gx,95
韓國 HYBTS 濾掛式 咖啡 x3 盒 10gx7 入盒 隨機出,20
伯朗 咖啡 精品 咖啡豆 巴西 喜拉朵 x3 袋組 250g 袋,40
現貨 UCC 日本 低 咖啡因 即 溶黑 咖啡 隨身 包 2g 入,20
咖樂迪 咖啡 農場 Janat 格雷伯爵 茶 2gx50 入 x1 盒,85
BuddyDean 巴迪 二合一 咖啡 雙倍 特濃 115g,145
CoFeel 凱飛 鮮烘豆 哥斯大黎加 牧童 莊園 中 烘焙 阿拉比 卡 咖啡,5
江鳥 咖啡 莊園 經典 咖啡豆 x4 袋組 225g 袋 巴西 皇后,280
摩卡 咖啡 MOCCA 哥倫比亞 烘焙 咖啡豆 1 磅袋,15
SATUR 薩圖爾曼 巴中 深焙濾掛 咖啡 10gx10 入盒,5
韓國 HYBTS 濾掛式 咖啡 10gx7 入盒 隨機 出貨衣,10
東勝 ESSENSO 阿拉比 卡微磨 黑 咖啡 2gx20 入,25
camacafe 鎖香 煎 焙 濾 掛式 咖啡 綜 合口味 2 袋組 8g,375
雲谷 經典 曼巴風味濾 掛式 咖啡 9gx5 包入,65
UCC 職人 系列 典藏 風味濾 掛式 咖啡 6 盒組 8gx12 入,70
芒果 牌 芒果 幫 你 配濾掛 咖啡 16g 大濾掛 20 入 Man,15
咖樂迪 咖啡 農場 Janat 錫蘭茶 2gx50 入 x1 盒,15
湛盧 咖啡 行家 系列 咖啡豆 風味 任選 2 包組 200gx2,25
西雅圖 即品 拿 鐵 無 加糖 二合一 咖啡 21 公克 X100 包,5
AGFBlendy 經典 即 溶 咖啡 補充 包 X2 袋組 70g 袋,185
歐客 佬 巴魯 那 台灣 咖啡 日曬掛 耳 包黃金 烘焙 4,50
代收 代付 雀巢 醇品 咖啡 經典 風味補 充包 200G 愛買,35
AGF 華麗 香醇 咖啡 日本 三重 縣,25
世界 GO 韓國 KANU 孔劉 咖啡 無糖 拿 鐵低 卡單 小包,30
歐客 佬 哥斯大黎 加薇 若拉處 理廠 神父 咖啡 水洗 半磅,5
西雅 圖貝 瑞斯 塔維也納 咖啡 30gX50 入 蝦 皮直 送 現貨,45
雀巢咖啡 二合一 無甜袋裝 11g42 入 最新 效期 咖啡 隨手,10
鮮 一杯 瓜地馬拉濾掛 咖啡 9 克 x4 入 12 盒網,5
好市 多現 貨親 愛的 白 咖啡 二合一 無糖 30g80 包,10
GIMOKA 咖啡 膠囊 6 種風味 任選 10 顆盒 Nespr,10
熙舍 精品 咖啡 熙舍 嚴選 日式 烘焙 藍山 風味 咖啡豆 水洗,5
伯朗 咖啡 精品 咖啡豆 衣索 比亞 x3 袋組 250g 袋,20
STARBUCKS 星巴克 即期 品濾掛 咖啡 派克 市場 4,160
西雅圖 極品 嚴焙大濾掛 咖啡 12gx50 包盒,5
豆豆 叔叔 哥倫比亞 莊園 精品 豆掛 耳濾掛 咖啡 新鮮 烘焙,45
領卷 85 折 Sparkblack 高纖優 蛋白 黑 咖啡 盒,25
UCC 冠軍監 修 醇厚 香韻濾 掛式 咖啡 10g10 包盒,40
Maxwell 麥斯威爾 香醇 低脂 3 合 1 咖啡 13gx25 包,35
西雅圖 榛果 風味 濃淬 咖啡 球 18mlx40 入 盒網,40
限時 促銷 歐客 佬 咖啡 掛耳黃 金曼 特寧黃曼 阿拉比 卡,80
KTG 印尼 式 經典 黑 咖啡 7gx20 包袋,55
Casa 卡薩 頂級 莊園 尼加拉瓜 濾掛式 咖啡 6 入,5
代收 代付 UCC 炭燒 濾 掛式 咖啡 8g12 入 2 入組,15
KaKaLove 咖啡 卡卡 愛掛 耳包 25 入組,100
江鳥 咖啡 精品 藝伎 系列 中淺 焙 咖啡豆 x3 袋組 100g 袋,25
即期 品皇 咖衣索 比亞 咖啡 原豆 x4 袋 225g 袋,35
蝦 皮代開 發票 UCC 職人 系列 綜合 風味濾 掛式 咖啡 6 盒組,110
湛盧 咖啡 經典 系列 咖啡豆 風味 任選 908g 包,10
36 法郎 極品 拿 堤 咖啡 240ml6 入 組超 商限 2 組現貨,10
2 公斤 包裝 藍 鑽 爪哇 日曬 厭氧處理 印尼 咖啡 生豆 日 曬 厭,5
日本 AGF 即 溶黑 咖啡 160g80g 現貨 蝦 皮直 送,30
歐客 佬 衣索 比亞西達 摩獅子 王日 曬 浸泡 式 咖啡 包白,15
歐客 佬 厄瓜 多加 拉巴 哥群島 海龜 咖啡 水洗 掛耳包,70
STARBUCKS 星巴克 濃縮 烘焙 咖啡 膠囊 12 顆,405
咖啡 工廠 3 種 烘焙 度 任選 咖啡豆 450g 包 X3,5
江鳥 咖啡 烏干 達汐 碧 瀑布 中淺 焙 咖啡豆 x4 袋組 225g,15
歐客 佬 閱讀 咖啡 世界 精品 掛耳禮 盒厚實 果香 15,50
Casa 卡薩 精選 世界 莊園 綜合濾掛 咖啡 60 入網,5
典藏 拿 鐵 MAXIM 韓國 多款 拿 鐵 咖啡 100 入,30
咖樂迪 咖啡 農場 MOHEJI 香 濃綠茶 15gx4 入 x1 袋,15
伯朗 咖啡 精品 咖啡豆 衣索 比亞 x2 袋組 250 克袋,10
西雅圖 榛果 風味白 咖啡 二合一 21gx52 入盒,410
江鳥 咖啡 咖啡豆 惜福 優惠 專區 半磅 225gX1 包 即期,65
camacafe 量販 包鎖 香 煎 焙 濾 掛式 咖啡 柑橘 花蜜,5
Maxim 即期 品韓國 KANU 深焙 美式 咖啡 09g,20
UCC 職人 系列 綜合 風味濾 掛式 咖啡 6 盒組 典藏 風味炭,15
咖樂迪 咖啡 農場熱 葡萄酒 香料 包濃郁版 3 入 70g1 袋,5
camacafe 尋豆師 精選濾 掛式 咖啡 中焙 經典 風味,15
金寶雙 凍 黑 咖啡 冷萃 風味 x5 袋 2gx30 包袋,5
Doutor 羅 多倫 香醇 風味濾 掛式 咖啡 2 袋組 7g8 包,30
KaKaLove 咖啡 2022 新產季 衣索 比亞日 曬,75
蔡李陸 咖啡 咖啡豆 全品 項 手工 烘焙 咖啡豆 專賣,10
豆豆 叔叔 宏都拉斯 莊園 精品 豆掛 耳濾掛 咖啡 新鮮 烘焙,20
Krone 皇雀 阿拉比 卡濾 掛式 手 沖 咖啡 20 入時 尚禮盒 組,10
上田耶加 雪啡瓜 地馬拉 安提瓜 咖啡 半磅 225g,10
SATUR 薩圖爾 翡翠 莊園 鑽 石山 中淺 焙濾掛 咖啡 10gx,10
MJB 冷泡 咖啡 濾泡 包 18gX40 入包,10
力代即 溶黑 咖啡 巴西 風味 500g,30
微笑 咖啡 秋夜 台灣 在 地 烘焙 咖啡豆 1 磅,10
Maxwell 麥斯威爾 精選 咖啡 170g 蝦 皮直 送,35
咖樂迪 咖啡 農場 MOHEJI 黑 糖蜜 球 200g1 包,30
NESCAFE 雀巢咖啡 醇品 咖啡 罐裝 500g 罐,5
NESCAFE 雀巢咖啡 香滑 原味 三合 一袋 裝 咖啡 42 入,150
Casa 卡薩 世界 莊園 濾 掛式 咖啡 系列 耶加雪菲 綠寶石尼加,80
臥龍 咖啡 工作室 臥龍 精選 衣索 比亞 安娜 索拉日 曬,55
PEKOE 咖啡室 巴拿馬 翡翠 莊園 藝伎 咖啡 掛耳包,5
璞 珞珈 琲 浸泡 咖啡 10 入袋 榛果 黑 可可 花香 甜橘 橙皮,35
品皇即 溶 一代 純 咖啡 商用 包裝 500g 袋,10
UCC 職人 系列 綜合 風味濾 掛式 咖啡 6 盒組 8gx12 入,2295
乃哥 直播 台 印尼 國寶耳 掛式 咖啡 六包 辣木茶 9 包,5
TGC 大尖山 台灣 古坑 高山 二合一 咖啡 12gx15 入盒,40
神戶 齋藤珈 琲 店 焙 煎士 極濾 泡式 咖啡,55
UCC 冠軍監 修 綜合濾 掛式 咖啡 x6 盒組 10 入盒,30
鮮 一杯 即 溶 系列 老舊 金山 拿 鐵 咖啡 20gx12 包蝦 皮直 送,5
廣吉濾掛 咖啡 頂級 藍山 10gx50 入盒 大潤發,10
咖樂迪 咖啡 農場 Janat 黑標 系列 原味 格雷伯爵 茶 2gx2,20
鮮 一杯 老舊 金山 拿 鐵 咖啡 二合一 20gx12 包 x8,75
g000049862 贈品 星巴克 摩卡 精品 即 溶 咖啡 4 入盒,500
西班牙 布朗 尼 先生 咖啡 風味 200g,60
咖樂迪 咖啡 農場 即期 品檸檬 咖哩 雞 180g1 包,5
親愛的 白 咖啡 不 加糖 10 包裝 30gX10 入 沖 泡 首選,5
金車伯朗 義式 咖啡 膠囊伯朗 金典 10 入盒,10
即期 品親 愛的 糙米 白 咖啡 30gX10 包盒 糙米 香微,30
附發票 小川 咖啡店 濾泡 咖啡 芳醇 優質 10g8 入耳 掛,10
醇鮮 嚴選 PureFresh 電動 咖啡 慢磨機 第三代 職人 新標,40
摩卡 現在 最好 拿 鐵 咖啡 18gx25 包袋 大潤發,5
UCC 典藏 風味濾 掛式 咖啡 8G12 入 2 入 組愛買,435
西雅圖 即品 拿 鐵 無 加糖 二合一 咖啡 21gx10 包袋 裝,60
咖樂迪 咖啡 農場 Janat 大吉 嶺 2gx50 入 x3 盒,5
Maxwell 麥斯威爾 精選 咖啡 170g 現貨 蝦 皮,45
熙舍 精品 咖啡 精選 商業 系列 咖啡豆 450g 包 西西里 日 安,125
咖樂迪 咖啡 農場 TeaFantasy 皇家 伯爵 錫蘭紅 茶 2gx,10
公司 授權 網路 獨家 販售馬來 西亞 金寶白 咖啡 無糖,5
SATUR 薩圖爾 安提瓜 中淺 焙濾掛 咖啡 10gx10 入,25
分批 取 KEY 歐蕾 專用 即 溶 咖啡 100g,90
東勝 LORESSENSO 微磨 咖啡 二合一 五盒 裝即,15
下 殺 超 便宜 日本 UCC 濾掛式 咖啡 職人 精選 7g 咖,20
UCC 冠軍監 修密漬 醇香 濾掛式 咖啡 10g10 包盒,35
綜合 風味 即 溶 咖啡 買二送 一 優惠組 20221209m1o,5
衣索 比亞 精品 莊園 咖啡 淺焙藝 妓村 耶加雪菲,25
咖啡 工廠 98 法式 烘焙 咖啡豆 450g 包,35
Krone 皇雀 阿拉比 卡濾 掛式 手 沖 咖啡 入 組六種 口味,5
星巴克 特選冰 美式 咖啡 膠囊 12 顆盒 適用 於 多趣 酷思膠,40
Leader 力代即 溶 典藏 風味 黑 咖啡 500g 袋,15
台 琥庫 台 琥庫 頂級 阿拉比 卡特 調即 溶 咖啡 3 罐 100g 罐,5
鮮 一杯 老舊 金山 二合一 拿 鐵 咖啡 12gx50 入盒,85
綜合 風味 即 溶 咖啡 買二送 一 優惠組 20221208b7u,5
綜合 風味 即 溶 咖啡 買二送 一 優惠組 20221223rxm,5
Ogawa 京都 小川 咖啡店 秋 咖啡 濾掛式 100g10,35
珈 琲 人 五星 SCAA 深煎炭 焙濾掛 咖啡 50 包袋,30
費 拉拉 巴西 摩吉 安娜 咖啡豆 1 磅 手 沖 咖啡 拿鐵中,5
珈 琲 人 五星 SCAA 曼特寧濾掛 咖啡 50 包袋,35
費 拉拉 咖啡 巴西 喜拉朵 日 曬 新鮮 烘焙 咖啡豆 一磅,5
江鳥 咖啡 秋季 音樂家 系列 中淺 焙 咖啡豆 x3 袋組 100g,20
西雅圖 濃黑冰 咖啡 33 公克 x10 包袋 裝 即期 良品 可熱,15
江鳥 咖啡 衣索 比亞西 達摩中 焙 咖啡豆 x4 袋組 225g,60
買 1 送 1 哥斯大黎 加薇 若拉處 理廠 神父 咖啡 日式 烘焙 掛耳 咖,5
江鳥 咖啡 巴西 皇后 莊園 中 焙 咖啡豆 x4 袋組 225g 袋,70
古坑 農會加 比山 黑 咖啡 3gx20 包盒,50
湛盧 咖啡 MOMO 獨家 精選 二重奏 咖啡豆 兩款 風味 任選 兩入,20
醒醒 植物 椰奶 咖啡 原味 6 入盒,5
摩卡 現在 最好 純黑 咖啡 大潤發,25
波士 多 AGF 即 溶 咖啡 柔順 香醇 摩卡 藍白 奢華,5
Leader 力代即 溶曼 特寧風味 黑 咖啡 500g 袋,10
湛盧 咖啡 經典 系列 咖啡豆 風味 任選 2 包組 200gx2,20
代收 代付 UCC 法式 深焙濾 掛式 咖啡 8gx12 入愛,10
即期 品 旅行 系列 濾掛式 咖啡 10 入單 包裝 無外 盒,10
歐客 佬 台灣 日月潭 精品 咖啡 莊園 主精選 水洗 掛耳包,15
MaximKANU 低 咖啡因 美式 咖啡 120 入 09g,25
UCC 極上 炭燒 無糖 即 溶 咖啡 隨身 包 100 入袋,15
金禾 庄 包裝 DF10010501 半磅 咖啡 方底 夾鏈 立袋,20
冠盛 咖啡 阿拉比 卡 高山 咖啡豆 X2 磅 組 450g 磅,5
綜合 風味 即 溶 咖啡 買二送 一 優惠組 20221207h0y,5
豆豆 叔叔 試喝 價瓜 地馬拉莊園 精品 豆掛 耳濾掛 咖啡,160
KaKaLove 咖啡 哥倫比亞 雙重 厭氧日 曬 托利 馬,10
豆豆 叔叔 4 入袋裝 綜合濾 掛式 咖啡 嚴選 世界 莊園 精品 豆,20
阿華師 茶業炭 燒鐵 觀音 咖啡 10 入袋,5
Legend 美式 風味濾 掛式 咖啡 10gx10 入盒 即期,5
星巴克 單一產區 哥倫比亞 咖啡 膠囊 10 顆盒 適用 於 Nespr,275
STARBUCKS 星巴克 即期 品經典 冰濾掛 咖啡 4 入,90
古坑 農會加 比山 二合一 即 溶 咖啡 12gx18 包盒,25
咖樂迪 咖啡 農場 香辣 海螺 45g1 盒,5
AGFMAXIM4 種綜合 黑 咖啡 16g 現貨 蝦 皮直 送,10
親愛的 二合一 白 咖啡 12 盒組 30gX10 包盒 共 120,15
神戶 Haikara 神戶 咖啡 摩卡 8gx10 袋,110
江鳥 咖啡 烏干 達汐 碧 瀑布 中淺 焙 咖啡豆 225g 袋,10
MaximKANU 輕焙 美式 黑 咖啡 150 入 09g,25
瓜地 馬 拉 咖啡 生豆 安提瓜 花神 水洗 特規版 2022,5
熙舍 精品 咖啡 衣索 比亞 咖啡豆 耶加雪菲 ECX 日 曬 中 淺,20
伯朗 極致 香醇 冷凍 乾燥 咖啡 100G2 入 組愛買,15
UCC 精選 綜合 3 合 1 即 溶 咖啡 2 入組 13gx75 入盒,15
武士道 即期 品深 烘焙 濃郁 咖啡 227g,10
雲谷 陳 年 阿拉比 卡風味濾 掛式 咖啡 9gx5 包入,60
米其林 3 星餐 廳 推薦 1851 法國 進口濾 掛式 咖啡 100 阿,5
MountHagen 德國 進口 公平 貿易 低 咖啡因 即 溶 咖啡,215
啡 熊 精選濾掛 咖啡 15 入 100 阿拉比 卡品種,5
咖樂迪 咖啡 農場 綜合米 澎湃 包 300g1 袋,40
新 包裝 上市 AGFBlendy 濃縮 咖啡 球無糖 減糖,20
新篇章 咖啡 公爵 職人 咖啡豆 225g 袋,5
JuliusMeinl 小紅帽 咖啡 奇藝 咖啡豆 中 烘焙,5
送濾掛 咖啡 日本 TANITA 七 合一 體組 成計 BC759,5
TM 卡布 奇諾 咖啡 嚼 片 80 克瓶 裝台 灣 製,10
多款 新品 韓國 咖啡 MAXIMKANU 多款 風味 拿 鐵,50
鮮 一杯 老舊 金拿鐵 咖啡 二合一 20 克 x12 入網,5
星巴克 哥倫 比亞義式 濃縮 咖啡 膠囊 12 顆盒 適用 於 多,10
現貨 AGF 小 奢侈 咖啡店 上 等 優質 即 溶黑 咖啡 隨身 包,100
即期 品樂活 系列 濾掛式 咖啡 10 入盒 有效期限,45
歐客 佬 咖啡 寶盒 精品 掛耳禮 盒厚實 果香 15 入盒,15
咖樂迪 咖啡 農場 即期 品貓 咪 紅茶 75gx3 入 x1 袋 有效,5
貝納頌 冷熱萃 浸泡 咖啡 果香 綜合 10 入盒,25
品鮮 生活 綜合 咖啡 紅豆 糖 100g 獨立 迷你 小包 裝,40
RORISTA 精品 級 金杯 即 溶黑 咖啡 150g 袋,5
CASA 卡薩冷 熱萃 咖啡 懶人包 96G12 入愛買,15
CWDelos 卡布 奇諾 咖啡 餅乾 315G,200
代收 代付 奇奇 文具 西雅圖 極品 深 焙 二合一 咖啡 21,5
camacafe 鎖香 煎 焙 濾 掛式 咖啡 深焙 醇厚 焦糖 8 克,20
費 拉拉 深焙義式 咖啡 一磅 送 一掛 耳 SCA 與 CQI 雙重 國際,45
代收 代付 費 拉拉 西達摩 果香 日 曬 1 磅 手 沖 咖啡,5
SimpleKaffa 興波 咖啡 限量 款藝 伎 水洗 濾掛式 咖,10
鮮 一杯 即 溶 系列 老舊 金山 拿 鐵 咖啡 二合一 20gx12 包,25
MRBROWN 伯朗 哥斯大黎 加義式 咖啡 膠囊 x4 盒 10,35
代收 代付 韓國 Kanu 美式 黑 咖啡 16gx10 入,15
KaKaLove 咖啡 瓜地 馬 拉 水洗 安提瓜 花神 貝,20
伯朗 咖啡 精品 咖啡豆 印尼 弗洛勒斯 x2 袋組 250 克袋,10
永信 HAC 綜合 B 群口 含錠 咖啡 歐蕾 口味 120 錠 x3 包,10
咖啡 工廠 92 城市 烘培 咖啡豆 台灣鮮 烘 450g,5
UCC 隨身 包 咖啡 2gx10 入小三美日 DS00412,5
咖啡 工廠 特選 藍山 風味 台灣 烘焙 450g,25
Maxwell 麥斯威爾 香醇 低脂 3 合 1 咖啡 13gX25,20
日本 片岡物 産 京都 風濾 泡式 咖啡 75g 現貨 蝦 皮,5
微笑 咖啡 春曬 台灣 在 地 烘焙 咖啡豆 1 磅,15
KaKaLove 咖啡 CR95 衣索 比亞日 曬 希達馬,20
KaKaLove 咖啡 宏都拉斯 水洗 天堂 產區 酪梨莊,10
川雲瓜 地馬拉 花神 掛耳 咖啡 10 入盒,5
澤合 怡保 白 咖啡 無糖 二合一 16g15 入 28 袋箱,5
免運 可 刷卡 開發票 UCC 即 溶 咖啡 炭燒 90 公克 口感,5
KaKaLove 咖啡 宏都拉斯 水洗 馬 卡拉 產區 CO,110
薩圖爾 X 故宮 聯名 洋甘菊 濾掛式 咖啡,5
波士 多 日本 AGF 贅澤即 溶 咖啡 贅 沢 珈 琲 店 26 入 即,10
歐客佬瓜 地馬拉薇 薇 特南果 高 海拔 精選瑪雅 水洗 咖啡,40
愛的 小 舖 NewChoice 摩卡 咖啡 脆 捲 1000 公克,10
親愛的 糙米 白 咖啡 30gX10 包盒 糙米 香微 甜,20
Maxim 即期 品韓國 KANU 冬季 聖誕深 焙 美式 咖啡,10
Maxim 即期 品韓國 KANU 深焙 美式 咖啡 09gx,10
西雅圖 白 咖啡 二合一 拿 鐵 35gX10 包袋 裝 即期 良品,10
咖樂迪 咖啡 農場 MOHEJI 白湯頭 360ml1 罐,15
CIVETEX 台灣 極品 麝香 咖啡 獨享 盒 濾 泡 包 10 入,5
咖樂迪 咖啡 農場 季節 限定 聖誕節 綜合 咖啡豆 200g 包,20
POSelected 丹麥 POx 黑沃 耶加雪菲 咖啡 禮盒 組,25
限時 特價 陳 年 阿拉比 卡 阿拉比 卡歐 客佬掛 耳濾掛 咖啡 濾,5
親愛的 白 咖啡 二合一 無 加糖 30g50 包好市 多 COST,10
KEYCOFFEE 木藍山 風味 即 溶 咖啡 隨身 包 KEY,5
費 拉拉 瓜地 馬 拉 SHB 高品質 咖啡豆 1 磅 手 沖 咖啡,30
東勝 ESSENSO 微磨 二合一 咖啡 16gx12 入盒,45
歐客 佬 哥斯大黎加 小蜜蜂 日 曬 浸泡 式 咖啡 包 白金,15
正心堂 嚼 式 咖啡 糖原 味藍山 榛子 口味 隨機 出貨 100,5
西雅圖 小包 的 唷 貝 瑞斯 塔無糖 二合一 咖啡 10g100 入,10
咖樂迪 咖啡 農場 熱紅酒 香料 包濃郁版 3 入 70g1 袋,90
摩卡 咖啡 MOCCA 法式 拿 鐵 四合 一 隨身 包 20 公克 1,75
Krone 皇雀 阿拉比 卡濾 掛式 手 沖 咖啡 12 入時 尚禮盒 組,5
黑沃 咖啡 精品 咖啡豆 20 克 小包 裝 外出 隨手 包試 喝 嚐 鮮 款,20
星巴克 派克 市場 咖啡 膠囊 10 顆盒 適用 於 Nespresso,345
SunriseDay 初陽 無糖 印度 白 咖啡 12 入,30
鮮 一杯 即 溶 系列 20g 老舊 金山 拿 鐵 3 合 1 拿 鐵 2 合 1 咖啡,10
貝 瑞斯 塔 100 包西雅圖 極品 咖啡 貝 瑞斯 塔 二合一,5
新年 預購 2023 鴻 兔 大展 50 入濾掛 咖啡 禮盒 鑑賞 精品,5
illy 意利 美式 咖啡 中 焙 咖啡粉 250g 總 代理 公司 貨,5
g000050264 贈品 星巴克 卡布 奇諾 咖啡 4 入盒,175
豆豆 叔叔 宏都拉斯 莊園 精品 豆掛 耳濾掛 咖啡 新鮮 烘焙,20
Catamona 卡塔 摩納亞洲 濾 泡式 咖啡 60 入,5
湛盧 咖啡 繽紛 莊園 單品 系列 咖啡豆 衣索 比亞 耶加雪菲 伊迪,5
Maxwell 麥斯威爾 香醇 原味 3 合 1 咖啡 14gX25 包,10
森沃 咖啡 OFIIRA 莊園 日 曬 頂級 藝伎 咖啡豆 馬 拉 威藝 伎,25
義 大利 可洛詩 丹卡布 奇諾 咖啡 125gX10 入盒,5
西雅圖 極品 綜合濾掛 咖啡 50 入盒 3 盒 組黃金 淺 焙,25
親愛的 白 咖啡 沖 泡 飲品 綜合組 10 包 X3 盒 共 30 包,5
40 尋豆師 精選濾 掛式 咖啡 清爽 花香 淺,10
星巴克 濃縮 烘焙 濃縮 咖啡 膠囊 3 盒 12 顆盒 66g 盒,20
韓國 BT21 即期 品手 沖 棒 狀 咖啡 深焙中 焙 34g,20
即期 品 MaximKANU 迷你 美式 咖啡 1g100 入盒,65
船 鼻子 花蝴蝶 100 瑰夏藝 妓 精品 咖啡 巴 拿,5
日本 AGF 輕奢 咖啡店 4 種風味 黑 咖啡 16g 現貨,20
鮮 一杯 瓜地馬拉濾掛 咖啡 新鮮包 12 入袋,10
西雅圖 咖 柏斯 優萃 浸泡 式 咖啡 8g60 包原 廠彩盒 裝好市,5
歐客 佬 哥斯大黎 加薇 若拉處 理廠 神父 咖啡 水洗 浸泡 式,15
綜合 風味 即 溶 咖啡 買二送 一 優惠組 20221212m1o,5
Maxwell 麥斯威爾 香醇 原味 3 合 1 咖啡 14gx25 包,5
丹力 竹炭 透氣護 肘 R10 日用 百貨類 民生 紙品 15CAFEN 濾掛 咖啡 10g10 包 赤道 莊園,15
公司 授權 網路 獨家 販售馬來 西亞 金寶白 咖啡 榛果,5
一次 取 星巴克 特選 系列 隨手 包 中度 烘焙 咖啡 23gx1,5
Melitta 德國 美樂家 金牌 即 溶 咖啡 100g 蝦米,5
日本 製 新 上市 即 溶黑 咖啡 冷凍 乾燥 工法 Dripo 咖,15
雙 11 感恩 祭莊園 配方 職人 浸泡 咖啡 淺中 中 焙 10,5
湛盧 咖啡 行家 系列 咖啡豆 風味 任選 2 包組 908gx2,5
UCC 冠軍監 修濾 掛式 咖啡 甘醇 橙香 10g10 入,5
KaKaLove 咖啡 卡卡 愛掛 耳包 10 入組,25
伯朗 咖啡 精品 咖啡豆 衣索 比亞 250 克袋,120
SATUR 薩圖爾 台南 東山馬 廄 中 深焙濾掛 咖啡 10gx10,15
西雅 圖貝 瑞斯 塔無糖 二合一 咖啡 21g10 入袋裝,15
韓國 雀巢 美式 黑 咖啡 中 焙 30g1 公克 x30 入 韓購網,5
鮮 一杯 老舊 金山 拿 鐵 咖啡 二合一 20 克 x12 入網,35
女皇 咖啡 巴拿馬 酒香 日 曬 精品 莊園 咖啡豆 X1 磅 454g,5
咖樂迪 咖啡 農場 TeaFantasy 茉莉 烏龍 茶 2gx50 入,5
歐客 佬 品鑑 咖啡 大全 精品 掛耳禮盒 4 小盒 共 20 包過 年,5
雨林 聯盟 認證濾 泡式 咖啡 哥倫比亞 水洗 10gx6 包 卡塔 摩納,50
金寶白 咖啡 特濃 x5 袋 40gx15 包袋,5
金鶴霖 咖啡 黃 金曼巴 咖啡豆 一磅 裝 半磅 裝新鮮 烘焙 蝦,5
MRBROWN 伯朗 哥斯大黎 加義式 咖啡 膠囊 x8 盒 10,20
耶誕 綜合 VIA20 入 咖啡 隨身 包 20221214b3d,5
一次 取 camacafe 冷熱萃 浸泡 式 咖啡 中深 焙 酒香 胡,25
澤合 怡保 白 咖啡 無糖 二合一 x28 袋箱 16gx15 入袋,5
江鳥 咖啡 巴西 皇后 莊園 濾 掛式 10 入盒 買 一送 一,95
好市 多現 貨特價 中 UCC 職人 咖啡 7g75 包 1 箱,5
Legend 越式 濃醇 風味濾 掛式 咖啡 10gx10 入盒,10
UCC 冠軍監 修 甘醇 橙香濾 掛式 咖啡 10gx10 入,5
雨林 聯盟 認證濾 泡式 咖啡 瓜地 馬 拉 水洗 10gx6 包 卡塔 摩納,50
AGF 微奢華 咖啡店 芳醇 即 溶 咖啡 70g,45
金寶 即期 品雙凍 黑 咖啡 冷萃 風味 2gx30 包袋,5
綜合熱 咖啡 中 烘焙 咖啡豆 配方 豆義式 豆 NeoCaf,5
UCC 冠軍監 修蜜漬 醇香 濾掛式 咖啡 10g10 入風味梅,35
Starbucks 星巴克 咖啡 膠囊 10 顆 x5 盒組 口味 任選,85
灶 咖啡 精品 咖啡豆 肯亞蒙 布里 圓豆 350g 罐淺 烘,5
藝妓 精品 莊園 咖啡 淺 焙 翡翠 莊園藝 妓村 90,5
UCC 職人 系列 法式 深焙濾 掛式 咖啡 8gx12 入,70
卡薩 尼加拉瓜 頂級 莊園 濾 掛式 咖啡 8g6 入盒 買 一送 一,5
AGFBlendy 經典 柔香微 奢華即 溶 咖啡 補充 包,140
東勝 LORESSENSO 哥倫比亞 微磨 黑 咖啡 四盒 裝,5
卡飛亞 COFFEA 杯 測師 嚴選濾掛 咖啡 濃烈 深 焙 10gX,10
KaKaLove 咖啡 衣索 比亞日 曬 蓋德 奧耶家雪菲,20
女皇 咖啡 金杯 義式 咖啡豆 x3 包組 中深 焙 x3 磅,5
vipCasa 卡薩熱銷 5 口味 綜合濾掛 咖啡 9g10,5
即期 品 85 度 C 中深 焙濾掛 咖啡 3 盒 6 入盒 共 18 入 9,55
熙舍 精品 咖啡 精選 商業 系列 咖啡豆 x2 包 450g 包西西,65
Beanies 風味 即 溶 咖啡 愛爾蘭 奶酒 50g,20
品皇 咖啡 3in1 可可 亞經濟 包 15 入,5
親愛的 白 咖啡 20 包裝 30gX20 入 現貨 沖 泡 首選,10
Beanies 風味 即 溶 咖啡 香橙 巧克力 50g,5
親愛的 白 咖啡 不 加糖 二合一 30 公克 X80 包,15
精品 薇 拉哥 倫比亞 半磅 一磅 精品 咖啡 咖啡豆 中淺,5
現貨 日日 香方塊 酥 麥纖 黑糖 咖啡 500g 大容量,15
STARBUCKS 星巴克 咖啡 膠囊瓜 地馬拉 口味 2 條,10
綜合 風味 即 溶 咖啡 買二送 一 優惠組 20230412b9z,5
金杯 咖啡 女王 咖啡豆 x3 包組 250g 包,65
LAYONS 雷恩 獅濾掛 咖啡 經典 系列 7 口味 任選掛 耳,55
分批 取 星巴克 特選 系列 卡布 奇諾 咖啡 14g4 入,5
川雲衣索 比亞耶加 雪啡掛 耳 咖啡 10 包入 盒,5
UCC 職人 精選濾 掛式 咖啡 經典 風味 日 製 7g50 包好市,10
費 拉拉 炭燒 義式 咖啡 1 磅 適合 拿 鐵深 烘焙 煙 燻 焦糖,5
咖樂迪 咖啡 農場 即期 品 RoiThai 泰式 打 拋調 理包,10
OKLAO 歐客 佬 品鑑 咖啡 大全 精品 掛耳禮盒 20 入盒,35
伯朗義式 中深 焙濾掛 咖啡 15G10 入愛買,10
SimpleKaffa 興波 咖啡 沃卡日 曬 咖啡豆 淺 焙 20,5
西雅圖 極品 嚴焙大濾掛 咖啡 12g50 入袋裝,5
親愛的 白 咖啡 經典 綜合組 10 包 X3 盒 共 30 包,5
雀巢 雲朵 咖啡 卡布 奇諾 焦糖 風味 拿 鐵 10 入盒,730
UCC 職人 系列 綜合 風味濾 掛式 咖啡 6 盒組 典藏 風味法,50
日本 AGF 贅澤 最 上級 即 溶 咖啡 香醇 40g 現貨,25
日本 AGF 輕奢 咖啡店 4 種風味 黑 咖啡 40g 現貨,10
Maxwell 麥斯威爾 香醇 原味 3 合 1 咖啡 14gX25,10
韓國 Maxim 原味 咖啡 118gx20 入小三美日,5
camacafe 濾掛式 咖啡 清爽 花香 淺 焙 8gx8,15
4716908150957 可娜 咖啡 可娜,5
情熱 價格 日本 製 摩卡 混合 濾掛式 咖啡 20 包入 Donki 日,5
西雅圖 極品 綜合濾掛 咖啡 藍山 綜合 8g50 入 兩盒 組,25
鮮 一杯 衣索匹 亞西達 摩濾掛 咖啡 10 入盒,10
親愛的 卡布 奇諾白 咖啡 10 包 X3 盒 共 30 包,5
KaKaLove 咖啡 衣索 比亞日 曬 拾 卡卡 沃 卡米 娜,35
即期 品 MRBROWN 伯 朗伯 朗金典 義式 咖啡 膠囊 x5 盒,60
巴西 頂級 喜拉朵 Top 咖啡 生豆 15kg 裝 使用 真空袋,10
蜂屋 CF 晨曦 濾泡 咖啡 12g20 入包,15
Casa 卡薩 即期 品精選 莊園 濾 掛式 咖啡 6 入盒 最 短,35
極品 莊園 咖啡 15 入濾掛 禮盒 九種 風味 綜合 G15510g,10
KAKALOVE 咖啡 咖啡豆 麻布袋 都 是 字 隨機 出貨,5
KaKaLove 咖啡 衣索 比亞日 曬潔蒂普鎮 沃卡村,15
Beanies 風味 即 溶 咖啡 薄荷 巧克力 50g,5
咖樂迪 咖啡 農場 瀨戶 內 檸檬風味 大蒜油 漬 牡蠣 70g1 盒,10
費 拉拉 哥倫 比亞薇 拉 水洗 1 磅 手 沖 咖啡 拿鐵中 深 焙,5
白 咖啡 坊 超滑順 印度 拉茶 家庭 號袋裝 30 入,20
綜合 風味 即 溶 咖啡 買二送 一 優惠組 20221208m1o,5
black 高纖優 蛋白 黑 咖啡 日光 巴西 10 入 盒裝 3,5
代收 代付 麥斯 威爾無糖 二合一 咖啡 11G25 入 2 入,25
愛的 小 舖 UCC 炭燒 即 溶 咖啡 90 公克 X1 瓶,10
代收 代付 UCC 法式 深焙濾 掛式 咖啡 8G12 入 2 入,15
4716908152555 可娜 咖啡 可娜 榛果 夏威夷 咖啡豆,15
代收 代付 雀巢 美式 經典 濃郁 咖啡 膠囊 128G 愛買,5
代收 代付 UCC 黑金 炭燒 二合一 咖啡 15G50 入,5
歐客 佬 陳 年 阿拉比 卡農場 掛耳包 咖啡 50 包 220 包,15
鮮 一杯 衣索匹 亞西達 摩濾掛 咖啡 50 入盒,5
咖啡 工廠 特選哥 倫比亞 風味 台灣 烘焙 450g,5
UCC 冠軍監 修 綜合濾 掛式 咖啡 x9 盒 組贈 DRMAY 美,85
麥當 勞冰 經典 美式 咖啡 中豬 肉 滿福堡 即 享券,1300
川雲瓜 地馬拉薇 薇 特南果 咖啡 1 磅 450g2 包入,5
咖啡 工廠 3 種焙度 任選 咖啡豆 450gX4 包,15
伯朗 大濾掛 咖啡 精選深 烘焙 15g10 入,5
代收 代付 2in1 金色 大道 咖啡 量 販盒 100 入,5
Catamona 卡塔 摩納 南美洲 濾泡式 咖啡 60 入,5
MaximKANU 輕焙 美式 黑 咖啡 120 入 09g,10
UCC 冠軍監 修蜜漬 醇香 濾掛式 咖啡 10g10 入,5
極品 深 焙 無糖 75 元西雅圖 極品 咖啡 極品 深 焙 拿,15
金車伯朗 極 緻 香醇 即 溶黑 咖啡 100g 罐 x6 罐組 賞味期,20
20 入 歐客 佬 陳 年 阿拉比 卡濾掛 掛耳包 咖啡 掛耳 咖啡豆,5
蝦 皮藝 妓 咖啡 專家 巴拿馬 巨石 莊園 翡翠 莊園 藍標 藝妓,10
KANU 經典 精品 深烘 美式 咖啡 63g09 公克 70 入,5
超殺 價西雅圖 極品 綜合濾掛 咖啡 單包 8g50 入袋裝,5
LAVAZZA 咖啡 膠囊 6 種風味 任選 10 入盒 適用 於 N,20
公司 授權 網路 獨家 販售馬來 西亞金 寶卡布 奇諾白 咖啡,5
麥當 勞十塊 麥克雞塊 美式 咖啡 中杯 好 禮即 享券,75
樂步 膠卷 底片 咖啡 15 入 咖啡豆 豆餅 乾 250g,5
SimpleKaffa 興波 咖啡 黑美 豬豬 綜合 咖啡豆 中淺 焙,5
咖啡 工廠 特選曼 特寧風味 台灣 烘焙 450g,10
代收 代付 韓國 Kanu 即 溶拿鐵 咖啡 12gx10 入,5
海陸 對決 摩斯 鱈 魚堡 套餐 咖啡 版 20220825,20
金寶卡布 奇諾白 咖啡 25gx20 包袋 25gx20 包袋,10
7613036943468 星巴克 焦糖 瑪奇朵 咖啡 膠囊 共 1,5
essence 艾森絲 極細 柔順 持久 型眉筆 03 咖啡,5
OldTown 舊 街場 3 合 1 特濃白 咖啡 前所未有 的 香醇 濃,35
台糖 高地 小農濾 掛式 咖啡 卡內特 10G6 入愛買,5
品皇 2in1 碳燒 咖啡 經濟包 10gx25 入,5
Starbucks 星巴克 焦糖 風味 咖啡 膠囊 1 盒 10 顆盒,275
綜合 風味 即 溶 咖啡 買二送 一 優惠組 20230408m1o,5
JC 咖啡 衣索 比亞 耶加雪菲 艾瑞加 G1 日 曬 淺 焙 半,20
總匯 歐姆蛋 燒餅 咖啡 套餐 20220824z8uil,5
總匯 歐姆蛋 燒餅 咖啡 套餐 20220814y1zmy,5
代收 代付 福伯 原味 特濃 榛 果味 咖啡 糖 100g,20
有 機濾 泡式 咖啡 衣索 比亞 水洗 10gx6 祥和 瑞,70
西雅 圖貝 瑞斯 塔 綜合濾掛 咖啡 8gx50 入 原盒,15
MAXIM 麥心 韓國 KANU 孔劉 美式 深焙中 焙 黑 咖啡 0,15
免運 西雅圖 即品 拿 鐵 2 合 1 咖啡 21g50 包 100 包,50
星巴克 單一產區 瓜 地馬拉 咖啡 10 顆盒 適用 於 Nespres,10
日本 進口 咖啡 掛耳式 濾袋 100 入 1000 入耳 掛式掛,25
湛盧 咖啡 接單 現烘經典 獨家 系列 酒神 之舞 咖啡豆 200,10
歐客 佬 掛耳式 咖啡 專用 杯 31131406 咖啡杯,20
麥當 勞勁 辣腿堡 美式 咖啡 中杯 好 禮即 享券,195
Krone 皇雀 阿拉比 卡濾 掛式 手 沖 咖啡 20 入 超值 禮盒 組,5
伯朗義式 中深 焙濾掛 咖啡 15G10 入 2 入 組愛買,40
即期 良品 限量 下 殺 SEIKOCOFFEE 和 風濾式 咖啡,25
品皇嚴 選藍山 3in1 咖啡 量 販盒 30gx88 入,10
日本 進口 現貨 咖啡 掛耳式 濾袋 100 入 1000 入耳 掛式,10
金禾 庄 包裝 DF10061102 半磅 咖啡 夾鏈 立袋 1,10
星巴克 VIA 焦糖 那堤 即 溶 咖啡 20220830m2u,5
8 月 2 版 臥龍 咖啡 工作室 精品 咖啡豆 咖啡豆 買 一包 送 一包,25
三森萬屋 現貨 日本 Dripo 咖啡 煎 焙 所 即 溶黑 咖,10
親愛的 白 咖啡 二合一 無 加糖 30g50 包無原 盒 好市,5
外帶 冰 香柚 檸檬 咖啡 L 買 一送 一中 信 ATM,5
HIYASU 日安工坊 良燒 虹吸式 咖啡 壺 3 人下 座 TCA,5
KaKaLove 咖啡 哥倫 比亞日 曬 考卡省 ElS,10
即期 品 CAFFINO 經典 拿 鐵 咖啡 20gx10 入 x5 袋,5
Catamona 卡塔 摩納亞洲 濾 泡式 咖啡 100 入,5
八味 養生 鋪 Dripo 即 溶黑 咖啡 30 條盒 即 溶黑 咖,5
Catamona 卡塔 摩納 中美洲 濾泡式 咖啡 60 入,10
西雅圖 極品 嚴焙大濾掛 咖啡 12g50 包袋 裝 即期 良品,5
吳皇 咖啡 精品 AA 級 淺 焙 咖啡豆 半磅 買 一送 一共 一磅,5
Mocca 摩卡 衣索 比亞濾掛 咖啡 10X100 入箱,5
9789865918378 喚醒 世界 的 香味 一趟 深入 咖啡 地理,5
麥當 勞熱 經典 美式 咖啡 中豬 肉 滿福堡 即 享券,910
JOY 購 日本 HARIO 微波 耐熱 咖啡 壺 700ml10,5
神戶 齋藤珈 琲 店 鑑定 士濾 泡式 咖啡,5
統一 左岸 咖啡 館昂列 奶茶 240ml,415
Casa 卡薩冷 熱萃 咖啡 懶人包 12gx12 入現 貨蝦 皮,20
歐客 佬 經典 卡布 奇諾白 咖啡 41010255,20
分批 取貝納頌 經典 咖啡 直 火炭 焙風味 210ml,25
德里 斯 Delicioso 特選經 典濾 掛式 咖啡 體驗 任選 2 包,10
UCC114 即 溶 咖啡 90g 現貨 蝦 皮直 送 部分 即期,5
湛盧 咖啡 新升級 行家 系列 咖啡豆 908g 包風味 任選,5
總匯 歐姆蛋 燒餅 咖啡 套餐 20220806b9ku7,5
總匯 歐姆蛋 燒餅 咖啡 套餐 20220814x0rkx,5
雀巢 DOLCEGUSTO 燕麥馥 列白 咖啡 膠囊 36 顆入 3x1,10
vipUCC 即 溶 咖啡 口味 任選 117114 芳醇 90,10
UCC 冠軍監 修 醇厚 香韻濾 掛式 咖啡 2 盒組 10gx10 入,10
好市 多現 貨老舊 金山 無糖 二合一 咖啡 294541,5
DYDO 絕品 歐蕾 咖啡 咒術 迴 戰 限定版,110
0 元 即免 運西雅 圖貝 瑞斯 塔 綜合濾掛 咖啡 8gx50 入盒,10
福箱 組莊園 咖啡 咖啡豆 半磅 x2 包入 一包 豆 只要 3,10
好市 多 UCC 職人 精選濾 掛式 咖啡 7 公克 單包,5
即期 品 illy 即期 品 咖啡 膠 囊中 焙 18 顆袋 適用 於 i,10
再折 30AGF 咖啡 球 日本 Blendy 濃縮,230
步昂 咖啡 哥斯大黎加 女神 莊園 藝伎蜜 處理 百克 起,5
巴拿馬 哈特曼 莊園 30 藝妓 日 曬 卡 杜拉日 曬 中 淺 焙 咖啡,5
NespressoVolluto 沃魯托 咖啡 膠囊 甘甜 而溫,5
歐客 佬 農場 掛耳包 咖啡 50 包 220 包袋 5 種風味,245
Mocca 摩卡 聖保羅 綜合 浸泡 式 咖啡 11g10 包盒,5
BuonCaffe 步昂 咖啡 黑巧 可可 餘韻 組深 焙 咖啡豆,5
可比 可卡布 基諾 咖啡 糖 120g 包 120g 包,30
德國 Melitta 美樂家 金牌 即 溶 咖啡 100gX2 罐賞,5
雀巢 DOLCEGUSTO 燕麥馥 列白 咖啡 膠囊 12 顆入 130,30
領卷 88 折 Sparkblack 盒裝 高纖優 蛋白 黑 咖啡,35
Mocca 摩卡 西達摩 單品 浸泡 式 咖啡 11g10 包盒,5
小雯 嚴選 現貨 UCC 職人 精選濾 掛式 咖啡 7 公克 X,5
COACH 簡約 拿 鐵 咖啡 clogo 中長 夾 C8714I,5
海陸 對決 摩斯 鱈 魚堡 套餐 咖啡 版 20220829,20
莉 普森 咖啡 生豆 2022 最新 產季 衣索 比亞藝 妓 村蒂瑪區,5
米諾 咖啡 買 一送 一衣 索匹亞 孔加 耶加雪菲 G1 中淺 焙 水洗,5
現貨 Dripo 即 溶 飲品 25 條盒 裝紅茶 牛乳 咖啡,5
西雅圖 白鷹 藍山蜂 鳥曼巴 綜合濾掛 咖啡 8gx10 入,10
JC 咖啡 哥斯大黎加 塔拉 珠 米拉 蘇莊園 厭氧日 曬 淺 中 焙,10
丹尼 船長 阿拉比 卡極 上 研磨 咖啡 味 效期 至 202308,5
江鳥 咖啡 巴西 COE 常勝 軍 皇后 莊園 中 焙 咖啡豆 x4 袋組,5
有 機濾 泡式 咖啡 瓜地 馬 拉 水洗 10gx6 包 祥和 瑞,5
分批 取 生活 良好 無 漂白 圓錐 咖啡 濾紙 50 張,10
SATUR 薩圖爾青 檸中 焙濾掛 咖啡 10gx10 入盒,5
4713014172606 星巴克 咖啡 奇想 女神 馬 克杯,5
片岡 MON 摩卡 綜合 研磨 咖啡 包 10 入,5
金鶴霖 咖啡 西達摩 咖啡豆 一磅 裝 半磅 裝新鮮 烘焙 蝦,5
高地 小農濾 掛式 咖啡 蔻 卡菲 絡 10g6 包盒,15
超 人力 霸王 泰坦 斯刺 繡 2224CM 咖啡,25
LAYONS 雷恩 獅濾掛 咖啡 精品 系列 6 口味 任選耳掛,30
845163038565 可娜 咖啡 可娜 20 夏威夷 咖啡豆,5
Casa 卡薩 嚴選 綜合濾 掛式 咖啡 100 入 9g 入義式,245
現貨金 車伯朗 咖啡 系列 240ml6 入 組超 商限 2 組,5
咖樂迪 咖啡 農場 檸檬 咖哩 雞 180g1 包,20
分批 取 UCC 職人冰 咖啡 加糖 910ml,15
N012484240 哈亞 極品 咖啡 冷泡 系列 巴拿馬給 夏,5
Hamaya 極 EX 摩卡 濾式 咖啡 126g,5
摩卡 咖啡 MOCCA 衣索 比亞 烘焙 咖啡豆 1 磅袋,5
海陸 對決 摩斯 鱈 魚堡 套餐 咖啡 版 20220819,25
西雅圖 ESP 白鷹 藍山 綜合掛 耳 咖啡 8g10 入,30
加拿大 ZAVIDA 雅菲達 愛爾蘭 咖啡 340g 包,10
咖啡 生豆 水洗 日曬 耶珈 雪啡 喜奈 而,5
UCC117 即 溶 咖啡 隨身 包 2g100 入 2g100 入,5
媽咪里 啦 手工 餅乾 日本 原裝 進口 UCC 職人 咖啡 濾掛式 咖,5
咖啡 濾杯 耐熱 陶瓷 濾杯 LifeShopping 現貨,5
JC 咖啡 衣索 比亞西達 摩班莎波 那村 G1 水洗 淺 焙,5
KANGOL 袋鼠 不銹 鋼馬克杯 附蓋子 防疫 露營 咖啡,25
餐桌 咖啡 桌洽 談桌 仿古 木 1DiningTable 復,5
海陸 對 決元氣 牛肉 蛋堡 套餐 咖啡 版 20220827,25
海陸 對 決元氣 牛肉 蛋堡 套餐 咖啡 版 20220821,20
ORIHIRO 袋裝 蒟 蒻 果凍 極選 咖啡 風味,40
STARBUCKS 星巴克 派克 市場 烘焙 咖啡 膠囊 12 顆,45
Driver 冰滴 冷萃 兩用 咖啡 冰滴壺 600ml,5
滿額 贈哥斯大黎 加薇 若拉處 理廠 神父 咖啡 水洗 日式 烘焙,25
星巴克 特選 系列 隨手 包 中度 烘焙 咖啡 23g10 入,5
阿本師 香廠 一號 店 精 緻 咖啡 三合 一套 裝組,10
4716908653656 可娜 咖啡 可娜,5
貝納頌 二合一 經典 曼特寧 咖啡 10 入盒,10
蝦幣 5 回饋 TATUNG 大同 咖啡 機 TCM419B,5
現貨 韓國 偶像 劇 KOPIKO 卡布 基諾 咖啡 糖 Cabqui,10
海陸 對決 摩斯 鱈 魚堡 套餐 咖啡 版 20220820,45
一次 取舊 街場 正宗 白 咖啡 3 合 1 榛 果味 38gx15 入,5
超 人力 霸王 泰坦 斯刺 繡 1618CM 咖啡,25
日本 製 24 人份 咖啡 濾紙 100 枚 無 漂白,5
菊子 香 036 咖啡 紅茶 60gx2 入 030 冰紅茶 60gx,10
總匯 歐姆蛋 燒餅 咖啡 套餐 20220829a9ty3,5
一杓 兩用 不 鏽 鋼 兩 用 咖啡豆 勺 封口 夾量 勺 咖啡 勺 茶 葉勺,5
貝納頌 3 合 1 咖啡 經典 拿 鐵 22gx25 超值 二入 組愛買,15
星巴克 活動用 贈 品特 選冰 美式 咖啡 膠囊 12 顆盒 適用,5
珈 琲 人濾掛 咖啡 瓜地 馬 拉特 選小農 綜合 9g6 入,5
江鳥 咖啡 花香 鳳凰 中 淺 焙 咖啡豆 225g 袋,20
海陸 對決 摩斯 鱈 魚堡 套餐 咖啡 版 20220826,20
幸沐 商行 北歐 ins 玻璃杯 方形 杯 金色 印字 甜品 杯 咖啡,5
UCC 法式 深焙濾 掛式 咖啡 8gx12 入網,145
西雅圖 榛果 風味 濃淬 咖啡 球 18mlx40 入盒,255
三洋 有田燒 G102 系列 單孔 咖啡 濾杯 橘紅,5
白 咖啡 坊 綜合 飲品 環保 家庭 號 30 入袋裝 口味 任 搭,5
歐客 佬 農場 掛耳包 咖啡 5 種風味 600 包箱 免運,10
代收 代 付清 涼關 係 學抗 UV 冰 咖啡 紗 背心 OrangeB,15
超值 加購 UCC117 即 溶 咖啡 90g 全站 加購,10
JOY 購 HARIO 喜氣紅 V60 濾泡 咖啡 禮盒 組濾紙,5
星巴克 派克 市場 烘焙 咖啡 膠囊 12 顆 X3 盒,25
咖樂迪 咖啡 農場 Janat 普羅旺斯 系列 水果 風味 茶 2gx4,15
西雅圖 ESP 蜂鳥 曼巴 綜合掛 耳 咖啡 8g10 入 X4 盒,20
AGF 濃縮 咖啡 球 18gx8 入袋 無糖 微糖 任選,5
伯朗 藍山 風味 咖啡 中秋 禮盒 240mlx12 入盒,25
雀巢咖啡 DOLCEGUSTO 冷萃 咖啡 膠囊 12 顆入 x3 盒,10
輕 鬆 境界 100 植斜口 甘蔗 吸管 咖啡 吸管 環保 吸管 6m,10
肥宅 快樂 現貨 AGFBlendyAGF 咖啡 球 可可 膠囊,85
莉 普森 咖啡 生豆 2022 最新 產季 紅標 批次 衣索 比亞,5
江鳥 咖啡 中淺 焙 咖啡豆 x4 袋組 225g 袋罕倩碧果 瑪,50
UCC 冠軍監 修 綜合濾 掛式 咖啡 x6 盒組 10 入盒 蜜漬醇,280
品皇 新品 皇 3in1 咖啡 商用 包裝 1000g 袋 沖 泡,5
附發票 PJOBFlora 極致 開花 睫毛 咖啡 007,35
Nespresso 濃醇 冰 咖啡 膠囊 濃郁 香醇 10 顆條,45
咖樂迪 咖啡 農場 Janat 普羅旺斯 系列 水果 風味 茶 2gx40,5
KSelect 玻璃杯 咖啡杯 吸管 杯水 杯 咖啡 隨行杯,10
微笑 零食 舖 Dripo 牧場 即 溶 牛乳 咖啡 沖 泡紅,20
UCC 典藏 風味濾 掛式 咖啡 8gx12 入 蝦 皮直 送 現貨,10
神崎 家居 USB 充電 多功能 電動 攪 拌 打蛋 奶油 打發 咖啡 奶,5
西雅圖 ESP 蜂鳥 曼巴 綜合掛 耳 咖啡 8g10 入,15
親愛的 白 咖啡 二合一 30 公克 X80 包期效 2024,15
西雅圖 榛果 風味 濃淬 咖啡 球 18g40 入盒 裝免 運 現貨,10
SANGARIA 圓潤 咖啡 飲料 香醇 280ml24 入,5
組 商品 展 23 月 AGF 即 溶 咖啡 系列 299 買 一送 一,35
星巴克 濃縮 烘焙 咖啡 膠囊 57g10 顆盒 適用 於 Nesp,15
HARIOV60 好握 02 黑色 咖啡 壺 VCS02B,10
海陸 對 決元氣 牛肉 蛋堡 套餐 咖啡 版 20220828,35
金車伯 朗曼 特寧風味 咖啡 240mlx2 箱共 48 入,155
麥當 勞冰 經典 美式 咖啡 中即 享券,5
西雅圖 極品 大濾掛 咖啡 耶加雪 芙 10gx5 入盒,5
伯朗 咖啡 曼巴 咖啡豆 x 袋 450 克袋,5
總匯 歐姆蛋 燒餅 咖啡 套餐 20220814y6ens,5
總匯 歐姆蛋 燒餅 咖啡 套餐 20220813y5wj5,5
總匯 歐姆蛋 燒餅 咖啡 套餐 20220813y1zmk,5
7613036958981 星巴克 佛羅娜 綜合 咖啡 膠囊 10,10
臥龍 咖啡 工作室 臥龍 精選 衣索 比亞 柯契爾 狄波 精選微,10
總匯 歐姆蛋 燒餅 咖啡 套餐 20220801a8udz,5
總匯 歐姆蛋 燒餅 咖啡 套餐 20220819z0vty,5
即期 品 小人物 低脂 燕麥奶 咖啡 師 1000mlx6 入,5
Mocca 摩卡 哥倫 比亞濾掛 咖啡 10g15 包盒,5
咖樂迪 咖啡 農場 季節 限定 萬聖節 系列 咖啡豆 200g 包,20
臻 豆坊 瀘掛 咖啡 10g10 包盒 曼特寧 風味,5
古坑 鄉 農會 古坑 咖啡 餅 350g,10
壹 咖啡 經典 冠軍義式 咖啡豆 x3 袋組 454g 袋,5
V60 好握 02 吳須 色 咖啡 壺 VCS02PBU,5
COMBAT 艾樂 跑 男鞋 齒 紋底 耐磨 戶外 鞋 咖啡 FA597,5
金車伯朗 咖啡 曼特寧 風味 二合一 240ml6 罐組,5
NespressoScuro 濃醇 蘇克洛 咖啡 膠囊 強烈 且 平,40
感恩 爹地 超級 大麥 海洋 珍珠 堡 套餐 咖啡 版,145
台鹽 台灣 鹽山 二合一 咖啡 禮盒 x2 盒組 13gx17 包盒,5
星巴克 特選 系列 美好 秋節 咖啡 禮盒,10
咖啡 生豆 熟豆 展示 盤 小型 豆盤 烘豆 測盤 最新款 杯 測盤 喜奈,5
9789864591831 咖啡 自家 烘焙 全書 暢銷 修訂 版,5
現貨耐 熱手 冲 咖啡 壺 滴漏 壺 玻璃杯 玻璃 壺 家用,5
海陸 對決 摩斯 鱈 魚堡 套餐 咖啡 版 20220830,40
咖樂迪 咖啡 農場 MOHEJI 紅豆 糖 80g1 袋,25
最 划算 黃 金曼 特寧濾掛 咖啡 10G10 入愛買,10
伯朗 咖啡 精品 咖啡豆 印尼 弗洛勒斯 x3 袋 250 克袋,5
嘴甜 甜 福伯 頂級 咖啡 糖 100 公克 種 口味 咖啡豆 糖果,65
KEYCOFFEE 濃厚 耳 掛式 咖啡 18 袋裝 108g,15
送 三代 耗材 禮盒 咖啡 隨行杯 Roborock 石頭 科技 掃地,5
送 咖啡豆 勺拉花杯 奶泡杯 刻度 杯 不銹鋼 量杯 咖啡 拉花杯,20
日本 KYOWA 無 漂白 咖啡 濾紙 24 人 80 入約 13252,80
KaKaLove 咖啡 巴西 去 果皮 日曬 處理 南米 納斯產,35
STARBUCKS 星巴克 特選冰 美式 咖啡 膠囊 12 顆 x3,100
STARBUCKS 星巴克 特選 系列 美好 秋節 中秋 咖啡 禮盒,215
AGFMAXIM 箴言 咖啡 金罐 奢華藍 80g 現貨,15
摩卡 咖啡 MOCCA 精選 烘焙 豆 2 磅袋 咖啡豆,10
UCC 職人 系列 炭燒 濾 掛式 咖啡 6 盒組 8gx12 入共 72,20
寶馬 牌椎型 咖啡 濾紙 14 杯用 40 枚 入 6 盒,5
貝納頌 咖啡 深焙 拿 鐵 375mlx2 箱共 48 入,5
商鐵新裝 上市 30 秒 冷萃 咖啡 1 袋 每袋 10 入 附瓶,55
明山 玫伊 com 拿鐵味 咖啡 糖 100g,15
金車伯朗 咖啡 二合一 曼特寧 風味 105gX30 包入,5
味全 36 法郎 典藏 拿 鐵 咖啡 240ml6 入愛買,5
Catamona 卡塔 摩納 南美洲 濾泡式 研磨 咖啡 60 包,5
星巴克 VIA 義 大利 烘焙 即 溶 咖啡 20220811m1,5
N012723366 江鳥 咖啡 RiverBird 鳥語 系列,10
優柏 EUPA5 人份 美式 咖啡 機 STK191,5
開票 手續 費萊爾富 大冰 焦糖 拿 鐵 咖啡,15
橘之屋 木質 咖啡 棒 100 入長 度 14CM 寬 06CMx,5
海陸 對決 摩斯 鱈 魚堡 套餐 咖啡 版 20220831,15
分批 取貝納頌 鑑賞級 極品 咖啡 250ml,10
咖啡 工廠 特選曼 特寧風味 綜合 咖啡豆 450g 包,10
7507 咖啡 法蘭絨 濾布 替換 包 3 片 12 人,10
古坑 農會加 比山 二合一 無糖 即 溶 咖啡 x3 盒組 12gx18,5
最 划算 重 烘培 曼巴濾掛 咖啡 10G10 入愛買,5
純萃 喝超 研磨 咖啡 阿拉比 卡 275ml275ml,290
代 收付 濾掛式 咖啡 精裝 禮盒 20 包,5
8 月 1 版 臥龍 咖啡 工作室 精品 咖啡豆 咖啡豆 買 一包 送 一包,70
八根 精品 咖啡 衣索 比亞 耶加雪啡 水洗 慢乾 淺 焙,5
臥龍 咖啡 工作室 臥龍 精選 衣索 比亞耶加 雪菲沃卡 切切 擂,5
RJ 購現貨 UCC 職人 精選濾 掛式 咖啡 一箱 7g75 入,10
omax 無 漂白 咖啡 濾紙 24 杯用 800 入 10 包裝,5
Balzano 滴漏式 咖啡 機 BZCM1093 通過 BSMI 商,10
咖樂迪 咖啡 農場 MOHEJI 明太子 風味 仙貝 64g1 包,50
拚 全台 最低 價 304 保溫 咖啡杯 保溫杯 隨行杯 咖啡,95
ASAHI 朝日 WONDA 早安 咖啡 179mlx30 入,10
玉如 阿姨 豐爆 水感 內衣 0490 咖啡 無鋼圈 低 脊 心包 副,5
台灣 玻璃 450ML 耐熱 咖啡 壺玻柄,5
西雅圖 原味 濃淬 咖啡 球 18mlx10 入 x4 盒,45
德國 JACOBS 即期 品 皇冠 2 合一 即 溶 咖啡 168G 效,5
咖啡 工廠 特選 美式 風味 綜合 咖啡豆 450g 包,20
海陸 對決 摩斯 鱈 魚堡 套餐 咖啡 版 20220824,20
海陸 對決 摩斯 鱈 魚堡 套餐 咖啡 版 20220821,20
CARL 卡爾環保 豆腐 貓砂 咖啡 6Lx6 包組 32002,5
camacafe 量販 包鎖 香 煎 焙 濾 掛式 咖啡 醇厚 焦糖,5
瑞典 廚房 304 不 鏽 鋼 長 柄 攪 拌勺 2 入 咖啡 冰品 甜品 湯,5
STARBUCKS 星巴克 即期 品濾掛 咖啡 春季 精選 風味禮,20
江鳥 咖啡 夏季 限定 楊枝 甘露 中淺 焙 咖啡豆 225g 袋,20
台灣現 貨附 發票 孔 劉拿鐵 30 入 韓國 咖啡 MAXIMKA,20
西雅圖 咖 柏斯 優萃 浸泡 式 咖啡 8g50 包好市 多 COSTCO,5
TGC 巴西 皇后 單品 咖啡豆 半磅 227 克古坑 咖啡 精,5
GIMOKA 咖啡 膠囊 4 盒組 5 種風味 任選 10 顆盒 N,5
星巴克 星巴克 即 溶 咖啡 春季 綜合 禮盒,10
UCC 典藏 風味濾 掛式 咖啡 8G12 入愛買,10
江鳥 咖啡 夏季 限定 榛果 金莎中 焙 咖啡豆 225g 袋,10
西班牙 布朗 尼 先生 咖啡 風味 200g,5
米諾 咖啡 買 一送 一迷霧 耶家雪夫 咖啡豆 中淺 烘培 半磅 5,15
咖樂迪 咖啡 農場 MOHEJI 宇治 深 煎 抹 茶 18gx14 入,20
午后 時光 嚴選 咖啡 曼特寧 風味,10
雀巢咖啡 週期購 DolceGusto 咖啡 膠囊 717 口,30
咖樂迪 咖啡 農場 SootThai 泰式 料理 調理 包任 選,5
分批 取伯 朗曼 特寧 二合一 咖啡 240ml,100
即品 拿 鐵 69 元起 西雅圖 極品 咖啡 10 包即品 拿,5
即期 出清 MMC 美味 咖啡 200g 罐,5
植纖 6 吋 方型 漢堡 盒 50 入 可降解 餐盒 咖啡 廳 餐盒 網紅 餐盒,20
統一 左岸 咖啡 館昂列 奶茶 240ml 杯 950490,5
好代 GO 特價 西雅圖 即品 拿 鐵 二合一 咖啡 無 加糖 100,5
VIPUCC 即 溶 咖啡 口味 任選 117114 芳醇 90,5
綜合 風味 即 溶 咖啡 買二送 一 優惠組 20230412b8k,5
代收 代付 UCC 法式 深焙濾 掛式 咖啡 8G12 入愛,10
父親 節禮物 贈品 禮物 包金 莎 巧克力 3 顆入 濾 掛式 咖啡 2 包,5
附發票 Maxwell 麥斯威爾 3 合 12 合 1 咖啡 系列 2,10
一合 咖啡 鋪 混 搭 多件 優惠 1 磅 只要 160 元特級 綜合 特級,50
世界 GO 韓國 MAXIMKANU 卡奴 孔劉 咖啡 香草 拿 鐵,15
統一 左岸 咖啡 館昂列 奶茶 240ml 杯 240ml,1010
9789869462518 在 咖啡 冷掉 之前 電影書 腰版,20
KEYWAY 聯府面 寬 40 墨妮 抽屜 整理 箱 2 入 咖啡 立,10
西雅圖 ESP 濾泡 咖啡 尼加雪 芙 7gx20 入袋 裝可,5
杜老爺 歐 布雷克 愛爾蘭 咖啡 甜筒 80g45g4 支盒,65
新 配方 超香 濃卡布 奇諾白 咖啡 便利 家庭 號 30 入袋裝,10
即期 品 NG 品出 清澤合 怡保 白 咖啡 系列,5
德里 斯 Delicioso 咖啡 嘗鮮 組合 北非 諜影 10 入,5
咖樂迪 咖啡 農場 獨創 商品 杏仁豆腐 糖 81g1 包,10
漢堡 王 BurgerKing 美式 研磨 咖啡 冰熱 兩入 組活,115
船 鼻子 咖啡豆 袋八邊 封 牛皮 紙袋 站立 夾鏈 袋 日式 咖啡 袋,25
UCC 冠軍監 修 甘醇 橙香濾 掛式 咖啡 10g10 入,5
伯朗 嚴選濾掛 咖啡 焙郁 醇香 風味 10G10 入愛買,5
歐客 佬 衣索 比亞紅 櫻桃計 畫古吉 茉莉 水洗 G1 咖啡,5
8411037892339 西班牙 布朗 尼 先生 布朗 尼 咖啡,10
送杯 刷 咖啡 隨行杯 咖啡杯 保溫 咖啡杯 500ml30,10
海陸 對決 摩斯 鱈 魚堡 套餐 咖啡 版 20220817,10
開發票 西雅圖 無 加糖 二合一 咖啡 21 公克 X10 包 Costc,15
米諾 咖啡 買 一送 一哥倫 比亞哈 利王子 咖啡豆 中 烘培,10
竹香 咖啡 濾泡式 10gx10 入山 豬園,15
Maxwell 麥斯威爾 即期 品特 濃 3 合 1 袋裝 咖啡 25 入,130
日本 HARIO 冷泡 冰釀 咖啡 壺 1000ml 兩色 隨,5
AGF 濃縮 咖啡 球絕 對 現貨 BLENDY 味,15
蕎拉燕麥 裸 食燕麥 230g3 包 5 包茶 包濾 掛式 咖啡 口,5
任選 25 包出貨 50 包哥 倫比亞 托利 馬 小農 精選掛 耳 咖啡,5
星巴克 單一產區 蘇門 答臘 咖啡 膠囊 10 顆盒 適用 於 Nespr,50
任選 25 包出貨 50 包巴拿馬藝 伎 風味掛 耳 咖啡 OKLA,5
Costco 好市 多代 購親 愛的 二合一 白 咖啡,5
德國 Melitta 美樂家 金牌 即 溶 咖啡 100gX3 罐賞,5
買 一送 一江鳥 咖啡 花香 鳳凰濾 掛式 10 入盒,10
黑沃 咖啡 精選 世界 淺 焙 10 入禮盒,5
MOCCONA 摩可納 3 合 1 即 溶 咖啡 5 盒箱 購組 2 種口,5
台灣現 貨北 歐風 多功能 不 鏽 鋼 金色 二合一 咖啡 勺 收納量 勺,5
綠貝 304 不銹鋼 平匙 圓柄方 柄 湯匙 咖啡 匙 野餐,5
AGFBlendy 柔香 即 溶 咖啡 70g 良品 小倉,50
UCC 冠軍監 修 甘醇 橙香濾 掛式 咖啡 10g10 入,5
HARIO 虹吸式 咖啡 壺 TCA 上杯 BUTCA3,5
買二送 一西雅圖 濃淬 咖啡 球 18ml10 入共 3 盒原,35
嘉騰 小 舖 KOPIKO 咖啡 糖 300 公克 600 公克,5
歐客 佬 療心 咖啡 館思戀 的 綻 放 非洲 特調 水洗 掛耳包,10
二手 咖啡 麻布袋 CISA 吉妮 雜貨,5
台灣 現貨 C003 時尚 保溫 咖啡杯 510ml 咖啡 隨行,120
買 一送 一江鳥 咖啡 巴西 創世計 畫濾 掛式 10 入盒,35
日本 Haikara 齋藤珈 琲 神戶 調和濾掛 系列 嗜 咖啡 極,20
HARIOVCS 系列 V60 好握 黑色 咖啡 壺 3,5
霞海 城隍 廟 月 老嚴 選紅線 咖啡 掛耳包,80
41 尋豆師 精選濾 掛式 咖啡 經典 風味 中,5
7613036961646 星巴克 濃縮 烘焙 咖啡 膠囊 10 顆,25
UCC 冠軍監 修 甘醇 橙 香濾掛 咖啡 10g10 入,65
保溫杯 隨行杯 咖啡杯 隨手 杯 咖啡 保溫杯 不 鏽 鋼 保 溫 杯 直,25
蠻荒 咖啡 掛耳 包濾掛 包 35 元區,25
N011722550 美國 OXOPOP 按壓 保鮮盒 配件 咖啡,5
澳洲 RobertTimms 黃 金哥 倫比亞 研磨 咖啡 20,5
HAMAYA 極 EX 濾式 咖啡 特級 7gx18 袋入,5
COACH 立體馬車 LOGOPVC 皮扣 中夾 咖啡 紅,5
ASAHI 朝日 Wonda 金微 糖 咖啡 182mlx15 入,5
巴黎 旅人 C01 拿 鐵 咖啡 無 加糖 款 10 包盒,10
TGC 古坑 咖啡 即 溶 系列 牛皮 紙袋 經濟型 包裝,5
伊万 里 陶芸 富士山 型 氧化 鋁礦石 咖啡 濾杯 免濾紙 綠,5
日本 協和紙 工無 漂白 咖啡 濾紙 80 入,5
神戶 齋藤珈 琲 店濾 泡式 咖啡 隨機,5
咖樂迪 咖啡 農場 明太子 調味粉 44gx3 袋,25
KalitaNK103 漂白 濾紙 100 入 咖啡 濾紙,15
台灣現 貨附 發票 韓國 MAXIM 咖啡 100 入 50 入多,25
步昂 咖啡 蜜處理 哥斯大黎加 塔拉 珠 半磅 起中 焙手 沖,20
HM3D 雙效 眉筆 03 深 咖啡 POE03,45
大衛洋 咖啡 音樂家 系列 巴哈 中淺 烘焙 濾掛式 10 包,5
感恩 爹地 照燒 青梅 豬排 堡 套餐 咖啡 版 2022080,55
海陸 對 決元氣 牛肉 蛋堡 套餐 咖啡 版 20220829,25
建銓 古坑 藍山 3 合 1 咖啡 17gx25 包家樂福,5
日本 MARKS 和 紙膠 帶多色 城市 咖啡 桌,5
FELLOWAtmos 真空 密封罐 玻璃 07L 咖啡 密,10
珈 琲 人濾掛 咖啡 衣索 比亞小農 精選 9g6 入,10
現貨 韓國 直進 孔劉 KANU100 入冰 美式 咖啡 冷,5
UCC 鑑定士 系列 嚴選 香醇 綜合 咖啡 膠囊 75gx12,10
MILKLAB 嚴選燕 麥奶 1000ml 咖啡 師精選 系列,5
開票 手續費 一加 一 咖啡 牛乳 專賣店,5
Kyowa 無 漂白 咖啡 濾紙 24 杯 50 枚,570
Maxwell 麥斯威爾 香醇 原味 3 合 1 咖啡 40 入 x14,5
AGF 微奢華 咖啡店 芳醇 即 溶 咖啡 補充 包 70g 袋,20
晶典 小品 濃 咖啡 凍 4 入組 100g4 入 100g4,170
星巴克 家常 美式 咖啡 膠囊 12 顆 X3 盒,5
美廚 咖啡 攪拌 棒 50 入 x2 包入,10
MRBROWN 伯 朗伯 朗 咖啡 藍山 風味 240ml2,15
STARBUCKS 星巴克 特選 系列 美好 秋節 咖啡 禮盒 即,5
有 機濾 泡式 咖啡 哥倫比亞 水洗 10gx6 包 祥和 瑞,5
OKLAO 歐客 佬 閱讀 咖啡 世界 精品 掛耳禮盒 果香 厚實 2 種,5
Kalita103 系列 無 漂白 盒 裝濾紙 40 入 咖啡 濾紙,10
HERAN 禾聯 LED 微電腦觸 控義式 咖啡 機 HCM1,10
星巴克 濃縮 烘焙 濃縮 咖啡 膠囊 單盒 12 入,5
團購 組合超 便宜 日本 UCC 濾掛式 咖啡 職人 精選 7,5
BuonCaffe 步昂 咖啡 水洗 瓜地 馬 拉 花神 中 焙,5
Kalita101 系列 無 漂白 咖啡 濾紙 40 入 特殊 紋理,15
金車伯朗 嚴選濾掛 咖啡 陽光 馥郁 焙郁 醇香 x2 盒 10g,10
西雅 圖晨間 陽光濾 泡 咖啡 10g10 入盒,5
波士 多現 貨免 運發票 UCC 即 溶 咖啡 114117 即 溶,5
升級 兩 用款 不 鏽 鋼 咖啡 保溫杯 咖啡杯 隨行杯 隨身 杯水 杯,5
喬尼亞 咖啡 Breville 水箱 濾心 3 入組 原廠 濾,5
代收 代付 任選 四包 陪 你 購物網 得力 咖啡 二合一 三合,5
KJ 的 雜貨 舖 KOPIKO 印尼 咖啡 糖 6003,10
50 入 100 入 平均 每個 14 元掛 耳 咖啡 濾袋 掛耳式,20
凱令 KYLENE 嚴選 豆奶 系列 豆奶 咖啡 風味 卡夫,10
江鳥 咖啡 巴西 COE 常勝 軍 皇后 莊園 中 焙 咖啡豆 225,10
咖啡 創意 熟 拚 保留 各產地 特色 風味熟 拚 分鍋 烘培 精品 亞洲,5
7613039300091 星巴克 特選 系列 中度 烘焙 咖啡 中,15
日本 KINTOSCS 玻璃 咖啡 壺共 兩款 WUZ 屋子 台,5
商鐵濾 掛式 咖啡 嘗鮮試 喝 單包 4 種 口味 任選 熱銷 單包,15
海陸 對 決元氣 牛肉 蛋堡 套餐 咖啡 版 20220823,15
星巴克 掛耳式 咖啡 派克 市場 烘焙,5
分批 取 生活 良好 特調 濾杯 咖啡 7gx20 包,5
Starbucks 星巴克 單一產區 蘇門 答臘 咖啡 膠囊 10 顆,5
璞 珞珈 琲 嚴選濾掛 咖啡 橙皮 巧克力 0150 入袋,5
嘉騰 小 舖 KOPIKO 咖啡 糖片裝 每包 24 公克 產地,5
UCC 珈 琲 對 話 曼 巴特 調濾掛 咖啡 8g8 入加,5
OKLAO 歐客 佬 品鑑 咖啡 大全 精品 掛耳禮盒 20 入盒,5
咖樂迪 咖啡 農場 SPICEUP 彩虹 胡椒 48g1 罐,5
公司 貨 OXOPOP 按壓 保鮮盒 配件 咖啡 量匙 篩,50
純萃 喝超 研磨 咖啡 阿拉比 卡 135405,5
台灣 現貨 陶瓷 保溫杯 510ml 大容量 咖啡杯 咖啡 隨行,70
特價 金色 太妃糖 咖啡 糖 四合 一包 裝袋 100 入 L101,5
卡瑪 生活 館 KOPIKO 卡布 基諾 咖啡 糖卡布 奇諾 咖,10
咖樂迪 咖啡 農場 Monsurro 義 大利 直 麵 14mm5,15
KOPIKO 可比 可 咖啡 糖 150 克袋裝 印尼 製,5
9789861332796 武昌 街 一段 七號 他 和 明星 咖啡 廳 的 故,5
麥當 勞勁辣 x9DC4 腿堡 熱經典 美式 咖啡 中 2 份 即享,30
波士 多現 貨免 運發票 山本 MMC 美味 咖啡 200g 玻璃,5
NewEraMLB 聖地牙哥 教士 球員 比賽 用帽 咖啡,5
TIMEMORE 泰摩 第三代 黑鏡 BASICTW 手 沖 咖啡,15
4711048147140 星巴克 咖啡 編織 銅章 證件 掛牌,10
可愛湯匙 304 不 鏽 鋼 貓 咪 造型 短勺 5 入 可 掛杯 咖啡 匙,5
免運 現貨 CD 生活 館 簡約 餐桌 咖啡 桌會客 桌快 餐桌,5
小獅 王馬卡龍 萬用 蓋 寬口 標準 藍粉 綠 咖啡,5
感恩 爹地 超級 大麥 海洋 珍珠 堡 套餐 咖啡 版 202208,255
經典 拉格 咖啡 精釀 啤酒 500ml 短,15
女皇 咖啡 花神 安提瓜 精選現 烘 咖啡豆 X1 磅 454g 袋,5
現貨 日本 LUCKY 小 橡皮筋 50 入 黑 咖啡 日本 製,5
9789863448051 摩卡 僧侶 的 咖啡 煉金 之 旅從 葉門 到 舊,5
2022 中秋 迷人 YOU 可愛濾掛 咖啡 禮盒,25
UCC 巴西 咖啡豆 450g 包淺 焙 適合初 接觸 咖啡 者 嘗試,10
西雅圖 濃淬 咖啡 球 原味 榛果 風味 2 種風味 新 包裝 冷,5
UCC 職人 系列 典藏 深焙炭燒 綜合濾 掛式 咖啡 6 盒組 8,105
CHENSON 真皮 6 卡 行照 零錢 夾零錢 包 咖啡 W202,10
比菲多 純萃 喝超 研磨 咖啡 阿拉比 卡深 焙 拿 鐵 275ml,115
西雅圖 濃淬 綜合 咖啡 球 10 入 x4 盒 原味 x2 榛果 風味 x2,100
日本 三洋 產業 無 漂白 扇形 咖啡 濾紙 57 人份 100 枚 入,5
咖樂迪 咖啡 農場 Janat 黑標 系列 原味 格雷伯爵 茶 2gx25,10
杜老爺 咖啡 戀 人大 雪糕 84g5 入盒,50
烘焙 者 咖啡 義 大利 耳掛 10 包入,5
0824 左岸 咖啡 館 任選 2 件 49 元 106J,25
coffeeplay 陶瓷 錐形 咖啡 濾杯 12 杯,5
海陸 對 決元氣 牛肉 蛋堡 套餐 咖啡 版 20220819,15
米諾 咖啡 買 一送 一巴拿馬 卡斯特 拉拉 藝妓 日 曬 處理 半磅 19,5
西雅圖 榛果 風味 濃淬 咖啡 球 18gx40 入盒,310
PO 研磨 過濾 咖啡 玻璃杯 240ml 紅,5
米諾 咖啡 買 一送 一薩爾瓦多 勇士 莊園 咖啡豆 中 烘培 半,5
JOY 購 日本 HARIOV60 耐熱 咖啡 沖 泡壺 700ml,5
THOMSON 錐磨 全自動 研磨 咖啡 機 TMSAL04DA,5
澤合 怡保 白 咖啡 二合一 中秋 禮盒 組 16gx60 包組 無糖,10
ORIGAMI 日本 摺紙 咖啡 BarrelAroma 陶瓷,5
Maxim 韓國 KANU 薄荷 巧克力 拿 鐵 咖啡 173g,5
DiFluid 咖啡 濃度 測試儀 DTTDS01 濃度計,5
日本 製 Dripbag 濾泡式 咖啡 藍色 中深 焙 80 包入,10
卡飛亞 COFFEA 單品 義式 濃縮 咖啡 液耶加雪菲 25ml,5
代收 代付 韓國 MAXIM 麥心 KANU 美式 中 焙 咖啡 超,15
義 大利 金杯 咖啡 王子 咖啡豆 250GR 健康 低 咖啡因,5
Maxwell 麥斯威爾 MAXIM 典藏 咖啡 環保包 140,50
MRBROWN 伯 朗伯 朗金典 義式 咖啡 膠囊 10 入盒,5
分批 取西雅圖 極品 咖啡 貝 瑞斯 塔 2121gx18 入,10
HARIOV60 耐熱 玻璃 雲朵 咖啡 壺 360ml202,5
日本 AGF 冷泡 即可 咖啡 隨身 包 16g 現貨 蝦 皮直 送,15
現貨仙 德曼 SADOMAIN 山毛櫸 咖啡豆 匙 木 製 咖啡 匙,5
9789571392011 開一間 鼓勵 交流 的 社群 咖啡 館 Co,5
Starbucks 星巴克 單一產區 哥倫比亞 咖啡 膠囊 10 顆,5
N012484269 哈亞 極品 咖啡 冷泡 系列 巴拿馬給 夏,5
UCC 咖啡 對話 系列 曼 巴特 調 中南美 特調 8gX8 入盒,15
米森 vilson 無加 糖分 離 乳清 蛋白 飲 咖啡 拿 鐵 35,5
Solone 天生 好手 極細 三角 眉筆 02 咖啡 棕,45
CHENSON 真皮 簡約 3 卡零錢 包票 卡夾 咖啡 W00,10
TGC 大尖山 台灣 古坑 高山 二合一 咖啡 禮盒 12 公克 50,10
買 CITY 指定 咖啡 享糕 點省 20 元 0Z2,5
湛盧 咖啡 繽紛 莊園 單品 系列 咖啡豆 2022 年 7 月 新 上市 推,5
OB 嚴選 咖啡 廳 家族 冰淇淋 蘇 打印 花短 TKG1283,5
雀巢咖啡 DOLCEGUSTO 星巴克 家常 美式 咖啡 膠囊 單盒 1,10
麥當 勞豬 肉 滿福堡 加蛋 中杯 熱經典 美式 咖啡 即 享券,5
JC 咖啡 衣索 比亞耶加 雪菲碧洛雅村 G1 日 曬 淺 焙,5
JC 咖啡 衣索 比亞 希達馬 丹比 處理廠 G1 日 曬 淺 焙,5
海陸 對 決元氣 牛肉 蛋堡 套餐 咖啡 版,110
HARIO 無 漂白 錐形 咖啡 濾紙 14 人份 100 枚 入,5
步昂 咖啡 夏日 冰拿鐵派 對 2 件 半磅 組 2 件 1 磅 組中 焙 中,10
3 點 1 刻 微米 冷萃 咖啡 30 包盒 蝦 皮團購,5
免運電子 發票 韓國長 柄 勺子 攪拌 湯匙 環保辦 公室 咖啡 勺,20
MRBROWN 伯朗 即期 品義式 咖啡 膠囊 衣索 比亞 1,15
7613039210055 星巴克 特選 系列 深度 烘焙 咖啡 深,20
免 封口 機 半磅 氣閥 咖啡 袋 10 入食 藥署 檢驗 合格,65
臥龍 咖啡 工作室 臥龍 精選 衣索 比亞耶珈 雪啡 伊迪朵 G,20
台灣 現貨 304 不 鏽 鋼 湯 匙 不 鏽 鋼 餐具 湯匙 咖啡 匙 小叉,5
STARBUCKS 星巴克 拿 鐵 咖啡 膠囊 12 顆 x3 盒,15
RoyalDuke 骨瓷 咖啡 對杯 組 2 款 任選 咖啡杯 馬,5
西雅圖 極品 貝 瑞斯 塔 31 咖啡 23g50 入袋裝,5
麥當 勞冰 經典 美式 咖啡 中 5 杯 即 享券 分次 使用,35
Cofeel 凱飛 我的貓 BOSS 耶加雪菲濾掛 咖啡 掛耳 咖,5
咖樂迪 咖啡 農場 即期 品 SPICEUP 大西洋 海鹽 90,5
咖樂迪 咖啡 農場 LaPreziosa 義 大利 整顆 切塊 番,80
illy 意利中 焙 咖啡 掛耳 50 包總 代理 公司 貨,5
7613036959063 星巴克 單一產區 蘇門 答臘 咖啡 膠囊,5
神戶 Haikara 神戶 咖啡 原味 8gx10 袋,15
買 一送 一西雅 圖濾 泡 咖啡 晨間 陽光 星光 燦爛 共 2 盒,5
UCC 冠軍監 修 甘醇 橙 香濾掛 咖啡 132G 超值 二入 組愛買,15
超殺 價西雅圖 黃 金 淺 焙 無 加糖 二合一 咖啡 單包 19g20,5
N011785102TELITA 咖啡 紗條 紋 方巾 12 入組 混,5
壹 咖啡 耶家雪夫 咖啡豆 x3 袋組 227g 袋,5
代收 代付 雀巢 美式 經典 濃郁 咖啡 膠囊 128g3 入組,10
嚴選 SHOP100 入曲線 布丁 匙 咖啡 匙 造型 獨立 包裝,15
商鐵 沖 一杯 義式 特調 咖啡 盒裝 5 入 一份 6 克買 一送 一,5
西雅圖 極品 貝 瑞斯 塔 31 咖啡 23g18 入原 裝盒,15
代收 代付 嘉騰 小 舖 AGFMAXIM 華麗柔順 咖啡,20
Besteck 布莎特 咖啡 匙 水果 叉 WUZ 屋子,5
4710015117452 星巴克 星巴克 脆米星 咖啡 焦糖 風,100
開票 手續費 MLcoffee 慕光 咖啡 工作室,5
日清 咖啡 牛奶 風味 可口 奶滋 120g,5
9789863444688 咖啡 館 推理 事件簿 5 願 這杯 鴛鴦奶,5
現貨 西雅圖 藍山 風味 拿 鐵 咖啡 21g50 入有 糖,5
4710498001583 星巴克 特選 系列 月 圓秋聚 咖啡 禮盒,210
波勒 芬 高原 阿拉比 卡濾掛 咖啡 10g3 加,5
烘焙 者 咖啡 蘇門 答臘曼 特寧耳掛 10 包入,5
MILKLAB 嚴選 豆奶 1000ml 咖啡 師精選,5
美國 Oster 奶泡 大師 二代 5 隨享 義式 咖啡 機搖滾 黑,10
小獅 王辛巴蘿蔓 拇指 安撫 奶嘴 6m 藍粉 咖啡,5
Starbucks 星巴克 早餐 綜合 咖啡 膠囊 新 上市 10 顆,10
GW 咖啡 濾紙 無 漂白 12 人 50 入,40
王樣 皇冠 小匙 小叉 咖啡 匙 水果 叉,15
韓國 孔劉 咖啡 MAXIM 麥心 KANU 中 焙 薄荷 巧克力 拿 鐵,5
免運現 貨西雅圖 約克夏 奶茶 100 包西雅圖 極品 咖啡 即品 約 克,10
麥當 勞豬 肉 滿福堡 加蛋 冰經典 美式 咖啡 中 2 份 即 享券 分次 使用,240
日本 KALITACaffeTall 隨身 咖啡 濾杯 天空 藍,5
附發票 王樣 OSAMA 義式 餐具 咖啡 匙 餐匙 餐叉 水,5
摩卡 3 合 1 隨身 包 咖啡 15g28 入香 濃拿鐵,10
預購 優惠 HWC 迷人 YOU 可愛濾掛 咖啡 禮盒,5
夏綠 蔕 蔬食 烘焙 咖啡 青海 店 兌換券,15
illy 咖啡豆 任選 250gx3 罐中 烘培 豆低 咖啡,50
GW 咖啡 濾紙 無 漂白 24 人 50 入,50
Mocca 摩 卡曼 特寧 咖啡 16g30 包袋,20
暢銷品 無 糖原 味白 咖啡 便利 家庭 號 30 入袋裝,10
分批 取西雅圖 極品 咖啡 貝 瑞斯 塔 3123gx18 入,10
現貨 商品 保固 手 沖 咖啡 電子 秤 LifeShoppin,5
89zone 法式 奢華 復 古 糖果 邊夾 髮 夾 12 入 咖啡,5
Doutor 羅 多倫濾 掛式 咖啡 濃郁 7gx8 包袋,5
BTS 冷萃 咖啡 270ml 美式 香草 風味 拿 鐵,15
商鐵濾 掛式 咖啡 耶加雪菲 盒裝 5 入 一份 10 克買 一送 一,5
福樂 保久乳 咖啡 歐蕾 200mlx6 入 x4 組,10
HARIO 微波 耐熱 咖啡 壺 700ml 原廠 日本 製,5
TIMEMORE 泰摩 咖啡 玻璃 分享 壺黛 黑色 360ml,5
Beanies 即 溶 咖啡 香橙 巧克力 風味 50g,5
即期 特賣 肯 寶 KB99 防彈 綠拿鐵 咖啡 8 入 添加 綠,15
Melitta 德國 美樂家 12 咖啡 濾紙 40 片裝 X3 入,35
生活 King 日本 寶馬 牌錐型 咖啡 濾紙 濾袋 120 枚 入 1,5
摩卡 咖啡 MOCCA 法式 拿 鐵 二合一 隨身 包無糖 10,15
IRIS 豆腐 貓砂 6L 原味 綠茶 竹炭 咖啡 四包 組,5
濃縮 意式 咖啡 雙嘴 量杯 耐熱 玻璃 70ml150ml 多功能,5
莉 普森 咖啡 生豆 商用 配豆 衣索 比亞日 曬 西達摩 G,5
HARIO 耐熱 玻璃 咖啡 壺 1000ml 可 微波 日本 製,10
0 元 即免 運西雅 圖貝 瑞斯 塔無糖 二合一 咖啡 21g100 入非,5
TOMFORD 小 香水 34ml 暖陽橙花 神秘 東方 咖啡 玫,10
日本 Asahi 朝日 DOUTOR 黑 咖啡 480ml,5
台灣 玻璃 syg 精 緻 耐 熱 咖啡 壺黑蓋 360ml600m,15
小獅 王辛巴蘿蔓 拇指 安撫 奶嘴 0m 藍粉 咖啡,15
星巴克 焦糖 瑪奇朵 咖啡 膠囊 12 顆 X3 盒,5
福伯 咖啡 糖 500g 任選 原味 特濃 榛果 綠茶 香草,40
日本 HARIOV60 錐型 漂白 01 咖啡 濾紙 漂白,10
Melitta 德國 美樂家 12 咖啡 濾紙 40 片裝,5
咖樂迪 咖啡 農場 瀨戶 內 檸檬風味 大蒜油 漬 牡蠣 3 入組 70g,5
74 盎司 FIT 時尚 三折 短夾 零錢袋 N510 咖啡,5
特力屋 金 格拉斯 單色 細線 簾 90x180cm 咖啡,5
現貨樂集 LJ99014 街景 系列 轉角 咖啡 廳袋裝,5
即品 拿 鐵無糖 65 元西雅圖 極品 咖啡 即品 拿 鐵 二合,30
星巴克 太妃 核果 風味 拿 鐵 咖啡 膠囊 12 顆盒 適用 於,10
珈 琲 人濾掛 咖啡 衣索 比亞小農 精選 9gX6 入,10
咖樂迪 咖啡 農場 獨創 商品 白 胡椒粉 20g1 包,15
台灣 現貨 多功能 隨行 咖啡杯 一蓋 兩用 304 不 鏽 鋼 咖啡 保溫杯,5
曲屋 咖啡 巴拿馬瓦肯 山谷 卡門 莊園 特別 版 水洗 日 曬 中,5
開票 手續 費夏綠 蔕 蔬食 烘焙 咖啡 青海 店,10
午后 時光 重乳 咖啡 拿 鐵 330ml24 箱 AB330m,5
一次 取 午后 時光 重乳 咖啡 拿 鐵 330mlx6 入,25
現貨 西雅圖 極品 咖啡 貝 瑞斯 塔 二合一 無 加糖 100 包 任意,5
海陸 對 決元氣 牛肉 蛋堡 套餐 咖啡 版 20220825,25
商鐵經典 即 溶 咖啡 直式 卡布 奇諾 盒裝 10 入 一份 25 克,5
Kalita102 系列 無 漂白 盒 裝濾紙 40 入 咖啡 濾紙,5
KANU 美式 黑 咖啡 深度 烘焙 10T16g,25
商鐵新裝 上市 30 秒 冷熱萃 咖啡 組 3 袋 每袋 10 入,5
西雅圖 濃黑冰 咖啡 33g12 入盒 裝免 運附 發票 最,30
任選 25 包出貨 50 包哥斯大黎 加薇 若拉處 理廠 神父 咖啡,5
西雅圖 原味 濃淬 咖啡 球 x4 盒 18mlx10 入盒,25
莉 普森 咖啡 生豆 2021 最新 產季 哥倫比亞 考卡省 天堂 莊,5
西雅 圖貝 瑞斯 塔無糖 二合一 咖啡 10g100 入 小包 裝冷熱,15
福樂 咖啡 歐蕾 200ml24 入營養 早餐 推薦網,5
現貨 日本 DOUTOR 醇厚 無糖 即 溶黑 咖啡 隨身 包,5
約克夏 奶茶 100 包西雅圖 極品 咖啡 約克夏 奶茶 2,60
ChloeWoody 經典 帆布 托特 包 手提包 中號 咖啡,5
世界 冠軍特選 Berg 批次 GK 咖啡 200g 日曬水,5
巴迪 雙倍 特濃香濃 原味 3in1 咖啡 包 25 入,5
代收 代付 摩卡 二合一 白 咖啡 25gx15 入袋 愛買,10
HWC 黑沃 咖啡 序曲 系列 咖啡豆 1 磅 454g3 包,5
海陸 對 決元氣 牛肉 蛋堡 套餐 咖啡 版 20220824,10
樺山古 坑式 3 合 1 咖啡 300 包 以上 請用 宅配,5
WacacoPicopresso 高階版 隨身 咖啡 機 最新 第三,10
推薦 商品 UCC 上島 咖啡 拿 鐵 270ml,15
現萃 單品 咖啡 包醒腦 配方 經典 5 入 x115g 浸泡 式,5
德國 JACOBS 皇冠 經典 即 溶 咖啡 36G 烘培 咖啡豆,20
N012909112 湛盧 咖啡 繽紛 莊園 單品 系列 咖啡豆 200,5
KaKaLove 咖啡 哥倫 比亞薇拉省 特選 酒香 日 曬,5
永信 HAC 綜合 B 群口 含錠 咖啡 歐蕾 口味 120 錠 包,5
WILDGREEN 冶綠有 機棉 咖啡 濾袋 兩片裝,5
麥當 勞豬 肉 滿福堡 加蛋 冰經典 美式 咖啡 中即 享券,475
LAMINA 咖啡 紗平 單式 保潔 墊 1 入 單人,5
韓國 caffebene 咖啡 伴 即期 品 MANO 美式,5
夏日 感謝 祭樂活 牛肉 堡 套餐 咖啡 版,5
西雅圖 藍山 風味 拿 鐵 咖啡 有糖 21g50 入 100 入,10
超殺 價西雅圖 黃 金 淺 焙 無 加糖 二合一 咖啡 單包 19g10,10
STARBUCKS 星巴克 派克 市場 烘焙 咖啡 膠囊 12 顆 x,5
STARBUCKS 星巴克 濃縮 烘焙 咖啡 膠囊 12 顆 x3 盒,5
POYA 巴拿馬 花蝴蝶 茉莉 甜香 咖啡 10g,30
冷萃 咖啡 便利 包 01 經典 拼配 新產品 04 舞子 拼配,10
德里 斯 Delicioso 咖啡 特選 經典 禮盒 30 入贈 時尚,5
AGF 華麗濾式 咖啡 特級 8gx14 包袋,30
KANU 漸層 奶香 拿 鐵 雙拿鐵 咖啡 禮盒 組 135gx40,15
Maxwell 麥斯 威爾特濃 3 合 1 咖啡 40 入 x13g,5
蕎拉燕麥 纖女 燕麥 150gX35 包茶 包濾 掛式 咖啡 口味,5
玉如 阿姨 荊棘 薔薇 內衣 0615 咖啡 CDE 罩 大 罩杯,5
野村 煎 豆 4 連美樂 圓餅 咖啡 風味 120g,10
肯寶 KB99 防彈 咖啡 入門 體驗 包量 販包 24 入高,15
中杯 咖啡 系列 免費 升級 大杯,180
韋恩特濃 咖啡 320ml4 罐組 320ml4 罐組,550
咖樂迪 咖啡 農場 RoiThai 泰國 綠 咖哩 250ml,25
JustHome 貓樂園 可 掛式 陶瓷杯 緣子 咖啡 匙 4 件 組超,5
米諾 咖啡 買 一送 一衣索 匹亞古 吉金 雷 那 plus 金猴,5
波士 多現 貨免 運發票 AGFBlendyStick 咖啡,10
咖樂迪 咖啡 農場 Janat 黑標 系列 蜜桃 洋梨風味 茶 2gx2,10
星巴克 哥倫 比亞義式 濃縮 咖啡 膠囊 單盒 12 入,10
東尚 公版袋 C1801V 一磅 咖啡 袋亮 面有 氣閥 無拉 鍊 50 個,5
韓國 Kanu 即 溶拿鐵 咖啡 12gx10 入小三美日 D,5
Deka 白 咖啡 雪茄 威化 捲 160 公克,15
可比 可 咖啡 糖 150g 包 150g 包,85
UCC 冠軍監 修濾掛 咖啡 系列 甘醇 橙香 醇厚 香韻 兩款 可選,20
CP 籽 日本 製 AUXLeye 耳掛 咖啡 濾架組 188,5
分批 取 星巴克 特選 系列 隨手 包 深度 烘焙 咖啡 23gx1,5
舊 街場 3 合 1 減糖白 咖啡 35gx15 包袋 35gx15 包,25
摩卡 咖啡 MOCCA 摩卡 奶精 900g,5
台灣 現貨 不 鏽 鋼 粉 渣 桶 咖啡粉 渣盒 敲 渣 盒 咖啡 廢渣 盒,10
肯亞祈 安布 墨蘭 AATop 咖啡豆 精品 咖啡 手,5
河野 KONOSilkyPaper 絲質 咖啡 濾紙 100 入,15
星巴克 特選冰 美式 咖啡 膠囊 12 顆入 X3 盒,10
TIMEMORE 泰摩泰摩小 U 法壓 咖啡 壺 黑色 白色,5
海陸 對 決元氣 牛肉 蛋堡 套餐 咖啡 版 20220826,10
附發票 附雙層 濾網 400ml 大容量 咖啡 分享 壺耐熱 玻,5
UCC 冠軍監 修 甘醇 橙香濾 掛式 咖啡 10 入,5
COACH 馬 車緹花 PVC 手掛式 票 卡零錢 包 咖啡,5
江鳥 咖啡 大 孩子 計畫 經典 鳳凰 中 焙 咖啡豆 225g 袋,20
咖啡 工廠 92 城市 烘焙 咖啡豆 450g 包,15
光泉 晶典 小品 咖啡 凍 130 公克 x3 入,190
西雅圖 經典 咖啡 有糖 大福 袋 40 件 組暢銷,10
Maxwell 麥斯威爾 MAXIM 典藏 咖啡 環保包 140g,60
澳洲 RobertTimms 摩卡 肯亞濾袋 咖啡 18 入,10
肯寶 KB99 防彈 AllinOne 咖啡 8 包入效,5
伯朗 咖啡 精品 咖啡豆 印尼 弗洛勒斯 250 克袋,5
Doutor 羅 多倫濾 掛式 咖啡 香醇 濃郁 7gx8 包,10
現貨 咖啡 濾杯 耐熱 陶瓷 濾杯 LifeShopping,5
4716908152753 可娜 咖啡 可娜,5
囍 瑞 BIOES 阿拉比 卡有 機即 溶可 冷泡 咖啡 100g 瓶,5
買 一送 一江鳥 咖啡 西達摩長 愛家園 計畫 濾 掛式 10 入,5
咖樂迪 咖啡 農場 Janat 黑標 系列 特級 大吉 嶺 2gx25 入 x,5
野村 煎 豆 4 連美樂 圓餅 咖啡 風味 120g,5
免運電子 發票 25 入盒 貝納頌 即 溶 咖啡 二合一 三合,5
ComeTrueCoffee 成真 咖啡 熔岩 焦香布蕾 舒芙蕾,130
0805 第 12 標 古典式 白 咖啡 一次 兩包,10
KaKaLove 咖啡 哥倫 比亞蜜 處理 希望 莊園 紅波,10
國太樓 鑑定士 金選 咖啡 摩卡 濾掛式 18 袋,5
鮮 一杯 老舊 金拿鐵 咖啡 二合一 12 入盒,5
JOY 購 HARIO 經典 燒杯 咖啡 壺 300ml600ml,5
西雅圖 極品 貝 瑞斯 塔 31 咖啡 23g100 包 200 包袋,5
歐客 佬 全館 咖啡豆 買 2 送 1 咖啡 拿 鐵 美式 義式,85
商鐵易 泡式 咖啡 綜合 風味 超值 組 x4 盒 浸泡 式 黃 金曼,5
伯朗 PURE 醇 飲 冷萃 無糖 加糖 拿 鐵 咖啡 490mlx4 入,5
海陸 對 決元氣 牛肉 蛋堡 套餐 咖啡 版 20220818,15
香思尼 精品 濾掛式 咖啡 巧克力 交響 曲深 焙 日 曬 10gx,5
女皇 咖啡 金杯 義式 2 號 咖啡豆 中 焙 一磅,5
歐客 佬 療心 咖啡 館 微醺 的 曼波 中美洲 特調 水洗 掛耳包,5
icafe 潮 咖館 DIY 手 沖 咖啡 四件 組 研磨 機手 沖 壺濾,5
BeenTeen 嬪婷 咖啡 牛奶 紗 活力 之星 MLL 中低,25
世界 GO 現貨 日本 新款 AGFBlendy 濃縮 咖啡 球,25
omax 無 漂白 咖啡 濾紙 24 杯用 480 入 6 包,5
50 入 咖啡 掛耳袋 吊耳 袋掛 耳袋 耳 掛袋 手 沖 濾 紙手,10
豆豆 叔叔 巴布 亞紐 幾內亞 莊園 精品 豆掛 耳濾掛 咖啡 新鮮,20
Sparkblack 優質 蛋白 黑 咖啡 10 入盒 裝分 離式,5
商鐵新裝 上市 30 秒 冷熱萃 咖啡 組 10 袋 每袋 10 入,15
咖樂迪 咖啡 農場 南非 國寶茶 12gx18 入 x1 袋,5
義 大利 原裝 可洛詩 丹卡布 奇諾 咖啡 125gX10 入盒,5
代收 代付 珈 琲 人 衣索 比亞 小 農濾掛 咖啡 9G6 入愛,15
分批 取 生活 良好 無 漂白 咖啡 濾紙 100 張,15
GG 撞色 小花 髮 束粉 咖啡 兩入 組,10
炭燒 風味 50 包袋 掛耳 咖啡 特惠 精選 OKLAOCOF,5
伯朗 咖啡 曼特寧 風味 二合一 105g30 包袋,10
MRBROWN 伯朗特 濃湖 鹽 咖啡 30g10 入袋,5
24 磅 咖啡 24 磅 招牌 配豆 半磅 一磅 裝,5
3 點 1 刻 微米 冷萃 咖啡 中 烘焙 25g30 包內贈,10
豆豆 叔叔 薩爾瓦多 莊園 精品 豆掛 耳濾掛 咖啡 新鮮 烘焙,5
臺 灣免 運質 感 磨砂 304 不 鏽 鋼 真空 咖啡杯 陶瓷 咖啡杯 咖啡,10
西雅 圖貝 瑞斯 塔三加 一 咖啡 23gX50 入非 盒裝 出貨,5
Catamona 卡塔 摩納想 喝 就 喝 浸泡 式 咖啡 100 入,5
日本 百年 品牌 KEYCOFFEEJetBrew 專利 研磨 咖啡 包,5
商鐵濾 掛式 咖啡 黃 金曼 特寧 盒裝 5 入 一份 10 克買 一送,5
200g001 居家 必備 迷你 磅秤 茶葉 咖啡 攜帶式,50
嘉騰 小 舖 Maxwell 麥斯 威爾拿鐵 3 合 1 咖啡 每包,5
UCC 黑金 炭燒 二合一 咖啡 15G50 入愛買,5
宏都拉斯 精品 莊園 咖啡 淺中 焙 中 焙 咖啡豆 任選 JC 咖,5
龍火鮮 烘 咖啡 一次 12 包 精品 咖啡豆 每包 20 克 含括 各式 處,5
丹尼 船長 阿拉比 卡極 上 研磨 咖啡 味奶素 100g 成熟 大人,40
Beanies 即 溶 咖啡 杏仁 甜酒 風味 50g,5
咖樂迪 咖啡 農場 煙 燻 油漬 牡蠣 罐頭 85g1 罐,10
上 田 坦桑 尼亞 克里 曼加 羅 AA 咖啡 一磅 450g 咖啡豆,5
ZEROJAPAN 典藏 陶瓷 咖啡 漏斗 白色 小,5
KEYCOFFEE 香濃 濃縮 咖啡 KEYCOFFEE,10
4962522600792 日本 CAFEC 麻纖維 咖啡 濾紙,5
優柏 EUPA 濃縮 卡布 奇諾 高壓 蒸氣式 咖啡 機 TS,10
日本 AGFBlendy 咖啡 球七種 風味現 貨蝦 皮直,35
西雅圖 極品 大濾掛 咖啡 咖優峰 曼特寧 12g30 入 兩盒 組,5
THEBODYSHOP 尼加拉瓜 咖啡 醒膚 煥顏 面膜 15,5
午后 時光 重乳 咖啡 拿 鐵 330ml6 包組 AB330m,45
曲屋 咖啡 衣索 比亞 西達摩 G1 西阿爾希區 厭氧日 曬 中 焙,5
江鳥 咖啡 咖啡茶 包式 濾 掛式 即 溶拿鐵單 包經典 精品,25
獅友 棉布 咖啡 濾袋 24 人份 8 入,5
UCC 濾泡式 咖啡 日本 巡禮 94g12 入包,5
給給 購入 代行 美安 非洲 芒果 咖啡,5
80062011 義 大利 可洛 詩丹 典藏 即 溶黑 咖啡 100g,5
瓜地 馬 拉 精品 莊園 咖啡 淺中 焙 花神 薇 薇 特南果 咖,5
西雅圖 濃淬 咖啡 球 原味 榛果 風味 18m10 入盒 2,5
現貨 零食 研究所 韓國 Bulletproof 防彈 咖啡 5,5
力代濾 掛式 咖啡 耶加雪夫 風味 11gX30 入盒,5
NORTHERN 北方 全自動 研磨 咖啡 機 4 杯份 KBG,5
優遊 吧 斯 阿里山 瑪翡 二合一 咖啡 50 入袋,20
MRBROWN 伯朗 衣索 比亞義式 咖啡 膠囊 10 入盒,5
KANU 韓國 孔劉 二合一 即 溶 咖啡 135g 盒 六款 可選,5
嚴選 SHOP 璞 珞 咖啡 嚴選 系列 454g 開元 花香 甜橘,20
KaKaLove 咖啡 哥倫 比亞日 曬薇拉省 愛莉絲莊,10
西雅圖 白 咖啡 二合一 35g8 入 蝦 皮直 送現 貨部,5
贈品 勿下 單鮮 一杯 老舊 金山 拿 鐵 咖啡 二合一 沖 泡 包 2 包組,10
Nespresso 甜蜜 風味 咖啡 膠囊 任選 1 條裝 10 顆,15
4710004782968 一杯 咖啡 抗 百病 圖解 聖經 從科,5
豆豆 叔叔 2 入 特惠 價綜合濾 掛式 咖啡 嚴選 世界 莊園 精,30
KaKaLove 咖啡 衣索 比亞日 曬 耶家雪菲科 洽雷,5
米森 Vilson 有機 精粹 黑 咖啡 3gx12 包,5
波士 多現 貨免 運發票 日本 AGFMAXIM 即 溶 咖啡 箴,5
代收 代付 UCC 法式 深焙濾 掛式 咖啡 8g12 入 2 入,20
豆豆 叔叔 哥斯大黎加 莊園 精品 豆掛 耳濾掛 咖啡 新鮮 烘焙,5
WakeCup8am 花鳥 輕啼 自然 醒濾 掛式 咖啡,5
海陸 對 決元氣 牛肉 蛋堡 套餐 咖啡 版 20220822,15
KaKaLove 咖啡 衣索 比亞日 曬 科契爾班 可果,15
海陸 對 決元氣 牛肉 蛋堡 套餐 咖啡 版 20220820,30
AGF 贅澤 最 上級 即 溶 咖啡 香醇 40g,10
AGFMa 奢華 咖啡 罐 摩登 混合 80g,30
美國 康寧 PyrexCafe 咖啡 濾杯 壺組 400ML,5
咖樂迪 咖啡 農場 綜合 系列 義式 烘焙 咖啡豆 200g1 包,10
日本 HARIO 好 握把 耐熱 玻璃 咖啡 壺 700mlVCS,5
即期 出清 UCC 精選 即 溶 咖啡 118666100g 罐,5
海陸 對決 摩斯 鱈 魚堡 套餐 咖啡 版 20220823,15
即期 品 85 度 C 中深 焙濾掛 咖啡 6 盒 6 入盒 共 36 入 9,10
買 咖啡 牛奶 造型 廚房 海綿 兩入,25
海神 CR95 分超 商店 到 店免 運費 GK 咖啡,10
illy 意利深 烘焙 掛耳 咖啡 效期 1120416,25
烘焙 者 咖啡 烘焙 者 曼巴耳掛 10 包入,5
海陸 對決 摩斯 鱈 魚堡 套餐 咖啡 版 20220828,35
N012909675 湛盧 咖啡 繽紛 莊園 單品 系列 咖啡豆 200,5
現貨 韓國 孔劉 咖啡 MAXIMKANU 溫醇 美式 即 溶 咖,5
KaKaLove 咖啡 衣索 比亞日 曬 三支 組拾 卡卡 沃,5
現貨 黑沃 咖啡 馬 卡龍 禮盒 新年 限定,5
KaKaLove 咖啡 衣索 比亞 二氧化碳 浸漬 日 曬 古,10
貝納頌 綜合 經典 風味濾 掛式 咖啡 4 盒組 10 入盒 共 40 入,5
歐客 佬 COE 精品 特調 咖啡 掛耳禮盒 20 入附 提繩,5
伯朗 藍山 風味 咖啡 禮盒 240mlx12 入盒,10
0160812 紅預 購樹 男 咖啡 艾思 寇啡 配方 浸泡 式 咖,5
江鳥 咖啡 微風薰森 咖啡豆 2 磅 組 225gX4 包 巴西,15
BuddyDean 巴迪 二合一 咖啡 雙倍 特濃 115g2,5
代收 代付 DP098 日本 最新款 濾掛式 咖啡 袋 寬版掛 耳 咖,20
代收 代付 85 度 C 經典 曼特寧濾掛 咖啡 9G6 入愛,5
分批 取 UCCAROMABREW 艾洛瑪 西西里 咖啡 500,20
KaKaLove 咖啡 卡卡 愛 CR 單一 口味 掛耳包 25 入組,5
荷蘭 haco 武士道 烘焙 咖啡 中 烘焙 深 烘焙 國外 原裝 進口,5
曼仕德重 烘焙 咖啡 235ml 罐 235ml,30
Nespresso 環遊 世界 上海 大 杯 咖啡 膠囊 10 顆條,10
台北 捷運北捷 嚴選 路易莎 曼巴 咖啡 2 盒,10
現貨 X 發票 咖啡 隨行杯 隱形 提手 咖啡杯 環保杯 3,10
UCC 即 溶 咖啡 口味 任選 117114 芳醇 90g,30
星巴克 特選 中度 烘焙 咖啡 23G10 入 2 入 組愛買,5
現貨嘻 饈 仔 日本 AGF 贅澤即 溶 咖啡 贅 沢 珈 琲 店 26 入,5
咖啡 工廠 3 種焙度 任選 咖啡豆 二入 組 450gX2 包,10
微美 咖啡 馬 拉 威藝 妓維納斯 水洗 淺 焙 咖啡豆 新鮮 烘焙,5
女皇 咖啡 耶加雪菲 檸檬 花香 一磅 阿拉比 卡莊園 單品 咖啡豆,5
台鹽 台灣 鹽山 三合一 咖啡 禮盒 x3 入組 54 包入 約 17g,5
4716908653755 可娜 咖啡 可娜 行家 行家 義 大利 咖,5
ROASTA 城市 烘焙 黑 咖啡 無糖 230mlx6 家,5
26 濾掛式 咖啡 A 級曼 特寧 8 包盒 盒,5
江鳥 咖啡 巴西 創世計 畫濾 掛式 10gX3 入,5
日本 Inomata 吸鐵式 咖啡 濾紙 收納盒 日本 製,10
日本 製 24 人份 咖啡 濾紙 100 枚 無 漂白,30
海陸 對 決元氣 牛肉 蛋堡 套餐 咖啡 版 20220831,15
MRBROWN 伯 朗伯 朗 咖啡 藍山 風味 240ml2,5
雀巢咖啡 DOLCEGUSTO 拿 鐵 咖啡 膠囊 16 顆入 單盒,5
UCC 冠軍監 修蜜漬 醇香 濾掛式 咖啡 10g10 入 2 入組,10
星巴克 STARBUCKS 夏日 精選濾掛 咖啡 禮盒,15
嘉騰 小 舖 綜合 風味 咖啡 糖醇 香 原味 藍山 風味 榛子 味經濟,5
現貨 e 發票 MaximKANU 漸層 奶香冰 拿 鐵 咖啡,5
9789864592012 世界 咖啡 地圖 全新 修訂 第二 版 從,10
超 重磅 OVERSIZE 圓領 T恤 咖啡 棕 XL,5
Kopiko 咖啡 糖 一顆 單顆 一元 4g 可比 可,5
42 尋豆師 精選濾 掛式 咖啡 醇厚 濃郁 深,5
海陸 對決 摩斯 鱈 魚堡 套餐 咖啡 版 20220827,25
HARIO 百年 紀念手 沖 壺組濾 紙濾杯 咖啡 壺,5
伯朗 咖啡 精品 咖啡豆 印尼 弗洛勒斯 250 克袋,15
樂活 隨身 咖啡 濾袋 LohasFilter 自己 動手 DI,5
卡氛 雙頭 三角 眉筆 超顯色 咖啡 灰啡 kafe,5
一份 10 入 咖啡色 牛皮 紙鍍 鋁氣閥 自立 自封 咖啡 袋 我 最 便宜,20
預購 10 月 Rement 三麗鷗 喜 拿 咖啡 露台 中盒 8 入,5
附發 票台 灣 日本 製 造 亞 美 HARIO 虹吸式 咖啡 壺 TC,5
essence 艾森絲 摩登 9 色 眼影 盤 研磨 咖啡 10g,5
法爵 綜合夢 幻組 焦糖 咖啡 捲 2 入夢幻 肉桂 捲 2 入 肉桂,5
海陸 對決 摩斯 鱈 魚堡 套餐 咖啡 版 20220822,25
推薦 商品 CAFEA 當代 濃縮 咖啡 95g,5
IG 咖啡 杯子 液態 流沙 三星 S20FENote20NOTE,5
HERAN 禾聯 六人份 自動式 研磨 咖啡 機 HCM09C8S,5
貝納頌 極品 大 咖啡 經典 拿 鐵 490ml4 入組,20
龜甲萬龜 甲 萬 豆乳 麥芽 咖啡 風味 200ml,15
日本 SEIKO 贅澤俱樂部 濾式 咖啡 濃醇 50g,5
京都 小川 淺焙濾 掛式 咖啡 8P 日本 京都 知名品牌,10
贈 IKUK 艾可 咖啡 旅行 收納 包過 夜包 盥洗 過夜 包露 營包,10
CAFFINO 卡布 奇諾 咖啡 20gx10 入 x5 袋組,5
KaKaLove 咖啡 2022 新產季 衣索 比亞日 曬 特,25
4716908653656 可娜 咖啡 可娜 行家 藍山 咖啡豆 8,5
即期 品 camacafe 鎖香 煎 焙 濾 掛式 咖啡 綜 合口味 8g,10
代收 代付 雀巢 美式 濃黑 咖啡 膠囊 112G16 入愛,5
