item_name,item
R 義 大利 麵 特價 249,5
義式 蕃茄 肉醬義 大利 麵,475
Agnesi 蕃茄 羅 勒義 大利 麵 醬 400g,25
CLASSICO 義 大利 麵 醬 白醬 原味 425g425g 瓶,205
卡義 大利 麵 醬 蕃茄 680,15
ANTONIOAMATO 義 大利 麵,10
蕃茄 鮪 魚冷義 大利 麵,28355
西堤 青醬義 大利 麵,315
青醬 野菇 義 大利 麵,11090
松露 烤 雞 生義 大利 麵 20220902gptq7d7d,5
松露 烤 雞 生義 大利 麵 20220916q4ytw8oi,5
松露 烤 雞 生義 大利 麵 20220922l7ddewl0,5
義式 紅醬 培根 義 大利 麵,28815
REGALO 義 大利 麵 筆管 麵,70
西堤 番茄 義 大利 麵,340
03721571654C 白醬 蛤蠣 義 大利 麵,5
澳洲 Ozganics 有機 蔬菜 義 大利 麵 醬,5
晶華松露 烤 雞義 大利 麵,560
雞肉義 大利 麵,12625
香 濃起司 奶油 起司 雞肉義 大利 麵 20220908y5gd,5
羅 勒義 大利 麵,9620
情熱 価 格義 大利 麵,645
陸仕波隆 那紅醬 義 大利 麵,535
茄汁 嫩 雞義 大利 麵,175
Classico 義 大利 麵 醬 蕃茄 羅 勒 680g,160
AA 義 大利 麵,225
瑞拉 Rinatura 斯佩爾特 全麥奶 蛋素義 大利 麵 螺,10
Classico 義 大利 麵 醬洋蔥 大蒜 680g,40
羅 勒 青醬義 大利 麵,2540
肉醬豬 排義 大利 麵,135
香蒜 海鮮 墨魚 生義 大利 麵,160
青醬 嫩 雞義 大利 麵,205
番茄 肉醬義 大利 麵,1300
義 大利 麵 醬 蟹肉,245
奶油 培根 醬義 大利 麵 醬 麵 法式 白醬 早餐 食材 DIY 美食,50
Classico 義 大利 麵 醬義式 臘腸 680g,15
松露 烤 雞 生義 大利 麵 20220917n4re4zjs,5
松露 烤 雞 生義 大利 麵 20220925b7khckf5,5
茄汁 雞腿義 大利 麵,365
蒜片 辣椒 雞肉義 大利 麵,5
單 奶油 野菇 義 大利 麵,190
Ciottolo 小石子 義 大利 麵 兌換券,280
IMEI 義美 蕃茄 肉醬義 大利 麵 義 大利 麵,10
松露 烤 雞 生義 大利 麵 20220930g6mr25rv,5
經典 青醬義 大利 麵,175
卜蜂 番茄 紅醬義 大利 麵,15
可果 美 蕃茄 奶油 義 大利 麵 醬 140g,5
義 大利 麵,2015
廚 茉莉 義 大利 麵,140
Agnesi 義 大利 麵,2275
墨魚義 大利 麵,20
超值 奶油 義 大利 麵,3420
香蒜 白酒 蛤蠣 義 大利 麵,840
奶油 菠菜 培根 義 大利 麵,915
濃郁 起士 培根 蛋風味義 大利 麵,125
番茄 肉醬 風味義 大利 麵,65
松露 烤 雞 生義 大利 麵,2950
松露 烤 雞 生義 大利 麵 20220918g6mr0bf5,5
可果 美義 大利 麵 醬 蕃茄 肉醬 140g,830
白醬 奶油 培根 義 大利 麵,5
松露 烤 雞 生義 大利 麵 20220913l6vity3u,5
青醬 燻 雞義 大利 麵,4990
松露 烤 雞 生義 大利 麵 20220902u7fqsnuo,5
松露 烤 雞 生義 大利 麵 20220908s0bqpyxq,5
蕃茄 紅醬義 大利 麵,1055
金品 雙醬 明太子 義 大利 麵 4340g,1110
烤 雞時 蔬生義 大利 麵,145
松露 烤 雞 生義 大利 麵 20220909n3rtfgvb,5
台豬 肉 醬義 大利 麵,15435
清淨園 番茄 奶脂義 大利 麵 醬 300g,50
ANNIES 起司義 大利 麵 17,20
KEWPIE 義 大利 麵 醬 蟹肉,5
松露 烤 雞 生義 大利 麵 20221017f4ztdv39,5
松露 烤 雞 生義 大利 麵 20220908h7bjh8dl,5
蕃茄 海鮮義 大利 麵,1265
松露 烤 雞 生義 大利 麵 20220920c9ga9agp,5
GAROFALO 義 大利 麵,5365
蒜 香 辣味 牛排 義 大利 麵,490
Coppola 起司 松子 青醬 麵 醬 180g 義 大利 麵 麵 醬,5
澳洲 LEGGOS 拿坡里義 大利 麵,15
QQ 義 大利 麵,1795
貝殼義 大利 麵,435
QQ 義 大利 麵 695773,5
蕃茄 義 大利 麵 醬 120g 聯夏,1430
松露 烤 雞 生義 大利 麵 20221015e0jnp0u0,5
輕 鬆 生活 蕃茄 肉醬義 大利 麵,19055
香料 奶油 鮮蝦 義 大利 麵,70
義 大利 麵 條墨魚,5
松露 烤 雞 生義 大利 麵 20220922t9mid5zv,5
菲奧里 洛傳統 棍子 形墨 魚味義 大利 麵 義 大利 麵,10
歐瑪義 大利 麵,5
GAROFALO 義 大利 麵,220
情熱快 煮 義 大利 麵 筆尖 麵,10
安塔爾青 醬義 大利 麵,200
粉紅醬 雞肉義 大利 麵,5
松露 烤 雞 生義 大利 麵 20220902jz2ijk54,5
松露 烤 雞 生義 大利 麵 20220902q4ytj6bf,5
香蒜 青醬 嫩 雞義 大利 麵 附餐,15
蒜香 軟殼 蟹 義 大利 麵 20220903n0mlng9h,5
蒜 香蛤蠣 義 大利 麵,75
辣卡雞 腿 義 大利 麵 20220903l5gzvh59,5
舞味本 舖 義 大利 麵 茉莉 義 大利 麵 石臼 研磨 墨魚義 大利 麵 緞,130
義 大利 麵 醬,5
2 箱免 運 Ankara 安卡蘿 土耳其 義 大利 麵 義 大利 麵 直,80
心樸 蛋燒 豆腐 漢堡 排 茄汁 義 大利 麵,75
青醬 蛤蠣 義 大利 麵,935
豬排 N 義 大利 麵,30
經典 奶油 白醬義 大利 麵,185
松露 烤 雞 生義 大利 麵 20221122g1uk47bi,5
松露 烤 雞 生義 大利 麵 20221122x2emnwm4,5
AA 義 大利 麵 Spaghettini500g,545
可果 美義 大利 麵 醬 蕃茄 奶油 140g,595
Jimmy 松露義 大利 麵 醬 起 司口,15
煙花 女 風味義 大利 麵,5
舞味本 舖 哈奇義 大利 麵 醬 燻 鮭 奶油 羅 勒 番茄 明太子 奶油,10
粉紅醬 雞肉 球義 大利 麵,20
SunnyBuy 現貨 Ragu 傳統義 大利 麵 醬 經典,5
羅 勒 海鮮 冷義 大利 麵,1345
松露 烤 雞 生義 大利 麵 20221125pg97uodb,5
奶油 培根 義 大利 麵 20221107a5zj7721,5
燻 腸紅醬 義 大利 麵,195
百益義 大利 麵 醬 190g 青醬,10
金品 北九州 雙醬 明太子 義 大利 麵 280g280g 盒,1065
Classico 義 大利 麵 醬 蕃茄 羅 勒 680g,60
蛤蠣 義 大利 麵,895
義 大利 麵 醬 奶油,540
蔬菜 義 大利 麵 醬,25
起司 雞肉義 大利 麵 4349g,3260
義美義 大利 麵 蕃茄 海鮮,25
Kewpie 義 大利 麵 醬 蟹肉 番茄 鮮 奶油 140g,20
松露 烤 雞 生義 大利 麵 20220901r6qhvy9o,5
松露 烤 雞 生義 大利 麵 20220905k6tcivy5,5
松露 烤 雞 生義 大利 麵 20220908heueogck,5
安卡蘿義 大利 麵,7810
紐奧良 風味 烤 雞 生義 大利 麵,370
Ankara 安卡蘿 蝴蝶 麵 500g 義 大利 麵 義 大利 杜蘭,25
筆尖 形義 大利 麵,2505
Baxters 義 大利 麵 蔬菜 湯 400g,5
松露 烤 雞 生義 大利 麵 20221023y6eqb9su,5
松露 烤 雞 生義 大利 麵 20221029f0av9qmp,5
松露 烤 雞 生義 大利 麵 20220927p4hvfdgh,5
松露 烤 雞 生義 大利 麵 20220925g6mrteih,5
青醬義 大利 麵 餃,60
蒜 香 燻 雞義 大利 麵,95
蒜 炒塔香 腿 排義 大利 麵,164330
動物 園義 大利 麵,60
AGNESI 義 大利 麵,25
咖哩 牛肉丸 生義 大利 麵 20221102q7bypjb,5
義 大利 麵 直 麵,185
KALIFORES 明太子 義 大利 麵 醬,30
松露 烤 雞 生義 大利 麵 20221031k6tcws57,5
義 大利 瑪蒂雅 3 色 麵,70
松露 烤 雞 生義 大利 麵 20220903e2ytg0md,5
嫩 雞 N 義 大利 麵,40
可果 美義 大利 麵 醬 蕃茄 奶油 140G 愛買,30
PONTI 熱那亞 風味 青醬 135g 義 大利 麵 醬 拌 醬 伴 麵,5
鱸魚 N 義 大利 麵,20
培根 奶油 風味義 大利 麵,590
義 大利 麵 貝殼,10
DiMartino 帝馬堤 諾義 大利 義 大利 麵 500g,5
新東陽義 大利 麵 肉 醬 16,10
松露 烤 雞 生義 大利 麵 20221001b9zsvlta,5
松露 烤 雞 生義 大利 麵 20221008edcne5g5,5
雙醬 雞肉義 大利 麵,10
義 大利 麵 螺旋,20
松露 烤 雞 生義 大利 麵 20221111f0av447x,5
廣 大利 松花 溏 心 皮蛋,10
拿坡里義 大利 麵 醬,155
番茄 紅醬義 大利 麵,1370
白酒 蛤蜊 義 大利 圓 麵 20221010f8basdte,5
Classico 義 大利 麵 醬 四種 起司 白醬 425g,45
區蔬 金沙 鹹 蛋 黃 風味義 大利 麵,15
松露 烤 雞 生義 大利 麵 20221114b1fje5p1,5
松露 烤 雞 生義 大利 麵 20221023i0trskye,5
螺絲義 大利 麵,80
小 焗 屋義 大利 麵 專賣 兌換券,20
奶油 白醬義 大利 麵,115
青醬 蛤 罵 義 大利 麵 20221030p13v7x31,5
松露 烤 雞 生義 大利 麵 20221117u4epnz4x,5
咖哩 牛肉丸 生義 大利 麵,1205
干貝海鮮 青醬義 大利 麵 20220912i2ew4l1,5
Kewpie 義 大利 麵 醬,90
嫩 雞 茄汁 義 大利 麵,45
義式 臘腸 茄汁 義 大利 麵,420
CLASSICO 義 大利 麵 醬 蕃茄 羅 勒,5
加熱出 貨義式 蕃茄 肉醬義 大利 麵,5
心樸 舒肥 雞 胸 番茄 義 大利 麵,30
西堤 重磅 牛肉丸 番茄 義 大利 麵 310GX2 盒愛買 冷凍,10
超筆 管義 大利 麵,115
松露 烤 雞 生義 大利 麵 20221128n1nmdc41,5
動物義 大利 麵,20
咖哩 牛肉丸 生義 大利 麵 20221112q7byuqv,5
QP 義 大利 麵 醬 包,15
松露 烤 雞 生義 大利 麵 20221023v9qx2ndh,5
松露 烤 雞 生義 大利 麵 20221127fvrpoai7,5
卜蜂羅勒青 醬義 大利 麵,5
松露 烤 雞 生義 大利 麵 20221208k9xwb8aj,5
松露 烤 雞 生義 大利 麵 20221123u4epjvyi,5
松露 烤 雞 生義 大利 麵 20220904i0trgl97,5
松露 烤 雞 生義 大利 麵 20220926e9askgbw,5
義 大利 麵 醬 鮪 魚,75
松露 烤 雞 生義 大利 麵 20221121j3rnnmw0,5
咖哩 牛肉丸 生義 大利 麵 20221106i9lnfvn,5
四起 司義 大利 餃,20
奶青醬 鮭 魚義 大利 麵,5
松露 烤 雞 生義 大利 麵 20221107b6uimw6t,5
紅醬 雞肉義 大利 麵 20221113ymbnwn68,5
咖哩 牛肉丸 生義 大利 麵 20221103r6jsfku,5
松露 烤 雞 生義 大利 麵 20220923b9zsmm4i,5
寶妮 蘑菇 義 大利 麵 醬 737g,250
代銷 跨義 大利 麵,2365
白醬 雞肉義 大利 麵,10
可果 美義 大利 麵 醬 蕃茄 肉醬 140G 愛買,15
可果 美義 大利 麵 醬 蕃茄 奶油 140g 盒,80
澳洲 OZGANICS 有 機羅勒義 大利 麵,10
美味 大師義 大利 麵 醬 蘑菇 義式 肉 醬 蕃茄 原味 田園 蔬菜,10
義 大利 麵 醬 蘑菇 720g,10
Sacla 帕瑪森 起司 小 番茄 義 大利 麵 醬,5
整 B0921 法式 烤 雞義 大利 麵,5
南瓜 焗 烤義 大利 麵,55
松露 烤 雞 生義 大利 麵 20221120k9xw8a0a,5
歐瑪義 大利 麵 醬 包起士 培根 風味,185
咖哩 牛肉丸 生義 大利 麵 20221115m6ws9ak,5
美味 大師義 大利 麵 醬田園 蔬菜 720g720g3 瓶,60
鮭 魚義 大利 麵,5
咖哩 牛肉丸 生義 大利 麵 20221128n5qtuns,5
松露 烤 雞 生義 大利 麵 20220912heuez2dt,5
美味 大師義 大利 麵 醬 蕃茄 羅 勒 470g 瓶,155
Jimmy 松露 起司義 大利 麵 醬 180g,5
美味 大師義 大利 麵 醬義式 肉 醬 720g720g 瓶,125
區紫艷松 露臘腸 生義 大利 麵,10
ANTONIOAMATO 阿瑪特義 大利 義 大利 麵 50,5
桂冠 蕃茄 義 大利 麵,20
REGALO 義 大利 麵 螺紋 水管 麵,15
義 大利 麵 蔬菜 湯,75
上 野物 產卜 蜂義 大利 麵 炒 飯 奶油 培根 番茄 紅醬羅勒青,75
雞丁義 大利 麵 系列 宮保雞 丁 三杯 雞丁 海南 雞丁瑞麟 美而美,55
義 大利 麵 醬 番茄 羅 勒 470g,5
總動員義 大利 麵,20
DancingPig 豬 跳舞 義式 義 大利 麵 醬羅勒 青醬 番茄,60
可果 美義 大利 麵 醬 蕃茄 肉醬 140g 盒,170
KALIFORESPAKITTE 明太子 義 大利 麵 醬 2 入 4,125
松露 烤 雞 生義 大利 麵 20221129m6wsm5rh,5
松露 烤 雞 生義 大利 麵 20221225f7mwxyb1,5
咖哩 牛肉丸 生義 大利 麵 20221125i0tr0oy,5
蒜 香 奶油 義 大利 細 麵 麵 體 180g 蒜 香 奶油 白醬 150g,10
松露 烤 雞 生義 大利 麵 20221226l6vilpgn,5
AGNESI 天使 髮 絲義 大利 麵 500,10
卜蜂超 美味 義 大利 麵 任選,25
松露 烤 雞 生義 大利 麵 20220904f2snzw82,5
美味 大師義 大利 麵 醬洋蔥 蕃茄 470g 瓶,115
咖哩 牛肉丸 生義 大利 麵 20221115x6fj4hq,5
松露 烤 雞 生義 大利 麵 20221208i9lnee3f,5
泰泰愛吃 松阪 豬義 大利 麵 MatsusakaPigSc,5
Costco 代購 蕃茄 起司義 大利 麵 醬 每罐 680g3 入,5
松露 烤 雞 生義 大利 麵 20221001b7khv3g7,5
松露 烤 雞 生義 大利 麵 20221015b7khy9yh,5
NORTINDAL 西班牙 墨魚 汁 180g 墨魚 醬義 大利 麵,25
咖哩 牛肉丸 生義 大利 麵 20221212f6cxwhv,5
美味 大師義 大利 麵 醬 蘑菇 720g 瓶 720g 瓶,85
代收 代付 可果 美義 大利 麵 醬 蕃茄 奶油 140G 愛買,10
咖哩 牛肉丸 生義 大利 麵 20221120q2jgmt7,5
松露 烤 雞 生義 大利 麵 20220911b9uhbymp,5
咖哩 牛肉丸 生義 大利 麵 20221108c1aqqbw,5
松露 烤 雞 生義 大利 麵 20221023n8cuh0qv,5
義 大利 Balocco 黃 金 巧克力 麵 包 800g,150
松露 烤 雞 生義 大利 麵 20221129q4ytg9p4,5
松露 烤 雞 生義 大利 麵 20220904heuescpz,5
金品 義 大利 麵 白醬 培根 焗 麵,20
區蔬 金沙 烤 豆腐 義 大利 麵,315
咖哩 牛肉丸 生義 大利 麵 20221204v6rxl84,5
松露 烤 雞 生義 大利 麵 20221222t3akknj8,5
日清 香辣 番茄 義 大利 麵 醬 140g,10
咖哩 牛肉丸 生義 大利 麵 20221201shl62wm,5
桂冠 義 大利 麵 肉 醬 蕃茄,5
松露 烤 雞 生義 大利 麵 20230106b6am8byk,5
松露 烤 雞 生義 大利 麵 20230108j5gg5i7n,5
松露 烤 雞 生義 大利 麵 20230115r6js6s5u,5
咖哩 牛肉丸 生義 大利 麵 20230114r5crc8g,5
松露 烤 雞 生義 大利 麵 20221216t3ak8bgj,5
咖哩 牛肉丸 生義 大利 麵 20221111q7by81o,5
歐瑪義 大利 麵 醬 包 明太子 奶油 風味,200
蒜 香 奶油 青醬義 大利 細 麵 麵 體 180g 蒜 香 奶油 青醬 150g,10
新東陽義 大利 麵 肉 醬 160g3 入 組豬 肉產 地台 灣,215
N 迦拿義 大利 麵 醬 蘑,5
奶油 海鮮義 大利 麵 20221215b1cnqet1,5
Classico 義 大利 麵 醬 四種 起司 680g,30
Classico 義 大利 麵 醬 香甜 羅 勒 680g,10
咖哩 牛肉丸 生義 大利 麵 20221210f4ztxto,5
Ankara 安卡蘿三色 螺旋 麵 350g 義 大利 義 大利 麵,10
松露 烤 雞 生義 大利 麵 20221205e6vf32ea,5
美味 大師義 大利 麵 醬 蕃茄 原味 720g720g 瓶,40
咖哩 牛肉丸 生義 大利 麵 20221107r6jskrq,5
松露 烤 雞 生義 大利 麵 20221109q4yt7sse,5
ANTONIOAMATO 阿瑪特義 大利 貝殼 麵 500,20
03721722374C 紅醬 燻 腸義 大利 麵,5
陸仕義 大利 麵 熱那亞 蛤蜊 青醬,170
咖哩 牛肉丸 生義 大利 麵 20230104g1uk445,5
松露 烤 雞 生義 大利 麵 20230127n5qtccqy,5
松露 烤 雞 生義 大利 麵 20221007p9lui337,5
松露 烤 雞 生義 大利 麵 20221015f4yfnd03,5
松露 烤 雞 生義 大利 麵 20221019q4ytlisz,5
松露 烤 雞 生義 大利 麵 20221024o9hhmco3,5
松露 烤 雞 生義 大利 麵 20221027e2ytx88b,5
BARILLA 蘿勒義 大利 麵 醬 400,5
MOLISANA 蘿勒 蕃茄 義 大利 麵 醬,15
青醬 雞腿義 大利 麵 w,5
Classico 義 大利 麵 醬 蕃茄 羅 勒 479493,5
筆管義 大利 麵,80
咖哩 牛肉丸 生義 大利 麵 20221206h0ypnwi,5
拿坡里義 大利 麵,50
松露 烤 雞 生義 大利 麵 20221206q4ytra3e,5
松露 烤 雞 生義 大利 麵 20230120q5qx3hw2,5
香蒜 野菇 嫩 雞義 大利 麵 附餐,155
松露 烤 雞 生義 大利 麵 20230214f9ygitzh,5
Classico 義 大利 麵,35
茄汁 檸檬雞義 大利 麵,5
TIBERINO 深夜 香辣 義 大利 麵 2,5
IMEI 義美 奶油 培根 義 大利 麵 義 大利 麵,5
松露 烤 雞 生義 大利 麵 20221225xt7mrq4k,5
松露 烤 雞 生義 大利 麵 20221211c0tjs2lo,5
MUJI 無印良 品義 大利 麵 醬馬鈴薯 番茄 青醬 1 人份,50
Classico 義 大利 麵 醬 四種 起司 白醬 425g,50
義美義 大利 麵 蕃茄 肉醬,20
FIORILLOPappardelle 寬 扁形 義 大利 麵,5
義 大利 豬 跳舞 煙花 女 麵 醬 DancingPigPutt,15
Classico 義 大利 麵 醬義式 臘腸 680g,15
松露 烤 雞 生義 大利 麵 20230220y3ufsz6v,5
松露 烤 雞 生義 大利 麵 20221020n8cujlqh,5
松露 烤 雞 生義 大利 麵 20221214t3aknu2a,5
義美 蕃茄 海鮮義 大利 麵 340g340g 盒,925
超義 大利 麵 蔬菜 湯,5
咖哩 牛肉丸 生義 大利 麵 20221224t3akxac,5
西堤 重磅 牛肉丸 番茄 義 大利 麵 310g2310g2,40
咖哩 牛肉丸 生義 大利 麵 20221206l7ddtf4,5
米老鼠 義 大利 麵,10
松露 烤 雞 生義 大利 麵 20221215tl73dos5,5
鮮蔬 野菇 義 大利 圓 麵 20230119f8ba48vx,5
咖哩 牛肉丸 生義 大利 麵 20221213g7mr1qd,5
咖哩 牛肉丸 生義 大利 麵 20230225l7ddwrg,5
咖哩 牛肉丸 生義 大利 麵 20230227n9ofi2o,5
松露 烤 雞 生義 大利 麵 20230224n4rend26,5
CLASSICO 義 大利 麵 醬 香甜 羅 勒 680g680g 瓶,55
松露 烤 雞 生義 大利 麵 20230115j3rn0gcr,5
義 大利 Majora 義 大利 麵 兩入 麥嘉樂 天使 麵 直 麵 筆管 麵,15
Classico 義 大利 麵 醬 蕃茄 羅 勒 680g,15
松露 烤 雞 生義 大利 麵 20230125n9of1lih,5
0172175154HIL 奶香 青醬 蛤蜊 義 大利 麵,5
義 大利 Pineta 黃 金 麵 包 750G,135
義 大利 DECECCO 西西里 麵 醬 400g400g 瓶,105
松露 烤 雞 生義 大利 麵 20230118b1fjxfk3,5
德式 香腸 N 義 大利 麵,10
鮮蔬 野菇 義 大利 圓 麵 20230129f8baoi3w,5
Jimmy 松露義 大利 麵 醬 180,15
松露 烤 雞 生義 大利 麵 20230123f9ygfz3y,5
松露 烤 雞 生義 大利 麵 20221206b6ammkut,5
PastaRicco 洛可 土耳其 義 大利 麵 500g,10
松露 烤 雞 生義 大利 麵 20230214k6tcqge1,5
COPPOLA 無 加糖 義 大利 番茄 麵 醬 3 款 100 義,75
松露 烤 雞 生義 大利 麵 20230127j3rnbttu,5
Coppola 義 大利 起司 松子 青醬 麵 醬 180g 蝦 皮直 送,5
咖哩 牛肉丸 生義 大利 麵 20230213q7bycq7,5
海洋 義 大利 麵,15
松露 烤 雞 生義 大利 麵 20230123j3esjwlp,5
5060323901878 豬 跳舞 番茄 羅 勒 麵 醬義 大利 麵 醬,10
美味 大師義 大利 麵 醬義式 肉 醬 720g256230,5
義 大利 Balocco 黃 金 麵 包 1kg1000g,100
白醬義 大利 麵,40
義 大利 麵 常春藤 三色 螺絲 麵 500g 滿 99 元 出貨 螺旋 麵 元,5
白酒 蛤蜊 義 大利 麵 20221031i4skhdcb,5
咖哩 牛肉丸 生義 大利 麵 20230120e4jprfy,5
松露 烤 雞 生義 大利 麵 20230127mcoss6ls,5
松露 烤 雞 生義 大利 麵 20230208r6js16jz,5
松露 烤 雞 生義 大利 麵 20230210j3esjii8,5
松露 烤 雞 生義 大利 麵 20230110k6tcsjee,5
咖哩 牛肉丸 生義 大利 麵 20230110g1ukz2i,5
星乃義 大利 麵,10
Hagoromo 義 大利 麵,10
松露 烤 雞 生義 大利 麵 20230212fvrpnw5t,5
松露 烤 雞 生義 大利 麵 20230214a4pfr0i4,5
咖哩 牛肉丸 生義 大利 麵 20230225l7ddgoq,5
松露 烤 雞 生義 大利 麵 20221208e6lmwvcj,5
PastaRicco 洛可 土耳其 義 大利 麵 500g,5
南洋 酸辣 海鮮義 大利 麵 20230226lakm48h,5
松露 烤 雞 生義 大利 麵 20221124l6viv92y,5
咖哩 牛肉丸 生義 大利 麵 20221123f3noku5,5
咖哩 牛肉丸 生義 大利 麵 20221112j3es3xs,5
2 蒜 香海鮮義 大利 麵,10
義美義 大利 蕃茄 海鮮 麵 340g,10
美味 大師義 大利 麵 醬 蕃茄 羅 勒,5
松露 烤 雞 生義 大利 麵 20230205r5cros8h,5
松露 烤 雞 生義 大利 麵 20230216vfkdng0c,5
松露 烤 雞 生義 大利 麵 20230218f9ygw4ls,5
日本 MCC 世界 風味義 大利 麵 醬義式 墨魚 明太子 奶油 蟹肉,20
松露 烤 雞 生義 大利 麵 20230207b9vynsce,5
松露 烤 雞 生義 大利 麵 20230214f9ygbxmo,5
澳洲 VETTA 高纖義 大利 麵 直 麵 500g 飽足感 提升 低 GI,20
美味 大師義 大利 麵 醬義式 肉 醬 風味,5
松露 烤 雞 生義 大利 麵 20230204e9askkbb,5
香蒜 奶油 雙拼義 大利 麵,190
波隆 那 牛肉丸 義 大利 麵 單點 20230307b0ah,5
波隆 那 牛肉丸 義 大利 麵 單點 20230309b6rt,5
CAMPAGNA 螺絲義 大利 麵 50,10
咖哩 牛肉丸 生義 大利 麵 20221116v6rxfxe,5
松露 烤 雞 生義 大利 麵 20230207x3apfhyp,5
波隆 那 牛肉丸 紙包義 大利 麵 20230322i2u5z,5
您好 義 大利 麵 請,5
Agnesi 義 大利 麵 Spaghettin3500g,20
咖哩 牛肉丸 生義 大利 麵 20221208i0tr0yi,5
烤 雞 肉 醬 生義 大利 麵,180
松露 烤 雞 生義 大利 麵 20230419b4ufjhmk,5
義 大利 麵 黑胡椒 義 大利 麵 310g 包冷凍 超商 取貨 7,25
Molisana 茉莉 羅 勒 蕃茄 義 大利 麵 醬 340g 罐,30
松露 烤 雞 生義 大利 麵 20230201u1pe86mn,5
松露 烤 雞 生義 大利 麵 20230222n9ofp3wn,5
松露 烤 雞 生義 大利 麵 20221211t198y2ij,5
金品 義 大利 麵 250g 包冷凍 超商 取貨 799 元免 運費,870
松露 烤 雞 生義 大利 麵 20230126j6ixgtr9,5
松露 烤 雞 生義 大利 麵 20230226f2snd41x,5
咖哩 牛肉丸 生義 大利 麵 20230324e2yt254,5
CLASSICO 義 大利 麵 醬 四種 起司,15
松露 烤 雞 生義 大利 麵 20230306j5ggxyj6,5
清淨 園義 大利 麵 醬 番茄 洋蔥 香蒜味 300g,25
羅 勒 雞 腿 排紙 包義 大利 麵 20230416pu1rur,5
松露 烤 雞 生義 大利 麵 20230122k6tcq2v3,5
波隆 那海鮮義 大利 麵 單點 20230429y2gn,5
義 大利 AGNESI 雅帆義 大利 麵 拿 波里 番茄 番茄 橄欖番,5
肉醬 雞 排義 大利 麵,35
可果 美義 大利 麵 醬 蕃茄 奶油 番茄 肉醬 140g 盒合 迷雅,10
南洋 酸辣 海鮮義 大利 麵 20230112kkm9w20,5
咖哩 牛肉丸 生義 大利 麵 20230210dce1gmm,5
義 大利 麵 迷迭香 嫩 雞 100g2 入包 2 入包,5
義 大利 麵 可否 不 加,5
世界 GOhachi 哈奇義 麵 醬義 大利 麵 醬 拿 坡 里 風味香,35
JIMMY 義 大利 松露義 大利 麵 醬 180g,5
松露 烤 雞 生義 大利 麵 20230212c5waejrm,5
松露 烤 雞 生義 大利 麵 20230222f2an5gmj,5
松露 烤 雞 生義 大利 麵 20230228q5qxe974,5
波隆 那 牛肉丸 義 大利 麵 單點 20230406z4zs,5
松露 烤 雞 生義 大利 麵 20230328q4ythesr,5
金品 白醬 培根 義 大利 麵,5
青之 洞窟 香辣 番茄 義 大利 麵 醬,20
松露 烤 雞 生義 大利 麵 20230111q2yj5fc4,5
A 義 大利 麵 易 開包 500g,5
出 清 超低 價可果 美義 大利 麵 醬 蕃茄 肉醬義 大利 麵 調理 包肉,5
松露 烤 雞 生義 大利 麵 20230205q4ytpf6q,5
咖哩 牛肉丸 生義 大利 麵 20230110g6mrib4,5
松露 烤 雞 生義 大利 麵 20230207q9wtfwwt,5
波隆 那海鮮紙 包義 大利 麵 20230401srv4vy,5
波隆 那 牛肉丸 紙包義 大利 麵 20230311drie6,5
ANNIES 經典切 達起 司義 大利 麵,15
巴羅尼亞義 大利 麵,5
波隆 那海鮮義 大利 麵 單點 20230408q0sr,5
2 箱免 運 Fiora 阿曼 義 大利 麵 義 大利 麵 直 麵 500g,15
羅 勒 海鮮紙 包義 大利 麵 20230401kzrxwny,5
波隆 那海鮮紙 包義 大利 麵,15
生活 良好 奶油 培根 起司義 大利 麵 醬 260g,10
羅 勒 海鮮紙 包義 大利 麵 20230316tljrtty,5
義 大利 麵 奶油 醬要,5
波隆 那 牛肉丸 義 大利 麵 單點 20230322z6wp,5
波隆 那海鮮義 大利 麵 單點 20230321z4nj,5
烤 雞 肉 醬 生義 大利 麵 20230427y1aln185,5
咖哩 牛肉丸 生義 大利 麵 20230210f2an6a9,5
羅 勒 雞 腿 排紙 包義 大利 麵 20230312t3b7w3,5
松露 烤 雞 生義 大利 麵 20230109q9wt8m1x,5
松露 烤 雞 生義 大利 麵 20221014f0avctxg,5
波隆 那 牛肉丸 義 大利 麵 單點 20230430mluw,5
波隆 那 牛肉丸 義 大利 麵 單點 20230429z0yr,5
波隆 那 牛肉丸 義 大利 麵 單點 20230309z8or,5
濃厚 系列 飽足義 大利 麵,10
松露 烤 雞 生義 大利 麵 20230130a7ge66d6,5
松露 烤 雞 生義 大利 麵 20230209o0bgo8qt,5
松露 烤 雞 生義 大利 麵 20230202u4epgfzp,5
奶油 雞腿 排紙 包義 大利 麵 20230321bjge6b,5
松露 烤 雞 生義 大利 麵 20230305e4cwj6zn,5
義 大利 DECECCO 蕃茄 香料 辣味 麵 醬 400g 瓶,20
烤 雞 肉 醬 生義 大利 麵 20230422ngabda3f,5
烤 雞 肉 醬 生義 大利 麵 20230422u6yyhd9u,5
波隆 那 牛肉丸 義 大利 麵 單點,90
松露 烤 雞 生義 大利 麵 20230225q4pydyud,5
烤 雞 肉 醬 生義 大利 麵 20230423k9xwcczj,5
波隆 那海鮮紙 包義 大利 麵 單點 ParchmentSpagh,100
奶油 海鮮紙 包義 大利 麵,25
奶油 海鮮紙 包義 大利 麵 20230404arv3e2p,5
DIMARTINO 義 大利 麵 50,5
義 大利 麵 黑胡椒 義 大利 麵 310g 包本島 全館 額免 運,35
波隆 那海鮮義 大利 麵 單點,80
羅 勒 海鮮紙 包義 大利 麵 20230421pdwnbge,5
烤 雞 肉 醬 生義 大利 麵 20230414n9ofwdkq,5
舞味本 舖 義 大利 麵 醬 nippon 日本 義 大利 麵 醬 系列 肉,15
白酒 蛤蜊 義 大利 麵 20230430e1nk8i05,5
咖哩 牛肉丸 生義 大利 麵 20230206i0azgxo,5
0172175152HIL 蕃茄 紅醬義 大利 麵,10
烤 雞 肉 醬 生義 大利 麵 20230415f9yg4w9a,5
松露 烤 雞 生義 大利 麵 20230304q5qxpctc,5
波隆 那海鮮紙 包義 大利 麵 20230409ufdu2m,5
羅 勒 雞 腿 排紙 包義 大利 麵 20230310d42zf5,5
波隆 那 牛肉丸 紙包義 大利 麵,25
松露義 大利 麵 醬 起司,10
羅 勒 雞 腿 排紙 包義 大利 麵 20230326f46xfz,5
奶油 海鮮紙 包義 大利 麵 20230410tljr5fx,5
青醬 蛤蜊 中卷 義 大利 圓 麵,5
奶油 雞腿 排紙 包義 大利 麵,35
波隆 那 牛肉丸 紙包義 大利 麵 單點 ParchmentSpag,135
Prego 蘑菇 義 大利 麵 醬 300g,10
區蔬 小小 樹食 蕈 菇 青醬義 大利 麵,10
咖哩 牛肉丸 生義 大利 麵 20230226f4vs4uj,5
奶油 雞腿 排義 大利 麵 單點,95
波隆 那 牛肉丸 義 大利 麵 單點 20230403z6wp,5
烤 雞 肉 醬 生義 大利 麵 20230420f4ztcapy,5
羅 勒 海鮮義 大利 麵 單點,55
松露 烤 雞 生義 大利 麵 20230213f4yffxs5,5
烤 雞 肉 醬 生義 大利 麵 20230408n6alw9xw,5
美味 義 大利 麵 醬 蔬菜,10
焗 烤 番茄 嫩 雞義 大利 麵 11y,5
羅 勒 雞 腿 排紙 包義 大利 麵,45
奶油 雞腿 排紙 包義 大利 麵 20230312i74d2p,5
西堤 重磅 牛肉丸 番茄 義 大利 麵 冷凍 310gx2 家樂福,5
超義 大利 波隆納肉 醬,5
波隆 那 牛肉丸 紙包義 大利 麵 20230417l1huj,5
羅 勒 雞 腿 排紙 包義 大利 麵 20230405nfdm60,5
波隆 那海鮮義 大利 麵 單點 20230325q0sr,5
波隆 那 牛肉丸 紙包義 大利 麵 20230415oyk5e,5
松露 烤 雞 生義 大利 麵 20230206b9zsfpsf,5
奶油 海鮮紙 包義 大利 麵 20230413lqiuazp,5
不倒翁 150g 番茄 風味義 大利 麵,50
波隆 那海鮮義 大利 麵 單點 20230401e0om,5
松露 烤 雞 生義 大利 麵 20230422e6vft4py,5
羅 勒 雞 腿 排紙 包義 大利 麵 20230408d42z9d,5
波隆 那 牛肉丸 紙包義 大利 麵 20230408xgya2,5
波隆 那 牛肉丸 紙包義 大利 麵 20230403gnomi,5
羅 勒 海鮮紙 包義 大利 麵 20230429t4gpbt4,5
波隆 那 牛肉丸 義 大利 麵 單點 20230425z8lk,5
波隆 那 牛肉丸 義 大利 麵 單點 20230412z6wp,5
奶油 海鮮紙 包義 大利 麵 20230313oyk5yw7,5
美味 大師義 大利 麵 醬 蕃茄 原味,5
奶油 雞腿 排紙 包義 大利 麵 20230423vgj2xv,5
波隆 那海鮮義 大利 麵 單點 20230402z6fi,5
義 大利 麵 盤 NICE22CM,5
波隆 那海鮮義 大利 麵 單點 20230305q0sr,5
2 箱免 運 阿曼 義 大利 麵 圓 麵 義 大利 麵 阿曼 Fiora5,5
義 大利 麵 及 飯 請,5
烤 雞 肉 醬 生義 大利 麵 20230424v7tf3uli,5
SunnyBuy 即期 優惠美國 Ragu 義 大利 麵,5
咖哩 牛肉丸 生義 大利 麵 20230429s0bqzmf,5
羅 勒 雞 腿 排紙 包義 大利 麵 20230421pu1rlb,5
松露 烤 雞 生義 大利 麵 20230404p4av8xqv,5
松露 烤 雞 生義 大利 麵 20230226f4ztwakq,5
金寶 蕃茄 義 大利 麵 醬 300g,5
波隆 那 牛肉丸 紙包義 大利 麵 20230312xsygr,5
美味 義 大利 麵 醬田園,10
波隆 那海鮮義 大利 麵 單點 20230423ylco,5
大蒜 番茄 義 大利 麵,5
松露 烤 雞 生義 大利 麵 20230214k1qkkcaa,5
羅 勒 雞 腿 排紙 包義 大利 麵 20230323u2ciks,5
咖哩 牛肉丸 生義 大利 麵 20230316s0bqmh3,5
羅 勒 雞 腿 排紙 包義 大利 麵 20230403pu1rnp,5
烤 雞 肉 醬 生義 大利 麵 20230426s0bqo9c8,5
奶油 海鮮義 大利 麵 單點,60
松露 烤 雞 生義 大利 麵 20230427y6eq4pmz,5
奶油 雞腿 排紙 包義 大利 麵 20230419no4gl8,5
坎佩尼亞義 大利 麵 螺絲 麵 500g,5
羅 勒 雞 腿 排紙 包義 大利 麵 20230404trt13k,5
羅 勒 雞 腿 排紙 包義 大利 麵 20230312fvu8ws,5
波隆 那海鮮義 大利 麵 單點 20230301b4bu,5
A03 番茄 雞肉 菠菜 義 大利 麵 20230326zxqx,5
QQ 義 大利 麵 螺絲 500g,5
松露 烤 雞 生義 大利 麵 20230308fjiom1u8,5
松露 烤 雞 生義 大利 麵 20230330n8cufbm1,5
波隆 那海鮮義 大利 麵 單點 20230415z0vp,5
松露 烤 雞 生義 大利 麵 20230430v4rnqups,5
波隆 那 牛肉丸 義 大利 麵 單點 20230421b1ih,5
03721761394C 青醬 燻 雞義 大利 麵,5
義 大利 麵 請 醬 汁 多,5
羅 勒 雞 腿 排紙 包義 大利 麵 20230314s8jum1,5
奶油 雞腿 排紙 包義 大利 麵 20230413pdwn02,5
羅 勒 雞 腿 排紙 包義 大利 麵 20230420pu1rbb,5
奶油 雞腿 排紙 包義 大利 麵 20230420o2loic,5
波隆 那 牛肉丸 義 大利 麵 單點 20230417z0rl,5
咖哩 牛肉丸 生義 大利 麵 20230223e0qcjf5,5
期待 forever 義 大利 麵 兌換券,100
松露 烤 雞 生義 大利 麵 20230315b4ufcj51,5
松露 烤 雞 生義 大利 麵 20230319m7cmug1k,5
烤 雞 肉 醬 生義 大利 麵 20230409r5cr2xhi,5
咖哩 牛肉丸 生義 大利 麵 20230311x7gx9w0,5
波隆 那海鮮義 大利 麵 單點 20230304z7sa,5
KALIFORESPAKITTE 明太子 義 大利 麵 醬 17,5
波隆 那海鮮紙 包義 大利 麵 20230404bfasbn,5
咖哩 牛肉丸 生義 大利 麵 20230404x7gx5uu,5
波隆 那 牛肉丸 義 大利 麵 單點 20230415z6wp,5
i 義 大利 波隆納肉,5
英國 B 快 煮 義 大利 麵,10
8016874030014 義 大利 義饗 食 香辣 番茄 義 大利 麵 醬,5
松露 烤 雞 生義 大利 麵 20230105q7xvilqe,5
可果 美義 大利 麵 醬 蕃茄 肉醬 140g 盒紅色 每月 特賣,5
烤 雞 肉 醬 生義 大利 麵 20230424e3tvbs6a,5
波隆 那海鮮義 大利 麵 單點 20230425ylco,5
奶油 雞腿 排紙 包義 大利 麵 20230429drievl,5
波隆 那 牛肉丸 紙包義 大利 麵 20230413gsk04,5
波隆 那 牛肉丸 義 大利 麵 單點 20230327d5wx,5
羅 勒 雞 腿 排紙 包義 大利 麵 20230426dxuje4,5
波隆 那 牛肉丸 紙包義 大利 麵 20230328trt1c,5
西堤 蛤蠣 鮮蝦 青醬義 大利 麵 冷凍 300g 克 x2 家樂福,5
烤 雞 肉 醬 生義 大利 麵 20230411x8pssq81,5
羅 勒 海鮮紙 包義 大利 麵 20230403qj5m4bi,5
QQ 義 大利 麵 筆尖 500g,5
波隆 那海鮮義 大利 麵 單點 20230310q0sr,5
波隆 那 牛肉丸 義 大利 麵 單點 20230312z6fi,5
波隆 那 牛肉丸 義 大利 麵 單點 20230416e6ce,5
松露 烤 雞 生義 大利 麵 20230406k3cnvezo,5
松露 烤 雞 生義 大利 麵 20221004f9yg962q,5
松露 烤 雞 生義 大利 麵 20221015u4eprqqz,5
松露 烤 雞 生義 大利 麵 20221018n8cuklhr,5
松露 烤 雞 生義 大利 麵 20221028r7el0wbx,5
松露 烤 雞 生義 大利 麵 20221029q3lgw4g6,5
烤 雞 肉 醬 生義 大利 麵 20230422v6odqxop,5
羅 勒 雞 腿 排紙 包義 大利 麵 20230415wjnez0,5
松露 烤 雞 生義 大利 麵 20230404r6jsimb6,5
波隆 那海鮮義 大利 麵 單點 20230412z7hh,5
波隆 那海鮮義 大利 麵 單點 20230301v2sk,5
波隆 那 牛肉丸 義 大利 麵 單點 20230411z6ja,5
松露 烤 雞 生義 大利 麵 20230423f6vvm45f,5
松露 烤 雞 生義 大利 麵 20230426q4yty0o5,5
波隆 那海鮮義 大利 麵 單點 20230321y9ae,5
松露 烤 雞 生義 大利 麵 20230401fvrp1u03,5
羅 勒 海鮮紙 包義 大利 麵 20230426vgj2szm,5
松露 烤 雞 生義 大利 麵 20230403f4ztbkmu,5
波隆 那海鮮紙 包義 大利 麵 20230316by0z8j,5
松露 烤 雞 生義 大利 麵 20230310f5wje0zs,5
Arbella 義 大利 麵,25
波隆 那 牛肉丸 紙包義 大利 麵 20230410i2u5w,5
鮮蔬 野菇 義 大利 圓 麵 20230115f8baobgz,5
義美 e 家小 館 奶油 培根 義 大利 麵,10
烤 雞 肉 醬 生義 大利 麵 20230415x6fje2ev,5
松露 烤 雞 生義 大利 麵 20230302n9ofzhre,5
金品 義 大利 肉醬 麵,5
波隆 那 牛肉丸 義 大利 麵 單點 20230301y5kr,5
波隆 那海鮮紙 包義 大利 麵 20230310bjgert,5
咖哩 牛肉丸 生義 大利 麵 20230103e1qypz4,5
奶油 海鮮紙 包義 大利 麵 20230309aftmvnu,5
烤 雞 肉 醬 生義 大利 麵 20230424b8kihdu2,5
奶油 雞腿 排紙 包義 大利 麵 20230310fvu8h0,5
波隆 那 牛肉丸 義 大利 麵 單點 20230325z6wp,5
羅 勒 雞 腿 排紙 包義 大利 麵 20230423aftmf2,5
波隆 那 牛肉丸 義 大利 麵 單點 20230306z3bo,5
羅 勒 海鮮紙 包義 大利 麵 20230330kf8mq0m,5
金寶湯 香甜 番茄 義 大利 麵 醬 300g,5
海膽 明太子 海鮮義 大利 麵 20230317fgi3mx,5
松露 烤 雞 生義 大利 麵 20230320b9vy7mqp,5
義 大利 Majora 麥嘉樂義 大利 麵 天使 麵 直 麵 筆管 麵 細扁,5
波隆 那 牛肉丸 紙包義 大利 麵 20230321nfdm3,5
羅 勒 海鮮紙 包義 大利 麵 20230417tljrpux,5
波隆 那 牛肉丸 紙包義 大利 麵 20230412xrn2s,5
松露 烤 雞 生義 大利 麵 20230417q4yttxaw,5
羅 勒 雞 腿 排紙 包義 大利 麵 20230410pu1rrv,5
烤 雞 肉 醬 生義 大利 麵 20230409q5qxlbuj,5
松露 烤 雞 生義 大利 麵 20230427h1us84og,5
奶香 青醬 蛤蠣 義 大利 麵,5
松露 烤 雞 生義 大利 麵 20230405v6rxrzi1,5
咖哩 牛肉丸 生義 大利 麵 20230122rxxt3f4,5
咖哩 牛肉丸 生義 大利 麵 20230117b8kim60,5
波隆 那海鮮義 大利 麵 單點 20230420z0bi,5
羅 勒 雞 腿 排紙 包義 大利 麵 20230321by0zdp,5
超青醬 奶油 雞肉義 大利 麵 醬,10
松露 烤 雞 生義 大利 麵 20221018c5walklz,5
古斯塔 義 大利 麵 Gustapasta 兌換券,10
金后 義 大利 麵,10
加熱 出貨 培根 奶油 風味義 大利 麵,5
青醬 蛤蜊 中卷 義 大利 圓 麵 20230105f8basm,5
松露 烤 雞 生義 大利 麵 20230122b9gvamsr,5
咖哩 牛肉丸 生義 大利 麵 20230315x5uyoti,5
蕃茄 海鮮義 大利 麵 燉 飯 焗 烤,5
松露 烤 雞 生義 大利 麵 20221027r5crl6hi,5
松露 烤 雞 生義 大利 麵 20230128n6alip9t,5
優統 食品 Molisana 茉莉 義 大利 麵 全麥直 麵 50,5
金寶 番茄 義 大利 麵 醬 300g 康鄰 超市,5
松露 烤 雞 生義 大利 麵 20221006b8kicvb7,5
松露 烤 雞 生義 大利 麵 20230112dce1smr8,5
松露 烤 雞 生義 大利 麵 20221015u4epb19l,5
Agesi 義 大利 蕃茄 鮮蔬 紅醬,10
西堤 蛤蠣 鮮蝦 青醬義 大利 麵,5
青醬 蛤 罵 義 大利 麵 20221015p13vvcy7,5
松露 烤 雞 生義 大利 麵 20221001f4yfgmo0,5
一大 粒 蕃茄 雞肉義 大利 圓 麵,5
海鮮義 大利 麵 麻,5
白酒 蛤蜊 白醬義 大利 麵 20221024i2ewr4n,5
松露 烤 雞 生義 大利 麵 20221004fs7xyhj3,5
Fiorillo 義 大利 麵 貓 耳朵 形義 大利 麵 Orecc,5
松露 烤 雞 生義 大利 麵 20230317lua4ohfd,5
松露 烤 雞 生義 大利 麵 20230327n3rtegg5,5
波隆 那海鮮紙 包義 大利 麵 20230318aftm42,5
羅 勒 雞 腿 排紙 包義 大利 麵 20230329tcwa0g,5
百益義 大利 麵 醬 190g 蕃茄 醬,5
松露 烤 雞 生義 大利 麵 20230118f4dlevbq,5
波隆 那 牛肉丸 義 大利 麵 單點 20230325z6fi,5
松露 烤 雞 生義 大利 麵 20230309f1sqrau0,5
麻煩義 大利 麵 裡面,5
松露 烤 雞 生義 大利 麵 20230112q4ytjre1,5
本多手 延義 大利 麵,10
松露 烤 雞 生義 大利 麵 20221030x2emd4zx,5
燻 雞 青醬義 大利 麵,5
松露 烤 雞 生義 大利 麵 20221028b8kiatmz,5
松露 烤 雞 生義 大利 麵 20221026o4vdor2v,5
松露 烤 雞 生義 大利 麵 20221006u4epmves,5
松露 烤 雞 生義 大利 麵 20230322r6jsr6pa,5
波隆 那 牛肉丸 紙包義 大利 麵 20230313d42z9,5
Molisana 茉莉 羅 勒 微辣 番茄 義 大利 麵 醬 340g,10
MAMA 義 大利 麵,5
松露 烤 雞 生義 大利 麵 20230105x3app6qr,5
波隆 那 牛肉丸 紙包義 大利 麵 20230317el1ys,5
松露 烤 雞 生義 大利 麵 20230320n5qtm63i,5
松露 烤 雞 生義 大利 麵 20230121f7qtc23f,5
松露 烤 雞 生義 大利 麵 20230315i0trno78,5
波隆 那 牛肉丸 紙包義 大利 麵 20230323i74dl,5
海味 嚴選 明太子 義 大利 麵 250g1500 免運義 大利 麵,15
咖哩 牛肉丸 生義 大利 麵 20230122s9tgqbc,5
波隆 那 牛肉丸 義 大利 麵 單點 20230323z6wp,5
Agnesi 義式 蒜 香義 大利 麵 醬 185gAgnesi,5
波隆 那 牛肉丸 義 大利 麵 單點 20230308b0ah,5
波隆 那 牛肉丸 紙包義 大利 麵 20230320fgfti,5
松露 烤 雞 生義 大利 麵 20230301u6yyhy4e,5
波隆 那 牛肉丸 義 大利 麵 單點 20230303q0sr,5
松露 烤 雞 生義 大利 麵 20230317u6gcuw9x,5
烤 雞 肉 醬 生義 大利 麵 20230417q2fpa57k,5
松露 烤 雞 生義 大利 麵 20230102f1if8zmo,5
松露 烤 雞 生義 大利 麵 20230102x6va9i3t,5
羅 勒 海鮮紙 包義 大利 麵 20230320fvu8i5e,5
ANTONIOAMATO 阿瑪特義 大利 尖筆 麵 斜管 麵,5
咖哩 牛肉丸 生義 大利 麵 20230308b7fpzmj,5
波隆 那 牛肉丸 紙包義 大利 麵 20230316xsygd,5
松露 烤 雞 生義 大利 麵 20230309m8tgto20,5
QQ 義 大利 麵 筆尖 500g 愛買,10
羅 勒 海鮮紙 包義 大利 麵 20230319u2cikcf,5
波隆 那海鮮義 大利 麵 單點 20230309y0ij,5
羅 勒 雞 腿 排紙 包義 大利 麵 20230312y3p0al,5
義 大利 麵 不要 胡椒,5
松露 烤 雞 生義 大利 麵 20221008f4zturax,5
松露 烤 雞 生義 大利 麵 20221012c6rtuy2d,5
松露 烤 雞 生義 大利 麵 20221005c9eiwz66,5
松露 烤 雞 生義 大利 麵 20221004f1if7ezz,5
松露 烤 雞 生義 大利 麵 20230106t3ak94lm,5
澳洲 OZGANICS 有機 辣味 義 大利 麵,5
Molisana 茉莉 微辣 蕃茄 義 大利 麵 醬 340g 罐,10
波隆 那 牛肉丸 義 大利 麵 單點 20230304z0jw,5
咖哩 牛肉丸 生義 大利 麵 20230107f7ua9fu,5
宮保雞 丁醬義 大利 麵 醬 麵 早餐 食材 DIY 美食 方便 美味,5
奶油 雞腿 排紙 包義 大利 麵 20230314urq5iz,5
波隆 那 牛肉丸 紙包義 大利 麵 20230313rz8hq,5
波隆 那 牛肉丸 義 大利 麵 單點 20230330z6wp,5
家樂福 原味 義 大利 麵 醬 420g 克 x1 家樂福,5
松露 烤 雞 生義 大利 麵 20230328f9yg53fh,5
波隆 那 牛肉丸 義 大利 麵 單點 20230331z6wp,5
奶油 雞腿 排紙 包義 大利 麵 20230319o2los3,5
波隆 那 牛肉丸 義 大利 麵 單點 20230315b0ah,5
波隆 那 牛肉丸 義 大利 麵 單點 20230317z8nw,5
聯夏義 大利 麵 醬義式 番茄 肉醬 義式 海鮮醬 140g 拌 麵 醬,10
咖哩 牛肉丸 生義 大利 麵 20230418n8cufx7,5
