clusterName_0,clusterNum_0,clusterName_1,clusterNum_1,clusterName_2,clusterNum_2,clusterName_3,clusterNum_3,clusterName_4,clusterNum_4,clusterName_5,clusterNum_5,clusterName_6,clusterNum_6,clusterName_7,clusterNum_7,clusterName_8,clusterNum_8,clusterName_9,clusterNum_9
牛肉,5100,麵,370875,單點,4625,海鮮,3510,麵,2204415,套餐,4305,麵,150310,牛肉,133555,湯烏龍,1730,海鮮,41515
麵,5100,大利,370400,紙包,4625,比薩獨,3510,炒,387055,麵,3605,烏龍,132265,麵,96310,麵,1725,麵,24745
套餐,3430,蒜,165045,麵,4625,享餐,3510,涼,338465,紅燒,1990,石二鍋,46415,紅燒,49200,韓式,40,農心,14515
番茄,3305,排義,164595,飯,4625,20221207z4njcjam,5,烤,275860,排骨,1990,素,27155,酸菜,36255,味,40,烏,14515
炸醬,820,腿,164480,送,4625,20221212z2yus2ic,5,雞,268575,檸汁椒,405,麻婆豆腐,27075,拉,34425,噌,40,香辣,14440
牛三寶,770,炒塔香,164330,夏威夷,4625,20221211b5vb3z91,5,焗,257030,麻雞,405,愛,19090,蔥燒,25965,20220915g3waxxud,5,炒碼,13205
王品,325,義,72375,個,4625,20221205z7ofvmfz,5,燻,255785,麻辣,375,族,19090,包,25625,20220904s4ire8w2,5,明太子,3780
6,115,蕃茄,55145,人,4625,20221210y3kaf9q8,5,火腿,251180,生義,370,123,7840,咖哩,15185,20220927m6ay654l,5,風奶,3780
