item_name,item
P154 經典 蛋堡 套餐,390
原味 雪貝 套餐 32oz,25
原味 雪貝 套餐 4oz,85
保養 套餐 ALTIS 機油 保養 套餐 含機油 5W40 機油 芯,5
OLIMADIY 套餐 深層 清潔劑 套餐 區蟲屍 柏油 去除 劑,15
小比薩任 你 配 套餐 20221214y5vuh115,5
小比薩任 你 配 套餐 20221201c7iiq6lc,5
小比薩任 你 配 套餐 20221224n6uzl1ao,5
小比薩任 你 配 套餐 20221225i50wm0xe,5
套餐 炙香牛 六,110
小比薩任 你 配 套餐 20221231d3rgjbe7,5
小比薩任 你 配 套餐 20221231z0vshrri,5
小比薩任 你 配 套餐 20221224z0jwe12a,5
小比薩任 你 配 套餐 20221210b1zbpto4,5
小比薩任 你 配 套餐 20221202z5ant6ws,5
小比薩任 你 配 套餐 20221224z9dcfcqn,5
小比薩任 你 配 套餐 20221208y2gnpjq5,5
小比薩任 你 配 套餐 20221224z4zs2yy5,5
小比薩任 你 配 套餐 20221204b5kiw7r9,5
小比薩任 你 配 套餐 20221203u6nhxx1z,5
小比薩任 你 配 套餐 20221224d3rgegxx,5
小比薩任 你 配 套餐 20221227b1sh6tik,5
小比薩任 你 配 套餐 20221217c5pap48q,5
小比薩任 你 配 套餐 20221224z6vidoph,5
漢堡 王華堡 套餐,265
小比薩任 你 配 套餐 20221203z0jv6w63,5
小比薩任 你 配 套餐 20221218z5hf1g5s,5
小比薩任 你 配 套餐 20221225b1ju12gj,5
小比薩任 你 配 套餐 20221209z5gtob4n,5
小比薩任 你 配 套餐 20221231z2ygrbk8,5
小比薩任 你 配 套餐 20221224b5ki0k1w,5
套餐 方向 盤油賓德 2 瓶,5
小比薩任 你 配 套餐 20221206z7ofn5fn,5
起司條 x3 條 套餐 加購,80
小比薩任 你 配 套餐 20221225z7eqxvte,5
小比薩任 你 配 套餐 20221224z7oftvrp,5
套餐 香 鷄 滿 福 堡 加 蛋 ChickenMcMuffinwi,1170
小比薩任 你 配 套餐 20221218z2wu0bfy,5
小比薩任 你 配 套餐 20221225z2oowce3,5
小比薩任 你 配 套餐 20221213y1mj60fi,5
小比薩任 你 配 套餐 20221218f7niiedk,5
小比薩任 你 配 套餐 20230119z1pqwltk,5
小比薩任 你 配 套餐 20221222z8nguvnn,5
小比薩任 你 配 套餐 20221207f7nilhmv,5
小比薩任 你 配 套餐 20221225y1vcwg6z,5
小比薩任 你 配 套餐 20221225un0hee3t,5
小比薩任 你 配 套餐 20221214a9nic5td,5
小比薩任 你 配 套餐 20221224e6qspnb9,5
小比薩任 你 配 套餐 20221225z6ixa9q3,5
小比薩任 你 配 套餐 20221214o3tdv3qz,5
小比薩任 你 配 套餐 20221223z3sxlt8i,5
小比薩任 你 配 套餐 20221224z4db9q7j,5
小比薩任 你 配 套餐 20230128z7uex5at,5
米堡 套餐,10
小比薩任 你 配 套餐 20230126z7sb0dh7,5
小比薩任 你 配 套餐 20221210z4dbtlfx,5
小比薩任 你 配 套餐 20230122a9nix5yb,5
小比薩任 你 配 套餐 20221225sipmoxhx,5
小比薩任 你 配 套餐 20221210a5dkg555,5
小比薩任 你 配 套餐 20221210z4nra4qk,5
PALEDToyotaAltis12 代 LED 套餐,60
小比薩任 你 配 套餐 20221216z8sac3qh,5
小比薩任 你 配 套餐 20221202z0bi6k8v,5
小比薩任 你 配 套餐 20221217z6go1hbt,5
小比薩任 你 配 套餐 20230129z3bom48o,5
小比薩任 你 配 套餐 20221207b8ns7yf4,5
小比薩任 你 配 套餐 20221211z6bsu160,5
原味 雪貝 套餐 8oz,60
小比薩任 你 配 套餐 20221209qx3z4jp7,5
小比薩任 你 配 套餐 20221211z6qspn23,5
小比薩任 你 配 套餐 20221228v2skan9e,5
小比薩任 你 配 套餐 20221225b0ahygfc,5
小比薩任 你 配 套餐 20221224y3kah89l,5
小比薩任 你 配 套餐 20221208z6ip1s45,5
小比薩任 你 配 套餐 20221212e0bqzmkh,5
小比薩任 你 配 套餐 20221224q0sra8yo,5
小比薩任 你 配 套餐 20230223fwo2fo4n,5
小比薩任 你 配 套餐 20221211y0ij964y,5
小比薩任 你 配 套餐 20230124i2kp2xo3,5
起飛嫩 雞堡 套餐 20221212k3vlenvp,5
小比薩任 你 配 套餐 20230122u6nhe6b5,5
小比薩任 你 配 套餐 20221224z7sbj08b,5
小比薩任 你 配 套餐 20230204z8csb2cd,5
小比薩任 你 配 套餐 20221224y2obbvoa,5
小比薩任 你 配 套餐 20221218z9edt0nr,5
小比薩任 你 配 套餐 20221224y1nd5jcq,5
小比薩任 你 配 套餐 20221224f9jrv664,5
會員護 膜 套餐 休旅,165
小比薩任 你 配 套餐 20230105f7nib4i2,5
小比薩任 你 配 套餐 20230101r7eox7pm,5
小比薩任 你 配 套餐 20230108z8bt8k59,5
會員護 膜 套餐 轎式,190
小比薩任 你 配 套餐 20230121b5wownl1,5
小比薩任 你 配 套餐 20221224z6fi9qe7,5
小比薩任 你 配 套餐 20221210z9ed0sf0,5
小比薩任 你 配 套餐 20221223y9hqgv6o,5
小比薩任 你 配 套餐 20221228z2qedlhe,5
小比薩任 你 配 套餐 20221223z6fihbfa,5
小比薩任 你 配 套餐 20221224z1ym5089,5
小比薩任 你 配 套餐 20230122b4kg818g,5
小比薩任 你 配 套餐 20221227n6uz9xxq,5
小比薩任 你 配 套餐 20221218e6qsb6ah,5
小比薩任 你 配 套餐 20221225z3ifyibm,5
小比薩任 你 配 套餐 20221209z6fiml4e,5
雙層 華堡 套餐,365
小比薩任 你 配 套餐 20221202z5nkyihe,5
小比薩任 你 配 套餐 20221224i50wwdzs,5
小比薩任 你 配 套餐 20221217z7saylrn,5
小比薩任 你 配 套餐 20230101jezr10iq,5
小比薩任 你 配 套餐 20221230z5piafzs,5
小比薩任 你 配 套餐 20230101z7ofg58f,5
小比薩任 你 配 套餐 20230128z7ofprzn,5
小比薩任 你 配 套餐 20221221z1pqqpvf,5
小比薩任 你 配 套餐 20230126c5pal2jx,5
小比薩任 你 配 套餐 20230102y5vu6zcu,5
小比薩任 你 配 套餐 20221225e0hbt7z5,5
小比薩任 你 配 套餐 20230123z1knfnrw,5
原味 雪貝 套餐 6oz,185
PK300 點任 你 配 套餐,1790
小比薩任 你 配 套餐 20230217z7sa2dy5,5
小比薩任 你 配 套餐 20230119b9pex2qy,5
小比薩任 你 配 套餐 20230119z2fewnyf,5
小比薩任 你 配 套餐 20230123z1pqqkx6,5
小比薩任 你 配 套餐 20221225f9jrpcnj,5
小比薩任 你 配 套餐 20230118z2wuvsg5,5
小比薩任 你 配 套餐 20230124hm0qz3c4,5
小比薩任 你 配 套餐 20221215z2uqzg48,5
小比薩任 你 配 套餐 20230105y7xdqk10,5
小比薩任 你 配 套餐 20221225z2wuzwwj,5
小比薩任 你 配 套餐 20221228z8orlo39,5
小比薩任 你 配 套餐 20221225z0rld1g1,5
小比薩任 你 配 套餐 20221225b8bfew5e,5
小比薩任 你 配 套餐 20221225z6ixjsjp,5
小比薩任 你 配 套餐 20230126y1nhu5tv,5
小比薩任 你 配 套餐 20230124b5won0tp,5
小比薩任 你 配 套餐 20221225e0omtyp3,5
小比薩任 你 配 套餐 20221202z7de7823,5
小比薩任 你 配 套餐 20230208b5wo7y1w,5
小比薩任 你 配 套餐 20230204o3td6c5m,5
小比薩任 你 配 套餐 20230219y2dfplfx,5
小比薩任 你 配 套餐 20230226c7iizhhe,5
小比薩任 你 配 套餐 20230115b4kg7ymw,5
小比薩任 你 配 套餐 20230121ylco2zsq,5
小比薩任 你 配 套餐 20221225y3vrqasp,5
小比薩任 你 配 套餐 20230226z5pigjj4,5
小比薩任 你 配 套餐 20221231b3pcxmzx,5
小比薩任 你 配 套餐 20221216ip9m4glw,5
小比薩任 你 配 套餐 20221225z3boknsk,5
小比薩任 你 配 套餐 20230125e5kcavrt,5
超級 總匯 XL 套餐 w,150
小比薩任 你 配 套餐 20221231b5vbnvzf,5
小比薩任 你 配 套餐 20221224y5rycfzs,5
小比薩任 你 配 套餐 20230128z1ywhnz5,5
小比薩任 你 配 套餐 20221204z0vp8fmg,5
小比薩任 你 配 套餐 20221225z6ly9spz,5
小比薩任 你 配 套餐 20221224jezrabkc,5
小比薩任 你 配 套餐 20230122i2kp19wj,5
小比薩任 你 配 套餐 20230129y4dxkuxb,5
小比薩任 你 配 套餐 20221224c9l5kwc1,5
小比薩任 你 配 套餐 20230201z8eeo6fg,5
小比薩任 你 配 套餐 20230123z7sxbfn3,5
小比薩任 你 配 套餐 20230223q2nezry4,5
小比薩任 你 配 套餐 20230125z0vswfsx,5
小比薩任 你 配 套餐 20230203z1pqnkuq,5
小比薩任 你 配 套餐 20221209z5gj0y45,5
小比薩任 你 配 套餐 20221224y3vre9s3,5
小比薩任 你 配 套餐 20230127z7ofb8rh,5
小比薩任 你 配 套餐 20230221h9ymei9q,5
小比薩任 你 配 套餐 20230126z4ljuaro,5
小比薩任 你 配 套餐 20230101z3sxxoba,5
小比薩任 你 配 套餐 20230122z4ps171g,5
小比薩任 你 配 套餐 20230110a5qwn9s4,5
小比薩任 你 配 套餐 20230125z2iz4ppb,5
小比薩任 你 配 套餐 20221225z4nj9w6m,5
小比薩任 你 配 套餐 20230217z6ficzgu,5
小比薩任 你 配 套餐 20230214a7sfe52i,5
小比薩任 你 配 套餐 20230119z1ymxgqi,5
小比薩任 你 配 套餐 20230208b6ij612m,5
小比薩任 你 配 套餐 20221224z6ixddy7,5
小比薩任 你 配 套餐 20230124b6rtvk3z,5
小比薩任 你 配 套餐 20230114y2ob3zfp,5
小比薩任 你 配 套餐 20221231hm0qutyk,5
小比薩任 你 配 套餐 20221224hm0qofur,5
小比薩任 你 配 套餐 20230115e5kcr39u,5
小比薩任 你 配 套餐 20230217z3qo7yjr,5
小比薩任 你 配 套餐 20230216vc1daz2c,5
小比薩任 你 配 套餐 20230209y5vucuf0,5
小比薩任 你 配 套餐 20230211x3xx5hgf,5
小比薩任 你 配 套餐 20230121b4kga5x2,5
小比薩任 你 配 套餐 20230214z5nkxu61,5
小比薩任 你 配 套餐 20230201z6ogincf,5
小比薩任 你 配 套餐 20230128y4bobfm3,5
小比薩任 你 配 套餐 20221211z3boakxl,5
小比薩任 你 配 套餐 20230226y6cthnii,5
小比薩任 你 配 套餐 20230227r7eouptd,5
小比薩任 你 配 套餐 20230226r7eoy33j,5
小比薩任 你 配 套餐 20221231z1ynjhfa,5
小比薩任 你 配 套餐 20230125u6nhgyfg,5
小比薩任 你 配 套餐 20230125z6ixyixq,5
小比薩任 你 配 套餐 20221225z9dc9ard,5
小比薩任 你 配 套餐 20230122z4nrpq8q,5
套餐 香 鷄 蛋 堡 EggBurgerwithChicke,1290
小比薩任 你 配 套餐 20230220jezriguo,5
小比薩任 你 配 套餐 20221225z7kwohxf,5
小比薩任 你 配 套餐 20230208z8orbfwg,5
小比薩任 你 配 套餐 20230123b2zrxfdm,5
小比薩任 你 配 套餐 20230123z5gjdyqs,5
小比薩任 你 配 套餐 20221219e0omx2a7,5
套餐 6 吋 鮮嫩 雞 柳 潛艇 堡 6InchChickenSt,35
小比薩任 你 配 套餐 20230122x4nw4vzp,5
小比薩任 你 配 套餐 20230123z6ipxkc5,5
小比薩任 你 配 套餐 20230201z1pqchar,5
小比薩任 你 配 套餐 20230203a8huar10,5
小比薩任 你 配 套餐 20230206z6qsq1r3,5
小比薩任 你 配 套餐 20230207e0bqpxli,5
小比薩任 你 配 套餐 20230122z6sd1hem,5
小比薩任 你 配 套餐 20230124d2ig42q1,5
小比薩任 你 配 套餐 20221226z2oot7f7,5
小比薩任 你 配 套餐 20221207gtzrhz92,5
小比薩任 你 配 套餐 20230303b1zb3m7c,5
小比薩任 你 配 套餐 20230226b4kgxr9t,5
小比薩任 你 配 套餐 20230119b6ij6dn1,5
小比薩任 你 配 套餐 20221204z7dzo4b3,5
小比薩任 你 配 套餐 20230127d2ig6ul6,5
小比薩任 你 配 套餐 20230122i50wcsmx,5
小比薩任 你 配 套餐 20230202b9ke7neu,5
小比薩任 你 配 套餐 20230205z6qsawpo,5
小比薩任 你 配 套餐 20230213z3wtk3tr,5
小比薩任 你 配 套餐 20230226c7iitaal,5
小比薩任 你 配 套餐 20230217z4dbb3pj,5
小比薩任 你 配 套餐 20230207b4buqk0c,5
小比薩任 你 配 套餐 20230212jezr8ivv,5
小比薩任 你 配 套餐 20230204z5fhcqk4,5
小比薩任 你 配 套餐 20230121a9nieqhx,5
小比薩任 你 配 套餐 20230119v2sksebe,5
小比薩任 你 配 套餐 20230218n6uzjb8q,5
小比薩任 你 配 套餐 20221224y5qhqvnd,5
小比薩任 你 配 套餐 20230219z1ymvlnf,5
小比薩任 你 配 套餐 20230227y5odmn04,5
小比薩任 你 配 套餐 20230105z7kw7p47,5
小比薩任 你 配 套餐 20230124z5nk4dqe,5
小比薩任 你 配 套餐 20230119z4vveqaq,5
小比薩任 你 配 套餐 20230318z0jvc83v,5
小比薩任 你 配 套餐 20230305y4dxi03f,5
小比薩任 你 配 套餐 20230205e6qssmvu,5
小比薩任 你 配 套餐 20230226a5dkbpes,5
小比薩任 你 配 套餐 20230227z4axlkmi,5
小比薩任 你 配 套餐 20230212z9fea8vy,5
小比薩任 你 配 套餐 20230119z7ixlm76,5
小比薩任 你 配 套餐 20230205d2igx4mk,5
小比薩任 你 配 套餐 20230327a8hu91gf,5
小比薩任 你 配 套餐 20230125z2uq0mgu,5
小比薩任 你 配 套餐 20221224y4dbwrbs,5
小比薩任 你 配 套餐 20230212y6zmmzxf,5
小比薩任 你 配 套餐 20221207z7sa5ofq,5
XL 套餐 有 一個 漢堡,5
小比薩任 你 配 套餐 20230212z7eqd8j8,5
小比薩任 你 配 套餐 20230213c5paeosf,5
小比薩任 你 配 套餐 20230204hq3rdit1,5
小比薩任 你 配 套餐 20230420z0rli91h,5
小比薩任 你 配 套餐 20230111z1pqprmo,5
小比薩任 你 配 套餐 20230122d7jwq9hd,5
小比薩任 你 配 套餐 20221225z0eubkct,5
小比薩任 你 配 套餐 20221225z5fh8m25,5
小比薩任 你 配 套餐 20221225y3vrvu64,5
小比薩任 你 配 套餐 20221225i50whpgh,5
小比薩任 你 配 套餐 20230322y3bpny9k,5
小比薩任 你 配 套餐 20230225jzvzchq1,5
小比薩任 你 配 套餐 20230214x3xxbu9d,5
小比薩任 你 配 套餐 20230225z0jv5hdj,5
小比薩任 你 配 套餐 20230122b3pcrx1q,5
小比薩任 你 配 套餐 20230217z4mjsz2b,5
小比薩任 你 配 套餐 20230108z6ipc34p,5
小比薩任 你 配 套餐 20230227z0vp9o1x,5
小比薩任 你 配 套餐 20230119y1nhugwp,5
小比薩任 你 配 套餐 20230101y7xd62bi,5
原味 雪貝 套餐 16oz,5
小比薩任 你 配 套餐 20230124c9l5u02a,5
小比薩任 你 配 套餐 20230123z2wunsvd,5
小比薩任 你 配 套餐 20230123d3rgj1vr,5
小比薩任 你 配 套餐 20230303z4gosbeb,5
小比薩任 你 配 套餐 20230317y5ry6ry3,5
小比薩任 你 配 套餐 20230205j3mahdrr,5
T05LCB 套餐 TOYOTAALTIS11 代 11,5
小比薩任 你 配 套餐 20230211a9nisryb,5
小比薩任 你 配 套餐 20221225e2mvwhga,5
小比薩任 你 配 套餐 20230225z0rlrh31,5
小比薩任 你 配 套餐 20230128z0vp6vfy,5
小比薩任 你 配 套餐 20221224z0vsqhbw,5
小比薩任 你 配 套餐 20230325hm0q6s71,5
小比薩任 你 配 套餐 20230323z3ifv0nw,5
小比薩任 你 配 套餐 20230309z5hvk5im,5
小比薩任 你 配 套餐 20221224z7depffe,5
小比薩任 你 配 套餐 20221218z0jvee27,5
小比薩任 你 配 套餐 20221224z9diqho5,5
小比薩任 你 配 套餐 20230224y9ae7oz3,5
小比薩任 你 配 套餐 20230215e0bqdytw,5
小比薩任 你 配 套餐 20230219z7eqns5u,5
小比薩任 你 配 套餐 20230201hm0q5r8m,5
小比薩任 你 配 套餐 20230127y9aegddk,5
小比薩任 你 配 套餐 20230120u6nhnhkc,5
小比薩任 你 配 套餐 20221226z5ana87u,5
小比薩任 你 配 套餐 20221226z4ipk3e9,5
小比薩任 你 配 套餐 20230123z8nwuokw,5
套餐 嘗鮮 w,45
小比薩任 你 配 套餐 20230228z6hvcswq,5
小比薩任 你 配 套餐 20230209jzvzwkr3,5
小比薩任 你 配 套餐 20230216z8ngobix,5
小比薩任 你 配 套餐 20230320c7iiux7n,5
小比薩任 你 配 套餐 20230123j0reby4t,5
小比薩任 你 配 套餐 20230205y7pcmocr,5
小比薩任 你 配 套餐 20230221c7iift45,5
小比薩任 你 配 套餐 20230416z5nkij7r,5
小比薩任 你 配 套餐 20230105sipmq1co,5
小比薩任 你 配 套餐 20230205a8kfc3zk,5
小比薩任 你 配 套餐 20230303b4busise,5
小比薩任 你 配 套餐 20230303z8nwl7jn,5
小比薩任 你 配 套餐 20230311y5qhftwm,5
小比薩任 你 配 套餐 20230314vc1ds6bw,5
小比薩任 你 配 套餐 20230312e2luppqt,5
小比薩任 你 配 套餐 20230211b0ahypas,5
小比薩任 你 配 套餐 20230402c9l5fedx,5
小比薩任 你 配 套餐 20230211z5nk3uap,5
小比薩任 你 配 套餐 20230102z0vs9lwp,5
小比薩任 你 配 套餐 20230219z8orevg7,5
小比薩任 你 配 套餐 20230108z8nw5eiu,5
小比薩任 你 配 套餐 20230121z2wugan8,5
保養 套餐 YARIS 機油 保養 套餐,5
小比薩任 你 配 套餐 20230214z6ix38sn,5
小比薩任 你 配 套餐 20230408z6rdpquz,5
小比薩任 你 配 套餐 20230101z3bolthd,5
小比薩任 你 配 套餐 20230101kghla6ll,5
小比薩任 你 配 套餐 20230125b4kg6305,5
小比薩任 你 配 套餐 20230128y9qmkzad,5
小比薩任 你 配 套餐 20230213z4nr8d6z,5
小比薩任 你 配 套餐 20230311y1vci7wl,5
小比薩任 你 配 套餐 20230318b1ihb25j,5
小比薩任 你 配 套餐 20230212z6fiapxf,5
小比薩任 你 配 套餐 20230126b2zrt1ha,5
小比薩任 你 配 套餐 20230301b5ki03cq,5
小比薩任 你 配 套餐 20230416z8eebomd,5
小比薩任 你 配 套餐 20230304b2pqhej4,5
小比薩任 你 配 套餐 20230404z2itrnr1,5
小比薩任 你 配 套餐 20230317un0hk0xa,5
小比薩任 你 配 套餐 20230319ylcoq2yz,5
小比薩任 你 配 套餐 20230416b9keu53k,5
小比薩任 你 配 套餐 20230227z4axb0r4,5
小比薩任 你 配 套餐 20230403a3ryxfk0,5
小比薩任 你 配 套餐 20230210b2hbi6qc,5
小比薩任 你 配 套餐 20230418z9dch0dg,5
小比薩任 你 配 套餐 20230405b1ihei6h,5
小比薩任 你 配 套餐 20230221z5pizywr,5
小比薩任 你 配 套餐 20230114z3sx9cog,5
小比薩任 你 配 套餐 20230429y1ndg5xk,5
小比薩任 你 配 套餐 20230416hm0q6sn1,5
小比薩任 你 配 套餐 20230125jezre6gy,5
小比薩任 你 配 套餐 20230427z6qs5t5n,5
小比薩任 你 配 套餐 20230123z8cryp9h,5
小比薩任 你 配 套餐 20230128d3rg6s4e,5
小比薩任 你 配 套餐 20230114z7eq03lj,5
小比薩任 你 配 套餐 20230319z6wpsdm9,5
小比薩任 你 配 套餐 20230403z7ix9eza,5
小比薩任 你 配 套餐 20230411l1pbhw1y,5
小比薩任 你 配 套餐 20230405b6ijj3ex,5
小比薩任 你 配 套餐 20230404h2lbw5cd,5
小比薩任 你 配 套餐 20230324ip9mjyvc,5
小比薩任 你 配 套餐 20221231ylcovmkl,5
小比薩任 你 配 套餐 20221225z6ipnbco,5
小比薩任 你 配 套餐 20230222z7sasvrx,5
小比薩任 你 配 套餐 20230119z4mj3594,5
小比薩任 你 配 套餐 20230319y4boigh6,5
小比薩任 你 配 套餐 20230226z6sdb2pc,5
小比薩任 你 配 套餐 20230414z7skgxua,5
小比薩任 你 配 套餐 20230224hq3ro79s,5
小比薩任 你 配 套餐 20230401z7idoj6w,5
小比薩任 你 配 套餐 20230316ip9myj79,5
小比薩任 你 配 套餐 20230124z8bt47dp,5
小比薩任 你 配 套餐 20230127z8nwbhfv,5
小比薩任 你 配 套餐 20230115z0vpciow,5
小比薩任 你 配 套餐 20230424r7eovvb6,5
小比薩任 你 配 套餐 20230415z9ed215g,5
小比薩任 你 配 套餐 20230425z4ljxw9i,5
小比薩任 你 配 套餐 20230407y9aewn1j,5
小比薩任 你 配 套餐 20230303d5wx3c3i,5
小比薩任 你 配 套餐 20230309z4dburgy,5
小比薩任 你 配 套餐 20230415z0jvuqwx,5
小比薩任 你 配 套餐 20230409b8bf1n7o,5
小比薩任 你 配 套餐 20230312z2uq1ovs,5
小比薩任 你 配 套餐 20230415z1pqo20q,5
小比薩任 你 配 套餐 20230408d3rgktl4,5
小比薩任 你 配 套餐 20230415z6wpupnr,5
小比薩任 你 配 套餐 20230419e7huzv1m,5
小比薩任 你 配 套餐 20230318a5dkdmm5,5
小比薩任 你 配 套餐 20230315jezr3802,5
小比薩任 你 配 套餐 20230304y7pccj9b,5
小比薩任 你 配 套餐 20230409b9pe5lva,5
小比薩任 你 配 套餐 20230204z0vp51ff,5
小比薩任 你 配 套餐 20230205y5vu6g7p,5
小比薩任 你 配 套餐 20230124c9l5d8vx,5
小比薩任 你 配 套餐 20230421y4dxmrp4,5
小比薩任 你 配 套餐 20230303z8cs67kz,5
小比薩任 你 配 套餐 20230313ogwwu6ny,5
小比薩任 你 配 套餐 20230423iwbayalr,5
小比薩任 你 配 套餐 20230316y0ijajmo,5
小比薩任 你 配 套餐 20230324b6ijrpz1,5
小比薩任 你 配 套餐 20230314e0bqqno1,5
小比薩任 你 配 套餐 20230304z5pikx7u,5
小比薩任 你 配 套餐 20230404z7dzizdz,5
小比薩任 你 配 套餐 20230309z4mj0v8s,5
小比薩任 你 配 套餐 20230215e0hb1aog,5
小比薩任 你 配 套餐 20230129z5fh2szg,5
小比薩任 你 配 套餐 20230228z4axpary,5
小比薩任 你 配 套餐 20230303d5wxwq32,5
小比薩任 你 配 套餐 20230219z9xwvcrx,5
BWS 水冷 專用 套餐 LED 小魚 眼大燈 套餐 專用 說 明書,10
小比薩任 你 配 套餐 20230426r7eoar5f,5
小比薩任 你 配 套餐 20230415e8eo7bb8,5
小比薩任 你 配 套餐 20230124e7dx7tfj,5
小比薩任 你 配 套餐 20230124z5fhfw9c,5
小比薩任 你 配 套餐 20230415z4ip9c74,5
小比薩任 你 配 套餐 20230309h2lbwdo2,5
小比薩任 你 配 套餐 20230304e0omvzbq,5
小比薩任 你 配 套餐 20230402y5ryr5cz,5
小比薩任 你 配 套餐 20221224z6fidan5,5
小比薩任 你 配 套餐 20230428y2ob4k4g,5
小比薩任 你 配 套餐 20230302z5pil6t7,5
小比薩任 你 配 套餐 20230408x3xxkuip,5
小比薩任 你 配 套餐 20230415z8sabbli,5
小比薩任 你 配 套餐 20230409a5dk6w31,5
小比薩任 你 配 套餐 20230323z1ywfjfs,5
小比薩任 你 配 套餐 20230303z7sa1xn1,5
小比薩任 你 配 套餐 20230319z5nkn1zc,5
小比薩任 你 配 套餐 20230308z4nrkzl9,5
小比薩任 你 配 套餐 20230311b2hbmiyj,5
小比薩任 你 配 套餐 20230119z6jausgi,5
小比薩任 你 配 套餐 20230310e0hbzawi,5
小比薩任 你 配 套餐 20230312z0vs4lsk,5
小比薩任 你 配 套餐 20230423b8nevyxf,5
小比薩任 你 配 套餐 20230418z9xw3bx2,5
小比薩任 你 配 套餐 20230422z7kwnbbv,5
小比薩任 你 配 套餐 20230415z7ixmhjq,5
雙層 Q 彈海 老堡 套餐,190
小比薩任 你 配 套餐 20230315jzvzifgh,5
小比薩任 你 配 套餐 20230219y8mvpzux,5
雙層 海老堡 套餐,315
小比薩任 你 配 套餐 20230423c7iiyvrm,5
小比薩任 你 配 套餐 20230307b6rtcsx4,5
炭火 MAX 雙牛堡 套餐,10
小比薩任 你 配 套餐 20221215z6fiq7a2,5
小比薩任 你 配 套餐 20221223y2obvex3,5
小比薩任 你 配 套餐 20230108a8kfm1er,5
小比薩任 你 配 套餐 20230429z5pis2mn,5
小比薩任 你 配 套餐 20230327z0eucwd3,5
小比薩任 你 配 套餐 20230403y9qm8a02,5
小比薩任 你 配 套餐 20230216n6uz5437,5
小比薩任 你 配 套餐 20230405a7sfet7d,5
小比薩任 你 配 套餐 20230101e7huljpx,5
小比薩任 你 配 套餐 20230416z2ooanob,5
小比薩任 你 配 套餐 20230416a8kfuro9,5
小比薩任 你 配 套餐 20230101z0eu3ns3,5
小比薩任 你 配 套餐 20230129z2uqttq2,5
小比薩任 你 配 套餐 20230125u6nh6prd,5
小比薩任 你 配 套餐 20230428z6ix0du0,5
小比薩任 你 配 套餐 20230408z9xwtrnf,5
小比薩任 你 配 套餐 20230323z4dbp9gd,5
小比薩任 你 配 套餐 20230428z7sxoq6r,5
小比薩任 你 配 套餐 20230423z0birr9g,5
小比薩任 你 配 套餐 20230409y2gnlh3s,5
小比薩任 你 配 套餐 20230312a7sffjpi,5
小比薩任 你 配 套餐 20230126e2mv5oom,5
小比薩任 你 配 套餐 20230304z1yn4ws5,5
小比薩任 你 配 套餐 20230318b4bu9mxz,5
小比薩任 你 配 套餐 20230127z5fh8jwd,5
小比薩任 你 配 套餐 20230316z3sx32zy,5
小比薩任 你 配 套餐 20230305y1mjal6o,5
小比薩任 你 配 套餐 20230301sun1l8lh,5
小比薩任 你 配 套餐 20230325y9hqu4z0,5
小比薩任 你 配 套餐 20230409b6ij7tgx,5
小比薩任 你 配 套餐 20230303a9ni1wby,5
小比薩任 你 配 套餐 20230414ylcojuat,5
小比薩任 你 配 套餐 20230126b8ne3g0c,5
小比薩任 你 配 套餐 20230402ylcoxpvh,5
小比薩任 你 配 套餐 20230124vc1d6e3r,5
小比薩任 你 配 套餐 20230326r7eou6p5,5
小比薩任 你 配 套餐 20230108b6rt0oid,5
小比薩任 你 配 套餐 20230403y5qhqij0,5
小比薩任 你 配 套餐 20230416z6qsfs9c,5
小比薩任 你 配 套餐 20230101e7dxk0td,5
小比薩任 你 配 套餐 20230107z2ittvaq,5
小比薩任 你 配 套餐 20230127z8mtoqaq,5
小比薩任 你 配 套餐 20230402ip9mxtkz,5
小比薩任 你 配 套餐 20230325b4kg9onz,5
小比薩任 你 配 套餐 20230125z1ynvbyw,5
小比薩任 你 配 套餐 20230120i3awfjly,5
小比薩任 你 配 套餐 20230120q2nesdwb,5
小比薩任 你 配 套餐 20230120z4nrwjif,5
小比薩任 你 配 套餐 20230125d3rgsddq,5
小比薩任 你 配 套餐 20230110a8hukno8,5
小比薩任 你 配 套餐 20230126z8cs9bbi,5
小比薩任 你 配 套餐 20230104z5gjv1yq,5
小比薩任 你 配 套餐 20230113z2fe6xzl,5
小比薩任 你 配 套餐 20230126y3en6roh,5
小比薩任 你 配 套餐 20230123b6rt0qpz,5
小比薩任 你 配 套餐 20230114z1qwa18e,5
小比薩任 你 配 套餐 20230121n6uznrzb,5
小比薩任 你 配 套餐 20230101z4nrhgtb,5
小比薩任 你 配 套餐 20230124a7sfnl25,5
小比薩任 你 配 套餐 20230126pi1c8qx2,5
小比薩任 你 配 套餐 20230123z1ynvatt,5
小比薩任 你 配 套餐 20230129z3sxswqw,5
小比薩任 你 配 套餐 20230107z8cs4ejb,5
小比薩任 你 配 套餐 20230122b8nei4bo,5
小比薩任 你 配 套餐 20230101z4ogz7xx,5
小比薩任 你 配 套餐 20230126a8kfhc3x,5
小比薩任 你 配 套餐 20230101z6bu8a3g,5
小比薩任 你 配 套餐 20230122s69yhkoa,5
小比薩任 你 配 套餐 20230101f9jrmh5k,5
小比薩任 你 配 套餐 20230109z9edgc91,5
小比薩任 你 配 套餐 20230120z7veyeft,5
小比薩任 你 配 套餐 20230119x4nw4zz8,5
小比薩任 你 配 套餐 20230101y1ndo6s2,5
小比薩任 你 配 套餐 20230126y1vcqoce,5
小比薩任 你 配 套餐 20230111y7xdabsb,5
小比薩任 你 配 套餐 20230115z4kqq1gr,5
小比薩任 你 配 套餐 20230125z8fkeix6,5
小比薩任 你 配 套餐 20230128z9edoz2e,5
小比薩任 你 配 套餐 20230109z1qwhle3,5
小比薩任 你 配 套餐 20230102z6ocv5t2,5
小比薩任 你 配 套餐 20230125j3mad1w4,5
小比薩任 你 配 套餐 20230120e5kc3a83,5
小比薩任 你 配 套餐 20230123y6sflttp,5
小比薩任 你 配 套餐 20230102z8sasqsv,5
小比薩任 你 配 套餐 20230122z6busx8e,5
小比薩任 你 配 套餐 20230122z8nw1ovy,5
兩個 套餐 分開 包 各,5
小比薩任 你 配 套餐 20230125r3mpp7i2,5
小比薩任 你 配 套餐 20230122z3boet20,5
小比薩任 你 配 套餐 20230120z8sam5vf,5
小比薩任 你 配 套餐 20230126y5od0nb4,5
小比薩任 你 配 套餐 20230125k0vdj2qv,5
小比薩任 你 配 套餐 20230109z7saoeac,5
小比薩任 你 配 套餐 20230310zw3s46ez,5
小比薩任 你 配 套餐 20230102z7eqbvqj,5
小比薩任 你 配 套餐 20230314y5ry2jbw,5
小比薩任 你 配 套餐 20230126z3uyq4mt,5
小比薩任 你 配 套餐 20230416z4og7400,5
小比薩任 你 配 套餐 20230122a5qw6o03,5
小比薩任 你 配 套餐 20230119z8eeo5vt,5
小比薩任 你 配 套餐 20230108z6bwneef,5
小比薩任 你 配 套餐 20230101z1ymkrce,5
小比薩任 你 配 套餐 20230117b4kgq8ee,5
小比薩任 你 配 套餐 20230124z7ofg8nx,5
小比薩任 你 配 套餐 20230123b4bu33j3,5
小比薩任 你 配 套餐 20230101z5pi0fsq,5
小比薩任 你 配 套餐 20230102y2obe6mc,5
小比薩任 你 配 套餐 20230125z4lj7tvs,5
小比薩任 你 配 套餐 20230122j0reh0bi,5
小比薩任 你 配 套餐 20230102z6og1x7r,5
小比薩任 你 配 套餐 20230116c5paf34y,5
小比薩任 你 配 套餐 20230122z6vyqn6s,5
小比薩任 你 配 套餐 20230121y1nhjthn,5
小比薩任 你 配 套餐 20230126c5pajktd,5
小比薩任 你 配 套餐 20230101b8nenqqm,5
小比薩任 你 配 套餐 20230125z6qsyqyw,5
小比薩任 你 配 套餐 20230416mluw37rc,5
小比薩任 你 配 套餐 20230125z8nw9ffd,5
小比薩任 你 配 套餐 20230125b1ih0906,5
小比薩任 你 配 套餐 20230123z9fe9z8x,5
小比薩任 你 配 套餐 20230123b1juy6av,5
小比薩任 你 配 套餐 20230125d3rgudvb,5
小比薩任 你 配 套餐 20230122z6vyg3g9,5
小比薩任 你 配 套餐 20230123z6bs2mc3,5
小比薩任 你 配 套餐 20230122z5gjum44,5
小比薩任 你 配 套餐 20230312z8oripbq,5
小比薩任 你 配 套餐 20230126z6ip3q9o,5
小比薩任 你 配 套餐 20230106kk67p4k1,5
小比薩任 你 配 套餐 20230121f9jrmgy1,5
小比薩任 你 配 套餐 20230110b1ihv6f4,5
小比薩任 你 配 套餐 20230310z2uqs88c,5
小比薩任 你 配 套餐 20230122z1yw5ujk,5
小比薩任 你 配 套餐 20230125z5pix3mv,5
小比薩任 你 配 套餐 20230121z2qebudr,5
小比薩任 你 配 套餐 20230103e8trz6ez,5
小比薩任 你 配 套餐 20230125h9ym9p1w,5
小比薩任 你 配 套餐 20230120y5ryfzn1,5
小比薩任 你 配 套餐 20230113z1pqh7aw,5
小比薩任 你 配 套餐 20230122z0vpvpjh,5
小比薩任 你 配 套餐 20230122o4o37bz7,5
小比薩任 你 配 套餐 20230102z7kw42y3,5
小比薩任 你 配 套餐 20230101z9xw9xg4,5
小比薩任 你 配 套餐 20230126z7sxokvv,5
小比薩任 你 配 套餐 20230329d5wxamwr,5
小比薩任 你 配 套餐 20230325z5pi3wnx,5
小比薩任 你 配 套餐 20230312y4ueekip,5
小比薩任 你 配 套餐 20230319z5oy1kzf,5
小比薩任 你 配 套餐 20230126b1ihwfq7,5
小比薩任 你 配 套餐 20230127b1ju359b,5
小比薩任 你 配 套餐 20230109r7eojxuf,5
小比薩任 你 配 套餐 20230126kghlvxtt,5
小比薩任 你 配 套餐 20230123y2obzfm8,5
小比薩任 你 配 套餐 20230130z7sx3a5g,5
小比薩任 你 配 套餐 20230120b5vbqymj,5
小比薩任 你 配 套餐 20230101z9fev0cd,5
小比薩任 你 配 套餐 20230120b0ahxr6z,5
小比薩任 你 配 套餐 20230119u7ck0dzl,5
小比薩任 你 配 套餐 20230122z2ooebt6,5
小比薩任 你 配 套餐 20230118z8nb64rx,5
小比薩任 你 配 套餐 20230115z5hfstbg,5
小比薩任 你 配 套餐 20230124z8btrw8l,5
小比薩任 你 配 套餐 20230126q0srj8yj,5
小比薩任 你 配 套餐 20230117z6zsza9t,5
小比薩任 你 配 套餐 20230117z1vs7n8p,5
小比薩任 你 配 套餐 20230102e4sn367h,5
