item_name,item
Tryall 全分 離 乳清 蛋白 35g 珍珠奶茶,850
14001423905 珍珠奶茶 黑膠 晴雨設,10
阿奇儂 雪糕 珍珠奶茶,5
0172136476 阿奇儂 雪糕 珍珠奶茶,5
冰觀音 珍珠奶茶 20220917f4nfuir0,5
珍珠粉 圓禾豐 珍珠 600g 自煮 珍珠 珍珠奶茶,60
C 黑糖 珍珠奶茶 立袋,5
冰觀音 珍珠奶茶 20220918f7ozna4x,5
esliteXLisaLarson 冷水 瓶 珍珠奶茶,15
冰 珍珠奶茶 20220910f9hnww1j,5
冰 珍珠奶茶 20220915f9smm4um,5
熱 珍珠奶茶,170
冰 珍珠奶茶 20220924f9smfrw0,5
團 珍珠奶茶 雪糕,745
黑糖 珍珠奶茶 熱中,590
黑糖 珍珠奶茶 冰大,1995
珍珠奶茶,625
TATUNG 大同 11 人份 HELLOKITTY 珍珠奶茶,100
冰 珍珠奶茶 20221020f2sms38z,5
阿薩姆 珍珠奶茶 雪糕 80g,55
冰觀音 珍珠奶茶 20220904f2smhign,5
冰 珍珠奶茶,735
3 點 1 刻 黑糖 珍珠奶茶 3 入盒 效期 202306,10
原創白 珍珠奶茶,5
生活 珍珠奶茶,235
熱觀音 珍珠奶茶,30
原創白 珍珠奶茶 20221123f8kv668l,5
黑糖 珍珠奶茶 爆米花,10
冰 珍珠奶茶 20220925f9hn58sj,5
黑糖 珍珠奶茶 冰中,950
鐵觀音 珍珠奶茶,5
冰 珍珠奶茶 20220926f9zwhffo,5
冰觀音 珍珠奶茶 20220910f2smzoaf,5
14001458400MaClub 逗趣 珍珠奶茶 晴雨防 曬,10
珍珠奶茶 大福,5
生活 珍珠奶茶 300ccX6 入,20
黑糖 珍珠奶茶 熱大,775
熱觀音 珍珠奶茶 20221029f2sm6vsy,5
義美 珍珠奶茶 冰淇淋 500g 桶,5
譽方媽媽 珍珠奶茶 味 布丁 粉 100g,5
米 乖乖 黑糖 珍珠奶茶,210
歐可 台灣 珍珠奶茶,155
冰 珍珠奶茶 20220917f2sm00gz,5
福氣塘 HOKITEA 珍珠奶茶,5
N 阿薩姆 黑糖 珍珠奶茶,5
甘 百世 珍珠奶茶 70g,20
黑糖 波霸 珍珠奶茶,5
鬍 子 茶 八十年 珍珠奶茶,35
珍珠奶茶 鑰匙 圈 珍珠奶茶 吊飾 特價 中珍奶 吊飾 珍奶 鑰匙 圈,70
冰觀音 珍珠奶茶 20221116f9hn3jij,5
SKMEATS 期間 獨家 優惠買 一送 一 小杯 珍珠奶茶 冰,55
冰觀音 珍珠奶茶,100
原創 黑 珍珠奶茶 20220913f8kvsltz,5
生活 珍珠奶茶 300mlX24 入 MilkTea,20
冰 珍珠奶茶 20220908f9zwt98h,5
八 0 年 珍珠奶茶 20221111jj2lr2si,5
熱 珍珠奶茶 20221216f2jk2gpv,5
伊織 台灣 限定 手帕 巾 珍珠奶茶,5
義美 珍珠奶茶 冰淇,5
歐可 茶葉 珍珠奶茶 系列 任選組,10
台灣 24H 出貨 吸管 杯 珍珠奶茶 杯 冰霸杯 飲料 杯 830,80
SKMEATS 期間 獨家 優惠買 一送 一冰 珍珠奶茶 Pe,120
帕波 爺爺 爆米花 珍珠奶茶 180g,5
冰 珍珠奶茶 20221209f2sm9vnb,5
寄杯 兌換 黑糖 珍珠奶茶 大,65
台灣 秒 出貨 吸管 杯 冰霸杯 珍珠奶茶 杯 830,30
可愛 珍珠奶茶 熊熊 鑰匙 圈 珍珠奶茶 冰塊 包包 包,15
原創 黑 珍珠奶茶 20221105oroubzmh,5
冰 珍珠奶茶 20221230f2smv915,5
冰 珍珠奶茶 20221223f9hn2qby,5
冰觀音 珍珠奶茶 20221226f2you3vi,5
原創 黑 珍珠奶茶 20221101orou6209,5
寄杯 兌換 黑糖 珍珠奶茶 中,10
冰 珍珠奶茶 20221004f9zwga6p,5
冰 珍珠奶茶 20221209f9hn28do,5
春水 堂冰 珍珠奶茶 M,45
熱 珍珠奶茶 20230115f9hng6an,5
冰 珍珠奶茶 20221213f2yodiob,5
雙 11 現貨 珍珠奶茶 杯珍 奶杯 奶 茶杯 珍珠奶茶 環保杯 粗吸,5
熱 珍珠奶茶 20221213f2smowwc,5
阿薩姆 黑糖 珍珠奶茶 400,5
熱 珍珠奶茶 中杯 PearlMilkTeahot,5
冰 珍珠奶茶 20230113f2smchdc,5
冰觀音 珍珠奶茶 20221204f2yoi0ux,5
冰 珍珠奶茶 20221120f9hn6xsc,5
冰 珍珠奶茶 20230128f2jknb0y,5
冰 珍珠奶茶 20230211f9hnariz,5
9789864014057 珍珠奶茶 水果 茶,10
M 珍珠奶茶,20
冰 珍珠奶茶 20230226f9zwc5do,5
冰觀音 珍珠奶茶 20230124f9hn2bko,5
熱觀音 珍珠奶茶 20221125f2sm1scg,5
熱 珍珠奶茶 20221213f2smh2t6,5
薇 美 商店 歐可真 奶茶 珍珠奶茶 系列台 灣 珍珠奶茶 黑糖 珍珠,30
冰 珍珠奶茶 20221214f2yotlql,5
冰 珍珠奶茶 20221223f2yov5da,5
冰 珍珠奶茶 20221209f2yopd2i,5
冰 珍珠奶茶 20230217f9hnqdd4,5
熱 珍珠奶茶 20230326f2jkyst4,5
冰 珍珠奶茶 20221012f2jkzflb,5
冰 珍珠奶茶 20230331f9hn52nt,5
冰 珍珠奶茶 20230328f2smv8tj,5
雪花 餅 珍珠奶茶,5
冰觀音 珍珠奶茶 20230404f2yo5txu,5
阿奇儂 黑糖 珍珠奶茶 雪糕,5
冰 珍珠奶茶 20230115f2sm31iq,5
春水 堂 招牌 滷 味 米 血 豆 干 中 杯 珍珠奶茶 冰,5
活動熱 珍珠奶茶 大,10
活動冰 珍珠奶茶 特大,20
熱 珍珠奶茶 20230110f9hnnkmb,5
冰 珍珠奶茶 20230404f2smdsjt,5
熱 珍珠奶茶 20221227f2yo7f95,5
金萱 珍珠奶茶,5
阿奇儂 珍珠奶茶,5
冰 珍珠奶茶 20230210f2yo3nkz,5
冰 珍珠奶茶 20230322f2smrcke,5
冰 珍珠奶茶 20230403f2smvypn,5
MIT 太陽 拼豆 珍珠奶茶,5
冰 珍珠奶茶 20230401f2jkwgw2,5
冰 珍珠奶茶 20230310f2youtf8,5
冰 珍珠奶茶 20230413f2smi7lc,5
冰 珍珠奶茶 20230316f2smfjug,5
生活 珍珠奶茶 330cc,5
原創 黑 珍珠奶茶 20221004oroud57z,5
熱 珍珠奶茶 20221018f9hn1a1d,5
冰觀音 珍珠奶茶 20230117f9hnlj35,5
L 珍珠奶茶,5
冰 珍珠奶茶 20221008f7ozvpz1,5
原創 黑 珍珠奶茶 20221026f6xyid2z,5
冰 珍珠奶茶 20230117f2yo3zti,5
冰 珍珠奶茶 20230110f9hnv4hc,5
冰觀音 珍珠奶茶 20230123f9hnxq9c,5
珍珠奶茶 20230110d8km5s1q,5
熱 珍珠奶茶 20230120f2jktyei,5
冰 珍珠奶茶 20230312f2smk4zs,5
熱 珍珠奶茶 20230319f9zwt5lr,5
珍珠奶茶 20221017f2zrv2a7,5
冰 珍珠奶茶 20221010f9hng1yg,5
冰 珍珠奶茶 20221026f2sm7slf,5
折疊杯 珍珠奶茶 杯 買 一送 五 24H 出貨 550ml 珍奶 杯矽,5
