item_name,item
接骨木 花蘋 果茶,25
PB7201 隨意 貼 60G,50
Boss 綜合 水果 茶,45
170 元,75
80 元,275
195 元,110
Kunizakazi 紅 茶梅 酒 720ml,25
茶殿 兌換券,5
配 焙茶 炫冰,10360
冰糖 芒果 茶磚,45
No2 繽紛 水果 茶 20220922x9rsyyt4,5
餐飲 小吃 FP 外送,60
熱金 萱 熟 香紅茶 L,10
雙倍 檸檬莎瓦,305
寶島 179 冷 泡茶 四季春 茶,20
茶梅 500g,5
檸檬紅茶 少冰 謝謝,10
退熱貼 降溫 神器 清涼 消暑 降溫 退 熱冰涼 貼 水果 味 薄荷 冰,30
70 元 發 粿,65
葡萄柚 蘋果 果粒 茶,12080
BASILUR 經典 系列 茶包 英式 早茶,35
冰西印 櫻桃紅 茶 中,2550
錫蘭紅 茶冰 20220917nspua2m9,5
冰鎮 650 水果 茶,22065
勁厚紅 茶,5
紅 茶花 伝 果茶 49 元 2 瓶 89 元 820104,20
古早 味紅茶 20220915p2rds64f,5
250 元 茶漬皿,25
220 元,120
CITYCAFE 虛擬 提貨卡 中杯 美式 或 四季春 青茶 或 經典紅,14660
寄售 99 元 促銷品,25
四季春 冰茶 M 微,175
喫 茶 趣 TOGO 茶葉 1265,510
68 折 路易莎 Louisa 冰熱 兩用 即 飲杯 580ml,15
蘋 果汁 早餐 外送 20 元,125
熱 黑糖 珍珠 撞奶 大,110
CreativeTopsCafetiere 茶匙 4 入,5
茶 259,5
APP 現 煮茶,20
黑糖 珍珠 牛奶 8oz,2825
第二杯 半價,8025
元,50
冰西印 櫻桃紅 茶 大,16010
完熟 蘋果 冰茶,30
大熱 台灣蜜 香紅茶,185
西冷 檸檬茶,5
貢茶 貢茶,2165
歐姆蛋堡 紅茶餐,50
香 鑽 水果 茶,45
紅 茶梅 酒 720ML,115
冰搖 果茶 大,2620
黑糖 珍珠 撞奶 蛋塔,12775
青松 菜 35 元,10
泰山 冰鎮 水果 茶 300g,5
一顆 檸檬紅茶 冰大,475
美安 非洲 芒果 茶 飲 芒果 茶現 貨保證 公司 貨,20
P63 冰紅茶 L,50
外送 三人餐,25
烤炸 冰茶 EC,550
3 茶,25
冰蜜 茶,20
4712511243659 歐可茶 葉真奶,5
抹 茶 柚子 120,5
摩斯 漢堡 C509 藜 麥 海洋 珍珠 堡大杯 冰紅茶 即 享券,510
可樂少 冰紅茶 去 冰,5
Bikkle 水果 歐蕾,150
可以 換檸檬紅 茶 嗎,5
C105 冰紅茶 M,555
烤 腿 冰茶 EC,60
P94 冰紅茶 L,1725
P27 冰紅茶 L,6050
珍珠 薩蘭紅茶 鮮奶 L20220910f1ht0l73,5
茶 去 冰,35
麻煩 幫 我 放 社區 外送,5
會 自備 杯子 裝紅茶,5
AGFLATORY 芳醇 蘋 果茶,20
Bixtar 綜合 水果 茶,1625
2 杯紅茶 去 冰,15
可樂少 冰綠茶 去 冰,5
老江紅 茶 牛奶,70
靜茗 飲杯 大,5
P 點紅茶 HI,85
戶外 定點 取餐 市立,5
黑糖 珍珠 牛奶 4oz,550
冰 黑糖 珍珠 燕麥 奶大,25
玫瑰 水果 茶,1610
司迪生 精選紅 茶 2g25 入,40
4542320313645 日本 藤二 嚴選 宇治 煎 茶茶 包 80g,5
飛想 茶 檸檬茶 300ml,1040
古城 錫蘭紅 茶,5
英國 百年 茶 莊紅茶 冰沙,30
微醉 冰涼鳳 梨 350ml,105
韓柚 茶,5
39 元,1200
南非 國寶青 檸茶 冰,155
冰搖 檸檬 果茶 中,5300
推廣熱 青紅茶 單杯 特價 20 元 0EMJ,50
青菜 45 元,300
NoBrand 水果 茶 冰茶 水蜜桃 風味 檸檬紅茶 風味 1,10
C 熱紅茶,125195
一顆 檸檬 系列 第二杯 半價,250
冰 珍珠 翡翠 綠茶 20220913f9hncze9,5
抹 茶 奶霜 V 杯,26580
熱紅茶,238675
阿薩姆紅 茶 300ml 包 300ml 包,60
伍伍 貳 茶 飲 兌換券,455
4904275526134 長 田 茶店 蕎麥 茶,10
綠茶 去 冰裝 環保杯,10
中可少 冰紅茶 去 冰,5
冰 黑糖 珍珠 撞奶 大,160
冰搖 果茶,1225
三榮 40P 佐賀麥 茶,60
元祖 彈珠 汽水 200ml,65
清檸 冰茶,25
四季春 冰茶 L 微,150
番茄 醬紅茶 去 冰,5
麻煩 兩杯 綠茶 都 去 冰,5
ST 芒果 百香果 風味 茶,5
冰西柚 茶,650
綠茶 去 冰,590
21 風味館 21 風味館 6089 香草 烤半雞 四季春 冰茶 即,5
冰福吉茶 那堤 V,149930
pickwick 草莓 水果 茶,40
企冰蜜 香 玫瑰 茶歐,35
四季青 茶 20221014nyb4hdw7,5
西柚 茶,245
買五送 一,114570
茶殿 夏 兌換券,195
新鮮 水果 冰茶,60
柚子 冰茶,195
珍珠 薩蘭紅茶 鮮奶 L,15
檸檬紅茶 少冰,25
隨意杯 600CC,15
阿奇儂 黑糖 珍珠,560
代銷 跨冰鎮 果茶,2830
IRIS 錫蘭紅 茶 派 3,165
RF 英國 百年 茶 莊紅茶 冰沙 中冰,1280
熱季節 水果 茶,325
經典 水果 茶冰 20220913fg1sijh9,5
外送 遲到 100 元折 價券,25
柚子 熱茶,23580
熱茉奶 珍珠,35
冰搖紅 茶 中,1820
Udilife 樂司 活力 水果刀 大,65
餐汁 禮券 1200 元,40
90 元,70
兌新冰 仙女 珍珠 醇奶,150
冰茉奶 珍珠 20220924f9zwbplt,5
Bixtar 水果 茶,4855
1 杯 可樂及 1 杯 綠 茶,5
現貨 日本 KANRO 茶館 系列 抹 茶茶 館紅 茶茶 館 牛奶 茶,20
冰搖紅 茶 大,5390
冰搖 檸檬 果茶 大,29615
紅玉 熱紅茶,15
漢堡 王 BurgerKing 立頓 熱紅茶,1145
熱 四季春 茶 M,15
冰 檸檬紅茶 微冰紙,5
冰搖 檸檬 果茶,2985
冰鎮 650 葡萄 冰茶,18360
草莓 奶酒,30
外帶 0 元,45
KeepCup 隨身杯 輕漾 系列 454ml 奶油 絲絨,20
T 世家 福爾摩 沙紅茶,15
代銷 跨元 茶 飲系,10
推廣紅 茶,25
半雞 冰茶 EC,820
宇治 抹 茶入 檸檬茶,65
檸檬 冰茶,10
自備 環保杯 綠茶 去 冰,5
熱 柚子茶,25
再 睡 5 分鐘 四季 金萱 珍珠 歐蕾,125
OatYa 茶 歐蕾,2300
珍珠 烏龍,5
錫蘭紅 茶冰 20221105vk1cghpz,5
4712511243512 歐可 茶葉 英式,5
上 等 梅酒 知覽 茶,5
Pickwick 繽紛 綜合 水果 茶,15
清涼 茶,20
冰茉奶 珍珠 20221021f7oz5he4,5
綠茶 去 冰 可樂少 冰,5
開元 食品 戀 金桔 檸檬濃 糖果 漿,5
DYDO 贅澤 香茶 冰紅茶 525ml,5
黑 糖茶 歐蕾,47860
鳳梨紅 茶 20220922y9uy93xa,5
錫蘭紅 茶冰 20220911vk1cqvz4,5
錫蘭紅 茶冰,120
COMEBUY 蘋果 冰茶 冰棒 80g4 支盒,50
經典 水果 茶冰,365
元 一杯,5
4712511243734 歐可茶 葉真奶,10
氮氣 芙蓉 花果茶 中,95
可樂紅 茶 去 冰蕃,5
桂花 四季春 熱大,15
日東 抹 茶 歐蕾,430
翰林 45 元,5
4712511244014 歐可茶 葉冷泡,25
仙女 茶 BeauTea 茶包 黑 醋栗 莓 果茶,35
冰小輕 新 檸檬飲,4225
金萱雙 Q 茶,5
熱紅茶 請 不要 沖 泡,5
旅波 水果 茶,375
經典 水果 茶冰 20221118hwiybnt1,5
冰金 萱 熟 香紅茶 M,55
大井川 茶 工場 52P 麥茶,50
純 喫 紅 茶 促 481ml,20
南非 國寶青 檸茶 冰 20220925p6156sb,5
熱金 萱 熟 香紅茶 M,10
檸檬香 檳紅茶 20220914f6xyv60y,5
耐熱 茶海杯 400CC,10
AGFBL30 本紅茶,10
御 茶園 冰釀 綠茶 1250ml 瓶 172835,10
冰雙 桔紅茶,360
雪淇 冰紅茶,5
沙茶,55
Cuisinart 美膳 雅 Elemental8 杯 玩味,10
冰頂級 烏瓦紅 茶 凍 飲,25
PTR 個 人 獨享 餐紅茶,85
茶 2115,10
冰 四季春 茶 L,60
芳 第黃金 蕎麥 茶,5
點加價 購熱 仙女 珍珠,65
55 元,1370
茶 去 冰,5
樂台羽 茶茶 羽茶 冰,2350
CaptainDanny 丹尼 船長 米 米 花 黑糖 珍珠 撞 奶味,5
可樂及 綠茶 麻煩 去 冰,5
預收整 B 大冰柚 茶,5
熱唐寧果 漾 伯爵,4545
黑糖 珍珠 牛奶 6oz,4395
韓柚 茶 20220911p8sl0938,5
活動 20 元,5
大熱鳳 梨 蘋果 果粒 茶,15
隨行杯 退 2 元價差,40
摩斯 熱紅茶,32180
餐飲 小吃 外送,35
柚香紅茶 冰大,155
百吉 黑糖 珍奶,525
大冰 黃 金柚 茶,355
夏威夷 水果 冰茶,5
活動熱 黑糖 珍珠 撞奶,10
R 普拿疼 伏 冒 熱飲 檸檬 清香 5 包,140
超級 大麥元氣 牛 珍珠 堡,13570
綠茶 去 冰 發票 存載,5
運費 80 元,5
阿 蕯 姆 紅 茶 冰淇淋,5
一杯 可樂 和 綠 茶 去 冰,10
靜岡 抹 茶 歐蕾熱,35
可樂 3 杯少 冰綠茶,5
摩斯 漢堡 C511 藜 麥元氣 牛 珍珠 堡 冰紅茶 L,20
套 B 夏威夷 風情 冰茶,5
熱紅茶 歐蕾,20
大熱金 萱 烏龍 茶,405
P57 柚子 冰茶,25
代收 代付 泰山 冰鎮 水果 茶 535ml 康鄰 超市,35
青菜 70 元,5
山藝 茶 濃霧 鄉酸 柑 茶,30
2 杯 綠 茶 去 冰,10
AGF 抹 茶 歐蕾,280
青花菜 55,25
茶裡 王 日式 綠 975ml,5
老實 人紅茶 BlackTea,5
生活 300cc 蘇格蘭紅 茶,5
蚵 仔 白菜 35 元,5
冰涼 貼片 退熱貼 降溫 神器 清涼 消暑 降溫 退 熱冰涼 貼 水果,45
小杯 檸檬茶,4805
情熱 価 格 白粥,5
點加價 購熱 仙女 珍珠,45
95 元,85
四季 奶青,150
麥當 勞吉事 蛋堡 小杯 冰紅茶 即 享券,255
BIXTAR 綜合 水果 茶,15
水蜜桃 蘋 果茶,95
青蛙 撞奶,5
綠豆 蒜 牛奶 酷繽沙,4270
42 元,95
冰季節 水果 茶,1325
1 元,1115
240 元,105
日式 餐具 均 一價 29 元,35
可樂少 冰紅茶,5
APP 加料 黑糖 珍珠,25
2 黑 糖豆 熱,185
台東紅 烏龍 茶冰,115
蜜香紅 茶,85
情熱 価 格 茶 蕎麥 麵,55
錫蘭紅 茶 Ceylonblacktea600g 散,5
2 杯 綠 茶 都 去 冰謝,5
冰搖 果茶 中,685
甘蔗 冰茶 20221009rfxp0sx5,5
台灣 壹番 屋 COCO 咖哩 餐點 七折 品,50
泰山 冰鎮 水果 茶,85
4712511241990 歐可茶 葉真奶,5
青菜 65 元,10
冰西 印度 櫻桃紅 茶,185
錫蘭紅 茶冰 20221110d4b2ojpv,5
隨行杯 折扣 5 元,7685
錫蘭紅 茶冰 20221120fjadhui3,5
新鳳鳴 阿薩姆紅 茶 台 茶 8 號獨立 茶 包 Assam 熱 泡茶 冷 泡茶,5
珍珠 茶 兌換券,255
桑葚 牛奶 易開 罐,95
710510805915 元 茶 葉蛋,10
水果 茶 綜合 水果 茶冰,115
點加 價購 冰 仙女 珍珠,5
山竹 馬 黛 果茶 熱,50
30CC 試飲杯,15
熱 四季春 茶 L,5
4712511247640 歐可茶 葉高纖 水果 綠茶,35
2 杯 綠 茶 去 冰 謝謝,5
兩杯 綠茶 都 去 冰,10
杯折 5 元,10
飲品 少冰,10
一顆 檸檬 冬瓜 冰大,5
翰林 95 元,15
綜合莓果 熱茶,8595
德國 美思茶 玫瑰 果茶 25x3g,5
金元 富 鹿谷 茶梅,5
單店 冰熱蘋 果茶 限時 優惠 2 杯 88 元,10
經典 水果 茶冰 20220917lpipe2ux,5
兌新熱 仙女 珍珠 醇奶,95
120 元 水果,175
熱香 鑽 水果 茶,30
TWS 元色 金 冰糖 900g,155
熱綠茶,25
福 汎 純 奶酥 700g,40
活動冰 黑糖 珍珠 撞奶,30
冰 四季春 茶 M,120
720 宇治 茶梅 酒,25
丹麥司 洛特 皮爾森 啤酒 330ml,1160
桂格 奶粉 50 元折 價券,40
鬍 子 茶 冰淇淋 雪霜紅 茶,85
藜 麥元氣 和 牛 珍珠 堡,15
經典 水果 茶冰 20221124zf2hjbqr,5
小川 冷熱 可用 麥茶,30
1 杯 綠 茶 去 冰,5
蜜桃 清香 退熱貼 4 入,120
熱紅茶 不用 沖 熱水,5
特大 杯紅絲 絨燕麥 奶星 冰樂 20221208jz2i1,5
特大 杯紅絲 絨燕麥 奶星 冰樂 20221211h1usl,5
推廣熱 青紅茶 單杯 特價 20 元 0EMG,15
台東紅 烏龍 茶冰,5
飾品 15 元,5
禾豐 QQ 粉圓 白粉 圓黑 珍珠粉 圓煮 冬瓜 珍珠 或 珍珠奶茶 都 好,10
茶包 18 入,5
1 珍,360
米 巧思 手作 茶 飲 meChoice 兌換券,25
可樂紅 茶 去 冰,15
蔬果 50 元,560
2 件 108 元,24140
3 件 4500 元,825
5 件 59 元,33880
夏戀 香柚 冰茶,205
錫蘭紅 茶冰 20221116d4b2agmg,5
68 元,275
區熱 黑糖 珍珠 燕麥 奶大,5
普拿疼 伏 冒 熱飲,1495
2 入 18403 入 2685 元,120
蜜香紅 茶 麵 包,110
企冰蜜 香 玫瑰 茶 歐蕾,5
甜品 75 元,40
寄杯 兌換 重拿鐵 咖啡 中,105
鐵觀音 茶熱,60
經典 水果 茶冰 20221107nwi5z97a,5
特大 冰台 灣蜜 香紅茶,40
一杯 少冰,5
熱紅茶 不用 沖 熱水,10
3 入 2 松果 吊飾 GTX5415,10
蔬果 65 元,205
蘋 果茶 果醬 950 克,20
70 元,3440
16oz 黑糖 珍珠 撞奶,340
藜 麥 薑 燒 珍珠 堡 冰紅茶,2380
果粒 茶水 果茶 德國 水果 茶 水果 花茶 德國果 粒 茶 黑森林 水,5
熱鐵 觀音 歐蕾,5
小 磨坊 正港熱 炒 系列 三杯 雞 30g,95
分離 豌豆 烏奶,65
黑糖 珍珠 歐蕾 冰中,10
9789865535483 安心 國小 2 冰紅茶,25
吳家紅 茶冰 兌換券,30
仙同 退熱貼 8s,5
熱紅茶 3,730
餐飲 冬瓜茶,15
萊 1D 測試 直 C,10
香蔥 40 元,5
熱蜜 香紅 烏龍,3095
蔬果 55 元,25
蘋香 果茶,720
070177118501TWININGS 唐寧熱,5
元歲 本 舖 藍莓果 醬 280g,65
可樂少 冰綠茶 去 冰,5
配酷 炫 OR 冰炫,1460
熱炒 麻婆豆腐 30g,145
蔬果 35 元,255
AGFBlendy 抹 茶 歐蕾,35
特大 杯紅絲 絨燕麥 奶星 冰樂 20221208h0ypr,5
黑糖 奶酪 20221202x7gi53lf,5
特大 杯紅絲 絨燕麥 奶星 冰樂 20221210o9hho,5
開心 成長 可爾 必思,6870
4710446100634 蜜思朵 冰糖 櫻花,50
熱帶 N 水果 茶,5
臺 灣茶 摳 茶樹 抗菌 皂 110g3 入,120
法式 波本 香草 燉奶,350
光泉 黑糖 奶酪,14735
青椒 45,5
青 花椰菜 45 元,20
蔬果 40 元,265
甲文青 麥芽 可可 L 冰熱北區 活動品,5
不要 雞翅紅 茶 去 冰,5
可爾 必思 開心 成長 飲 160ml,1270
冰鎮 水果 茶,62400
蔬果 90 元,35
台畜 大熱狗原,7540
洗車 180 元有券,10
團 46 沙茶 豆干 450g,70
熱蜜香 玫瑰 茶 歐蕾,29650
洗車 80 元,1615
洗車 170 元,665
甜品 60 元,1665
牛奶 綠 豆芽 32 元,25
鐵觀音 茶雪鹽 奶蓋冰,160
冷 泰式 檸檬茶 大,10
梧堂 仙草 茶,16745
奶油 3 個,20
波爾茶 葡萄柚 Pet,820
特大 杯紅絲 絨燕麥 奶星 冰樂 20221213s9tgz,5
杜老爺 低 脂義式 草莓,75
韓國 熱銷 CW 大蒜 風味 麵 包餅 效期 全新,20
234 元,145
洗車 110 元,1710
波爾茶 葡萄柚 320ml,850
黑糖 珍珠 鮮奶 冰中,940
綠茶 去 冰 番茄 醬 4,5
香菇 100 元,80
180 元,10
青花菜 60,95
冰冰 好 料理 香菇 貢丸,1180
紅牛 奶粉 50 元折 價券,115
杯裝 開心果 牛奶 綜合,10
青 市集 熱紅酒 草本 香料 包 18g1 包熱紅酒 天然 香料,65
冰 四季春 純奶青,35
獨享 杯 奶油 蘑菇 杯,215
Shiny 青森 完熟 蘋 果汁 1000ml,55
冰蜜香 玫瑰 茶 歐蕾,9875
天綠果 苦 茶油 500ml,5
洗車 190 元,235
青花菜 50,205
韓國 NutriDDay 奶昔 人氣 商品 代餐 奶昔 單包,85
椰奶,80
2 件 2400 元,445
01 傳統 豆花,9525
茶香 開心果,5
青草 茶,155
特大 杯紅絲 絨燕麥 奶星 冰樂 20221212x8tc9,5
洗車 250 元,170
台北 君悅 酒店 彩 日本料理 兌換券,35
茶香 Q 蛋,20
PALIERTeaBrewer 綜合 水果 茶,5
點水樓 200 元餐 飲 抵用 兌換券,345
2 件 998 元,55
冰 水蜜桃 可爾 必思,450
綜合莓果 熱茶 M 熱,215
TAMBAYA 長 崎 蛋糕 紅茶味,170
正點 雞肉 熱狗 早餐 食材 DIY 美食 滿 1500 元免 運費,10
綜合莓果 熱茶 M 熱 20221210f85xl2,5
68 元,315
韓國 NutriDDay 代餐 奶昔 奶昔 代餐 25g 單,60
內用 取餐,10
仙草 茶 600cc,70
元氣 餐包 2 入,475
美元 化核 應子 180g 包,25
洗車 50 元,780
青江 菜 35 元,75
植栽 499 元,40
特大 杯紅絲 絨燕麥 奶星 冰樂 20221208b9vyd,5
珍珠 開心果,965
2 件 288 元,2550
2 件 18803 件 2670 元,125
3 件 7699 元,1145
匠藝 家居 熱 水杯 加熱杯燒 水杯 大容量 500ml 可 煮,5
環杯 折價 5,240
兌熱 蜜香 玫瑰 茶 歐蕾,860
熱虎 旺旺 來鳳 梨酒 330ml 罐,30
洗車 140 元,890
洗車 120 元,1200
Solone 專屬 訂 製 指甲油 冰晶 果茶 系列,55
仙草 茶 600ml,1030
黃 金 蕎麥 茶,85
Leggos 義式 奶蛋醬,250
摩斯 熱紅茶 20221225f6iag2oh,5
思美洛 ICE,185
仙草 茶 960cc,40
葡萄酒 799 元,70
黑豆 漿 封,50
草莓 芒果 茶,50
100 一番 抹 茶 鮮奶 冰沙,20
折扣 卡鮮奶 商品 9 折,24210
2 元,30
9789571464879 香蕉 爺爺 香蕉 奶奶,25
杜老爺 低脂 百香,95
蝦 皮代 開發 票台 灣 水果 茶磚 水果 茶磚 茶磚 百香果 鳳,5
台 玻大 茶杯 石頭 紋 340cc,10
綠茶 都 去 冰,20
熱紅茶 環保杯,5
35 元 糖果,95
半熟 檸檬青,5
KEYTOSS69 元 商品,105
藜 麥 海洋 珍珠 堡 冰紅茶,1765
P187 咖哩 薯紅茶,20
2 件 13290 元,365
國金餐 飲繽紛 紅莓果 粒 茶 包 花果茶,15
抹 茶 紅豆厚奶,970
良泉 珍珠 鳳梨 380g,20
珍珠 餛飩 湯,5
UE250 元折 50 元,155
黑糖 奶酪 20221215v9moiuj9,5
65 元,8525
古早 味 阿嬤紅 茶冰,5
太妃 核果 冷萃 V 杯,2780
熱紅茶 2,1410
B105 台新 冰紅茶 L,5
統一 600cc 青草 茶,5
奶皇包 60g 熱,360
大杯 柚香紅 綠青折 10 元,15
2 件 1820 元,45
3 件 115 元,27415
3 件 5699 元,110
2 件 3570 元,1260
2 件 222 元,1300
聚京 港式 茶餐 廳 兌換券,595
限店 9 元,3975
長 思黑 糖蜜 棗 235g,1765
仙草 茶,355
2 件 238 元,1930
2 件 999 元,3055
嫩 雞 蛋堡 紅茶餐,570
靜岡抹 茶鮮 乳大熱,155
經典 黑炫拿鐵 酷繽沙,17580
2 件 128 元,5500
10 紫 米粥 熱,175
青 花椰菜 50 元,10
熱茉奶 珍珠 20221219f9hn0dbw,5
蔬果 25 元,65
飾品 39 元,5
蜜糖 吐司 蛋奶素,65
3 件 1191 元,5
3 件 2980 元,180
2 杯紅茶 去 冰 謝謝,10
2 件 279 元,2245
黑糖 青草 茶,55
奶油 2 個,60
綜合莓果 熱茶 M 熱產品 資訊 20221208a,5
經典 水果 茶冰 20221116hwiyvw1h,5
熱紅茶 不要 沖 水謝,5
粿 35 元,150
2 件 1999 元,7340
特大 杯紅絲 絨燕麥 奶星 冰樂 20221207x2emi,5
特大 杯紅絲 絨燕麥 奶星 冰樂 20221210x2em7,5
青蔥 40 元,20
紅 REDS 脫脂 高鈣奶,350
2 件 1980 元,230
2 件 6993 件 999 元,6135
2 件 338 元,3735
7 仙草 煉冰,105
綜合莓果 熱茶 M 熱 20221210aidvjz,5
LSM 折 20 元,130
Boss 綜合 水果 茶,5
戈雅甲 油膠 冰茶 系列,20
熱紅 茶給 我 茶 包 就 好,5
N011423254 老江紅 茶 牛奶 店冰,5
熱紅茶 13,5
兌冰蜜 香 玫瑰 茶 歐蕾,275
經典 水果 茶冰 20221022bi0q34ik,5
經典 水果 茶冰 20221012n3eakk5r,5
續杯 優惠半價,5
340 元,45
美奶 滋紅茶 去 冰,5
植栽 29 元,445
PT 水蜜桃 蘋 果茶 大熱,1480
優傳統 特級 冰糖 600g,60
特大 杯紅絲 絨燕麥 奶星 冰樂 20221211u6gcp,5
2 件 239 元,12420
葡萄酒 499 元,30
胡椒 6 包飲料 去 冰,5
南非 國寶青 檸茶 冰 20221109kk8wux2,5
限店 20 元,20
仙草 茶大,35
珍珠 奶綠,10
9789860725414 中華傳 統習 俗熱,20
豐 茶道 黑糖 奶飲,5
洗車 90 元,1215
一杯 綠茶 去 冰,5
精選 花香 耶加雪菲大熱,25
精選 堅果 爵士 中熱,45
豆沙包 60g 熱,20
小美 黑糖 珍奶 冰,5665
奶油 白菜 35 元,35
超商免 運熱紅酒 香料 包紅酒 包熱紅酒 包 香料 包茶 包熱,15
MineAccxARTiS 核果 香草 奶昔 MA0,665
1 芝奶 豆熱,140
葡萄酒 135 元,65
綠茶 去 冰 胡椒粉 1,5
白玉 抹 茶 紅豆 酷繽沙,180
備飲料 杯 少冰,15
洗車 230 元,20
菜 多 綠 茶 去 冰,5
納姆內 彈珠 汽水 200cc,70
丹麥 吐司 783904,15
2 件 139 元,3005
2 件 79 元,43465
9789869319393 元氣 奶奶,20
1 包飲料 少冰,5
國海 鹽奶,10
送餐 优惠,125100
LS 路易莎 特調 大熱,3485
2 件 9803 件 1399 元,20
2 件 1212 元,20
UNO 合購 399 元,45
葡萄酒 299 元,35
一間 便 當熱 炒 兌換券,25
2 件 21006 件 5480 元,165
2 件 85 元,4590
2 件 1260 元,1750
3 件 699 元,455
UNO 合購 548 元,95
2 件 278 元,200
特大 杯紅絲 絨燕麥 奶星 冰樂 20221211l157z,5
2 件 3993 件 569 元,6350
路易莎 咖啡 100 元 商品 券,10
12 元 糖果,90
冰抹 茶 珍珠 歐蕾大,5
酷椰嶼 紅豆 椰奶,665
蔬果 120 元,15
1130 熱熱 喝 甜湯 第 2 件 6 折 12KY,10
青椒 300G,175
洗車 210 元,10
洗車 20 元,85
限店 129 元,5
22405 松果 雙 11 餐,85
耶誕 88 折,460
全脂 純 奶粉 1350g,10
藥伏 冒 熱飲,700
1 元 注水 冰袋 真 便宜 現貨 保鮮 冷藏 降溫 冰敷冰包 食品,10
限店 40 元,25
2 件 1788 元,1450
除熱 飲熱 湯外 冰飲,5
冰 桑椹 果粒 茶,10
經典 水果 茶冰 20221119wyteavcv,5
R 普拿疼 伏 冒 熱飲 檸檬味 10,995
葡萄酒 549 元,15
2 件 9803 件 1399 元,10
2 件 300 元,39530
限店 5 元,60
熱紅茶 1,10850
漢方元 氣熱 飲,5
摩斯 熱紅茶 20221005f1mfrzg5,5
椒 鹽 綠 茶 去 冰,15
22804 台北 通獨 享餐,15
IF 黑糖 珍奶 銅冰,2350
限店 39 元,1070
2 件 14993 件 2199 元,160
熱紅茶 不裝 熱水給 杯,5
45 元 蔬果,85
仙草 茶 600cc,40
2 件 770 元,865
奶油 獅杯 草莓 沾棒 32g,115
青檸 冰茶,25
2 件 834 元,1055
2 件 499 元,7065
3 件 99 元,32475
萊 D 明果 冰淇淋 泰式 奶 茶杯,10
動 元素 Pet1250ml,1735
2 件 264 元,4245
送大熱 特濃 美式 外送,40
R 普拿疼 伏 冒 熱飲 檸檬味 10 包,35920
選 乳香 世家 杯奶 245ml,440
2 件 2410 元,25
思高白 茶 櫻花 乳液 200ml,15
4711863660084HighTea 黃 金 蕎麥 茶,5
2 件 298 元,330
黑糖 奶酪 20221218v9mowoe0,5
蔬果 100 元,170
水 剌 韓式 餐廳 兌換券,35
植栽 129 元,75
葡萄酒 1299 元,10
葡萄酒 649 元,15
3 豆奶 豆熱,65
蓮 藕 130 元,60
洗車 220 元,35
檸檬青,50
洗車 280 元,35
酷涼 FUN 塊 檸檬,5295
花豆 600g 一斤 裝 55 元 半斤 裝 30 元大紅豆 紅豆,5
特大 杯紅絲 絨燕麥 奶星 冰樂 20221210m8tg9,5
特大 杯紅絲 絨燕麥 奶星 冰樂 20221213b2idy,5
2 件 33003 件 4888 元,30
阿嬤紅豆 湯熱,5
259 元 用品,10
3 件 110 元,35
紫果 昔,95
蔥 35 元,30
青 花椰菜 35 元,20
拉亞漢堡 起司芋 泥 帕尼尼大杯 蘋 果茶 冰熱,10
醇奶 香頌,240
桃太郎 80 元,15
蔬果 45 元,80
4988342127936HIGHTIDEPenco 繽,15
外送 桌上,10
茶香 奶綠,5
可樂紅 茶 都 去 冰,5
熱食 要 熱飲料 去 冰,5
2 件 585 元,2690
冰醇 濃抹 茶 咖啡 V,9350
抹 茶 奶霜大杯,6395
可樂少 冰紅茶 去 冰,5
S 蜜思朵 冰糖 茉莉 四季春 茶磚 204g,295
培根 雞蛋堡 中冰紅 茶,2405
檸檬紅茶 微冰,15
黑糖 珍珠 歐蕾 熱中,15
券 100 元,5
仙草 茶 960ml,30
青菜 60 元,10
2 件 559 元,6350
韓國 NutriDDay 代餐 奶昔 奶昔 杯 350ml,10
99 元,250
洗車 290 元,5
2 件 2500 元,3245
黑糖 奶酪 20230125j9hlazzb,5
黑糖 珍珠 豆奶 冰中,5
P235 冰紅茶 L,1115
蜜香紅 茶熱,60
刮刮卡 10 元加購 蜂蜜 小可 頌,25
優傳統 特級 冰糖 400g,35
一杯 起雞尾 酒 100ml 凍 檸茶,50
01011231UE300 元折 45 元,225
4710446100597 蜜思朵 冰糖 茉莉,35
1 芝奶 豆冰,75
梅子 冰茶,5
葡萄酒 699 元,50
王樣 316 歐式 中 餐叉,115
22406 松果 雙 11 餐,5
手 沖 果樹 女神 大熱,125
禮 LINE900 元,5
全麥 葡萄 餐包 6 入,5
Asahi 朝日 MINTIA 糖果 可爾 必思,540
甜品 70 元,140
洗車 180 元,150
用心 核桃 奶利樂包 200ml6 入,15
聖熱紅 茶 拿 鐵 1 送 1,40
餐飲 活動 專用,255
青椒 m,5
熱傳導 冰淇淋 匙 SI,5
2 件 66 元,2210
2 件 2270 元,1360
2 件 95 元,5485
4 檸檬豆 冰,160
60 元 糖果,25
錫蘭紅 茶 凍 封,2390
2 件 699 元,160
烏梅 番茄 綠酷 繽沙,4255
2 件 138 元,2725
桃太郎 65 元,120
熱炒 三杯 雞 30g,155
植栽 469 元,5
冰 第二杯 半價歡,20
特大 杯紅絲 絨燕麥 奶星 冰樂 20221212x6fjo,5
2 件 979 元,1235
黑糖 珍茶,5
2 件 2670 元,75
3 件 49 元,1790
玫瑰 蜜桃 果茶 熱,145
自帶 杯 折 5 元,3980
用心 核桃 奶,1370
蘋 果茶 果醬,65
3 件 149 元,340
170 元餐,715
外送 折扣,700
特大 杯紅絲 絨燕麥 奶星 冰樂 20221209e5it9,5
熱檸檬紅 茶,5
3 件 119 元,4690
2 件 3993 件 569 元,283155
日式 餐具 均 一價 49 元,5
2 件 199 元,6140
KEYTOSS59 元 商品,10
甜椒 30 元,10
限店 520 元,15
福 汎 純 奶酥 380g 瓶 380g 瓶,120
52788 台新 開運 獨享,675
青花菜 45,140
冰抹 茶 那堤 V 杯,28165
日式 餐具 均 一價 19 元,20
2 件 13503 件 1800 元,20
特大 杯紅絲 絨燕麥 奶星 冰樂 20221213e7gns,5
翰林 90 元,10
綠茶 去 冰 可樂少 冰謝,5
綠茶 去 冰熱紅 茶 不,5
福袋 專用 黑糖 珍珠 撞奶,10
三杯 雙 囍 菇 奶素,35
霧 香紅茶,90
綠果 昔,20
青椒 50,60
青彩椒 75 元,35
2 件 399 元,17045
45 元,1990
熱 四季春 純奶青,50
辻利 茶 舗 抹 茶碗 新手 必備 茶 道具,5
2 件 799 元,4080
黑糖 奶酪 20221216s5rxqzlw,5
黑糖 奶酪 20221225g9bs4hmx,5
手工 製 作 台 灣 仙草 茶 仙草 仙草 茶七葉膽 茶涼 茶 檢驗合,20
加 10 元,135
香菜 35 元,25
冷 泰式 檸檬茶 中,15
熊貓 珍奶,10
2 件 9004 件 1760 元,20
特大 杯紅絲 絨燕麥 奶星 冰樂 20221211dce1w,5
特大 杯紅絲 絨燕麥 奶星 冰樂 20221211h1usr,5
2 件 690 元,125
特大 杯紅絲 絨燕麥 奶星 冰樂 20221207f7do4,5
青花菜 荀 50 元,50
熱紅茶 9,15
2 件 825 元,8525
40 元 蔬果,15
蘋果 冰茶,30
2 件 449 元,295
2 件 3590 元,40
79 元,135
熱 琥珀 高山 青,1950
4988342249225HIGHTIDEPenco 繽,5
蘋果 餐盒 200g 盒 200g 盒,45
特大 杯紅絲 絨燕麥 奶星 冰樂 20221207e5km2,5
限店 80 元,70
經典 水果 茶 20230125v9p9q5vh,5
胡椒粉 2 包紅茶 冰,5
葡萄酒 599 元,80
椒 心 濃奶鍋,5
錫蘭紅 茶冰 20221031d4b2s9gv,5
小林 退熱貼 嬰兒 6s,20
吊卡 60 元,60
動 元素 1250ml1250ml,725
黑糖 珍奶 甜筒,1645
熱紅茶 不 沖 熱水 但,5
2 件 219 元,540
2 件 369 元,3365
100 一番 抹 茶 鮮奶 冰沙 20221209kh1z,5
蘋果 冰茶 冰棒 入盒,5
洗車 70 元,325
安佳 熱糖漿 120ml,170
限店 109 元,770
熱 草莓 烏龍 茶 16oz,9535
杯裝 橡皮筋 烏龍 茶 黑 C20741,25
2 件 4980 元,65
所長紅 茶茶 葉蛋,4275
希望 1800 取餐,5
2 件 899 元,2590
寄杯 兌換 招牌 咖啡 中,175
2 件 1438 元,95
大熱 玄米 海鹽 抹 茶 拿 鐵,80
脆雞 部位 腿 排紅茶,5
2 件 149 元,5780
2 件 99 元,101355
代餐 奶昔 BaeCare 減擔 奶昔 低卡 控制 熱量 奶昔,55
洗車 70 元有券,10
3 包 胡椒 鹽紅茶 去,10
您好 麻煩 綠茶 微冰,5
2 件 115 元,29650
2 件 223 元,1915
紅豆料,85
可爾 必思蘇 打 PET500,15
3 豆奶 豆冰,95
070177046088TWININGS 唐寧 檸檬茶 25,5
黑糖 奶酪 20230125o4zduars,5
竹炭 仙草 茶 960ml,30
LSM 折 10 元,160
2 件 3790 元,25
洗車 60 元,285
2 件 27003 件 3960 元,530
89 元,180
甘蔗渣 男冰釀 桑葚 牛奶 冰熱,30
限店 30 元,150
寄杯 兌換 招牌 咖啡 大,490
米 米 花 黑糖 珍珠 撞 奶奶 素,10
寄杯 兌換 黑糖 珍珠 鮮奶 中,50
特大 杯紅絲 絨燕麥 奶星 冰樂 20221211f6cxg,5
奶油 4 個,80
ASAHIFOOD 可爾 必思 糖果,20
青花菜 40,150
CelestialSeasonings 詩尚 草本 黑櫻桃莓 果茶,5
小 磨坊 正港熱 炒 系列 三杯 雞,250
178 元,380
特大 杯紅絲 絨燕麥 奶星 冰樂 20221211f7pmw,5
特大 杯紅絲 絨燕麥 奶星 冰樂 20221211l3qxw,5
2 件 46803 件 6880 元,325
2 件 285 元,2575
青 葡萄,25
2 件 20993 件 2850 元,10
2 件 953 件 138 元,20
蔬果 130 元,15
青花 筍 50,85
一杯 幫 我換 無糖 綠,5
冰頂級 烏瓦紅 茶 凍 飲 20221009f7oz7o2d,5
2 件 1499 元,150
2 件 800 元,125
2 件 3300 元,470
限店 139 元,120
紅藜 粥 紅茶餐,155
2 件 649 元,955
蔬果 20 元,75
冷凍 仙草 茶,10
巴特里 奶油 餐包 10 入 包愛買 冷凍,60
仙草 茶 960cc,50
植栽 249 元,30
2 入 89 元,975
水果 彩椒 95 元,10
甘蔗渣 男冰釀 桑葚 牛奶,10
2 件 109 元,2250
2 件 195 元,4795
棒 豆奶 咖啡 熱,65
2 件 18403 件 2685 元,240
黑糖 奶酪 20221203aulqjcdt,5
2 件 210 元,4930
2 件 894 件 169 元,110
2 件 18404 件 3520 元,33490
青椒,5
NIP 牙 仙子 安撫 奶嘴 第二,35
特大 杯紅絲 絨燕麥 奶星 冰樂 20221211h1usc,5
R 普拿疼 伏 冒 熱飲 檸檬 清香 10 包,200
冰茉奶 珍珠 20230117f2sm3zi7,5
青青 擋 泥板 豆卡 頻道 CZ420,15
葡萄 鮮 冰茶,35
格蘭 咖啡 歐蕾,15
2 件 34993 件 4999 元,50
10 元香,5
小葉蜜 香紅茶,5
3 件 2400 元,10
3 件 599 元,205
2 件 18404 件 3520 元,415
關西 仙草 茶,20
開發票 京工 香菇 芋頭 粥 元氣 蔬食 粥 田園 蔬食 粥 山藥蔬,35
3 件 39 元,33655
黑糖 奶酪 20230104c8pix57y,5
草莓 雙果 星 冰茶 中,890
特大 杯紅絲 絨燕麥 奶星 冰樂 20221208k9xwb,5
水果 茶,75
2 件 1799 元,2370
青箭 51g,1130
特大 杯紅絲 絨燕麥 奶星 冰樂 20221211r4arv,5
情熱 価 格越 光米 梅子 粥,30
A 超 2 杯 拿 鐵送 觀音,30
杯裝 蜜蜜 開心果 霜淇淋,480
杯冰塊 謝謝,5
2 件 1388 元,125
餐巾 紙飲料 去 冰,5
甲文青 麥芽 可可 L 冰熱北區 商城 節活 動品,185
元家品 元堂 港式 蘿 蔔 糕 1100g,10
酸菜 130 元,20
2 件 118 元,37445
黑糖 堅果 饅頭熱,295
2 件 29 元,1095
葡萄酒 999 元,15
蔬果 30 元,490
開工慶大杯 第二杯 25,15
限店 89 元,310
藜 麥元氣 牛 珍珠 堡 冰紅茶,1560
味調 小屋 奶酥 醬 268g 罐 268g,290
可爾 必思蘇 打 PET5001 入,10
瑞穗 蜜香紅 茶 麵,30
可爾 必思去 冰,30
藜 麥 海洋 珍珠 堡 冰紅茶,2165
泰 杯杯 泰式 料理 兌換券,1065
2 件 650 元,90
3 件 510 元,5
香料 熱紅酒 包,5
DrRIN 冰霸 杯杯 袋 黑,5
香蕉 60 元,5
加醬 冰紅茶 去 冰,5
2 件 6703 件 920 元,70
2 件 30003 件 4350 元,45
117 元,100
3 件 100 元,30
特大 杯紅絲 絨燕麥 奶星 冰樂 20221210b1wi3,5
特大 杯紅絲 絨燕麥 奶星 冰樂 20221211e1vnk,5
訂餐 商品,10
2 入 75 元,50
熱紅茶 4,30
台畜 小熱狗 900G 包愛買 冷凍,10
四季春 焙火熱,35
限店 59 元,3775
氮氣 芙蓉 花果茶 大,470
蜜意 坊 熱情 雙果,135
心樸 蜂蜜 香柚 茶,5
KOH 椰奶,135
冰紅茶 豆漿,5
青花菜 100,10
綜合莓果 熱茶 M 熱產品 資訊,10
青蔥 300G,120
蘋果 牛奶 酷繽沙,16800
2 入 119 元,145
2 入 139 元,90
洗車 200 元,45
2 件 990 元,205
Ninetea 九茶 黑糖 奶奶,15
2 件 21003 件 2980 元,40
水蜜桃 冰茶,20
2 件 17803 件 2524 元,330
A 餐送 蘋果 派,14990
台灣出 貨超 商免 運永苑 行熱紅酒 香料 包熱紅酒 包茶 飲養,20
熱豆漿 有 糖,5
黑糖 奶酪 20230125v9mory8x,5
7APP 冰 黑糖 珍珠 撞奶,5
單店 湯姆熊 1000 元,25
6 件 999 元,285
熱老 薑 茶 中杯 20230117f2smqltk,5
仙圃 養生 仙草 茶,45
特大 杯紅絲 絨燕麥 奶星 冰樂 20221210s0bqs,5
10 元升級 大杯,180
2 件 160 元,2050
特大 杯紅絲 絨燕麥 奶星 冰樂 20221210b8ki5,5
青花菜 50 元,15
禮 PSN2000 元,40
RazerPIN300 元,5
可爾 必思 20230123f6kxa4ck,5
仙贏 竹炭 仙草 茶 960ml,10
3 件 165 元,11275
2 件 168 元,95
3 件 799 元,290
小杯 茶花 綠茶紅,30
可爾 必思 20230207v8wltngv,5
可爾 必思 20230208j3vn5gnp,5
經典 水果 茶冰 20221001wh0z662t,5
摩斯 漢堡 C510 藜 麥杏 鮑菇 珍珠 堡 冰紅茶 L,10
2 件 119 元,11885
2 件 599 元,1585
經典 水果 茶冰 20221003nspu1gkd,5
葡萄酒 349 元,30
冰 草莓 醇 濃抹 茶 中,1240
巧易潔苦 茶粉 250g,5
推百吉真 黑糖 珍,5
ITOH 爽快 甘錠 狀 食品 300 錠 盒 保健食品 類美 肌纖體 15 玉民 蕎麥 海苔 燒 原味 辣味 杏仁 三款 可選大樹點 心 零食 類 糖果 5Bref 懸掛式 馬 桶 清潔球 日用 百貨類 家庭 清潔 洗劑 5ECOVER 宜珂 NonBio 親膚 低敏 濃縮 洗衣 精薰衣 日用 百貨類 家庭 清潔 洗劑 10 現貨理膚 寶水 多容安 泡沫 洗面乳 125mlLa 保健食品 類美 肌纖體 5 三美蜂 旅頭 等 獎龍 眼蜜 民生 食材 類果 醬 抹 醬 5M423618391 飲料 類茶 飲 5 台灣 公司 貨現貨 BIODERMA 貝膚 黛瑪 水晶 靈保濕 精 保健食品 類美 肌纖體 5 美式 咖啡 20221119b5ffikl2 咖啡 類罐 裝瓶裝 咖啡 5M429124665 飲料 類茶 飲 5M429288141 飲料 類茶 飲 54710032520228 贈品 嬌生 嬰兒活 日用 百貨類 家庭 清潔 用品 5 俏正 美彈潤 滿滿 呵護組 保健食品 類美 肌纖體 15 紅糟 豆乳 腿 排便 當加鮮 煎蛋 加飲料 20221119dzc 飲料 類茶 飲 5 茶樹 莊園 茶橘 雙萃 超濃縮 洗碗 精 1000gx6 瓶 兩款 包 日用 百貨類 家庭 清潔 洗劑 5M00425773656 飲料 類茶 飲 5 令 和 KF943D 韓式 立體 口罩 醫療 口罩 10 入 成人 口罩 保健食品 類醫材 藥品 5S 買 礦沛氣 泡水 水類氣 泡水 10 加倍 潔殺菌 洗衣粉 10KG 每單 上限 2 包 日用 百貨類 衣物 清潔 5 五味 堂潤 喉珠潤 喉錠 珠 60 粒錠 28 克點心 零食 類 糖果 15MK 衣物 漂白 劑 960mL 日用 百貨類 衣物 清潔 5 時時樂 限定 康朵 除 水垢 尿垢 除霉 抗菌 噴劑 任選 400m 日用 百貨類 家庭 清潔 用品 20LAC 利維喜 快樂熊 綜合維 他命 軟糖 60 顆莓果 口味 天然 點心 零食 類 糖果 5 番茄 醬 兩包 謝謝 民生 食材類 料理 調味 5 自然 思維 hBAKE 無 加糖 蔓越莓 塔 160g 點心 零食 類 糖果 5 現貨 公司 貨 OZIO 日本 歐姬兒 蜂王乳 凝露 蜂王 保健食品 類美 肌纖體 5M421551410 飲料 類茶 飲 5 日本 花瓣 型 骨盆 枕靠 腰 墊 美 臀 墊護 腰 枕 坐 墊 DaoDi 保健食品 類醫材 藥品 20 兔子 擦 手巾 吸水 毛巾 抹布 掛式 擦 手巾 純棉 毛巾 擦 手巾 洗 日用 百貨類 民生 紙品 5Briochin 碧 歐香 經典 洗碗 精 日用 百貨類 家庭 清潔 用品 5 黑松沙士 2000ml6 入箱 飲料 類茶 飲 30BKSNow5 種鎂 鎂 膠囊 magnesium 鎂 保健食品 類 保健 養生 5 附發票 日本 朝日 AsahiMINTIA 涼糖 可爾 必思點 心 零食 類 糖果 5 葉酸鐵口 含錠 保健食品 類 保健 養生 15Mibobomi 嬰兒 米餅 菠菜 味 30g 點心 零食 類 糖果 5M435666906 飲料 類茶 飲 5 無水 碳酸 鈉 鹼粉 食品 添加物 450g 滿 99 元 出貨 可 製 作 保健食品 類美 肌纖體 10 乖乖 好運箱 40g6 包點心 零食 類餅 乾 20GIZEH 歐洲 原裝 進口 活性碳 捲 菸 捲 煙海綿濾 嘴 日用 百貨類 家庭 清潔 用品 5 請 幫 我 附 一包 辣椒 點心 零食 類餅 乾 5 領卷 免運台 衛快 滅鼠液 餌劑 滅鼠 30ml 老鼠 藥殺 鼠劑 日用 百貨類 家庭 清潔 用品 5 貢丸湯 20221124y6hyoyi0 鮮食類 關東 煮 5 太妃 核果 風味 那堤 20221128e5bd3dr5 點心 零食 類 糖果 5DHC 膠原 蛋白粉 192g 包 保健食品 類 保健 養生 10M00449077264 飲料 類茶 飲 5 炸 蝦魚 排 丼 20221114g0vsizxr 生鮮 食品 類生 鮮海鮮 5 番茄 醬包 韓國產品 資訊 20221127z3la 民生 食材類 料理 調味 5 蕾 美日 拋隱形 眼鏡 30 片裝 425 保健食品 類醫材 藥品 20 每日 優 果酸 V 脆脆 桃 250G 蜜餞 點心 零食 類 糖果 5FertiHouse 生育 家 男性 備孕 綜合維 他命 膠囊 保健食品 類 保健 養生 15M00460765038 飲料 類茶 飲 5 如需 調整 口味 請點 此點心 零食 類 糖果 5 鹿野 嫩 黃 土雞團 保健食品 類 保健 養生 105 十二 星座 星星 糖小賣 所 星星 糖 十二 星座 日日 旺 星星 糖 玻點心 零食 類 糖果 5sunnygogo 陽光 菓 菓 台灣 綜合 水果 乾組單 包一 組五點 心 零食 類堅果 15 有機 南瓜 900g 袋 900g 袋 生鮮 食品 類生鮮 蔬菜 35 諾曼 地風 綜合 蔬菜 生鮮 食品 類生鮮 蔬菜 5 調味料 碗 CSW4PC 民生 食材類 料理 調味 35U 滿額 贈 V 薯雞塊 組點心 零食 類 糖果 5M00468124145 飲料 類茶 飲 5LEC 激落君 檸檬酸倍 半 碳酸 鈉小蘇 打清潔 噴霧 400 日用 百貨類 家庭 清潔 用品 5 樂鮮紅 火焰 萵苣 生鮮 食品 類生鮮 蔬菜 5 官方 保證 無效 退費 通水管 SPARTAN 斯巴達 水管 疏 日用 百貨類 家庭 清潔 洗劑 5 山姆 百貨 台灣 公司 貨 ARSOA 安露 莎淨 白活 膚蜜皂環 日用 百貨類 家庭 清潔 用品 5 蔬福良品 黛纖糖 150 公克 罐台灣 全素 食品 工 廠 製 保健食品 類 保健 養生 5 加倍 潔 尤加利 小蘇 打防 螨 洗衣粉 1kg 日用 百貨類 衣物 清潔 5 驅塵氏 抗菌 濕拖巾 薰衣草 檸檬茶 樹 12 張包 日用 百貨類 家庭 清潔 用品 40 來 復 易 防漏 安心 復 健褲 XL 號 12 片 X4 件 組 日用 百貨類 民生 紙品 5 台塑 醫之方 益生菌 正貨 最新 貨 202407 台塑 舒 日用 百貨類 民生 紙品 5HH 優暢益菌 高纖粉 30 包 X2 益生菌 酵素 蝦 皮團購 保健食品 類 保健 養生 10 清淨海 環保 洗衣粉 檸檬飄香 15kg 盒 超取 最多 5 盒 日用 百貨類 家庭 清潔 洗劑 5 上 野物 產台灣產 霜降 里 肌豬 二層 肉 150g10 包冷凍 食品 類冷凍 蔬菜 5 裕芳 食品 金桔 檸檬喉 糖點心 零食 類 糖果 5 奶油 抹 茶 抹 醬 125g 日本 久世福 商店 麵 包抹醬 紅豆醬 烘焙 甜點類 蛋糕 10 阿家 海鮮 高麗菜 韭肉 鮮肉 水餃 20 顆 400g5 冷凍 食品 類冷凍 蔬菜 5 完美 主義 peachylife 霧面 304 不 鏽 鋼 垃圾袋 架 垃圾 日用 百貨類 家庭 清潔 用品 5 買 一送 一 兩罐 馬 玉山 營養 全 穀 堅果 奶 葡萄糖 胺 配方 85 飲料類 沖 泡類 飲品 5 易利氣 官方 直營 磁力 彈性 套 腰用 1500 高斯 保健食品 類醫材 藥品 5 高科技 神奇 熱敷帶 組腰 帶 膝套 各一入 保健食品 類醫材 藥品 5 通過 CNAS 安全 認證 浴巾 毛巾 大 浴巾 飯店 浴巾 吸 水浴 日用 百貨類 民生 紙品 20 外送費 20230212lb2m6zb0 鮮食類 小菜 滷 味 5HIS 桿 麵 棍 36cm45cm 烘焙 擀 麵 棍壓 麵 團 民生 食材類 泡 麵 15 信用卡 4645 保健食品 類醫材 藥品 40 外送費 20230220e7ea63s9 鮮食類 小菜 滷 味 5 外送費 20230220e8dyq53s 鮮食類 小菜 滷 味 5 外送費 20230221z4tuvbor 鮮食類 小菜 滷 味 5 外送費 20230222a4ujo5uc 鮮食類 小菜 滷 味 5 外送費 20230222a8coxq8h 鮮食類 小菜 滷 味 5 外送費 20230208z7agd66i 鮮食類 小菜 滷 味 5 外送費 20230209a493h9rv 鮮食類 小菜 滷 味 5 外送費 20230210tgl8bicv 鮮食類 小菜 滷 味 5 外送費 20230202e2vcpgr9 鮮食類 小菜 滷 味 5 外送費 20230202e67duoej 鮮食類 小菜 滷 味 5 外送費 20230203g0vdmy1d 鮮食類 小菜 滷 味 5 中華米 嚴選 池上 稻香 鮮米 2KG 冷凍 食品 類冷凍 海鮮 65BeSafe 汽車 座椅 保護 墊 日用 百貨類 嬰幼兒 用品 5 外送費 20230201ivtcl2wz 鮮食類 小菜 滷 味 5 慕鈺華蔥 加倍 捲 餅 6 包組 每片 140g5 片共 30 片宜 烘焙 甜點類 蛋糕 5 寵物 覺醒 24h 出貨 玻璃 製 竹 蓋 密封罐 保鮮罐 冰箱 廚房 鸚鵡 飼料 日用 百貨類 餐廚 用品 25 激光 極淨 白水 凝凍 50ml 日用 百貨類 家庭 清潔 用品 5 和 風 咖哩 雞肉定 食 20230220n0vhun35 鮮食類 生鮮 蔬果 沙拉 5 外送費 20230213l4lr81w5 鮮食類 小菜 滷 味 5 台灣 現貨 菠菜 V225 蔬菜 種子 農友牌 小包 裝種子 冷凍 食品 類冷凍 蔬菜 5 代收 代付 ScottishHouse 鑽狗 LOGO 日用 百貨類 汽機車 用品 類 10 外送費 20230205z6yfryqu 鮮食類 小菜 滷 味 5 外送費 20230206b2xi6jx5 鮮食類 小菜 滷 味 5 海鴻好 運豬 腳 麵 線 組豬 腳 940g 麵 線 220g2 組 民生 食材類 泡 麵 20 一次 取灣 仔碼頭 灌 湯小籠 包豬 肉 口味 300g 生鮮 食品 類生 鮮海鮮 5 福義軒 烤 G 蘇打餅 200g 點心 零食 類餅 乾 5 外送費 20230223i2cn0b29 鮮食類 小菜 滷 味 5 達摩 本草 美國 專利山 苦瓜 胜 7 入組 1 入 90 顆 保健食品 類美 肌纖體 100AURA 艾樂 隨行 提手 真 陶瓷 保溫杯 525ML3 色可選 日用 百貨類 餐廚 用品 70MUJI 無 印良品 無選別 棉花 糖 布朗 尼酥餅 點心 零食 類 糖果 185 外送費 20230208yd4s23qd 鮮食類 小菜 滷 味 5 區安親 成 褲漢方 草本 LXL 日用 百貨類 民生 紙品 20 外送費 20230210miymoof1 鮮食類 小菜 滷 味 5 外送費 20230203o3bc2bhk 鮮食類 小菜 滷 味 5 外送費 20230203ot7fwcdy 鮮食類 小菜 滷 味 5 外送費 20230204ugvaa90s 鮮食類 小菜 滷 味 5 外送費 20230208wra7hr6h 鮮食類 小菜 滷 味 5 現貨免 運車 用 折疊 伸縮 垃圾桶 多功能 水桶 儲 水桶 冰桶 折 日用 百貨類 家庭 清潔 用品 5 臺 灣免 運 多功能 清潔刷 刮水器 便 攜 多用途 清潔刷 浴室 清潔 日用 百貨類 家庭 清潔 用品 5 艾瑞森 100 入 水槽 過濾 網濾網 廚房 流理 臺 水槽 日用 百貨類 家庭 清潔 用品 20 少爺 辣味 明太子 大米 果點心 零食 類餅 乾 5 纖活 西瓜 蘆薈 保健食品 類美 肌纖體 10 台糖 無糖 黑五寶飲 料類 沖 泡類 飲品 5 池上 鄉 農會米餅 起司 點心 零食 類 糖果 5 麥 德加 紅糖桂圓 饅頭 6 入豆 米 漿 植物 奶豆漿 5 麻辣 炭燒 點心 零食 類肉 乾肉紙 5 樂米雪姬 之星 15KG 民生 食材類 米 5 滿漢蒜味 香腸 公克 盒 民生 食材類 罐頭 5 義 大利 聖誕 麵 包 麝香 葡萄 白蘭地 風味 卡士 達 聖誕 麵 包義 大利 原點心 零食 類餅 乾 5 主打 星 3M9809RTC 專業級 捲 筒式 靜電空 氣濾網 日用 百貨類 家庭 清潔 用品 5KEWPIE 丘比介護 食品 Y43 香滑 野菜 玉米 75 冷凍 食品 類冷凍 蔬菜 54713653600775 台灣 土豆 王 芥末 花生 130 公克 點心 零食 類堅果 5 領卷 折 50 韓國 Lotte 樂天 BINCH 巧克力 餅乾點 心 零食 類餅 乾 5 開發票 MAXICORN 起司 風味 脆片 150g 超濃點 心 零食 類餅 乾 5 全台 熱銷 現貨 洗碗 海綿 菜瓜布 日用 百貨類 家庭 清潔 用品 5 可愛鯨 魚刷 臺 灣現 貨鯨魚 刷洗 衣刷 清潔刷 搓 洗刷 鞋 日用 百貨類 家庭 清潔 用品 10 卡滋 爆米花 超值 組合包 60gx3 包大潤 發點心 零食 類餅 乾 5 無國界 雜貨 舖 日本 ST 雞 仔牌 新除 濕 吸濕 包除 濕包 日用 百貨類 家庭 清潔 用品 5 老 饕廚 房水 嫩 原味 舒肥 雞 胸水類 礦 泉水 20 台酒 TTL 台酒 金 香米 果點心 零食 類餅 乾 10 方形 20 夾 不 鏽 鋼 防 風 曬 衣架 4 入衣夾 衣架 曬衣 夾曬 衣架 日用 百貨類 洗衣 用具 5 日本 Laundrin 香水 柔軟 精沁心 花香 600ml 日用 百貨類 民生 紙品 15 三點 一刻 直火 烏龍 花茶 系列 18 入盒 3 點 1 刻現 貨飲料 類茶 飲 5 代收 代付 美國 BestVite 必賜力 朝鮮 薊 萃取 膠囊 2 保健食品 類 保健 養生 5M460207628 飲料 類茶 飲 5M469890076 飲料 類茶 飲 5M47406338761 飲料 類茶 飲 5 白蘭氏 鐵維 他命 B 群 鷄 精 錠 90 錠 180 錠 瓶 bu 保健食品 類 保健 養生 10 台灣 茶 人辦 公室 正 能量 系列 玫瑰 綠茶 25 入袋 飲料 類茶 飲 5Airwaves 極酷 嗆 涼 70g 點心 零食 類 糖果 10 台農純 鮮奶 煉乳 400g 烘焙 甜點類 其他 甜食 5 卜蜂 醃 漬 去 骨雞 胸肉 200g2 片包 冷凍 食品 類冷凍 海鮮 5 官方 正品 OUTDOORHelloKitty 聯 名款 點心 零食 類 糖果 5M00406158614 飲料 類茶 飲 5M00491601853 飲料 類茶 飲 5 外送費 20221201v1w8xxu1 鮮食類 小菜 滷 味 5 番茄 醬包 韓國產品 資訊 20221216p9ln 生鮮 食品 類生鮮 水果 5 現貨 摺 疊 手 機架 超輕 便 LifeShopping 追劇神 日用 百貨類 汽機車 用品 類 75 外送費 20221217d0kycl7a 鮮食類 小菜 滷 味 5 小朋友 咖哩 20221213z3bhz7rv 鮮食類 湯品 5 墨西哥 辣椒 牛肉 磚壓 三明治 20221213epwml 鮮食類 三明治 5 外送費 20221213ifze6i5y 鮮食類 小菜 滷 味 5 德國 Kret 馬 桶 芳香 清潔掛 瑕疵品 出 清 日用 百貨類 家庭 清潔 用品 10 韓式 拌 飯 20221218kstqcsjw 鮮食 類米 飯類 5 慶祝 單人餐 20221225k2noqnze 飲料 類茶 飲 5 慶祝 單人餐 20221225g1kq4t2u 飲料 類茶 飲 5 慶祝 單人餐 20221225dwjxhqyo 飲料 類茶 飲 5 紐奧良 烤 雞腿堡 XL 套餐 中辣 20221211b7 鮮食 類漢堡 5 農心 辛拉 麵 韓式 辣味 炒 麵 辛拉 麵 境內版 辛拉 麵 超值 包辛拉 麵 民生 食材類 各式 麵 條拌 麵 40 外送費 20221223ejpq4il0 鮮食類 小菜 滷 味 5 白雪 乳酪 烤 雞腿堡 套餐 20221218kx8i962 鮮食 類漢堡 5 廣達 香紅燒 扣肉 210g3 入 民生 食材類 南北 乾貨雜 糧食材 5 外送費 20221207f2nvmekz 鮮食類 小菜 滷 味 5 外送費 20221207f3lqlni6 鮮食類 小菜 滷 味 5 今日 良選 台灣現 貨機車 飲料 杯 架 機車 飲料 架 飲料 杯架機 日用 百貨類 汽機車 用品 類 50AWA 車蠟 職人 A0009AWA 銅鑼燒 海綿 黑色 汽車 打 日用 百貨類 汽機車 用品 類 545 即期 良品 單包裝 傳統 人氣 零食 芥末 菜餅 原味 菜餅 烘焙 甜點類 蛋糕 50 日本 丸 三 豆乳 紅茶 豆乳 無 調整 豆乳 麥 芽豆 乳 杏仁 豆乳 紅飲料 類茶 飲 55 外送費 20221221bdyrjw2r 鮮食類 小菜 滷 味 5 外送費 20221221c284f01o 鮮食類 小菜 滷 味 5 外送費 20221226v5tce9lt 鮮食類 小菜 滷 味 5N011033138 德國 博依 beurer 熱敷 保健食品 類醫材 藥品 5 日本 金鳥 發熱 腹部 貼 8 片生 薑 可 黏貼 保健食品 類醫材 藥品 15 人氣 No1 炭烤 魷魚 條小賣 所現 貨炭 烤 生鮮 食品 類生鮮 肉品 15 綜合莓果 隨手 包纖 多多 黑莓 蔓越莓 覆盆 莓 飲料 類茶 飲 10 邂逅 楓糖 起士 蛋糕 烘焙 甜點類 其他 甜食 235 外送費 20221229d2zlh7vf 鮮食類 小菜 滷 味 5 外送費 20221229dvm1h6f0 鮮食類 小菜 滷 味 5 武匠 BW 新款 氣墊護 腰 工具 腰帶 工具 袋 腰 帶護 腰 S 保健食品 類醫材 藥品 30 外送費 20221217a4oc02x2 鮮食類 小菜 滷 味 5 華得 水產碳 烤 一口 吃 野生 烏魚子 2 包組 總重 8 兩包 附 提袋 冷凍 食品 類冷凍 海鮮 5 外送費 20221212aa8kauai 鮮食類 小菜 滷 味 5 信用卡 7799 保健食品 類醫材 藥品 40 信用卡 7999 保健食品 類醫材 藥品 35 芬多 森林 台灣檜 木大翅鯨 車用 臨停 車牌 暫停 一下 停車電 日用 百貨類 汽機車 用品 類 54992272699364 日本 丸 真 社團鮮 食類 關東 煮 10 信用卡 8169 保健食品 類醫材 藥品 554714379953794 米森 無 麩質 水蜜桃 麥片 400g 飲料類 沖 泡類 飲品 25 立體 蜂巢 式 網狀 機車 隔熱 排水 座 墊 2XL 日用 百貨類 汽機車 用品 類 35 外送費 20221210a8mzzaw0 鮮食類 小菜 滷 味 5DrDouxi 朵 璽 雪晶靈水 嫩白 肌凍膜 250ml 買 保健食品 類美 肌纖體 5 悅氏麥 茶 2Lv 飲料 類茶 飲 10 出清 公司 貨 IKOR 元氣 純萃 維生素 B 群 120 粒 保健食品 類 保健 養生 5 升級 版 玻 尿酸 潤透 保水 面膜 5 片盒 PEZRI 派翠官 保健食品 類美 肌纖體 5Lovita 愛維 他 QQ 水嫩 美妍粉 159g 保健食品 類美 肌纖體 5 日本 味王 綜合 胺基酸 錠 120 粒瓶 BCAA 甲殼 素藤黃 保健食品 類美 肌纖體 10 樂 居家 高壓 連續 噴霧 瓶 500ml 噴瓶噴 水瓶 噴霧 瓶 日用 百貨類 家庭 清潔 用品 5 紅燒 排骨 飯 套餐 20221110g1kqwrr4 鮮食 類米 飯類 5 繽紛 口味 多重 享受 的 森永多樂福 每 一顆 果汁 糖森永多樂福 綜合點 心 零食 類 糖果 5 外送費 20221210e4itotm4 鮮食類 小菜 滷 味 5 德國 百年 草本 海藻 保濕 面膜 100ml 現貨供 應 Sanct 保健食品 類美 肌纖體 53M00UCF2 超濾淨型 靜音款 更 換濾網 日用 百貨類 家庭 清潔 用品 10 免運赠 收纳盒 不銹 鋼測 溫計 烘焙 溫度計 食品 溫度 計電子 日用 百貨類 餐廚 用品 10 錦 豆腐 盒 民生 食材類 南北 乾貨雜 糧食材 795 防風 漏斗 菸 灰 缸 防風 煙灰缸 漏斗 菸 灰 缸 防煙 菸 灰 缸 煙灰缸 日用 百貨類 家庭 清潔 用品 285NuPure 澳洲 泉水 250ml 水類 礦 泉水 5 嚴選 現貨 棒棒糖 包裝袋 星空 棒棒糖 袋 棒棒糖 袋 巧克力 包點心 零食 類 糖果 10 福利品 愛之味 健康 油切 分解 茶 590ml24 入箱 日用 百貨類 家庭 清潔 用品 10 台灣 現貨 快速 出貨 曬 衣桿 專用 防風扣 衣架 掛鉤 防風 扣衣 日用 百貨類 洗衣 用具 5 鼎新 原汁 醬油 500ml 民生 食材類 料理 調味 10 亮潔 洗碗 精檸檬 1000ml1000ml 日用 百貨類 家庭 清潔 洗劑 5 優生 酒精 濕 40 抽超 厚型 75ALCOHOL 日用 百貨類 民生 紙品 5 貝恩 嬰兒 保養 柔 濕巾 全新 升級 貝恩濕 紙巾 20 抽超 厚型 20 抽 x 日用 百貨類 家庭 清潔 洗劑 5 珊瑚 絨擦手 毛巾 強力 吸水 抹布 百潔布 親膚 毛巾 澡巾 可 掛式 日用 百貨類 家庭 清潔 用品 5Shuuemura 植村秀 零刷痕 粉底 刷 超值 組 日用 百貨類 家庭 清潔 用品 20 富士 1010cm 紗窗 修補 貼 2 片緣 屋百貨 天天 出貨紗 窗修 日用 百貨類 家庭 清潔 用品 5CP 籽波 蘭 製 GeneralFresh 四合 一 酵素 洗衣日 用百貨類 衣物 清潔 5 拖鞋 掛架 台灣現 貨免 打孔 免釘 牆壁 拖鞋 掛架 抹布 架 拖鞋 日用 百貨類 家庭 清潔 用品 5 奇暢 水壺 清潔刷 3 件 組清潔 刷 縫隙 瓶 蓋 保溫 瓶 奶瓶 日用 百貨類 家庭 清潔 用品 20 奶瓶 清潔 4 件 組 奶瓶 刷 奶瓶 刷 四件 組 水杯 刷刷 子海綿刷 日用 百貨類 家庭 清潔 用品 5 雅方 芝麻 包 16 粒點心 零食 類餅 乾 20JoyroomS1T3015A5 星際 系列 一拖 三 3 日用 百貨類 家庭 清潔 用品 5TAICEND 泰 陞 Stage3 疤痕 貼片 未 滅菌術 後 保健食品 類醫材 藥品 10 南王 超濃縮 小蘇 打 液體 肥皂 膠囊白 10gx35 入小三美 日用 百貨類 家庭 清潔 用品 5 紐奧良 烤 雞腿堡 XL 套餐 中辣 20221202z4 鮮食 類水 餃點心 5 外送費 20221212z9uinlr3 鮮食類 小菜 滷 味 5 台 灣 製 0 束 2 入 粗鐵 扣杏綠 AD5845C5 飲料 類茶 飲 10 外送費 20221224d688chab 鮮食類 小菜 滷 味 5 外送費 20221224lwqhgnc4 鮮食類 小菜 滷 味 5 台灣 出貨 矽膠 毛刷 燒烤 毛刷 牛奶 毛刷 料理 毛刷 調料 毛刷 日用 百貨類 餐廚 用品 5 外送費 20221213a5nfjdxk 鮮食類 小菜 滷 味 5 外送費 20221220z8euhr1l 鮮食類 小菜 滷 味 5 豬肉 起司 炊米堡 20221207e71g191m 鮮食 類漢堡 5 現貨 韓國 ladykin 韓國小燈 泡安瓶 精華 2ml 小燈 日用 百貨類 汽機車 用品 類 10 統 一生 機亞 麻仁 蘇打餅 168g 現貨免 運附 發票 最新 效 保健食品 類 保健 養生 5 吃貨 驛 站 附發票 現貨巧益 玉米 濃湯 捲 奶蛋素 24 入點心 零食 類餅 乾 5 淨化 冰箱 除臭 盒寶包 老 闆 24H 台灣速發 冰箱 除臭 劑 冰箱 除臭 日用 百貨類 家庭 清潔 洗劑 5 無籽 黃 橄欖 鹹 橄欖 300 克包 台北 譽展 蜜餞 行點心 零食 類餅 乾 10HALLSXS 無糖 迷你 薄荷糖 酷涼 西瓜 口味 276g 點心 零食 類 糖果 5MOTO 筆蓋式 耐 酒精 噴霧 瓶 PP10ml 二入 佳瑪 日用 百貨類 家庭 清潔 用品 5TRYALL 分離 豌豆 蛋白 隨手 包 任意 搭 保健食品 類 保健 養生 10 歐妮 巴免 運 蒂斯 貝尼 留香 珠 衣物 芳香 豆 洗衣 香香 豆 日用 百貨類 家庭 清潔 洗劑 15 澎漁會 脫皮 有 墨熟 小管 日用 百貨類 民生 紙品 15QingJie 輕潔個 人 清潔巾 肌膚 護理巾 美容 巾 100 張 日用 百貨類 民生 紙品 5 小美 巧克力 冰淇淋 1L 冰品 類 冰淇淋 5 香菇 脆片 原味 90g 點心 零食 類堅果 5 外送費 20230212sxwxsp02 鮮食類 小菜 滷 味 5 外送費 20230212t4a5crfb 鮮食類 小菜 滷 味 5 外送費 20230210z4aukoc6 鮮食類 小菜 滷 味 5 外送費 20230210zn55qbwe 鮮食類 小菜 滷 味 5 外送費 20230211a1q7obk8 鮮食類 小菜 滷 味 5 外送費 20230216u2qdjfv2 鮮食類 小菜 滷 味 5 外送費 20230216v1bl6spp 鮮食類 小菜 滷 味 5 外送費 20230216w5n1hofm 鮮食類 小菜 滷 味 5 焦糖 瑪奇朵 20230224f4yfokrg 咖啡 類現 做 咖啡 飲品 5 舒肥 雞肉 蔬菜 盅 那堤 套餐 20230215n4no6 鮮食類 生鮮 蔬果 沙拉 5 那堤 20230214f7dou40r 烘焙 甜點類 其他 甜食 5 三井 生技頂 鑽 管花 肉蓯蓉 起陽籽 30 顆 3 盒組 起陽籽 x 管 烘焙 甜點類 蛋糕 5 韓田 韓國 蜂蜜 風味 柚子茶 4 罐 1kg 罐 飲料 類茶 飲 10 領券 790 元 自選 48 罐贈 24 罐免 運力 增飲 多元 保健食品 類醫材 藥品 5 外送費 20230212u7xuzrlv 鮮食類 小菜 滷 味 5 外送費 20230208pl3eqgwv 鮮食類 小菜 滷 味 5 外送費 20230212kpxofqpf 鮮食類 小菜 滷 味 5 外送費 20230213m1fro56g 鮮食類 小菜 滷 味 5 外送費 20230217a3jk3kvz 鮮食類 小菜 滷 味 5 外送費 20230217d4mgey9k 鮮食類 小菜 滷 味 5 外送費 20230221d0uktaol 鮮食類 小菜 滷 味 5 外送費 20230218r1zpx05b 鮮食類 小菜 滷 味 5 外送費 20230225esw5o2q4 鮮食類 小菜 滷 味 5 外送費 20230225f6dodbyd 鮮食類 小菜 滷 味 5 外送費 20230225fh1g1xrz 鮮食類 小菜 滷 味 5 外送費 20230225i5hhbn7w 鮮食類 小菜 滷 味 5 外送費 20230225i7az6ata 鮮食類 小菜 滷 味 5 外送費 20230225is9q46hc 鮮食類 小菜 滷 味 5 麵 包 超人 蘋 果糖 冰品 類 冰淇淋 40 新 普利 Simply 超濃代 謝夜 酵素 錠 EX30 錠 盒 X2 保健食品 類美 肌纖體 45 大量 現貨達 醫健 EX 渼 肌 平整 精華 肉芽 精華液 EX 渼 保健食品 類醫材 藥品 5 外送費 20230210aj2yam0o 鮮食類 小菜 滷 味 5 外送費 20230201d1esetwj 鮮食類 小菜 滷 味 5 蜂王 黑 砂糖 香皂 80g6 入盒 保健食品 類 保健 養生 20 現貨 嬰兒 車輪 胎套 嬰兒 推車 輪 胎套 推車 輪套 嬰兒 推車防 日用 百貨類 嬰幼兒 用品 25 外送費 20230210b6rwonyf 鮮食類 小菜 滷 味 5 外送費 20230210cqjdazgc 鮮食類 小菜 滷 味 5 外送費 20230210dp7svzpd 鮮食類 小菜 滷 味 5 外送費 20230210e1pan2nv 鮮食類 小菜 滷 味 5 外送費 20230210f4mblwt0 鮮食類 小菜 滷 味 5 外送費 20230210n9sf7mpy 鮮食類 小菜 滷 味 5 外送費 20230211r6yq07yp 鮮食類 小菜 滷 味 5 台灣 現貨 當天 出貨 小米 有品 車載 萬用 掛勾掛 架 金屬 日用 百貨類 汽機車 用品 類 5ONPROUVV1Pro 二代 吸塵器 2 入濾 芯 GT 日用 百貨類 汽機車 用品 類 5ARIEL 超濃縮 抗菌 抗 蟎 洗衣 精 22 件 組 910gx 日用 百貨類 衣物 清潔 5 外送費 20230209twceopyg 鮮食類 小菜 滷 味 5 那堤 20230204a3ih2max 烘焙 甜點類 其他 甜食 5 那堤 20230215l9tr5thf 烘焙 甜點類 其他 甜食 5 雙果 果汁 星冰樂 20230217g7zexcga 飲料類 果汁 果醋 飲 5 厚切 培根 牛肉 堡 組合餐 20230212gofn3t2 鮮食 類漢堡 5 彩蔬 鮮菇 比薩獨 享餐 20230213z8ngipxn 鮮食 類米 飯類 5 那堤 20230226f7me5bws 烘焙 甜點類 其他 甜食 5 潔 夫人 30 格收納盒 三層 特大 號可 拆三層 多功能 小汽車 收納 日用 百貨類 嬰幼兒 用品 20 醫歐姆龍 電子 血 壓計 HEM7 保健食品 類醫材 藥品 758833Neogence 杏仁 酸煥膚 保健食品 類美 肌纖體 1060 外送費 20230218wmmfiv76 鮮食類 小菜 滷 味 5 外送費 20230218x5ldnx1q 鮮食類 小菜 滷 味 5 外送費 20230218y3cnz3df 鮮食類 小菜 滷 味 5 外送費 20230228vypk518m 鮮食類 小菜 滷 味 5 熊寶貝柔 軟精 175 櫻花 日用 百貨類 家庭 清潔 用品 5 外送費 20230209g222x087 鮮食類 小菜 滷 味 530 天試 用現 貨免 運防駝 背 鋼板 矯正帶 男女 通用 脊椎 側 保健食品 類醫材 藥品 15SimplyGood 嬰兒 推車 汽座護 頸 枕 蝴蝶 枕 推車 靠 日用 百貨類 嬰幼兒 用品 59789572684382 極彩 之家 8 保健食品 類美 肌纖體 15 外送費 20230208avw5zi4q 鮮食類 小菜 滷 味 5 外送費 20230208b7fy68j2 鮮食類 小菜 滷 味 5PGBOLD4D 立體 洗衣 膠球 袋裝 洗衣 球 洗衣 膠球 洗衣日 用百貨類 衣物 清潔 15 外送費 20230213sy0ogp6w 鮮食類 小菜 滷 味 5 外送費 20230211y0htley1 鮮食類 小菜 滷 味 5 外送費 20230211y8utizbd 鮮食類 小菜 滷 味 5 外送費 20230211yob5jowc 鮮食類 小菜 滷 味 5 外送費 20230211z0uq8amr 鮮食類 小菜 滷 味 5 外送費 20230213u1yqkzna 鮮食類 小菜 滷 味 5 外送費 20230209s1polxog 鮮食類 小菜 滷 味 5 外送費 20230208b7jn9zy6 鮮食類 小菜 滷 味 5 高慶泉 黑豆 蔭 油膏 480ml 民生 食材類 料理 調味 30 外送費 20230210z5ach9af 鮮食類 小菜 滷 味 5 外送費 20230210zm4yzz59 鮮食類 小菜 滷 味 5 外送費 20230210zy8z84ni 鮮食類 小菜 滷 味 5 蔥 溫玉 牛 丼 20221020z0bl05nj 鮮食 類米 飯類 5 唐揚親 子 丼 20221011r8pi1o90 鮮食 類米 飯類 5 蔥 溫玉 牛 丼 20221028c4wdfpvl 鮮食 類米 飯類 5 冰特選 美式 x220221001f7mwpdwc 咖啡 類現 做 咖啡 飲品 5 大嬸婆 香菇 芋頭 吉祥 飯 600g 盒單 筆訂 單下 單即 贈 一生 鮮 食品 類生鮮 水果 15 福吉茶 那堤 20221004b5ds9mkp 烘焙 甜點類 其他 甜食 5 福吉茶 那堤 20221019e7gndxaa 烘焙 甜點類 其他 甜食 5 福吉茶 那堤 20221020x7gxlijb 烘焙 甜點類 其他 甜食 5 狀元 肉燥 飯 便 當鮮 食類 米 飯類 5 皇家 經典 奶茶 飲料 類茶 飲 5 義美叉 燒包 6 粒 包鮮 食類 蒸箱 食品 5 烤 雞生 吐司 三明治 20221014i9ln3axp 鮮食類 三明治 5 烤 雞生 吐司 三明治 20221021jz2iz7hl 鮮食類 三明治 5 烤 雞生 吐司 三明治 20221027u6hhfy4e 鮮食類 三明治 5 烤 雞生 吐司 三明治 20221029b9gvtbw1 鮮食類 三明治 5 焦糖 瑪奇朵 20221004pnez86r3 烘焙 甜點類 其他 甜食 5 杜蕾斯 雙悅 愛潮 裝衛生 套 12 枚 保健食品 類醫材 藥品 5 野菜 一日 100 綜合 蔬果 汁 280ML 冷凍 食品 類冷凍 蔬菜 20 芳茲 日月 養生 滴 雞 精禮盒 50ml6 入 50ml6 入 保健食品 類 保健 養生 5 膳 農坊 台灣現 貨電子 發票 桃花 乾 桃花 桃花 茶 桃花 蕾 日用 百貨類 家庭 清潔 用品 5Darphin 朵法 全效 舒緩潔膚 乳 50ml 公司 貨 保健食品 類美 肌纖體 5 好厝邊 日本 牛乳 石鹼 COW 美肌 保濕 玻 尿酸 膠原 蛋白 保健食品 類美 肌纖體 60 嘗甜頭 附發票 萬聖 香橙 風味糖 200 公克 萬聖節 造型 萬聖點 心 零食 類 糖果 5 銅板價 ACE 軟糖 水果 軟糖 字母 軟糖 無糖 軟糖 48G 點心 零食 類 糖果 15 潔倍 3in1 草本 洗衣粉 極淨 45kg 愛買 日用 百貨類 洗衣 用具 5 貝印壽 司模 粗卷 鮮食 類米 飯類 5DailyBoost 日卜力 紅豆 拿 鐵 酥 烤 燕麥 200g 飲料類 沖 泡類 飲品 5 嘗甜頭 附發票 恐龍蛋 軟糖 215 公克 巨大 蛋黃哥 軟糖 QQ 點心 零食 類 糖果 5 富麗 米果 捲 花蓮棒 系列 3 種選擇 點心 零食 類餅 乾 5 依必朗 除菌 淨味 噴霧 陽光 棉柔 300ml 愛買 日用 百貨類 家庭 清潔 用品 15NaClotion 自然 感覺潤 滑液 360mlDIAMON 日用 百貨類 民生 紙品 5 糖鼎桂 圓紅棗 30g7 飲料類 沖 泡類 飲品 5 上 野物 產 醇香 剝皮 辣椒 猴頭菇 300g 土 10 包 2 冷凍 食品 類冷凍 蔬菜 5 滿額 免運 Apple 打薄 剪刀 CS187 日用 百貨類 家庭 清潔 洗劑 5 呈 選物 Aesop 芳香 室內 噴霧 塞 西拉 伊斯特 洛斯 俄勞 日用 百貨類 家庭 清潔 洗劑 5JPGO 日本 購特價 日本 進口 圓規組 附盒 顏色 隨機 出貨 日用 百貨類 家庭 清潔 用品 5 野田 實驗室 APOMAN 驅蟲 少年 驅蟲 居家 清潔組 4 入 日用 百貨類 家庭 清潔 洗劑 15 糖醋 魚柳 保健食品 類 保健 養生 30 特價 商品 日本 和 牛 2 生鮮 食品 類生鮮 水果 5 素蝦 片點心 零食 類餅 乾 10 保力 達 葡萄 C 錠片 保健食品 類 保健 養生 5 薔薇 派 招牌 紅豆 8 吋 冷藏 宅配 烘焙 甜點類 蛋糕 5 丸文 食品 海苔 肉 鬆 240g 冷凍 食品 類冷凍 海鮮 5 臍燭 1 對 2 支有 塞 有 海棉 采耳 工具 當歸生 薑 艾草 薰 衣 日用 百貨類 家庭 清潔 用品 60 歐客 佬 哥倫 比亞薇 拉產區 聖奧古 斯汀 水洗 咖啡豆 半 烘焙 甜點類 蛋糕 5 維力 炸醬 175g 罐 民生 食材類 罐頭 5PEJOY 百醇 巧克力 甜心 棒 39G 愛買 點心 零食 類 巧克力 5HareD 台灣出 貨貓 咪 造型 壓縮 海綿刷 木漿 綿 洗碗 擦 日用 百貨類 家庭 清潔 用品 10 海產 教父 台灣 手工 港式 一口 小 煎 包 50 粒 1400g1 點心 零食 類餅 乾 5 雙鋼 印愛民 醫用 口罩 成人 立體 口罩 未滅菌 台 灣 製 造 保健食品 類醫材 藥品 30 豬雞雙 寶 丼 飯 20221017e7augrwl 鮮食 類米 飯類 5 那堤 20221004diy6dcaa 烘焙 甜點類 其他 甜食 5 那堤 20221006m4uaxx0v 烘焙 甜點類 其他 甜食 5 專案 組飲料 類茶 飲 5 那堤 20221008e4qroecu 烘焙 甜點類 其他 甜食 5 那堤 20221025f4yfk1b8 烘焙 甜點類 其他 甜食 5 那堤 20221025o6dxxiiz 烘焙 甜點類 其他 甜食 5 外送費 20230211a1kn80q0 鮮食類 小菜 滷 味 5 外送費 20230211a2ir3hm2 鮮食類 小菜 滷 味 5 外送費 20230211a8ssnlee 鮮食類 小菜 滷 味 5 外送費 20230211b7dup5js 鮮食類 小菜 滷 味 5 理膚 寶水多 容安舒緩 保濕 修護 精華 20ml 扭轉 敏感 醫美 巴士 保健食品 類美 肌纖體 70 外送費 20230214s5cwb2zd 鮮食類 小菜 滷 味 5 外送費 20230214s6blp4hr 鮮食類 小菜 滷 味 5 外送費 20230227zuxjxobg 鮮食類 小菜 滷 味 5 外送費 20230228a1nxxhmi 鮮食類 小菜 滷 味 5 外送費 20230228a5seuekj 鮮食類 小菜 滷 味 5 無附 紙袋 奇哥 冬夏 兩用 純棉 透氣 洞洞 毯 70x90cm 日用 百貨類 嬰幼兒 用品 50 外送費 20230219x42dmqzi 鮮食類 小菜 滷 味 5 外送費 20230219x9hr9u9m 鮮食類 小菜 滷 味 5 順羽 囍 願 蛋 30 入 保健食品 類醫材 藥品 695 外送費 20230211y7cxw60s 鮮食類 小菜 滷 味 5 外送費 20230212ejgnhugw 鮮食類 小菜 滷 味 5 外送費 20230213d5yfztxf 鮮食類 小菜 滷 味 5 外送費 20230213e0dhwuxu 鮮食類 小菜 滷 味 5 寶蓮佛具 1 尺元 寶 春花 過年 插 香盧 配備 柳絲 金屬 水 鑽春 飲料 類茶 飲 50119 第 5 標韓國 順伊 奶奶 正宗 人 蔘 雞 一次 3 包再 送 1 包 保健食品 類醫材 藥品 15 外送費 20230206a0rymnhk 鮮食類 小菜 滷 味 5 信義農會 酵素 梅點心 零食 類堅果 5 藜 麥燒 肉 珍珠 堡 組合餐 20230212x52vl4w 鮮食 類米 飯類 5 藜 麥燒 肉 珍珠 堡 組合餐 20230225extl7y6 鮮食 類米 飯類 5 超級 大麥 燒肉 珍珠 堡 組合餐 20230210y4mil 鮮食類 關東 煮 5 外送費 20230210uhw7qx0f 鮮食類 小菜 滷 味 5 外送費 20230221f8hln4vk 鮮食類 小菜 滷 味 5 外送費 20230221f8jxo091 鮮食類 小菜 滷 味 5 梅山 農 阿里山 山葵 醬 100g 飲料 類茶 飲 5 番茄 乾小點 心 零食 類堅果 10 卓棍 魚生鮮 食品 類生 鮮海鮮 10 外送費 20230205vqy1raqp 鮮食類 小菜 滷 味 5 外送費 20230222fxcgsrm4 鮮食類 小菜 滷 味 5 外送費 20230222g09wexhp 鮮食類 小菜 滷 味 5 花蓮 剝皮 辣椒水 餃鮮 食類 小菜 滷 味 5ElleVire 水果 優格 綜合莓果 125gX4125g 烘焙 甜點類 其他 甜食 10 外送費 20230215xu3xmiis 鮮食類 小菜 滷 味 5 外送費 20230215z2xqz7uk 鮮食類 小菜 滷 味 5 外送費 20230215z6jm86cs 鮮食類 小菜 滷 味 5 外送費 20230216a2juhbvr 鮮食類 小菜 滷 味 5 外送費 20230216a9em4cgh 鮮食類 小菜 滷 味 5 短效 出清萊爾富 OK 免運 滿千送 贈品 NARUKO 牛 保健食品 類醫材 藥品 5OroBailen 皇嘉家級 特級 冷壓 初榨 橄欖油 100m 民生 食材類 料理 調味 65 蝦皮 分潤 計畫 儲值 推廣金 3549341202302 保健食品 類醫材 藥品 5 原味 蔥 抓餅 10 入 包香 Q 純 手工 抓餅 早餐 食材 DIY 美 烘焙 甜點類 其他 甜食 10 小馬 汽車 工坊 SKODAoctaviaMK4combi 日用 百貨類 汽機車 用品 類 5 原味 巡禮 岩燒 海苔 洋芋 捲 點心 零食 類餅 乾 50 外送費 20230228a0qdmhu5 鮮食類 小菜 滷 味 5 外送費 20230228b0srwyo9 鮮食類 小菜 滷 味 5 外送費 20230228b6gtzpd1 鮮食類 小菜 滷 味 5TurtleWax 龜牌 PRO 頂極 鋼圈 清潔 鐵粉 去除 劑 日用 百貨類 汽機車 用品 類 5 外送費 20230204wfmjqap2 鮮食類 小菜 滷 味 5 外送費 20230204wxuevx4s 鮮食類 小菜 滷 味 5413 嚴選 專利 GELITA 水解 膠原 蛋白粉 150g 維生 保健食品 類美 肌纖體 5 台灣現 貨免 運 抽取 式 一次性 洗 臉巾潔 面巾 卸妝巾 擦 手 日用 百貨類 民生 紙品 45RENZA 濾網 適用 群光 ECOMOAIMAC30 空 日用 百貨類 家庭 清潔 用品 50217 第 15 標 EX 角 鯊烯 複 方膠 囊 一盒 60 顆小組 保健食品 類美 肌纖體 5 外送費 20230227b5ybtv89 鮮食類 小菜 滷 味 5 統記 菠蘿蜜片 200 公克 烘焙 甜點類 蛋糕 20 雙象 地球 牌 糖水 水果 罐頭 糖水 荔枝 565g 點心 零食 類 糖果 5 一品 名煎餅 彰化 田中 人氣 煎餅 芝麻 口味 200g 蛋奶素 點心 零食 類餅 乾 80BeautyFansBF 磁力 暈染 眼影 刷 保健食品 類醫材 藥品 5 外送費 20230216u2roaryf 鮮食類 小菜 滷 味 5NAKAYA 日本 製 造 把手 式 收納 保鮮盒 650ML 日用 百貨類 餐廚 用品 10 紅 豆豆 漿 390ml 瓶豆 米 漿 植物 奶豆漿 5 威猛 先生 檸檬潔 廁劑 750 日用 百貨類 家庭 清潔 洗劑 5 紅燒 豬腳 215 民生 食材類 罐頭 25 農好 總匯 益生菌 5g30 條盒 保健食品 類 保健 養生 5 日東 紅茶 焙茶 歐蕾 112g 烘焙 甜點類 蛋糕 10 美式 花生 牛肉 堡 套餐 20221013y4hpwprf 鮮食 類漢堡 5 美式 花生 牛肉 堡 套餐 20221014e4pfe5e9 鮮食 類漢堡 5 松露 烤 雞 生義 大利 麵 20221003y3ufvavk 鮮食類 麵 食類 5 舒適 久 醫用 口罩 50 入 保健食品 類醫材 藥品 5PUREBURG 適用 於 Bissell 必勝 Crosswav 日用 百貨類 家庭 清潔 用品 10OP 有機 保鮮袋 小 日用 百貨類 家庭 清潔 用品 5 佳思捷 小美滋果 醬 瓶 250ml 點心 零食 類餅 乾 5 咖啡 牛奶 衣夾 10 入 乳品 類調 味 乳 5 船井 高成 長 關健 牛奶 鈣 魚膠 原粉 10 入 x9 盒 關鍵 成長 維生素 D 保健食品 類 保健 養生 5 小朋友 咖哩 20221001z5tw03fz 民生 食材類 罐頭 5 小朋友 咖哩 20221008j3vnkiz3 民生 食材類 罐頭 5 小朋友 咖哩 20221010v8wlhuuw 民生 食材類 罐頭 5 小朋友 咖哩 20221012f7ug0s6m 民生 食材類 罐頭 5 小朋友 咖哩 20221013a3wicptt 民生 食材類 罐頭 5 小朋友 咖哩 20221016z0qnemnj 民生 食材類 罐頭 5 小朋友 咖哩 20221025mmj2uef9 民生 食材類 罐頭 5 兩杯 小綠茶 都 用 飲料 飲料 類茶 飲 5 兩杯 飲料 去 冰 皆 使用 飲料 類運動 飲料 5 兩杯 飲料 都 去 冰,5
錫蘭紅 茶冰 20221001mbp0kirb,5
錫蘭紅 茶冰 20221004nmqrrhx7,5
錫蘭紅 茶冰 20221021p615hyy6,5
錫蘭紅 茶冰 20221025n3eaehgl,5
錫蘭紅 茶冰 20221029yo5xkf06,5
綠茶 去 冰 胡椒 6 包,5
90cc 試飲杯 試 喝杯 一條 50 入 空白 版 3oz 試飲杯,5
杯 請 附上 糖包 和 奶,5
週五 第二杯 半價,165
錫蘭紅 茶冰 20221024q4wpw8q4,5
錫蘭紅 茶冰 20221029vk1cmmvk,5
寄杯 兌換 檸檬 多多 大,5
思高白 茶 櫻花 乳液 200ml,5
65 元 糖果,25
四季春 歐蕾,50
山茶花 青蘋冷萃 大冰,325
植栽 79 元,115
限店 88 元,170
2 件 1199 元,2105
2 件 250 元,540
3 件 999 元,785
取餐 時 可樂要 去 冰,5
冰花 菜 85 元,10
綜合莓 果茶,925
2 件 6993 件 999 元,110
甲文青 芝士 檸檬塔 中南 區 商城 節活 動品,35
3 件 899 元,125
冷露 歐蕾,5
樂台 羽茶 不知 春 青茶 冰熱 一次性 塑膠杯 適用,2810
經典 水果 茶,185
酸菜 90 元,10
限店 開幕 199 元,15
香菜 30 元,20
P0380 花生 香豬 蛋華頌 四塊 雞塊 熱紅茶,10
外送 六人餐 20230126ojk6siob,5
經典 水果 茶 20230121cjjgr76m,5
小奶杯 不 鏽 鋼 小 奶 盅 蜂蜜 糖漿 小杯 量杯 喜奈 而,5
2 件 17995 件 4199 元,25
6 件 13290 元,25
Macro 果香 熱紅酒 香料,10
葡萄酒 949 元,5
GIANTmomentumiNeedEspresso,5
2 件 21003 件 2980 元,4080
2 件 20 元,25905
冰濃厚 黑糖 珍珠 撞奶 大,10
兌換 熱黑冠 軍拿鐵 5,5
青花菜 30,150
氮氣醇 濃抹 茶 大,215
特大 杯紅絲 絨燕麥 奶星 冰樂 20221209e1vn6,5
曼思 喵 喵 速乾 指彩紅 茶 牛奶,40
250 元 水果,10
特濃 牛奶 餅 10 元,5
新品 第二杯 半價,1550
林呂秀翎 牛奶 青江 菜 3,10
經典 水果 茶 20230208gcnx4lgl,5
菠菜 35 元,30
吊卡 65 元,75
限店 開幕 99 元,30
烏鳶 煉乳,5
禮 LINE300 元,20
大 冰台 灣蜜 香紅茶,35
經典 水果 茶 20230203nwi5mkho,5
580 元 商品,5
華歌爾滿 3800 折 380 元,10
錫蘭紅 茶冰 20221109d4b203jy,5
2 件 17993 件 2650 元,355
P0381 火腿 培根 蛋華頌 四塊 雞塊 熱紅茶,10
228 元,40
谷易 40 元 商品,5
2 件 318 元,1300
2 件 39 元,4685
情熱 価 格 梅子 粥,25
蔬果 110 元,25
奶油 5 個,10
三 多 全脂 純 奶粉 1350g 罐,5
3 件 5700 元,80
小醇 茶香 香辣 醬 130g,5
蔥 30 元,40
210 元餐,30
2 件 209 元,475
甜麥 30 元,5
特大 杯紅絲 絨燕麥 奶星 冰樂 20221207f0av6,5
特大 杯紅絲 絨燕麥 奶星 冰樂 20221207n1f8y,5
會員獨 享禮 超值 華堡餐,5
植栽 299 元,5
綜合莓果 熱茶 M 熱 20221217f5qjwz,5
青花菜 心 30 元,5
綜合莓果 熱茶 M 熱 20230303f5qjkb,5
蘋果 冰茶 20221223a7gtvv19,5
紅 茶花 傳 太妃糖 風,5
珍珠 薩蘭紅茶 鮮奶 M,5
黑糖 奶酪 20230211krzuwi8v,5
507 幸運草 測杯,10
元華 香辣 花生 300g,30
2 件 145 元,2150
黑糖 奶酪 20221209v9mo8xaj,5
2 件 55 元,170
青埔二街 175 號 8 樓,5
399 元 茶漬皿,15
3 杯紅茶 去 冰,5
9789869415545 冷熱 都 可以 燜燒,10
2 件 688 元,5435
2 件 28003 件 4050 元,15
2 件 2850 元,530
開元路 148 巷 1721,5
2 件 360 元,11940
新春 刮刮卡 9 折,15
480 元,15
可爾 必思 20230226f5ze6wpg,5
新鮮 冰牛奶,100
3 件 222 元,375
榛果 可可 奶酥 醬,5
胡椒 鹽紅茶 那杯 要,5
青花 筍 60,5
開元路 507 號 21 樓,5
燒 仙草 粉採 關西 仙草 粉 可 製 作 仙草 凍燒 仙草,10
可換 無糖 綠去 冰 一杯,5
仙草 鮮奶,5
2 件 289 元,755
2 件 1998 元,1950
2 件 35 元,3705
21 糙米 咖熱,10
黑糖 奶酪 20230205x0rgmdug,5
芙香蘋 果茶 熱,70
糖果 10 元,230
2 件 2980 元,95
10 元老 仙楂片 30g,5
草莓 歐蕾,155
3 件 3540 元,235
蔬果 75 元,25
熱頂級 烏瓦紅 茶,5
紅鳳菜 35 元,25
洗車 30 元,15
經典 水果 茶冰 20230118nspu5ziz,5
黑糖 玉蘭 花香 拿鐵熱,35
N011517741Naturehike20L 繽,5
蜜桃 柚子 冰茶,5
2 件 1480 元,30
外送 六人餐 20230126exotet9x,5
青 花椰菜 55 元,5
明治 Meltykiss 焦糖 奶,15
熱紅茶 7,5
摩斯 漢堡 C509 藜 麥 海洋 珍珠 堡 冰紅茶 L,60
23393 開學 42 折外 送,600
4988342127929HIGHTIDEPenco 繽,15
2 入 18403 入 2685 元,14770
2 件 9004 件 1760 元,1155
歐可茶 葉冷 泡茶 四季春 青茶 30 包盒,5
P239 咖哩 薯紅茶,15
65 元 蔬果,10
3 杯 七喜 去 冰 1 杯,5
情熱 飲 沙漠 加 蜂蜜 蘋果,45
錫蘭紅 茶冰 20221101d4b2oc0t,5
港香蘭 舒眠 熱飲 6g12 包 公司 貨 202509 愛美 生活,10
限定 9 元,390
戶外定 點取 餐京悅,5
杯裝 焙茶 麥麥 霜淇淋,52265
可樂去 冰紅茶 去 冰,5
隨買 循環杯 借杯,65
推 仙草 蜜 330g24,50
錫蘭紅 茶 凍 封,15
青花菜 35,50
2 件 1688 元,205
是熱 的 1900 取,5
四季春 焙火冰,45
純色 PureSexy 一粒 杯,5
餐盒 100 元,25
4543945037541 和 藍美 濃燒 茶,5
四季 水果 果茶,20
A 送 中薯 買 香雞大麥,170
葡萄酒 1399 元,10
22 元 糖果,285
0 包飲料 去 冰,5
9789864084302Herbs 香草 茶 飲 應用,15
菠菜 50 元,30
3 件 1399 元,360
桃酥 30 元,5
青江 菜 30 元,15
4988342249232HIGHTIDEPenco 繽,5
摩斯 熱紅茶 20221219f1sj8s8n,5
P 點蕎 麥茶 H,15
特大 杯紅絲 絨燕麥 奶星 冰樂 20221209m1zu5,5
2 件 165 元,465
特大 杯紅絲 絨燕麥 奶星 冰樂 20221208m1oo5,5
2 件 30 元,14475
2 件 16903 件 2465 元,85
2 件 435 元,2445
2 件 698 元,230
岩涼 手作 四季青 茶冷熱,140
TEDDREO 全純 銀 奶油 螺旋 麵 包耳圈 金銀 現貨,5
2 件 2699 元,15
10 元,80
冰檸蜜,5
0 元促 BH 杯 綠,20
波爾茶 葡萄柚 580,5
里 仙草 蜜,15
Bikkle 水果 歐蕾,5
青花 筍 60 元,35
228 元 切花,10
紅 茶花 傳紅茶,20
220 元湯 吞 茶器,10
2 件 138 元,15
49 元 茶漬皿,5
扣選擇 取餐 可 操作 P,5
2 件 240 元,14700
現貨免 運 韓國 Nutridday 奶昔 杯 nutr,5
2 件 1299 元,210
全盈 大冰醇 黑厚 可可 飲,340
萊 D 仙草 蜜 24,15
蔥 40 元,20
2 入 55 元,200
2 件 509 元,5
限店 50 元,10
2 件 379 元,420
開元路 507 號 13 樓,5
台畜 熱狗 900G,105
希醬 居家 雜貨 舖 附發票 玻璃 高腳 果汁 杯 奶昔 杯 牛奶 杯,15
宜睿 起司 季午 茶組 268 元,20
花椰菜 60 元,5
500 元餐 飲 抵用券,10
免運現 貨台灣 水果 茶茶 磚 夏日 人氣款 果茶 百香果 茶 磚鳳梨茶,10
椒 鹽 綠茶 少冰,5
44 元,20
蜜意 坊 EMBARE 牛奶糖 熱情,10
日式 蕎麥 沾 麵 區,55
2 件 750 元,2120
熱桂香金 萱 茶 歐蕾,2655
經典 水果 茶 20230404wh0zdvp1,5
Pickwick 草莓 水果 茶 30G,10
莧菜 35 元,5
2 件 295 元,2705
拾壹號 花生 仙草 酷繽沙,55
2 件 579 元,340
Katjes 熱帶 水果,50
35 元 蔬果,15
歡樂 第 2 杯半價,375
植栽 59 元,5
特大 熱燕麥 奶紅茶,1180
蒜 50 元,5
青椒 55,5
2 件 268 元,1735
2 件 488 元,7790
3 件 1988 元,90
餐點 熱度,5
2 件 398 元,3595
谷易 80 元 商品,10
70 元 茶漬皿,10
光泉 杯奶,5
一杯 檸檬紅去 冰其,5
2 件 639 元,390
農心 水蜜桃 冰紅茶,35
RazerPIN1000 元,10
2 件 75 元,25
熱桂香金 萱 茶,3690
送大熱 特濃 美式 外送,60
2 件 2099 元,395
00 元,5
冰 草莓 醇 濃抹 茶 大,14650
2 件 1098 元,390
洗車 350 元,10
情熱 価 格越 光米 白粥,25
冰茉奶 珍珠 20230303f2jkhhwh,5
酷冰 Frozone 兌換券,25
葡萄酒 2199 元,5
HIL 奶香 青醬 蛤,1840
5 元,30
熱紅酒 香料 包,5
第二杯 半價 綠茶,15
退熱 貼兒 童用,445
2 件 2156 元,2175
2 件 258 元,6740
2 件 313 元,5
韓式 香柚 冰茶,5
易牙居奶 皇流 沙包,50
11 取餐 北嶺 71,5
2 件 169 元,405
開工 小 確幸 11 冰拉茶 買 一送,5
勞動莓果 冰茶 二杯 120,100
福壽 青果 多酚 調和油 2L,15
2 件 50 元,1305
蔬果 85 元,15
加 5 元,5
送 錯過 餐點 外 送 前,5
2 件 98 元,3045
3 件 1200 元,55
黑糖 奶酪 20230222l0bn6coq,5
燒醬 多小熱奶 幫 我,5
熱 宇治 玉露 抹 茶,80
代銷醇 黑厚 可可 飲大冰 中熱,965
植栽 199 元,20
杯 冰蜜香 玫瑰 茶歐,5
冰桂香金 萱 茶 歐蕾,4540
SUN 阿華師 茶業 香菇 紅 茶茶 葉 蛋 滷 包 56g 包,15
折 20 元,430
披薩 130 元,5
區檸檬松阪豬 餐盒,55
青蔥 50 元,5
2 件 269 元,7440
2 件 262 元,690
2 件 159 元,365
熱老 薑 檸檬茶 小杯,5
深培 黑豆 茶熱,135
4710484502711Sugarbunnies 蜜糖,5
情熱 価 格中 濃醬,15
3 件 1750 元,780
團 料理 鮮 奶油,5
冰紅茶 請 去 冰 謝謝,5
205 元,15
墾丁 冰茶 20230412klaod2m0,5
青蔥 60 元,15
香蔥 30 元,10
蒜苗 45 元,5
黑蛋奶,5
禮 PSN1000 元,25
2 件 1995 件 449 元,65
2 入 1980 元,50
熱紅 茶用 環保杯裝,5
自選料 黑糖 冰 20230404y3iofy3c,5
靜岡抹 茶燕麥 奶大熱,5
tghCOMEBUY 蘋果 冰茶 冰棒 320g4 入裝,310
仙草 茶 仙草 蜜,5
2 件 759 元,65
石二鍋 檸檬冰沙 300g,25
一顆 檸檬紅茶 熱大,10
玄米 油切 綠茶 優惠價 149 元,5
2 件 1380 元,65
黑糖 奶酪 20230311g9bsn4h5,5
蘋果梅 果茶,5
自備 環保杯 裝熱紅 茶,5
整 B0405HiL49 元,25
熱紅茶 自備 環保杯,5
2 件 125 元,2435
拉亞漢堡 麥香 雞漢堡 大杯 蘋 果茶 冰熱,100
黑糖 奶 舖,5
黑糖 奶酪 20230411m3sc5iz9,5
109 元,10
您好 熱紅 茶煩 請 附,5
熱 水杯 加熱杯燒 水杯 大容量 500ml 可 煮 水沸 騰 31,5
附 餐巾 紙飲料 去 冰,15
惜食 0 元 商品,5
熱 草莓 烏龍 茶,5
餐具 碗 3 元,10
川紅紅 茶 跟 Beer 熱,5
黑糖 奶酪 20230221s3uat9n6,5
柚 蔘 熱熱 喝,15
甲文青 特等 文 青茶 M 中南 區蝦 皮 限定 活動品,440
奶油 雕燒 9 折,35
6 件 249 元,50
胡椒粉 4 包飲料 2 杯,5
蕉個 芒果 酷繽沙,6485
冰桂香金 萱 茶,8610
紙飲料 去 冰自備 杯,30
2 件 18803 件 2799 元,5
冰紅茶 請 去 冰 謝謝,5
3 件 139 元,765
洗車 25 元 折抵,55
0 元促 BH 杯杏,20
團漢碩 青梅 果凍 10 杯,85
DOTERRA 美商 樂活 15ml 買 一送 一,5
2 件 320 元,910
義美 黑糖 珍珠 紅豆冰,45
黑糖 奶酪 20230419g9bsuzus,5
2 件 192 元,10
麻煩 冰綠茶 去 冰謝,5
可爾 必思 20230325z4rtlxcs,5
LOTTE 青 葡萄糖 153g,10
青椒 60 元,5
榛果 拿 鐵外,10
四季 奶青 20230322e0bm0o6a,5
台北 君悅 酒店 Cheers,20
經典 水果 茶 20230214bpka9gui,5
2 件 459 元,640
2 件 1278 元,430
2 入 79 元,235
60 元 蔬果,5
熱紅茶 不要 泡熱水,5
經典 水果 茶 20230430nmqrr94p,5
2 杯紅茶 都 去 冰謝,5
整 B0405Extra45 元,5
2 盒 699 元,3060
傳統 特級 冰糖 600g,10
黑糖 奶酪 20230303h3zh80pu,5
熱 咖啡 M 第二杯 半價,20
熱 金桔 果粒 茶,5
仙草 茶 360 杯,30
白 花椰菜 80 元,5
綜合莓果 熱茶 M 熱 20230301y1sjh6,5
餐點 送 至 外 送區 青,5
70 元 蔬果,10
青醬 燻 雞 MINI 披薩 230420,2920
2 件 340 元,740
七喜 汽水 少冰 熱紅,5
2 件 297 元,1035
M 焙司 特純 奶酥 220g,10
9789862624371 台灣 傳統 青草 茶植,5
CLIVEN 香草 森林 茶樹 苦木 桃子 蘋果 去頭 臭 專用 洗,5
青蔥 30 元,20
2 件 638 元,5
找 515 元,5
4988342249201HIGHTIDEPenco 繽,5
果 可以 換熱紅 茶 請,5
JB 熱台灣 蜜香紅 茶,5
長 青 香油 217,10
預收 0308 光泉 杯奶,35
經典 水果 茶 20230306rui6ii1i,5
內用 取餐 謝謝,5
水果 彩椒 100 元,5
珍珠 客情 取杯 專用,5
山茶花 青蘋冷萃 大冰百貨,25
KD 黑糖 珍奶 蛋 撻 k,245
椒 包 和 紙杯 謝謝,5
烤堡 醬 少紅茶 去 冰,5
椒 麻茶 爽餐 不要 美奶,5
2 件 190 元,365
SKY 義式 餐具 咖啡 匙 餐匙 餐叉 中 餐匙 攪拌 匙 牛奶,5
業務用 可爾 必思 1500ml 乳酸菌 發酵 乳飯店 餐廳,5
仙桃 40 元,10
仙草 蜜 130 元,5
台灣雙 囍 紅 冰糖 500g 滿 99 元出 貨元 生雜 糧,5
糖果 129 元,5
綠茶 去 冰 不用 番茄,5
洗車 180 元,5
奶油 7 個,5
莧菜 40 元,5
整 B0405HiL45 元,30
甘蔗 四季青 茶,5
勞動 節莓果 熱茶 二杯 90,5
9789866735141 奶奶 來 了,5
弱 青花 烤炸 分享 餐,95
Aykasa 土耳其 折疊籃 M 香蕉 奶昔,5
加 10 送冰紅 茶,10
玄米 抹 茶 紅豆 酷繽沙,16895
Aykasa 土耳其 折疊籃 S 香蕉 奶昔,10
華歌爾 正品 滿 5000 折 600 元,10
2 件 229 元,415
2 件 1160 元,30
碗 豆苗 60 元,10
130 元 水果,60
2 件 180 元,1470
拉亞漢堡 烙 烤 雞 腿 漢堡 大杯 蘋 果茶 冰熱,70
開元路 523 號 16 樓,5
2 件 18803 件 2799 元,110
黑糖 螺旋 冰 捲 6 入,20
P278 冰紅茶,245
情熱 價格 調味 海蘊 三杯 醋 退冰 即食,25
新光 牌萬 用 滷 包 10 入 一包 150 元 單粒 16 元 茶,5
青花菜 29,5
葡萄酒 280 元,10
2 件 1198 元,150
E050037402Herbs 香草 茶 飲 應用 百,5
第二杯 半價紅 茶,30
普發現 金冰 黑糖 珍珠 撞奶,5
2 件 33 元,645
鐵觀音 珍珠 歐蕾,10
青椒 40,5
知多紅 茶梅 酒,95
台灣 高山 茶包 清香味 冷熱泡 皆宜 上 青茶 業,5
萊 D 仙草 蜜 330g24,5
七喜 去 冰熱紅 茶給,5
外送 六人餐 20230108z9vqjr2g,5
CITYCAFE 虛擬 提貨卡 中杯 美式 或 四季春 青茶 或 經典紅,50
青 花椰菜 40 元,5
3 杯紅茶 去 冰要 棒 腿,5
外送 六人餐 20230121y1oz42ux,5
台熱牌 TISH300TISH305TISH305N,5
四季青 茶,5
青梅 s,10
便當 110 元,20
外送 六人餐 20230429jesyqk5r,5
TEEKANNE 莓果 特調 茶,5
中埜紅 茶梅 酒,25
優傳統 特級 冰糖 400g,5
洗 餐具 謝謝,5
冰花 菜 40 元,5
用心 核桃 奶 200ml,5
黑糖 奶酪 20230413ms0ulylb,5
日樹鹽 可頌,10
杯裝 棉被 四季 金萱 霜淇淋,33555
茶 月 招牌 福袋 160g,5
元大 182048,15
經典 水果 茶 20230413rui69p2c,5
綠茶 去 冰 番茄 醬包,5
VIP200 元,5
洗車 500 元,10
百事 可樂 1 杯 去 冰,5
PRINCESS 荷蘭 公主 243000 自動 冷熱奶 泡壺 奶,5
綠 豆芽 32 元,10
青 花椰菜 60 元,5
拉亞漢堡 XL 卡 啦 炸雞 湯種 吐司 大杯 蘋 果茶 冰熱,40
結頭 菜 35 元,5
第二杯 半價奶 烏,15
i 日式 抹 茶 歐蕾,5
葡萄酒 3300 元,5
預整 B 濃 美式 15 杯,20
番薯 先生 現貨 BaeCare 減擔 奶昔 代餐 代餐 奶昔,15
青蔥 30 元,15
酡 顏紅茶,5
2 件 4993 件 699 元,5
櫛瓜 70 元,5
情熱 価 格 料酒,10
新品 第 2 杯半價,580
劉丁旺 四季豆 30 元,5
蔬果 95 元,10
檸檬 烏龍 第二杯 半價,60
RazerPIN2000 元,5
可爾 必思 20230103a6zjcy04,5
拉亞漢堡 XL 辣醬 炸 雞漢堡 大杯 蘋 果茶 冰熱,25
梧堂 仙草 茶,5
南非 國寶青 檸茶 冰 20221024n3eaob0,5
錫蘭紅 茶冰 20221024p6159bp9,5
熱紅茶 不要 泡給 茶,5
兩杯 綠茶 和 一杯 可樂,5
註 綠 茶 去 冰,5
復 刻紅茶 20221014d8zpvg9j,5
酸菜 85 元,10
谷易 60 元 商品,5
檸檬紅茶 中杯,5
戶外 定點 取餐 茶湯,5
fuzetea 飛想 茶 檸檬紅茶 寶特瓶 580mlx4,15
仙草 水 粄 24 元,5
茉莉 茶園 柚 茶脆,5
青椒 35,5
黑糖 奶酪 20230107j9raxclw,5
SAVVY 莎薇 AirCool 好素 配冰涼 DE 罩杯 內,5
去 冰熱紅 茶 不用 加,5
杯 5 元,10
牛頭 沙茶 醬 1 斤 737g,5
綠茶 2 杯 都 去 冰餐,5
櫻花試 飲杯,5
南非 國寶青 檸茶 冰 20221022ne2cm4e,5
黑糖 奶酪 20230314yuvu26so,5
元大 382050,10
葡萄酒 449 元,5
奈膜 150 元,20
外送 六人餐 20230315ojk6rkxt,5
杯紅茶 去 冰蛋 撻,5
電子 發票 免運 BaeCare 減擔 奶昔 可可 奶昔 代餐 奶,15
2 杯紅茶 請 去 冰手 拿,5
太陽 溏 阿華師 茶業 臺 灣 茉莉 青茶 2022 新品 上市,5
2 杯 綠 茶 都 去 冰,5
可樂少 冰紅茶 去 冰,5
可樂少 冰綠茶 去 冰,5
把 可樂換 成紅茶 去 冰,5
蓮 藕 110 元,10
綠茶 去 冰 胡椒 番茄,5
綜合莓果 熱茶 M 熱 20230101y7vtbm,5
宜睿測 試券,30
厚焙奶 烏熱大 加料,5
風味 水果 茶,5
汽水 去 冰多 2 個奶,5
M 買日東 抹 茶 歐蕾,5
黑糖 奶酪 20230111sjb9jnhf,5
冷飲 綠茶 去 冰,5
RazerPIN500 元,5
熱老 薑 茶 小杯 20230107f2jkwlr2,5
味調 小屋 奶酥 醬 268g,5
黑糖 奶酪 20230124s6mwkjll,5
粿 150 元,5
1 杯 綠 茶 去 冰 1 杯,5
檸檬紅茶 微冰 一,5
鐵觀音 珍珠 歐蕾 20221014hcvfl9om,5
院可樂少 冰紅茶,5
青江 菜 35 元,5
葡萄酒 3800 元,5
220 元 茶漬皿,5
茶 另外 裝,5
可樂去 冰紅茶 一杯,5
冰 檸檬紅茶 微冰紙 巾,5
可樂 一杯 去 冰紙 包,5
可樂去 冰綠茶 少冰,5
綠茶 去 冰可樂 微冰,5
大杯 冰豆漿,5
4902805353557MIDORI3 層資料夾 A4 吐司,5
外送,5
外送 六人餐 20230108glbirhqt,5
可爾 必思 20230121f5zeytl3,5
植栽 999 元,5
3 杯紅茶 請 去 冰蛋,5
盡量 熱熱 的 不要,5
可樂少 冰紅茶 去 冰,5
買 一送 一 THEMUGLE 韓式 湯品,10
錫蘭紅 茶冰 20221015tae7aal5,5
檸檬紅茶 兩杯 要 去,5
甲文青 芝士 檸檬塔 北區 商城 節活 動品,10
杯 選項,5
蔬果 片新,10
摩斯 熱紅茶 20230309y4sxm4l2,5
檸檬紅茶 麻煩 去 冰 可,5
熱紅茶 拿 鐵中杯 BlackTeaLattehot,5
切土 雞 480 元,5
經典 水果 茶 20230123nmqrztqx,5
摩斯 熱紅茶 20230330f7uz88uo,5
川中梅 茶梅,10
噯 仙元 氣湯,5
萊 1DJB 青 葡萄 10,5
現萃 茶客 情取 杯 專用,5
大冰鳳 梨 蘋果 果粒 茶,5
2 杯紅茶 都 要 去 冰,5
舞味本 舖 黑糖 漿 沖 繩 黑糖 漿 黑糖 本 舖 垣 乃花 黑糖 漿 250,5
2 件 15133 件 2145 元,65
坂元 黑醋 360mL,5
英國 百年 茶 莊紅茶 冰沙 20221001hwiyt2a,5
代收 代付 午茶 夫人 蜜桃 烏龍 茶 8 入袋 可 冷泡 水果 茶,10
雙十第 2 杯半價,630
要 5 組 餐具 熱紅茶,5
元 一杯,5
樂台 羽茶 不知 春 青茶 冰熱環 保杯 適用,1555
黑石 醇奶,5
青花菜 60 元,5
要 免洗餐具 辣椒 包,5
醬 2 包飲料 去 冰封,5
買 一送 一 980 元,10
4543945016966 和 藍美 濃燒 茶,5
餐點 改內用 二杯 飲,5
綠茶 全部 去 冰青 花椒,5
蔬果 180 元,10
2 件 290 元,525
生活 冰 咖啡 24 入,5
山茶花 青蘋冷萃 中冰百貨,10
您好 熱紅茶 附茶 包,5
汽水 少冰 自備 外 帶杯,5
可爾 必思 20230320z4jw5bcy,5
預整 B 濃拿鐵 99 杯,5
