item_name,item
海岩 青茶 冰大,4475
大熱 台灣 青茶,525
阿里山 蜜柚 烏龍 青茶 20220914v6rx608r,5
一顆 檸檬 青茶,25
週 甘蔗 青茶,225
阿里山 蜜柚 烏龍 青茶 20220911b3dmzw09,5
阿里山 蜜柚 烏龍 青茶 20220924b7mgqlmf,5
文山 青茶 20220920z5cri3ef,5
阿里山 蜜柚 烏龍 青茶 20220929l7dd4b0b,5
特大 接骨木 青茶,320
大 冰台 灣 青茶,200
甘蔗 青茶 冰大,10
阿里山 蜜柚 烏龍 青茶 20220916e5bdc2dk,5
高山 烏龍 青茶 雪糕,140
海岩 青茶 冰中,1375
阿里山 蜜柚 烏龍 青茶 20220926y1aldqt2,5
阿里山 蜜柚 烏龍 青茶 20220908b7mgrghc,5
阿里山 蜜柚 烏龍 青茶 20220927x5tfgnzr,5
雙 Q 青茶,5
鬍 子 茶 雪 芽 青茶,5
阿里山 蜜柚 烏龍 青茶 20220907u4epd7sm,5
四季春 青茶,568920
阿里山 蜜柚 烏龍 青茶 20220904s9tgyjdy,5
高山 青茶 冰大,3800
青茶,70
青茶 奶蓋,330
阿里山 蜜柚 烏龍 青茶 20220901q2yjy5cc,5
阿里山 蜜柚 烏龍 青茶 20220909e4jpgbuh,5
阿里山 蜜柚 烏龍 青茶 20220910x2bdwaqm,5
L 檸檬 青茶,195
阿里山 蜜柚 烏龍 青茶 20221021k2blx24u,5
四季 翠玉 青茶 20220902u58xug10,5
阿里山 蜜柚 烏龍 青茶 20220922swhmyxxw,5
冬瓜 青茶,15
阿里山 蜜柚 烏龍 青茶 20220902f0qbv0w5,5
阿里山 蜜柚 烏龍 青茶 20220906r7eltzhp,5
阿里山 蜜柚 烏龍 青茶 20220910f7uakcpf,5
阿里山 蜜柚 烏龍 青茶 20220921y1ijqjyt,5
檸檬 青茶 1y,10
阿里山 蜜柚 烏龍 青茶 20220904k67obbj4,5
阿里山 蜜柚 烏龍 青茶 20220905swhm6pd4,5
阿里山 蜜柚 烏龍 青茶 20220908p3rit1ae,5
阿里山 蜜柚 烏龍 青茶 20220908p6ffb4cv,5
阿里山 蜜柚 烏龍 青茶 20220910h1usgse2,5
阿里山 蜜柚 烏龍 青茶 20220915n3rttuvi,5
阿里山 蜜柚 烏龍 青茶 20221001k0ef52cd,5
阿里山 蜜柚 烏龍 青茶 20221007i9ln1cxj,5
阿里山 蜜柚 烏龍 青茶 20221010s4ps69w6,5
阿里山 蜜柚 烏龍 青茶 20220914f4yfb3o1,5
白 甘蔗 青茶 SugarCaneLightOolong,5
阿里山 蜜柚 烏龍 青茶 20220919n4reiow0,5
四季 翠玉 青茶 20220927vk1cj02g,5
大 杯 海岩 紅綠 青茶 折 10 元,345
阿里山 蜜柚 烏龍 青茶 20220920f7ua7d6b,5
阿里山 蜜柚 烏龍 青茶 20220923c9gae63i,5
四季 翠玉 青茶 20220913bpkashru,5
冰 甜橙 青茶 L,40
甲文 青茶 飲 JIAWENCING 兌換券,385
甘蔗 青茶 20220924giu580vj,5
鮮奶 青茶 微糖 去 冰,15
阿里山 蜜柚 烏龍 青茶 20220905n3rt14ny,5
冰 四季春 青茶,205
鮮奶 青茶 微糖 少冰,5
阿里山 蜜柚 烏龍 青茶 20220904a2xxa167,5
阿里山 蜜柚 烏龍 青茶 20220911n8cuzve8,5
阿里山 蜜柚 烏龍 青茶 20220910u6gcoqfn,5
阿里山 蜜柚 烏龍 青茶 20220912m4jr7bvl,5
阿里山 蜜柚 烏龍 青茶 20220914h1usdv12,5
柚香 青茶 熱中,60
海岩 青茶 熱大,75
阿里山 蜜柚 烏龍 青茶 20220906e0jnrs2n,5
鮮奶 青茶 微糖 微冰,5
青茶 正常 冰,10
阿里山 蜜柚 烏龍 青茶 20221030tl73jqoi,5
鮮奶 青茶 牛奶 一半 2,5
阿里山 蜜柚 烏龍 青茶 20220916g6xgf9op,5
阿里山 蜜柚 烏龍 青茶 20220923n3rt9hpy,5
阿里山 蜜柚 烏龍 青茶 20220903c0tjidil,5
阿里山 蜜柚 烏龍 青茶 20220903k7vn0iao,5
阿里山 蜜柚 烏龍 青茶 20220912o9hhdgpe,5
阿里山 蜜柚 烏龍 青茶 20221012c4fqw9yh,5
阿里山 蜜柚 烏龍 青茶 20221028f1sqe4wv,5
阿里山 蜜柚 烏龍 青茶 20221029tl73hicm,5
冬瓜 青茶 20220924p2rdzft0,5
阿里山 蜜柚 烏龍 青茶 20221024s9mrzeef,5
金品 四季春 青茶,75
鮮奶 青茶,15
阿里山 蜜柚 烏龍 青茶 20220903e6vfc1vo,5
L 玫瑰 青茶,15
甘蔗 青茶,45
M 檸檬 青茶,60
甘蔗 青茶 固,610
阿里山 蜜柚 烏龍 青茶 20221007t0swz8gg,5
阿里山 蜜柚 烏龍 青茶 20221012p3ric2xa,5
中杯 美式 或 四季春 青茶,6480
文山 青茶,190
TEAMTE 四季春 青茶 300g 青茶 中發酵,5
鮮奶 青茶 半糖 微冰,5
大 杯 伯爵 凍 焙 青茶 買 一送 一,25
青茶 半糖熱 1y,5
阿里山 蜜柚 烏龍 青茶 20221028r7elfx8y,5
青茶 半糖 少冰,15
梅子 青茶 海大,5
阿里山 蜜柚 烏龍 青茶 20221006e5kmo9y8,5
阿里山 蜜柚 烏龍 青茶 20221013a2xxophw,5
熱 甜橙 青茶 M,5
四 四季 翠玉 青茶 大熱,4155
青茶 半糖熱 6w,5
椰果 青茶,10
冬瓜 青茶 WhiteGourdLightOolong,5
鮮奶 青茶 熱杯 半糖,5
青茶 半糖 少冰 y03,5
甘蔗 青茶 20221002d1gl5h9f,5
點加 價購 芭樂 檸檬 青茶,270
青茶 微糖熱 y03,5
桂花 青茶,95
鮮奶 青茶 無糖熱 11w,5
紅心 芭樂 青茶,5
冰 珍珠 四季春 青茶,10
青茶 半糖 少冰 10y,5
阿里山 蜜柚 烏龍 青茶 20221014r5cruhah,5
金萱 青茶,155
甲文青 特等 文 青茶 M 北區 蝦 皮 限定 活動品,130
青茶 微糖 去 冰 W7,5
淺 焙 青茶 冰大 加料,5
青茶 微糖熱,10
蔗香 青茶,5
生活 冰 青茶 550m,10
青茶 微糖 去 冰,10
第二杯 半價 青茶,20
青茶 微糖 去 冰 w5,5
一把 青茶 TurquoiseTea,5
阿里山 蜜柚 烏龍 青茶 20221013k2wysh44,5
APP 寄杯 兌換 海岩 青茶 大,5
統一 青茶 茶 600ml,5
淺 焙 青茶 熱大 加料,5
甘蔗 青茶 20221005b8cipiw0,5
阿里山 蜜柚 烏龍 青茶 20221015x2bdfiuf,5
阿里山 蜜柚 烏龍 青茶 20221020h1usmxie,5
四季春 青茶 20221004e8aeq2ti,5
阿里山 蜜柚 烏龍 青茶 20221031b9vy37ky,5
小春 青茶,5
芒果 青茶,10
青茶 半糖 少冰 3,5
青茶 正常 冰 y8,5
阿里山 蜜柚 烏龍 青茶 20221008a4pfo1ob,5
甘蔗 青茶 20230101giu5sg6s,5
青茶 微糖 少冰,5
鮮奶 青茶 無糖 少冰,10
阿里山 蜜柚 烏龍 青茶 20221028j8asvybu,5
阿里山 蜜柚 烏龍 青茶 20221020e0jnn7zr,5
