item_name,item
特大 杯 熱紅絲 絨燕麥奶 那堤 20221212f1dga,5
特大 杯 熱紅絲 絨燕麥奶 那堤 20221211b9gvt,5
特大 杯 熱紅絲 絨燕麥奶 那堤 20221210f1dgq,5
特大 杯 熱紅絲 絨燕麥奶 那堤 20221207y1alg,5
特大 杯 熱紅絲 絨燕麥奶 那堤 20221208b7mgz,5
特大 杯 熱紅絲 絨燕麥奶 那堤 20221208bwoal,5
特大 杯 熱紅絲 絨燕麥奶 那堤 20221208k9xwv,5
特大 杯 熱紅絲 絨燕麥奶 那堤 20221212t3akh,5
特大 杯 熱紅絲 絨燕麥奶 那堤,380
特大 杯 熱紅絲 絨燕麥奶 那堤 20221213h5fkz,5
特大 杯 熱紅絲 絨燕麥奶 那堤 20221213v6jon,5
特大 杯 熱紅絲 絨燕麥奶 那堤 20221209q4yta,5
特大 杯 熱紅絲 絨燕麥奶 那堤 20221211c9gab,5
特大 杯 熱紅絲 絨燕麥奶 那堤 20221209f2ano,5
特大 杯 熱紅絲 絨燕麥奶 那堤 20221210e1vnn,5
抹 茶 那堤 V 杯,41400
特大 杯 熱紅絲 絨燕麥奶 那堤 20221209m3vpw,5
特大 杯 熱紅絲 絨燕麥奶 那堤 20221212gptq2,5
特大 杯 熱紅絲 絨燕麥奶 那堤 20221211t1kcw,5
特大 杯 熱紅絲 絨燕麥奶 那堤 20221207a4pfn,5
特大 杯 熱紅絲 絨燕麥奶 那堤 20221210n4qp7,5
特大 杯 熱紅絲 絨燕麥奶 那堤 20221211a4pfp,5
特大 杯 熱紅絲 絨燕麥奶 那堤 20221213u7axw,5
特大 杯 熱紅絲 絨燕麥奶 那堤 20221211f3nos,5
特大 杯 熱紅絲 絨燕麥奶 那堤 20221207b7qq2,5
特大 杯 熱紅絲 絨燕麥奶 那堤 20221207k0efz,5
特大 杯 熱紅絲 絨燕麥奶 那堤 20221207i9ln6,5
特大 杯 熱紅絲 絨燕麥奶 那堤 20221209c6wl0,5
特大 杯 熱紅絲 絨燕麥奶 那堤 20221211i3la6,5
特大 杯 熱紅絲 絨燕麥奶 那堤 20221210y1alf,5
特大 杯 熱紅絲 絨燕麥奶 那堤 20221209f0avf,5
特大 杯 熱紅絲 絨燕麥奶 那堤 20221208e2yt7,5
特大 杯 熱紅絲 絨燕麥奶 那堤 20221209p3ri0,5
特大 杯 熱紅絲 絨燕麥奶 那堤 20221209i9ln7,5
特大 杯 熱紅絲 絨燕麥奶 那堤 20221211y1by6,5
特大 杯 熱紅絲 絨燕麥奶 那堤 20221211e4cwy,5
特大 杯 熱紅絲 絨燕麥奶 那堤 20221211h5fkp,5
特大 杯 熱紅絲 絨燕麥奶 那堤 20221211q2jii,5
特大 杯 熱紅絲 絨燕麥奶 那堤 20221207hpbzd,5
特大 杯 熱紅絲 絨燕麥奶 那堤 20221207b5oqp,5
特大 杯 熱紅絲 絨燕麥奶 那堤 20221207b1wik,5
特大 杯 熱紅絲 絨燕麥奶 那堤 20221208v4rnc,5
特大 杯 熱紅絲 絨燕麥奶 那堤 20221212f4ztp,5
特大 杯 熱紅絲 絨燕麥奶 那堤 20221212p5xo8,5
特大 杯 熱紅絲 絨燕麥奶 那堤 20221209k3cnl,5
特大 杯 熱紅絲 絨燕麥奶 那堤 20221210b5oqd,5
特大 杯 熱紅絲 絨燕麥奶 那堤 20221208b1wid,5
特大 杯 熱紅絲 絨燕麥奶 那堤 20221210b9zs6,5
特大 杯 熱紅絲 絨燕麥奶 那堤 20221208v9qxj,5
特大 杯 熱紅絲 絨燕麥奶 那堤 20221209b5oqg,5
特大 杯 熱紅絲 絨燕麥奶 那堤 20221212e0pss,5
特大 杯 熱紅絲 絨燕麥奶 那堤 20221208k9dyz,5
特大 杯 熱紅絲 絨燕麥奶 那堤 20221207m7cm3,5
特大 杯 熱紅絲 絨燕麥奶 那堤 20221208hpbzk,5
特大 杯 熱紅絲 絨燕麥奶 那堤 20221209a4pf3,5
特大 杯 熱紅絲 絨燕麥奶 那堤 20221210v0wk2,5
特大 杯 熱紅絲絨 風味燕 麥奶 那堤 20230113f8va,5
特大 杯 熱紅絲 絨燕麥奶 那堤 20221210m4uah,5
特大 杯 熱紅絲 絨燕麥奶 那堤 20221211q6he2,5
特大 杯 熱紅絲 絨燕麥奶 那堤 20221207x2bd7,5
特大 杯 熱紅絲 絨燕麥奶 那堤 20221209b1fjh,5
特大 杯 熱紅絲絨 風味燕 麥奶 那堤 20230110f0av,5
特大 杯 熱紅絲 絨燕麥奶 那堤 20221208i3la6,5
特大 杯 熱紅絲絨 風味燕 麥奶 那堤 20230114b5ds,5
特大 杯 熱紅絲 絨燕麥奶 那堤 20221213f4yfb,5
特大 杯 熱紅絲 絨燕麥奶 那堤 20221209k67oz,5
特大 杯 熱紅絲 絨燕麥奶 那堤 20221209a4gui,5
特大 杯 熱紅絲 絨燕麥奶 那堤 20221208r7ell,5
特大 杯 熱紅絲 絨燕麥奶 那堤 20221207v7tfn,5
特大 杯 熱紅絲 絨燕麥奶 那堤 20221207g6mz4,5
特大 杯 熱紅絲 絨燕麥奶 那堤 20221207q9wt9,5
特大 杯 熱紅絲 絨燕麥奶 那堤 20221213o4vyh,5
特大 杯 熱紅絲 絨燕麥奶 那堤 20221207p6ffj,5
特大 杯 熱紅絲 絨燕麥奶 那堤 20221211u6hhd,5
特大 杯 熱紅絲 絨燕麥奶 那堤 20221207q3lgu,5
特大 杯 熱紅絲 絨燕麥奶 那堤 20221213b3dmp,5
特大 杯 熱紅絲絨 風味燕 麥奶 那堤 20230112f1dg,5
特大 杯 熱紅絲 絨燕麥奶 那堤 20221212dce18,5
特大 杯 熱紅絲 絨燕麥奶 那堤 20221211a1ga9,5
特大 杯 熱紅絲 絨燕麥奶 那堤 20221210i0tru,5
特大 杯 熱紅絲 絨燕麥奶 那堤 20221210m6ws1,5
特大 杯 熱紅絲 絨燕麥奶 那堤 20221209b3dmt,5
特大 杯 熱紅絲 絨燕麥奶 那堤 20221212n8fis,5
特大 杯 熱紅絲 絨燕麥奶 那堤 20221213g6xgs,5
特大 杯 熱紅絲 絨燕麥奶 那堤 20221208l7dd7,5
特大 杯 熱紅絲 絨燕麥奶 那堤 20221212q9wtf,5
特大 杯 熱紅絲 絨燕麥奶 那堤 20221207b5ffb,5
特大 杯 熱紅絲 絨燕麥奶 那堤 20221208f0la2,5
特大 杯 熱紅絲 絨燕麥奶 那堤 20221207s3dr3,5
特大 杯 熱紅絲 絨燕麥奶 那堤 20221211i9lne,5
特大 杯 熱紅絲 絨燕麥奶 那堤 20221211s6ep3,5
特大 杯 熱紅絲 絨燕麥奶 那堤 20221213y1alj,5
特大 杯 熱紅絲絨 風味燕 麥奶 那堤 20230114dce1,5
特大 杯 熱紅絲絨 風味燕 麥奶 那堤 20230112b9zs,5
特大 杯 熱紅絲 絨燕麥奶 那堤 20221207b5oqd,5
特大 杯 熱紅絲 絨燕麥奶 那堤 20221209c9gab,5
特大 杯 熱紅絲 絨燕麥奶 那堤 20221209q6yzi,5
特大 杯 熱紅絲 絨燕麥奶 那堤 20221210x5tfo,5
特大 杯 熱紅絲 絨燕麥奶 那堤 20221209f4dl5,5
特大 杯 熱紅絲 絨燕麥奶 那堤 20221208f2anm,5
特大 杯 熱紅絲絨 風味燕 麥奶 那堤 20230117ki98,5
特大 杯 熱紅絲 絨燕麥奶 那堤 20221212t1kck,5
特大 杯 熱紅絲 絨燕麥奶 那堤 20221211c047n,5
特大 杯 熱紅絲 絨燕麥奶 那堤 20221209f5aze,5
特大 杯 熱紅絲 絨燕麥奶 那堤 20221211i9lnm,5
特大 杯 熱紅絲 絨燕麥奶 那堤 20221207n9of4,5
特大 杯 熱紅絲 絨燕麥奶 那堤 20221209e5kmz,5
特大 杯 熱紅絲 絨燕麥奶 那堤 20221209q2ji8,5
特大 杯 熱紅絲絨 風味燕 麥奶 那堤 20230115t4ci,5
特大 杯 熱紅絲 絨燕麥奶 那堤 20221208b0mdf,5
特大 杯 熱紅絲 絨燕麥奶 那堤 20221208k9dyb,5
特大 杯 熱紅絲 絨燕麥奶 那堤 20221211swhm4,5
特大 杯 熱紅絲 絨燕麥奶 那堤 20221209m1oob,5
特大 杯 熱紅絲 絨燕麥奶 那堤 20221207q7xvq,5
特大 杯 熱紅絲 絨燕麥奶 那堤 20221211h9klo,5
特大 杯 熱紅絲 絨燕麥奶 那堤 20221212f9ygx,5
特大 杯 熱紅絲 絨燕麥奶 那堤 20221207i3la2,5
特大 杯 熱紅絲 絨燕麥奶 那堤 20221213md1lw,5
特大 杯 熱紅絲絨 風味燕 麥奶 那堤 20230113a3ih,5
特大 杯 熱紅絲 絨燕麥奶 那堤 20221209f7mes,5
特大 杯 熱紅絲 絨燕麥奶 那堤 20221209i3lal,5
特大 杯 熱紅絲 絨燕麥奶 那堤 20221210dce1z,5
特大 杯 熱紅絲 絨燕麥奶 那堤 20221207f0qb5,5
特大 杯 熱紅絲絨 風味燕 麥奶 那堤 20230115j8as,5
特大 杯 熱紅絲 絨燕麥奶 那堤 20221209b0mdb,5
特大 杯 熱紅絲 絨燕麥奶 那堤 20221211b3dmi,5
特大 杯 熱紅絲絨 風味燕 麥奶 那堤 20230118b7qq,5
特大 杯 熱紅絲 絨燕麥奶 那堤 20221212e2yts,5
特大 杯 熱紅絲 絨燕麥奶 那堤 20221210f1dgi,5
特大 杯 熱紅絲絨 風味燕 麥奶 那堤 20230112y3uf,5
特大 杯 熱紅絲 絨燕麥奶 那堤 20221212v7tf0,5
特大 杯 熱紅絲 絨燕麥奶 那堤 20221207l157b,5
特大 杯 熱紅絲 絨燕麥奶 那堤 20221207n6xvx,5
特大 杯 熱紅絲 絨燕麥奶 那堤 20221208jz2i8,5
特大 杯 熱紅絲 絨燕麥奶 那堤 20221208m6ws4,5
特大 杯 熱紅絲 絨燕麥奶 那堤 20221212f9ygp,5
特大 杯 熱紅絲絨 風味燕 麥奶 那堤 20230114a8jr,5
特大 杯 熱紅絲 絨燕麥奶 那堤 20221212v7tf9,5
特大 杯 熱紅絲 絨燕麥奶 那堤 20221213q9wt4,5
特大 杯 熱紅絲 絨燕麥奶 那堤 20221210m1oo5,5
特大 杯 熱紅絲 絨燕麥奶 那堤 20221212q3udd,5
特大 杯 熱紅絲 絨燕麥奶 那堤 20221213n4lxk,5
特大 杯 熱紅絲 絨燕麥奶 那堤 20221208wfpvj,5
特大 杯 熱紅絲 絨燕麥奶 那堤 20221212n1f8q,5
特大 杯 熱紅絲絨 風味燕 麥奶 那堤 20230117a8jr,5
特大 杯 熱紅絲 絨燕麥奶 那堤 20221212m2uup,5
特大 杯 熱紅絲 絨燕麥奶 那堤 20221212j3rns,5
特大 杯 熱紅絲 絨燕麥奶 那堤 20221209dn0bx,5
特大 杯 熱紅絲 絨燕麥奶 那堤 20221211f4zt5,5
特大 杯 熱紅絲 絨燕麥奶 那堤 20221213n4noj,5
特大 杯 熱紅絲 絨燕麥奶 那堤 20221212i1ksj,5
特大 杯 熱紅絲絨 風味燕 麥奶 那堤 20230115swhm,5
特大 杯 熱紅絲 絨燕麥奶 那堤 20221210a8jrc,5
特大 杯 熱紅絲絨 風味燕 麥奶 那堤 20230118b5ff,5
特大 杯 熱紅絲 絨燕麥奶 那堤 20221211u3mwj,5
特大 杯 熱紅絲 絨燕麥奶 那堤 20221209e3nyv,5
特大 杯 熱紅絲 絨燕麥奶 那堤 20221209v7tfn,5
特大 杯 熱紅絲絨 風味燕 麥奶 那堤 20230117m2uu,5
特大 杯 熱紅絲絨 風味燕 麥奶 那堤 20230118n1f8,5
特大 杯 熱紅絲絨 風味燕 麥奶 那堤 20230118m6qm,5
特大 杯 熱紅絲 絨燕麥奶 那堤 20221209e5bd8,5
特大 杯 熱紅絲絨 風味燕 麥奶 那堤 20230110e2yt,5
特大 杯 熱紅絲絨 風味燕 麥奶 那堤 20230112r6js,5
特大 杯 熱紅絲絨 風味燕 麥奶 那堤 20230112vfkd,5
特大 杯 熱紅絲絨 風味燕 麥奶 那堤 20230110r5cr,5
特大 杯 熱紅絲絨 風味燕 麥奶 那堤 20230110b1fj,5
特大 杯 熱紅絲 絨燕麥奶 那堤 20221209b5fft,5
特大 杯 熱紅絲 絨燕麥奶 那堤 20221213f4fq3,5
特大 杯 熱紅絲絨 風味燕 麥奶 那堤 20230116ki98,5
特大 杯 熱紅絲絨 風味燕 麥奶 那堤 20230119ki98,5
特大 杯 熱紅絲絨 風味燕 麥奶 那堤 20230111c9ga,5
特大 杯 熱紅絲絨 風味燕 麥奶 那堤 20230111j3es,5
特大 杯 熱紅絲絨 風味燕 麥奶 那堤 20230114n1f8,5
特大 杯 熱紅絲絨 風味燕 麥奶 那堤 20230113y3uf,5
特大 杯 熱紅絲絨 風味燕 麥奶 那堤 20230115i9ln,5
特大 杯 熱紅絲絨 風味燕 麥奶 那堤 20230116vfkd,10
特大 杯 熱紅絲絨 風味燕 麥奶 那堤 20230111e6vf,5
特大 杯 熱紅絲絨 風味燕 麥奶 那堤 20230112n3rt,5
特大 杯 熱紅絲絨 風味燕 麥奶 那堤 20230116a8jr,5
特大 杯 熱紅絲絨 風味燕 麥奶 那堤 20230113q9wt,5
特大 杯 熱紅絲絨 風味燕 麥奶 那堤 20230111e1vn,5
特大 杯 熱紅絲絨 風味燕 麥奶 那堤 20230111e2yt,5
特大 杯 熱紅絲絨 風味燕 麥奶 那堤 20230112e9as,5
特大 杯 熱紅絲絨 風味燕 麥奶 那堤 20230111r7el,5
特大 杯 熱紅絲絨 風味燕 麥奶 那堤 20230113e6ms,5
特大 杯 熱紅絲絨 風味燕 麥奶 那堤 20230114v9qx,5
特大 杯 熱紅絲絨 風味燕 麥奶 那堤 20230114r6qh,5
特大 杯 熱紅絲絨 風味燕 麥奶 那堤 20230114x7ej,5
特大 杯 熱紅絲絨 風味燕 麥奶 那堤 20230119nwmr,5
特大 杯 熱紅絲絨 風味燕 麥奶 那堤 20230116dn0b,10
特大 杯 熱紅絲絨 風味燕 麥奶 那堤 20230111shl6,5
特大 杯 熱紅絲絨 風味燕 麥奶 那堤 20230112heue,10
特大 杯 熱紅絲絨 風味燕 麥奶 那堤 20230116i7xr,5
