item_name,item
蜜柚 紅茶 20220903o9hhno0m,5
蜜柚 紅茶 20220908v0wkrlxd,5
蜜柚 紅茶 20220922y1by4h0z,5
蜜柚 紅茶 20220913h9ri6j3j,5
蜜柚 紅茶 20220924o9hhotvk,5
蜜柚 紅茶 20220915bwoakb1v,5
蜜柚 紅茶 20220916fs7xlht9,5
蜜柚 紅茶 大,9345
蜜柚 紅茶 20220924c6rtf2si,5
蜜柚 紅茶 20220920p93jzw1e,5
蜜柚 紅茶 20220915t5ybk6yb,5
蜜柚 紅茶 20220905n1f8j5fm,5
蜜柚 紅茶 20220926e5bdp6ed,5
蜜柚 紅茶 20220917o9hhuyoa,5
蜜柚 紅茶 20220928lgmut3hf,5
蜜柚 紅茶 20220927x6vacgdw,5
大冰 蜜柚 紅茶,130
紅茶,5
蜜柚 紅茶 中,8640
蜜柚 紅茶 20221004b5ds59qd,5
蜜柚 紅茶 20220908bwoaax6w,5
蜜柚 紅茶 20220921u6gcn3eh,5
蜜柚 紅茶 20220916f7mw9s4l,5
蜜柚 紅茶 20220922x6fjngkg,5
蜜柚 紅茶 20220927f4vs5wue,5
JB 冰 蜜柚 紅茶,125
蜜柚 紅茶 20220917m6wsui34,5
冰 蜜柚 紅茶 中,10215
蜜柚 紅茶 20220923x6fjnzk5,5
蜜柚 紅茶 20220912f7mex77g,5
蜜柚 紅茶 20220923c6rtsob3,5
蜜柚 紅茶 20220916e5kmdr0o,5
蜜柚 紅茶 20220927x6fjddjo,5
蜜柚 紅茶 20220907n3rtqo8u,5
蜜柚 紅茶 20220902h7xhi05p,5
蜜柚 紅茶 20220910v6rx2n6z,5
蜜柚 紅茶 20220917b1wij9o1,5
蜜柚 紅茶 20220902mbv82i1t,5
蜜柚 紅茶 20221012v6rxwy05,5
蜜柚 紅茶 20221028b2idg7cr,5
蜜柚 紅茶 20220927i0trfogb,5
蜜柚 紅茶 20220903t1kcbqt6,5
蜜柚 紅茶 20220922i0trcmh1,5
熱 蜜柚 紅茶,4010
冰 蜜柚 紅茶,5990
蜜柚 紅茶 20220923q2yj3irq,5
蜜柚 紅茶 20220913b1fjeidu,5
蜜柚 紅茶 20220921eo6vdlyw,5
冰 蜜柚 紅茶 大,63945
蜜柚 紅茶 20220921i2eo2tn9,5
蜜柚 紅茶 20221028r7el9mz9,5
蜜柚 紅茶 20221031m6wszlqn,5
蜜柚 紅茶 20221028b2idu3k2,5
蜜柚 紅茶 20221016c8wprpg2,5
蜜柚 紅茶 20221008b2idcmbi,5
蜜柚 紅茶 20221008o9hh378k,5
蜜柚 紅茶 20221022b2id0hrs,5
蜜柚 紅茶 20220904q5qxjfs2,5
蜜柚 紅茶 20221001o9hhlk8l,5
蜜柚 紅茶 20221008f1eyvpe5,5
蜜柚 紅茶 20221021p93j87xw,5
蜜柚 紅茶 20221027k67o479j,5
蜜柚 紅茶 20221017n3rtyk3a,5
蜜柚 紅茶 20220908e8me67ll,5
蜜柚 紅茶 20220923b1doyip8,5
蜜柚 紅茶 20220930x3apjxrv,5
蜜柚 紅茶 特大,17215
蜜柚 紅茶 20221009b5iw57bh,5
蜜柚 紅茶 20220909b2id4akz,5
蜜柚 紅茶 20220926t5yb41gv,5
蜜柚 紅茶 20220925x7ejn7mq,5
蜜柚 紅茶 20220912n1f83cka,5
蜜柚 紅茶 20221003r2nsle7t,5
蜜柚 紅茶 20221011b1fj5luc,5
蜜柚 紅茶 20221018n3rtsex4,5
蜜柚 紅茶 20220929r5bit4ry,5
蜜柚 紅茶 20221009l1570bdl,5
蜜柚 紅茶 20221005bwoa39lx,5
蜜柚 紅茶 20221012p93jv8lj,5
紅茶 去 冰 儘 量 少 雞,20
紅茶 去 冰,5
蜜柚 紅茶 20221024bwoa8h65,5
紅茶,1410
蜜柚 紅茶 20221004q2yj6xh9,5
紅茶 去 冰,5
蜜柚 紅茶 20221029bwoawhj6,5
紅茶 去 冰,5
蜜柚 紅茶 20221023e1vnucxo,5
蜜柚 紅茶 20221004e6vfi6vp,5
蜜柚 紅茶 20221007t3ak3t6v,5
蜜柚 紅茶 20221005edcn9616,5
蜜柚 紅茶 20221009f4dl380h,5
蜜柚 紅茶 20221002s0bqn861,5
蜜柚 紅茶 20221028x6fjjf0n,5
蜜柚 紅茶 20221025i5huuu3k,5
蜜柚 紅茶 20221030q5qxcnh1,5
蜜柚 紅茶 20221005o9hhvqnu,5
蜜柚 紅茶 20221013p93jdjpe,5
蜜柚 紅茶 20221025k0wen2g4,5
蜜柚 紅茶 20221017u4ep4n5k,5
蜜柚 紅茶 20221022c8wpkw2l,5
蜜柚 紅茶 20221011x6fjd8sj,5
蜜柚 紅茶 20221007lua49ktc,5
蜜柚 紅茶 20221003bwoa7jkl,5
蜜柚 紅茶 20221015psfrs26d,5
蜜柚 紅茶 20221003r5bi36lf,5
蜜柚 紅茶 20221009e5bdu0bb,5
蜜柚 紅茶 20221024q7yvpyu5,5
蜜柚 紅茶 20221024p6fff2xh,5
蜜柚 紅茶 20221012t3aknywo,5
蜜柚 紅茶 20221030e1qy92q4,5
