item_name,item
茶裡 王英 式 紅茶,11000
企新冰 仙女 紅茶,60
新熱 仙女 紅茶,300760
兌新熱 仙女 紅茶,4290
果茶 物語 蘋果 紅茶,32155
精選 英式 紅茶 拿 鐵 20220925t4rsm0ov,5
01 紅茶,185
紅茶 蘋果 米斯 球,45
LAYONS 雷恩 獅紅茶 牛乳 使用 紐西蘭純 奶粉 紅茶 歐,5
冰 IKARI 紅茶,810
小杯 紅茶 微糖 3,5
紅茶 那杯 自備 飲料 杯,5
小杯 紅茶 微糖 9,5
早餐 紅茶 包 25 入,20
001030693804 星巴克 茶瓦納 英式 紅茶,40
紅茶 裝環 保杯,5
茶 英式 紅茶 600ml,5
TEASTEA 蘋果 紅茶,5680
小杯 紅茶,75
961000 準時 開 搶 黑糖 珍珠 紅茶 拿 鐵 5 包盒 秒,10
阿奇儂 紅茶 巧克 80g4,10
太妃糖 風味 紅茶 20220917hl00h01q,5
16oz 冰經典 紅茶,2265
備 2 杯 飲料 杯 紅茶,5
新冰 仙女 紅茶,394965
精選 英式 紅茶 拿 鐵 20220923nspunsab,5
家福 超值 紅茶,600
超值 紅茶,165
17 紅茶 冰,30
紅茶 不要 冰塊,15
麻煩 幫 我 送到 紅茶,5
餐飲 紅茶,45
生活 泡沫 紅茶 330ml6 入 330ml6 入,330
生活 泡沫 紅茶 590mlx4 瓶組 590mlx4 瓶組,200
兌冰蜜 香 玫瑰 紅茶,2200
特大 杯 N 紅茶,55
HighTea 太妃糖 風味 紅茶 12 入袋,5
微醉 紅茶 沙瓦 350ML,25
檸檬風味 紅茶 M 產品 資訊,95
兌新熱 仙女 珍珠 紅茶,1310
VV 英式 紅茶 1480ml,4235
太妃糖 風味 紅茶 20220914gpaplmvk,5
蜂蜜 紅茶 冰 IcedHoneyBlackTea,5
情熱 價格 紅茶 500ml,550
紅茶 少冰,60
兌熱 蜜香 玫瑰 紅茶,2665
自帶 杯 紅茶 少冰,5
紅茶 不要 沖 熱水,10
紅 茶花 傳 柑橘 風味 紅茶 440mlDonki 日本 唐吉訶德,60
球形 紅茶,5
冰經典 紅茶 那堤 V,116600
檸檬風味 紅茶 中 IcedTeaLemonFlav,2855
AGFBL 紅茶 歐蕾 30 入,115
中 檸檬風味 紅茶,2695
大 檸檬風味 紅茶,625
冰無糖 紅茶 中 IcedBlackTeanoSu,460
熱 英式 紅茶,4115
仙女 紅茶 冰磚,1280
CITYCAFE 虛擬 提貨卡 中杯 美式 或 四季春 青茶 或 經典 紅茶,40
冰 胭脂 琥珀 紅茶,1540
麥當 勞麥克塊 10 塊 中杯 冰 檸檬風味 紅茶 即 享券,75
紅茶 兩杯 去 冰 謝謝,5
紅 茶花 伝 紅茶 第 2 瓶 10 元 0824104W,5
紅茶 太陽餅 200,30
DrinkStore 水雲朵 黑糖 珍珠 紅茶 拿 鐵,40
紅茶 不用 加熱水,5
紅茶 去 冰麻煩 送 至,5
紅茶 去 冰 可樂少 冰,5
AGFBLENDY 紅茶 歐蕾 30P,10
精選 英式 紅茶,345
家福 英式 早餐 紅茶,100
紅茶 白玉 冰淇淋,155
阿奇儂 紅茶 融心,1155
300 生活 紅茶,5
企冰蜜 香 玫瑰 紅茶,40
紅茶 去 冰可樂 一杯,5
肯德基 4 塊 上校 雞塊 紅茶 即 享券,10
中熱 英式 紅茶,5
精選 英式 紅茶 拿 鐵 20220908mnw2w1ec,5
紅茶 去 冰內用,5
大冰 英式 紅茶,525
HOKI 紅茶 M,5
茶 裏 王英 式 紅茶 600G,5
有記 名茶 飲 joyme 紅茶,5
奇奇 亞思 牛奶 紅茶,5
戶外 定點 取餐 紅茶,5
一杯 紅茶 去 冰,5
0272114289 伊藤園 TEASTEA 蘋果 紅茶,5
日本 代購 IG 網美 七色 神戶 紅茶 包 ins 風紅茶,5
ASEED 清涼 紅茶 飲料 500ml,10
龜甲萬 豆乳 紅茶 風味 1000ml,35
茶裡 王英 式 紅茶,25
紅茶 請 先不加 熱水,5
點加 價購 冰 仙女 紅茶,20
太妃糖 風味 紅茶,85
冰蜜香 玫瑰 紅茶,23180
愛丁堡 女王 紅茶 冰,45
太妃 紅茶 20221004zv0pp6jq,5
英式 紅茶 V,3770
茶瓦納 伯爵 紅茶,180
冰 蜂蜜 紅茶,306165
日月潭 紅茶 雪鹽 奶蓋冰,340
精選 英式 紅茶 拿 鐵 20221022ue8x745j,5
紅茶 麻煩 去 冰 謝謝,5
飲料 紅茶 去 冰,15
杯 新熱 仙女 紅茶 外送,10
熟成 紅茶 20220909r5ug9ij3,5
兩杯 紅茶 麻煩 去 冰,5
麻煩 紅茶 去 冰 謝謝,5
海岩 紅茶 冰大,285
17 紅茶 去,5
冰 英式 紅茶,90
拉亞漢堡 鮪 魚蛋 皇后 堡大杯 紅茶 冰熱,50
冰 珍珠 紅茶 20221204f9sm2o1y,5
茶瓦納 英式 紅茶,1295
紅茶 360 杯,10
紅茶 去 冰 謝謝,15
紅茶 請 少冰 謝謝,5
海岩 紅茶 冰中,95
企熱 蜜香 玫瑰 紅茶,15
紅茶 去 冰 謝謝,10
企新冰 仙女 紅茶,45
紙巾 另外 紅茶 去 冰,5
精選 英式 紅茶 拿 鐵 20220906t4rsri1t,5
冰 珍珠 紅茶,20
老派 蕎麥 紅茶,5
紅茶 去 冰自帶 環保,5
紅茶 可樂 去 冰,5
龜甲萬 豆乳 紅茶 風味 200ml,125
紅茶 自備 飲料 杯,15
總匯 歐姆蛋堡 紅茶 套餐,10
高評 熱銷 賣家現 貨午 茶 夫人 太妃糖 紅茶 焦糖 蘋果 紅茶 烏龍 茶,20
VV 英式 紅茶 590ml,2620
特冰 仙女 紅茶,520
熱蜜香 玫瑰 紅茶,34455
奶蓋 茶 奶蓋 高山 紅茶 冰,35
企新熱 仙女 紅茶,5
龜甲萬 豆乳 紅茶 風味 200ml,80
紅茶 去 冰 胡椒 鹽,5
吳家 紅茶 冰光華店 兌換券,50
熟成 紅茶 20221224j0ef40cd,5
精選 英式 紅茶 拿 鐵 20220908yo5xshnn,5
精選 英式 紅茶 拿 鐵 20220921qetfjl2e,5
精選 英式 紅茶 拿 鐵 20221016aw8najlk,5
大熱 經典 紅茶,450
冷 泡茶 冰釀 紅茶,20
可樂換 紅茶 去 冰 謝謝,5
紅茶 去 冰麻煩 你 了,5
紅茶 去 冰可樂 兩杯,5
紅茶 去 冰感謝,5
紅茶 去 冰炸雞 不要 翅,5
精選 英式 紅茶 拿 鐵 20221021fg1syx7g,5
珍珠 伯爵 紅茶 鮮奶 L,5
冰糖 紅茶,5
熟成 紅茶 20221214efpq8kbs,5
紅茶 太陽餅 220,50
精選 英式 紅茶 拿 鐵 20221012izwuq6hd,5
紅茶 都 去 冰要 蕃茄,5
活動熱 英式 紅茶,5
太妃糖 風味 紅茶 20221020wvzmln8x,5
愛丁堡 女王 紅茶 冰 20221113zp1simi,5
丸 三 豆乳 紅茶 風味 1L,480
紅茶 去 冰多給 我 胡椒,5
光泉 PET600 蘋果 紅茶 果茶 物語,30
CCY 牛奶 紅茶 飲料,5
紅茶 牛奶 20221218o1auilsb,5
JT 水果 嘉年華 果香 紅茶 包 15gx20 入,5
精選 英式 紅茶 拿 鐵 20221021mnw2ele3,5
蜜香 玫瑰 紅茶 冰磚,245
蜜桃 蘋果 紅茶 2L,420
蜜桃 紅茶,5
愛丁堡 女王 紅茶 冰 20221229et0nmqw,5
紅茶 使用 環保杯,5
歐可 茶葉 黑糖 珍珠 紅茶 拿 鐵 5 入盒,25
精選 英式 紅茶 拿 鐵 20221013zp1sp15t,5
企新熱 仙女 紅茶,10
紅茶 去 冰 謝謝,5
JT 森林 水果 果香 紅茶 包 15gx20 入,5
明決 紅茶,85
小杯 紅茶 11y,5
紅茶 去 冰 蕃茄 醬 1,5
開發票 正品 午茶 夫人 太妃糖 紅茶 焦糖 蘋果 紅茶,5
冰豆漿 紅茶,5
小杯 紅茶 3y,5
朦朧 蘋果 紅茶 艾爾,25
點加價 購熱 仙女 紅茶,260
紅茶 綠茶 麻煩 請 去 冰,5
紅茶 請 去 冰 謝謝,5
紅茶 麻煩 去 冰,5
精選 英式 紅茶 拿 鐵 20221005pn3qdruy,5
愛丁堡 女王 紅茶 冰 20221113nsbxx4m,5
愛丁堡 女王 紅茶 冰 20221119zp1shl3,5
紅茶 裝環 保杯 飲料,5
冰糖 香橙 紅茶,110
特選錫蘭 早餐 紅茶,60
冰 珍珠 紅茶 20221224f2yoquj7,5
鮮奶 紅茶 大 500cc 冰熱,5
愛丁堡 女王 紅茶 冰 20230215xbi4ytn,5
使用 環保杯 紅茶 去 冰,5
精選 英式 紅茶 20230104eii4o4ru,5
杯 熱蜜香 玫瑰 紅茶 外送,15
小杯 紅茶 蔥 油雞絲 h,5
紅茶 麻煩 去 冰 或 冰塊,5
慢熟 紅茶 熱大 加料,15
七喜 一杯 去 冰及 紅茶,5
杯換 紅茶 請 附 胡椒粉,5
TEASTEA 蘋果 紅茶,5
愛丁堡 女王 紅茶 冰 20230226wh0zltk,5
紅茶 自備 杯子 雞塊,5
紅茶 去 冰 謝謝 您,5
紅茶 自備 飲料 杯 可,5
紅茶 自帶 杯裝,5
寄杯 兌換 紅茶 拿 鐵大,50
兩杯 紅茶 去 冰 謝謝,5
大杯 紅茶,10
拉亞漢堡 烙 烤 雞 腿 漢堡 大杯 紅茶 冰熱,2020
愛丁堡 女王 紅茶 冰 20230107rfclhkk,5
飲料 紅茶 少冰 可,5
兩杯 紅茶 及 七喜 去 冰,5
紅茶 去 冰拜 託 了,5
紅茶 去 冰 謝謝,10
紅茶 去 冰塊 謝謝,5
日月潭 紅茶 微糖 微冰,5
愛丁堡 女王 紅茶 冰 20230301lpipk1y,5
紅茶 去 冰附 蕃茄 醬,5
拉亞漢堡 XL 卡 啦 炸 雞漢堡 大杯 紅茶 冰熱,645
紅茶 去 冰 蕃茄 醬 2,5
英式 早餐 紅茶,5
澎冰 仙女 紅茶,30
企新冰 仙女 珍珠 紅茶,5
拉亞漢堡 XL 卡 啦 炸雞 湯種 吐司 大杯 紅茶 冰熱,845
精選 英式 紅茶 20230322gwchdm7y,5
紅茶 請 勿 加熱水空,5
光泉 果茶 物語 蘋果 紅茶 585ml,30
紅茶 3 杯 都 去 冰餐,5
飲料 紅茶 去 冰 謝謝,5
拉亞漢堡 XL 辣醬 炸 雞漢堡 大杯 紅茶 冰熱,480
美奶 滋醬 紅茶 少冰,5
有機 英式 紅茶,10
紅茶 去 冰 番茄 醬,5
紅茶 去 冰 胡椒粉,5
精選 英式 紅茶 20230405wb24761f,5
紅茶 綠茶 去 冰,5
紅茶 蛋 捲 64G,15
540 茶裡 王英 式 紅茶,5
推預 WA 紅茶 牛奶,5
小杯 紅茶 9y,5
拉亞漢堡 XL 花生 辣醬 雞 芝加哥 堡大杯 紅茶 冰熱,190
WACOOKIES 雪糕 紅茶 牛奶 焦糖 奶蓋,65
紅茶 黑蛋奶,5
中 一杯 紅茶 自備 飲料,5
紅茶 牛奶 焦糖 奶蓋雪,75
代銷 仙女 紅茶 冰熱,1025
愛丁堡 女王 紅茶 冰 20230110wxx7ve6,5
茄醬 胡椒 紅茶 去,5
珍珠 紅茶,5
精選 英式 紅茶 20221015j949a5ko,5
可樂換 紅茶 去 冰謝,5
紅茶 去 冰 謝謝,10
精選 英式 紅茶 20221013u58xcq0i,5
飲料 紅茶 麻煩 去 冰,5
歡慶 十月 買 一送 一 JAFTEA 果香 紅茶 保鮮 茶,5
兩杯 紅茶 請 先 不 加熱,5
兩杯 紅茶 去 冰,5
精選 英式 紅茶 20230117gpapnd0c,5
紅茶 去 冰 胡椒 鹽 1,5
精選 英式 紅茶 拿 鐵 20221014cjjgc77b,5
紅茶 去 冰可樂,5
杯 冰蜜香 玫瑰 紅茶 外送,10
代收 代付 統一茶 裏 王英 式 紅茶 600ml 康鄰 超市,5
精選 英式 紅茶 拿 鐵 20221012rqkn84h1,5
番茄 醬 7 紅茶 去 冰,5
小杯 紅茶 4y,5
檸檬風味 紅茶 去 冰,5
能給 雞 腿 紅茶 冰塊,5
茶裡 王英 式 紅茶 600g,5
可樂及 紅茶 都 去 冰,5
內用 紅茶 去 冰,5
精選 英式 紅茶 拿 鐵 20221015si7ot2fa,5
精選 英式 紅茶 20221022j949dtf7,5
料換 紅茶,5
紅茶 少冰 請給 我 番,5
75 折 優惠 JAFTEA 芬芳 肉桂 紅茶 保鮮,5
紅茶 微冰 謝謝,5
