clusterName_0,clusterNum_0,clusterName_1,clusterNum_1,clusterName_2,clusterNum_2,clusterName_3,clusterNum_3,clusterName_4,clusterNum_4,clusterName_5,clusterNum_5,clusterName_6,clusterNum_6,clusterName_7,clusterNum_7,clusterName_8,clusterNum_8,clusterName_9,clusterNum_9
紅茶,1280225,奶茶,950205,件,1429850,杯,42750,飲料,13415,青茶,594720,特大,695,檸檬紅,356675,紅茶,121545,珍珠奶茶,9735
仙女,704595,醇,532230,元,1175390,那堤,42750,餐飲,11560,四季春,575700,杯熱,695,茶,356590,蜜柚,120095,黑糖,4670
新冰,394965,仙女,450150,2,962775,抹,41400,去,1215,冰大,8290,太妃,695,冰,315070,冰,80310,冰大,1995
冰,309115,蜂蜜,259045,熱紅茶,410390,茶,41400,冰,1045,中杯,6480,核果,695,小,314360,大,73290,冰,1000
蜂蜜,306170,新熱,245795,茶,342105,V,41400,杯,815,美式,6480,風味,695,1,65745,中,18855,冰中,950
新熱,300770,冰,193600,3993,289505,特大,1350,2,455,或,6480,那堤,695,冰搖,32550,特大,17215,Tryall,850
V,120370,新冰,189230,569,289505,熱紅絲,1090,都,325,海岩,6275,第二杯,695,大,26575,熱,4010,全分,850
冰經典,118865,伯爵,83450,V,216815,絨燕麥奶,1090,胡椒,205,大熱,4680,半價,695,2,24535,大冰,130,離,850
