item_name,item
農會牌 冷凍 蔥 抓餅,15
冷凍 天使 紅蝦 L11kg5 盒 1kg5 盒,70
冷凍 花椰菜 粒 500g,985
海產 教父 冷凍 四色 豆一 公斤 玉米粒 紅蘿 蔔 丁 豌豆 仁馬鈴,20
上 野物 產 快速 方便 冷凍 生鮮洋 蔥 丁 1000gx1 包素,20
Auchan 冷凍 紅蘿 蔔 1KG,45
冷凍 菠菜,23295
海味 嚴選 冷凍 三色 豆 1kg1500 免運三色 豆 玉米粒,25
海產 教父 素食 全麥 蛋餅 皮 1800g30 片包 冷凍,5
麻園 有機 本土 冷凍 白花 椰,200
喬 大海 鮮屋 冷凍 蔬菜 玉米 筍 1000G10,35
WANG 蔬果 加拿大 冷凍 野生 藍莓 x2 包 200g 包,5
喬 大海 鮮屋 綠 系列 冷凍 蔬菜 1000G10,35
上 野物 產台灣產 冷凍 毛豆 仁 500g 包 素食 低卡,50
冷凍 米 狀 青花菜,1455
上 野物 產台灣產 冷凍 皇帝 豆 200g 包 素食 低,20
永 昇 冷凍 混合 蔬菜 毛豆 仁三色 500g 包,925
家福 冷凍 碳 烤 蔬菜,625
冷凍 有機 玉米粒 500g 免 看天田,665
龍鳳 冷凍 毛豆 莢,165
龍門 冷凍 毛豆 仁,750
冷凍 祕 魯綠 蘆筍,7150
冷凍 生白 蝦 4050,2305
永 昇 冷凍 低 鹽 毛豆,3805
鳳翔 夏季 限 711 冷凍 超取 配送 全素 餛飩 340g,25
冷凍 雞蛋 風味 小 饅頭 40 入裝 大欣亨 B012038,10
Picard 冷凍 香菜 末 50g,70
KKLife 全家 冷凍 超取 補單 專區,5
裕國 冷凍 蔬菜 三,4685
麻園 冷凍 本土 有機 毛豆 仁,1085
海味 嚴選 冷凍 白花 菜 1kg1500 免運 花椰菜 白花 椰,95
大王 生鮮 冷凍 蘿 蔔 糕 960g12 片包 冷凍 食品,5
海味 嚴選 冷凍 青花菜 1kg1500 免運 蔬菜 青花菜,300
冷凍 紐西蘭 全殼 熟 淡菜 1215 粒,10
冷凍 菠菜 葉,680
農會牌 冷凍 蔥 抓餅 700g5 入,5
冷凍 有機 胡蘿 蔔 丁 500g 免 看天田,220
禎 祥 食品 有機 毛豆 250g 包 5 萊爾富 冷凍 團購 美食,5
裕國 冷凍 蔬菜 三豆,100
海產 教父 台灣產 冷凍 玉米粒 只有 玉米 一 公斤 玉米,35
冷凍 花椰菜 粒,10180
總 舖 獅 Lioncook 營養 冷凍 青花菜 1000g,15
GREENS 冷凍 青白 花椰菜 米狀 1000g 包,170
冷凍 玉米 筍 1KG,820
亞細亞 冷凍 菠菜,15930
冷凍 白蝦 1KG,2825
新和興 冷凍 新海 蛋餃 1 公斤 裝大欣亨 B005029,10
冷凍 炸魚 卵 300 公克 10 包,55
田食 原 IQF 新鮮 冷凍 黑胡椒 毛豆 300g 方便 即食 健康,105
極鮮配 超新鮮 冷凍 蔬菜 孢子 甘藍 1000G10 包,15
天時 冷凍 野生 藍莓 1 磅袋 有機,500
冷凍 有機 毛豆 仁 300g 免 看天田,1635
永 昇 冷凍 毛豆 仁,1860
龍門 冷凍 什錦 蔬菜,950
禎 祥 冷凍 毛豆 莢 1000g10 網,10
義美芋頭 包子 奶素 冷凍 115401,5
家福 冷凍 朝鮮 薊心,30
有機 冷凍 綠花 椰 300g 免福業,1050
冷凍 細香蔥 末,250
任福業 FM 有機 冷凍 冰烤 地瓜 500g 包,5
農會牌 冷凍 蔥 抓餅 700g,25
龍鳳 冷凍 青豆 仁,3420
GREENS 冷凍 四季豆 條 1000g,70
冷凍 生白 蝦 3135600 公克,60
冷凍 水產,10
大拇指 冷凍 毛豆 仁 400g 包,5805
GREENS 冷凍 甜 碗豆 1000g,45
大拇指 冷凍 三色 混合 蔬菜 900g 包 900g 包,635
GoVege 冷凍 花椰菜 粒 500g,20
家樂福 冷凍 美國帶 骨,1835
海產 教父 冷凍 生鮮洋 蔥 丁 1000g10 包 素食 低,55
大拇指 冷凍 青豆 仁 900g 包 900g,430
上 野物 產紅龍 冷凍 雞塊 1000g 包冷凍 食品,130
大江 生鮮 冷凍 玉米粒 只有 玉米 一 公斤 玉米粒 紅蘿,20
翔鳳 夏季 限 711 冷凍 超取 配送 全素 冷凍 素食 湯包 1,35
及第 及第 冷凍 瓜子 雞水 餃 3 包組,30
冷凍 鹽漬 鮭魚 300 公克 10,20
冷凍 有機 四季豆,1125
宏裕行 冷凍 花枝 丸,1425
上 野物 產台灣產 冷凍 毛豆 莢 1000g 包 素食 低卡,35
即期 出清甲 上 生鮮 台灣產 冷凍 皇帝 豆 150g 包 1,15
永 昇 冷凍 低 鹽 毛豆 莢,25
大江 生鮮 冷凍 菠菜 1000g 包冷凍 蔬菜 綠 菠菜 高纖菠,60
海味 嚴選 冷凍 白蝦 80100 約 6580 尾 1500 免,35
Picard 冷凍 香菜 末 880263,10
冷凍 青豆 仁 1000g 網,5
家福 冷凍 節瓜 胡蘿 蔔,135
西北 水晶 餃 水晶 原味 冷凍 918255,15
逸嵐 冷凍 玉米 筍 1kg 滿 1800 免運 玉米 筍 玉米,40
即期 出清甲 上 生鮮 冷凍 生鮮洋 蔥 丁 150g 包 10,20
海產 教父 台灣產 冷凍 紅蘿 蔔 丁紅蘿 蔔 胡蘿 蔔 蘿 蔔 丁紅,20
大江 生鮮 冷凍 南瓜 丁 1000g 包冷凍 蔬菜,40
酮 樂 花椰菜 米 蝦仁蛋 炒 即食 生酮 飲食 低 GI 冷凍 調理包,10
GREENS 冷凍 青白 花椰菜 米狀 1000gx3 包青 1,10
KS 冷凍 蔬菜,485
冷凍 菠蘿蜜 400g,20
田食 原新鮮 冷凍 菠菜 450gIQF 急速 冷凍 快速 調理 好,115
冷凍 有機 青豆 仁,105
海味 嚴選合 併 冷凍 下 單區 阿順師 胡椒粉 蒜頭 粉合,25
冷凍 有 機馬鈴薯 丁 500g 免 看天田,140
有機 冷凍 白花 椰 300g 免福業,375
喜生 米漢堡 冷凍 五 穀 熟飯 170g 包,15
上 野物 產急 凍生 鮮綠 花椰菜 素食 低卡 冷凍 食品 冷,125
鳳翔 夏季 限 711 冷凍 超取 配送 健康 家族 薑 黃 玉米 素水 餃,15
海味 嚴選 冷凍 玉米 筍段 1kg1500 免運 玉米 筍切 段,65
即期 出清海產 教父 冷凍 菠菜 500g10 包 10,15
冷凍 蒲燒 鰻 湖內 農會,45
陽光 田野 截切 青花菜 250g 冷凍,5
甲上 生鮮 鮮肉 熟水 餃約 30 顆 一包 510g10 冷凍,5
Funcom 鮮蒸 冷凍 花生,70
麻園 冷凍 有 機三色 丁,105
冷凍 柳葉魚 400g10 袋,5
永 昇 冷凍 混合 蔬菜 四色 562737,5
冷凍 秋葵,3445
大拇指 冷凍 四色 混合 蔬菜 900g 包 682896,15
GREENS 冷凍 白青 花椰菜 米 x5 入 1000gx5,35
大江 生鮮 冷凍 四色 豆一 公斤 裝 玉米粒 紅蘿 蔔 丁 豌豆 仁馬,35
冷凍 四色 花椰菜,12285
禎 祥 冷凍 蒜 味 毛豆 莢 解凍 即食 每包 200 公克 裝大欣亨,45
田食 原新鮮 冷凍 菠菜 450gIQF 急速 冷凍 快速 調理 好,65
鮮食家 任選 799 龍鳳 FC 冷凍 青花菜 500g 包,120
甲上 生鮮 中國 進口 冷凍 四季豆 1kg 包 豆角 菜豆 豆,15
甲上 生鮮 冷凍 小 玉米 筍 小 玉米 小 玉米 筍 冷凍 蔬菜 冷凍食,30
代收 代付 台灣 冷凍 豬小排 1KG5 盒愛買 冷凍,5
滿 899 免運上 野物 產身體 好 朋友 新鮮 冷凍 綠 花椰菜 1,5
田食 原 IQF 鮮凍 熟 青花菜 800g 綠 花椰菜 冷凍 蔬菜 健,130
祥亮 冷凍 青花菜 1 公斤 包網,10
任福業 FM 有機 冷凍 白花 椰 300g5 包,15
大江 生鮮 冷凍 蘿 蔔 糕 菜 頭 粿 港式 點心 港點 菜 桃貴 菜頭,140
KS 冷凍 蔬菜,14325
冷凍 青花菜 1kg 包冷凍 青花菜 花椰菜 粒 青花菜 熟凍花,560
冷凍 菠菜 段 35Cm1 公斤 網,10
甲上 生鮮 台灣產 冷凍 玉米粒 只有 玉米 一 公斤 玉米,5
裕國 冷凍 蔬菜 三豆 1kg,350
家福 冷凍 球芽 甘藍,75
冷凍 紅蔥頭 袋裝,105
大拇指 冷凍 四色 混合 蔬菜 900g 包 900g 包,475
大拇指 冷凍 玉米粒 900g 包,550
冷凍 黑玉刺 參,30
美國 冷凍 牛 肋條 直採 大包 裝 公斤,115
越南 東家 冷凍 羊肉 爐任 選 4 盒藥 膳 羊肉 爐 1000g 紅燒 羊,5
海產 教父 紅龍 冷凍 雞塊 1000g10 包冷凍 食品,40
永 昇 冷凍 混合 蔬菜 四色 500g 包,295
逸嵐 鹽味 毛豆 莢 1kg 滿 1800 免運 冷凍 毛豆 莢 毛,55
野人 舒食椒 鹽 毛豆 方便 包 野人 蔬食 急速 冷凍 優質 毛豆 仁,155
即期 出清上 野物 產 快速 方便 冷凍 生鮮洋 蔥 丁 150g 包,15
杰森 食代熟 凍 花椰菜 白 花椰菜 白 花椰菜 米 IQF 急速 冷凍,250
2630 冷凍 白蝦 600 公克,5
澳洲 冷凍 牛腱,10
冷凍 澳洲 嫩 肩 小 羊排,30
祥亮 冷凍 白花 菜 1 公斤 網,5
冷凍 白蝦 250g,25
大江 生鮮 冷凍 紅蘿 蔔 丁紅蘿 蔔 胡蘿 蔔 蘿 蔔 丁紅菜頭 胡,5
田食 原新鮮 冷凍 毛豆 仁團 購免 運組 解凍 即食 健康 減 醣 低 碳,15
山內 冷凍 紅蘿 蔔 丁 1000g 包網,5
冷凍 大蒜 末,270
冷凍 蔬菜 四季豆 1000g10 喬 大海 鮮屋,5
冷凍 蔬菜 系列 菠菜 1000g10 喬 大海 鮮屋,5
上 野物 產蛋黃芋 頭丸 600g 約 20 顆包 冷凍 食品,15
健康 高纖 冷凍 菠菜 270G10 包,10
家福 冷凍 高麗菜 水餃,10730
NNyummy 青花菜 200g 冷凍 青花菜 花椰菜,55
捷捷 寶寶粥 27 香菇 豆腐 雞肉煲 冷凍 副食品 營養師,50
甲上 生鮮 冷凍 蘿 蔔 糕 12 片 一包 960g10 菜頭,15
大拇指 冷凍 毛豆 仁 326560,30
童食樂 好 營養 鮮魚 南瓜 飯 3 份盒 冷凍 食品 微波 食品 冷,5
炳 叔 烤 玉米 冷凍 烤 玉米 綜合,80
GREENS 冷凍 白青 花椰菜 米 1kg 防疫 安心 在家,45
皇冠 冷凍 薯條,435
永 昇 冷凍 低 鹽 黑豆,2065
量販 名店 冷凍 薄 鹽 毛豆 莢 500g10 網,10
冷凍 原味,45
冷凍 明太子 小辣,35
冷凍 小松菜,25
冷凍 青花菜 1KG,870
即期 出清上 野物 產台灣產 冷凍 皇帝 豆 150g 包 9,15
甲上 生鮮 冷凍 四色 豆 玉米粒 紅蘿 蔔 丁 豌豆 仁馬鈴薯 丁,5
GREENS 冷凍 青花菜,3500
珍珍 冷凍 花枝 丸 200g,140
滿鮮 Easycook 冷凍,55
冷凍 黑鯧 公斤,5
海產 教父 美國 進口 帶 皮馬鈴薯 楔型 薯條 已 調味 冷凍,5
蒜 脆杏 鮑菇 180g 低溫 烹調 拆封 即食 冷凍 熟食 舒肥爽,10
冷凍 帶卵母 香魚 2 入 350400 公克 盒,10
冷凍 三色 豆 冷凍 蔬菜 1kg 包冷凍 超商 取貨 799 元,55
Picard 冷凍 細切 巴西 里葉 50g,15
舒肥 牛排 250g9oz 低溫 舒肥 冷凍 熟食 保留 鮮嫩 多,20
澳洲 冷凍 沙朗 牛排 公斤,40
即期 出清海產 教父 台灣產 冷凍 皇帝 豆 即期 出清價 10,5
上 野物 產輕食 日式 椒 鹽 舒肥 雞 胸肉 100g 冷凍 食品 雞肉,10
甲上 生鮮 台灣產 冷凍 玉米粒 只有 玉米 1000g,20
冷凍 紅 蟳,5
大拇指 冷凍 青豆 仁,5
大拇指 冷凍 四色 混合 蔬菜,10
冷凍 白飯 220g,10
逸嵐 冷凍 四季豆 1kg 滿 1800 免運冷 凍敏豆 四季,20
冷凍 有 機三色 蔬菜 500g 看天田,265
永 昇 冷凍 低 鹽 茶 豆,1030
冷凍 白蝦 5060 尾 公斤 kg5060 尾 kg,25
大頭 菜 中式 料理 台式 料理 冷凍 食品 嚴選 小菜 小菜 開胃 菜,5
GREENS 冷凍 白青 花椰菜 米 x3 入 1000gx3,30
冷凍 花椰菜 1000g 包,145
逸嵐 冷凍 毛豆 仁 1kg 滿 1800 免運 毛豆 仁 毛豆,55
田食 原 歐洲 嚴選 花椰菜 米 1000g 白 花椰菜 冷凍 蔬菜 健,20
冷凍 法洛斯 去 骨清,130
冷凍 肉豬 梅花 烤肉 片散裝 公斤,30
上 野物 產紅龍 冷凍 雞塊 1000g 包炸 雞炸物,260
冷凍 蒲燒 海鰻 335g10 包 335g10,15
田食 原 IQF 新鮮 冷凍 菠菜 450gX12 包波菜 方便 加熱,5
冷凍 蟹 管肉 淨重 100g10g 盒,60
鮮蔬 系列 家庭 必備 冷凍 花椰菜 滿 1600 免運,10
冷凍 小 墨魚 300g10 包,5
大江 生鮮 黃 金大 煎 餃 原味 韓式 泡菜 口味 冷凍 熟水 餃高麗,10
多 和 冷凍 特級 日式 天婦羅條 500g,25
冷凍 蒲燒 鰻魚 300 公克 5300 公克 5 包,5
美國 冷凍 牛 肋條 直採 公斤,3395
N010808110 一籃子 台南 官田 冷凍 菱角 仁 4 斤,10
逸嵐 花椰菜 米 1kg 滿 1800 免運 冷凍 白花 椰米白,15
冷凍 海瓜子 肉 300g10 袋,115
家樂福 蒲燒 鰻 冷凍,70
冷凍 軟絲 350g,130
大江 生鮮 冷凍 三色 豆 1kg 包 玉米粒 青豆 仁紅蘿 蔔 丁,5
家福 冷凍 格子 小薯,80
鮮食家 任選 799 龍鳳 冷凍 手工 鮮水 餃 FC 韭菜 豬肉 口味 8,5
上 野物 產雙 11 台灣產 冷凍 蔬菜 去 殼 毛豆 仁 x4 包 5,10
田食 原 歐洲 嚴選 花椰菜 米 1000g 白 花椰菜 冷凍 蔬菜,40
田食 原 IQF 急速 新鮮 冷凍 低 鹽 毛豆 300g,20
農會牌 冷凍 蔥 抓餅 調配 中心,45
冷凍 櫻桃 鴨肉串,15
甲上 生鮮 快速 方便 冷凍 生鮮洋 蔥 丁 500g10 包,10
任福業 FM 有機 冷凍 毛豆 仁 300g 包,5
上 野物 產台灣產 冷凍 蔬菜 紅蘿 蔔 丁 x4 包 1000g 土,5
冷凍 蒲燒 海鰻 335g10 包 945035,5
上 野物 產調 味 裹 粉 冷凍 巴沙 魚排 重組 魚排 100g,5
板橋 阿禧 鮮魚 熟凍 毛豆 仁非 基因 改造 毛豆 冷凍 蔬菜,5
甲上 生鮮 加拿大 進口 脆薯 冷凍馬鈴 薯條 粗 全家 冷凍 7,10
呈 鮮制 肉 冷凍 綜合海 鮮包 1kg 包 4 包組 楊桃 美食 網,5
大地 之愛 Kiwigarden 冷凍 乾燥 水果 14gx2 包蘋,5
鈞 媽御 食堂 大寶寶飯 南瓜 鮮菇 炊飯 冷凍 副食品 寶寶飯,80
極鮮 配體 好 壯壯 綠 系列 冷凍 熟 蔬菜 菠菜 1000G10,100
上 野物 產蔥肉 餡餅 900g30 粒包 冷凍 食品 蔥仔,5
WANG 蔬果 智利 冷凍 黑莓 x2 包 200g 包,10
冷凍 扇 貝肉 公斤,5
麻園 有機 本土 冷凍 白花 椰米,35
GoVege 冷凍 三鮮蔬 1000g 包,5
甲上 生鮮 越南 進口鮮 蔬直 送 冷凍 綠 秋葵 500g10,10
Mondelle 冷凍 薯條 1000g,3790
冷凍 全鴨 超秦 2224kg 隻 冷凍,10
天時 冷凍 蔓 越莓 有機,20
全家 超商 冷凍 到 店 取貨 無 麩質 無 澱 粉 低 醣 生酮 無糖 高纖軟 包無小,5
上 野物 產台灣產 冷凍 四色 豆 1000g 包 素食 低卡,20
Picard 冷凍 大蒜 末 100g,15
酸菜 鴨湯 冷凍,85
嘉一香 冷凍 培根 條 原味 1 公斤 裝台灣 CAS 優良 農產品 大,5
生美國 大 胡桃 仁 600g 在 庫 冷凍 貯藏,15
台灣產 冷凍 蔬菜 去 殼 毛,25
冷凍 蒲燒 海鰻,635
大王 生鮮 冷凍 玉米 筍 素食 低卡 冷凍 蔬菜 500g1,5
杰森 食代 冷凍 南瓜 丁 150g 包 每包 只有 74 大卡 簡,95
冷凍 澳洲 附皮 羊肉 塊袋 公斤,70
厄瓜 多 冷凍 白蝦 30403040,65
冷凍 西式 火腿 丁 1 公斤 裝大欣亨 B001022,10
家福 巴西 冷凍 乾燥 即,100
三盒 起訂 發票 刷卡 綠金 毛豆 冷凍 薄 鹽 毛豆 莢 500 公克,5
麻園 有機 本土 冷凍 青花 椰,350
紐西蘭 冷凍 波浪 薯條 2 公斤 裝進口 薯 製 品 馬 鈴,5
冷凍 地瓜 煎餅,105
冷凍 金鯧 600 克上 尾,70
曲辰 冷凍 毛豆 仁台灣 每包 1 公斤 大欣亨 B352004,25
氣冷雞 冷凍 去皮 清肉,5
龍鳳 冷凍 毛豆 仁 155802,15
捷捷 寶寶粥 2S4 南瓜 野蔬 嫩 雞燉 飯 冷凍 副食品 營,10
萊 D 冷凍 低 鹽 毛豆,30
好料 鹽味 毛豆 冷凍,590
一次 取 奇美 冷凍 熟水 餃 素食 口味 1275g,65
海產 教父 冷凍 毛豆 莢 1kg 包冷凍 蔬菜 毛豆 莢 毛豆 仁,35
冷凍 牡蠣 肉 L425g,25
鮮食家 任選 799 龍鳳 冷凍 手工 鮮水 餃 FC 高麗菜 豬肉 口味,75
冷凍 蒲燒 鰻魚 400 公克 5 包,10
冷凍 紅毛丹 500g,35
熟食 冷凍 三久,20
冷凍 翡翠 盒 300 公克 裝大欣亨 B137003,5
家福 冷凍 地中海 馬 鈴,145
冷凍 波浪 薯條,295
生葵 瓜子 600g 在 庫 冷凍 貯藏 生葵 瓜仁,20
真正 有 功夫 馬 薩大 薑 母鴨個 人 冷凍,5
越南 東家 冷凍 羊肉 爐任 選 4 盒藥 膳 1000g 紅燒 1100,10
紀文 冷凍 關東 煮,25
海產 教父 冷凍 毛豆 仁 1kg 包 青豆 毛豆 毛豆 莢 毛豆 仁,15
一次 取 奇美 冷凍 熟水 餃高麗菜 豬肉 1275g,525
冷凍 澎湖 海菜 200g5 盒,5
禎 祥 冷凍 鹽味 毛豆,1600
捷捷 寶寶粥 29 金黃鮮 燴 絲瓜 冷凍 副食品 營養 師調,35
田食 原 歐洲 嚴選青 花椰菜 米 1000g 青 花椰菜 冷凍 蔬菜,5
EMILIA 冷凍 烤 蔬菜,705
冷凍 澳洲 沙朗 火鍋 片袋 公斤,125
大王 生鮮 中國 進口 冷凍 四季豆 1000g 包冷凍 蔬菜,15
永 昇 冷凍 混合 蔬菜 毛豆 仁三色,30
即 煮 冷凍 山藥 300g,5
上 野物 產 越南 進口鮮 蔬直 送 冷凍 綠 秋葵 500g10,5
鮮食家 任選 799 龍鳳 FC 冷凍 三色 混合 蔬菜 500g 包,15
山東 泰安 冷凍 商品,105
甲上 生鮮 台灣產 冷凍 紅蘿 蔔 丁 1000g10 包蔬,5
田食 原新鮮 冷凍 玉米 筍 500g 低卡 蔬菜 低熱量 超營養,85
及第 及第 冷凍 豬肉 水餃 3 包組,40
允偉 冷凍 府城 蝦 捲 10 入裝 大欣亨 B018002,10
大王 生鮮 台灣產 冷凍 皇帝 豆 200g 包低 卡 素食,10
冷凍 軟絲 公斤,15
捷捷 寶寶粥 23 馬 鈴薯 燉 牛肉 冷凍 副食品 營養 師調,50
冷凍 菱角 仁 官田 區農會,5
鮮食家 任選 799 福業 FC 有機 冷凍 白花 椰 300g5,15
義美 地瓜 穀 物 饅頭 奶素 冷凍 727922,5
禎 祥 冷凍 韭菜 水餃 1400g,15
一次 取龍鳳 冷凍 細脆 薯條 800g,40
杰森 食代 冷凍 南瓜 丁 150g 包 每包 只有 74 大卡 低,10
家福 冷凍 煮熟 去 殼 太,10
冷凍 青豆 仁 1KG,5
EZCHEF 冷凍 青花菜 1kg 包 10 包廠 商直 送,5
上 野物 產台灣產 冷凍 玉米粒 1000g 包 素食 低,20
大王 生鮮 台灣 產綿密 香甜 冷凍 地瓜 丁 1000g10 包,5
鮮食家 任選 799 龍鳳 FC 冷凍 青豆 仁 500g 包,5
產地 韓國 冷凍 乾燥 水果 南陽 冷凍 乾燥 水果 寶寶 食品,5
冷凍 台灣豚 肋條,65
及第 及第 冷凍 瓜子 雞水 餃 950g 包,10
大王 生鮮 台灣產 冷凍 三色 豆 1000g 包 玉米粒 青豆,5
冷凍 品特 販品,5
上 野物 產台灣產 健康 蔬食 冷凍 蔬菜 青豆 仁 x10 包 1,5
冷凍 白蝦 4050,150
上 野物 產任 選台灣 產新鮮 冷凍 香甜 玉米粒 x1 包 500,5
冷凍 牡蠣 清肉 L30,5
捷捷 寶寶粥 2M1 南瓜 野 蔬義 大利 麵 冷凍 副食品 營,40
童食樂 好 營養 鮮魚 南瓜 飯 3 份盒 冷凍 食品 微波 食品 冷凍,5
冷凍 鳳螺 公斤,10
冷凍 包,25
甲上 生鮮 台灣產 冷凍 三色 豆 玉米粒 青豆 仁紅蘿 蔔 丁 1,5
花椰菜 米 冷凍 食品 白花 椰米 冷凍 花椰菜 米 花椰菜 白花 菜,5
康福 先生 IQF 熟凍 鮮蔬 菠菜 即食 包 1kg 冷凍 蔬菜,25
大拇指 凍 豆腐 冷凍 854464,25
鮮食家 任選 799 福業 FC 有機 冷凍 鹽味 毛豆 250g,10
龍鳳 冷凍 毛豆 仁 500g,265
及第 及第 冷凍 豬肉 水餃 950g 包,50
冷凍 海瓜子 肉 300 克上 包 336039,5
冷凍 黃 金 玉米 筍 1000g,5
城市 野炊 冷凍 青花菜 1000g 包 x4 包,5
上 野物 產急 凍生 鮮綠 花椰菜 素食 低卡 冷凍 蔬菜 青,15
美國 冷凍 牛 肋條 直採 kg,60
上 野物 產年 菜 台灣產 冷凍 蔬菜 去 殼 毛豆 仁 x4 包 50,10
農會牌 冷凍 蔥 抓餅 調配 中,5
冷凍 蔬菜 玉米 筍 1000G10,30
大王 生鮮 冷凍 四色 豆 1000g 土 10 包,5
Picard 冷凍 紅蔥頭 袋裝 250g,50
嘉味鮮 冷凍 蘿 蔔 糕,40
8 年級 生鮮 冷凍 四季豆 全家 799 免運 冷凍 蔬菜 1kg,5
Picard 冷凍 菠菜 葉 884133,10
冷凍 活菌豬 韭菜 水餃,10
禎 祥 冷凍 小籠 湯包 15kg 約 50 粒,20
大王 生鮮 冷凍 毛豆 仁 500g 包低 卡 素食 冷凍 蔬菜,5
龍鳳 冷凍 瓜子 雞肉水,90
NNyummy 青花菜 200g 冷凍 青花菜 花椰菜 國,5
上 野物 產台灣 產新鮮 冷凍 香甜 玉米粒 x1 包 500g1,10
捷捷 寶寶粥 106 野蔬 牛肉 小寶寶粥 冷凍 副食品 營,5
禎 祥 冷凍 鹽味 毛豆,20
田食 原新鮮 冷凍 毛豆 仁 多件 免運組 健康 減 醣 低 碳 飲 食健,20
KAFFEREPN 肉桂 捲 510 公克 冷凍,15
Picard 冷凍 細切 巴西 里葉,5
上 野物 產台灣產 冷凍 玉米粒 250g 包 922 到,5
GREENS 冷凍 青白 花椰菜 米狀 1000gx5 包 白花,10
冷凍 台灣 鯛 魚片 150200 公克 片 598761,15
立大 食品 冷凍 台灣豬,75
冷凍 生白 蝦 4050,10
冷凍 有機 玉米粒,180
龍鳳 冷凍 毛豆 仁 500g,15
日本 冷凍 柚子 皮切 絲 100g5 包阿家 海鮮,5
冷凍 鯛魚 下巴 1 公斤 包包 1115 片 Kg 包,215
冷凍 烤 地瓜 35 元,785
雙起司 鮭米堡 冷凍,750
奇美 冷凍 香筍 肉包 390g,235
冷凍 雞 尾椎 串 220g,5
三盒 起訂 發票 刷卡 綠金 毛豆 冷凍 薄 鹽 毛豆 莢 500 公克 X,5
冷凍 澎湖 野生 扁蟹,25
家福 冷凍 可頌 麵 包 6,100
上 野物 產 原味 辣味 無骨 鹽 酥 雞 冷凍 食品 250g 包,10
嘉鹿 冷凍 青花菜 每包 1 公斤 產 地台 灣大欣亨 B11500,95
促銷 冷凍 原味 豬肉 貢丸 每包 600gCAS 農產品 大欣,10
冷凍 熟蛤蠣 肉,640
龍鳳 冷凍 國民水 餃高麗菜 豬肉,5
冷凍 野生 藍莓 1kg 免古香園,65
奇津 冷凍 熟水 餃高麗菜 豬肉,15
冷凍 蔬菜 系列 菠菜 1000g10 包,20
潔豹 冷凍 刀,5
PChome 生鮮 冷凍 去 骨 雞 腿 排 1 包 260g10,15
喜生 米漢堡 冷凍 熟白飯 170g 包,30
汪 喵 星球 貓咪 冷凍 乾燥 生食 餐 500g 凍乾貓 主食 97,130
冷凍 海瓜子 肉 336039,5
禎 祥 冷凍 鹽味 毛豆 400g,15
毛手 毛腳 無 穀 餐包 火雞肉 美樂狗 冷凍 寵物 鮮食 狗 鮮食,5
廟東 清水 冷凍 排骨 酥,5
冷凍 烤 地瓜 30 元,1880
逸嵐熟 凍 白花 菜 1kg 滿 1800 免運 冷凍 白花 菜 冷,25
吉野家 冷凍 牛 丼 x10 包組,15
冷凍 澎湖 軟絲 切片,5
匈牙利 進口 冷凍 青豆 仁,5
冷凍 蒼蠅 頭豬 肉 水餃,10
美國 冷凍 牛腱 直採 大包 裝 公斤,45
冷凍 麵 腸 600g 沅鈺發,60
NZNatural 鮮開 凍 meow 貓咪 冷凍 乾燥 生食 餐 2,5
雅方 冷凍 火腿 丁 混合 蔬菜,15
台灣 冷凍 豬龍骨 600G 盒,5
冷凍 福氣 魚卵,40
冷凍 花椰菜 粒 500G 包愛買 冷凍,5
冷凍 鯛 魚片 東晟,165
熟 青花菜 花椰菜 180g 急凍 鮮蔬 拆封 即食 冷凍 熟食 膳,10
強匠 冷凍 玉米 布丁 酥 約 33 粒 每包 1 公斤 大欣亨 B008,15
米飯 保鮮盒 米 飯 分裝盒 冷凍 保鮮盒 日本 米飯 分裝 保鮮 收納盒,5
犬貓 冷凍 乾燥 零食 南,5
冷凍 鮮採 山竹 500g,10
冷凍 高麗菜 水餃,10
NZNatural 鮮開 凍 woof 狗 冷凍 乾燥 生食 餐 5,5
田食 原 IQF 新鮮 冷凍 菠菜 450gX12 包,5
spring 曙光 狗狗 冷凍 乾燥 生食 餐 25oz71g,5
蔥 花盒 日本 瀝水 掀蓋 冷凍 蔥 盒 保鮮盒 蔥花 冷凍 保存 掀蓋,10
義美豬 肉 韭菜 水餃 冷凍 169147,5
禎 祥 冷凍 鹽味 毛豆 解凍 即食,10
冷凍 毛豆 仁 1kg 毛豆 仁 毛豆 豆仁 冷凍 毛豆 冷凍 蔬菜,5
DogCatStar 汪 喵 星球 貓咪 冷凍 乾燥 生食 餐 80g 凍乾,5
EC 大成 冷凍 雞 爪,10
佳味 冷凍 手工 鮮肉 水餃 1000g,5
跨店 任選 及第 冷凍 豬肉 韭菜 手工 捏 花水 餃約 32 顆包,5
黑胡椒 毛豆 1 公斤 1200 免運 全家 冷凍 取貨 全省 1799 免,5
佳佳 酸菜 白肉 鍋 1200G 碗 愛買 冷凍,15
冷凍 烤 地瓜 20 元,1080
家樂福 冷凍 豬肉 水餃,350
享吃 鮮果 冷凍 蔬菜 12 包組 毛豆 莢 栗子 南瓜 白花 椰米 菠,5
吉野家 YOSHINOYA 冷凍 牛 丼 x5 包組,5
冷凍 雞 心串,45
冷凍 烤 地瓜 45 元,320
禎 祥 冷凍 原味 毛豆 莢 每包 1 公斤 裝大欣亨 B013013,20
冷凍 豬肉絲 250g 盒 250g 盒,10
上 野物 產 黑胡椒 肉醬義 大利 麵 310g 冷凍 食品,5
PChome 生鮮 冷凍 牛 五花肉 片 1 盒 500g10,15
薑 汁 燒肉 米堡 冷凍,460
冷凍 去 骨 雞 腿 5KG,70
鈞 媽御 食堂 小寶粥 甜菜 玉米 小寶粥 冷凍 副食品 鈞媽 寶,60
紅龍 冷凍 香脆 炸雞,700
毛作夥 鮮寵 一番 冷凍 乾燥 雞 胸肉 單包 50g 狗 零食,15
奇美 冷凍 酸菜 蔬食 鍋底 1000g 包,10
冷凍 肉豬 五花肉 串 10 支盒,10
昊鼎 水產 冷凍 花椰菜 1 公斤 青花菜 花椰菜 冷凍 蔬菜 批,5
冷凍 台灣 鯛 魚腹肉 400 克 5 盒,120
VV 冷凍 豬肉 水餃 韭菜 850g,885
冷凍 熟 四季豆 段敏豆 段 1kg 包冷凍 超商 取貨 799 元,25
有機 冷凍 鹽味 毛豆 250g 福業,65
VV 冷凍 豬肉 水餃 高麗菜 850g,935
冷凍 奇美 高麗菜 豬肉 熟水 餃 1190g,355
大尾白 蝦 冷凍 盒裝,220
冷凍 活菌豬 高麗菜 水餃,15
牛肉 壽喜燒 冷凍 料理 包,75
蟹 管肉 80g 盒 冷凍 超商 取貨 799 元免 運費,30
饗城 袖珍 海鮮 羹 1000g 份愛買 冷凍,10
冷凍 紐西蘭 全殼 熟 淡菜 1215 粒包 500 克 5,15
新鮮 冷凍 板栗 子 1kg 板栗 仁現 貨電子 發票,5
巨廚 酸菜 白肉 鍋 1100G 盒愛買 冷凍,5
及第 及第 冷凍 瓜子 雞水 餃 5 包組,15
Pagnan 冷凍馬鈴薯 蘑菇 冷凍 400g 家樂福,5
家福 冷凍 酥 炸 鱈 魚塊,60
手工 水餃 高麗菜 韭菜 鮮蝦 干貝 牛肉 冷凍 超商 取貨,165
冷凍 韭菜 水餃,30
家福 進口 冷凍 綜合蔬,15
達人 上菜 花枝 丸 210g 包愛買 冷凍,15
冷凍 澎湖 野生 章魚 切塊 300 克盒,55
奇美 冷凍 香筍 肉包,1460
家福 Classic 冷凍 草,25
富統 食品 冷凍 南瓜 奶皇餅 300 公克 約 10 粒,5
毛手 毛腳 無 穀 餐 包新珍 香美樂 狗 冷凍 寵物 鮮食 狗 鮮食,10
冷凍 柳葉魚 500g5 盒 500g5 盒,65
家福 進口 冷凍 酥 炸魚,5
冷凍 烤 地瓜 25 元,2805
奇美 冷凍 熟水 餃高麗菜 豬肉 1275g,545
20 獨享 冷凍 包,60
萊 D 冷凍 調味 毛豆,10
冷凍 有機 毛豆 仁薄 鹽 250g 福業,625
家福 料理 高手 冷凍 綜,150
龍鳳 冷凍 毛豆 仁 500g 包,140
家福 冷凍 康特 乾酪 點,15
冷凍 鮮採 山竹 543252,5
毛手 毛腳 無 穀 餐包 綜合 奶油 南瓜 美樂狗 冷凍 寵物 鮮食,5
甲上 生鮮 玉米 濃湯 250g 包 全家 冷凍 799 免運,25
汪 喵 星球 狗狗 冷凍 乾燥 生食 餐 80g 凍乾狗 主食 95 肉,20
經典 三 捲 冷凍,25
柳丁 愛 m138 麻辣 金錢肚 100G 限冷凍 宅配 或 冷凍 超取,5
冷凍 蔬食 漢堡 排,265
珍珍 冷凍 花枝 丸,785
DogCatStar 汪 喵 星球 貓咪 冷凍 乾燥 生食 餐 500g 凍,5
冷凍 二節 翅,5
海產 教父 中國 進口 冷凍 四季豆 1kg 包 豆角 菜豆 豆,20
台灣現 貨米 飯 分裝盒 日本 米飯 分裝 保鮮 收納盒 冷凍 保鮮盒,15
寵樂 toastcat 汪 喵 星球 貓咪 冷凍 乾燥 生食 餐寵物 凍,5
日本 製 真田 精工 米飯 保鮮盒 冷凍 微波 保鮮盒 2 入,10
滿鮮 Easycook 冷凍 紅燒 牛肉 麵 700g700g 包,20
Doggywillie 輕寵食 CUBE 鮮蔬 雞肉 冷凍 乾燥,15
冷凍 澎湖 野生 沙丁魚 乾 200 克盒,5
家福 冷凍 酥 炸黃金 阿,5
spring 曙光 狗狗 冷凍 乾燥 生食 餐 1lb453g,5
台灣 冷凍 去 殼 毛豆 仁 500g,5
禎 祥 冷凍 鹽味 毛豆 400g,685
冷凍 烤 地瓜 50 元,210
進口 冷凍 鮮剖 山竹,45
CP 冷凍 無骨 香酥 雞,25
及第 冷凍 豬肉 高麗菜 手工 捏 花水 餃 800g,285
免 睏 汪 喵 星球 冷凍 乾燥 原肉 小 零嘴 汪 喵 天然 原肉 冷凍,10
汪 喵 星球 貓咪 冷凍 乾燥 生食 餐 80g 凍乾貓 主食 97 肉,60
超大 容量 生鮮瀝水 保鮮盒 冷凍 保鮮盒 海鮮 密封 盒 冰箱 收納,5
冷凍 烏龍 麵 1 包組 200 公克 1 包 599 免運,25
台灣現 貨米 飯 分裝盒 保鮮盒 日本 米飯 分裝 保鮮 收納盒 冷凍,35
龍鳳 冷凍 國民水 餃 韭菜 豬肉,5
冷凍 干貝,35
海產 教父 無骨 排骨 酥 1000g10 包 全家 冷凍 7,10
冷凍 奇美 素食 熟水餃 全素 1190g,75
日本 和 牛燉 煮 用 冷凍,5
奇美 冷凍 熟水 餃高麗菜 豬肉,185
CP 冷凍 無骨 香酥 雞,710
代收 代付 卜蜂香 烤 雞 翅 400g 包 熟食 冷凍 食品,5
義美筍 香鮮 肉包 冷凍 856740,5
溪 和 冷凍 乾 蝦仁,5
米腸家 全新 包裝瑞威 冷凍 乾燥 蔬果 包可加 於 飼料 上 或 鮮食,10
冷凍 蔥 派,25
市場 最低 價御 園坊 冷凍 水餃 5 袋 高麗菜 韭菜,5
汪 喵 星球 狗狗 冷凍 乾燥 生食 餐 500g 凍乾狗 主食 95,15
冷凍 梅花 豬排 200g,105
逸嵐熟 凍 青花菜 1kg 滿 1800 免運 冷凍 青花菜 冷,30
冷凍 澎湖 野生 透 抽 300 克盒,25
紐西蘭 冷凍 羊肉 炒 肉片 400G,5
汪 喵 星球 貓咪 冷凍 乾燥 生食 餐 500g,5
奇美 冷凍 香菇 高麗菜 包 390g,225
海產 教父 冷凍 蛤蜊 肉 蛤 仔肉 去 殼 蛤蜊 肉 海瓜子 花蛤蛤,5
吉野家 冷凍 牛 丼 x20 包組,5
汪 喵 星球 冷凍 乾燥 生食 餐寵物 凍 乾 主食 80g 貓咪凍 乾,5
冷凍 肉桂 捲 4 入,120
冷凍 白蝦 7080250g 盒 250g 盒,280
照燒 雞米堡 冷凍,455
童食樂 好開 胃馬鈴薯 燉 肉 飯 3 份盒 冷凍 食品 微波 食品,5
紅龍 冷凍 全熟 牛肉丸 含肉率 80 以上 每包 500 公克 約 33,10
永 昇 冷凍 青豆 仁 767689,5
及時 鮮滑軌 保鮮袋 SML 食物 保鮮袋 冷藏 冷凍 保鮮保,10
鈞 媽御 食堂 大寶寶飯 蔬菜 牛肉 炒飯 冷凍 副食品 寶寶飯,5
大成 冷凍 里肌肉 5,15
義美酸 白菜 鍋底 冷凍 981734,10
毛手 毛腳 無 穀 餐包 綜合豚 肉 美樂狗 冷凍 寵物 鮮食 狗 鮮食,10
奇美 冷凍 香筍 肉包 390g887664,10
嘉鹿 冷凍 玉米粒 每包 1 公斤 裝大欣亨 B115001,10
任龍鳳 FM 冷凍 三色 混合 蔬菜 500g 包,5
台灣 現貨 迷你 保鮮盒 小 保鮮盒 冷凍 保鮮盒 密封 盒 副食,115
冷凍 肉品 燒烤 組,1120
冷凍 韓式 蔬菜 煎餅,10
冷凍 雞 胗 串 300g,5
澳洲 冷凍 牛肚 3KG,20
愛上 鮮果 冷凍 蔬菜 10 包組馬鈴薯 四季豆 菠菜 青花菜,10
逸嵐 原味 毛豆 莢 1kg 滿 1800 免運 冷凍 毛豆 莢 毛,10
卜蜂 冷凍 香香 豆乳 雞無骨 每包 1 公斤 裝大欣亨 B02,10
挑戰 最低 價 毛豆 仁 1 公斤 毛豆 仁 毛豆 豆仁 冷凍 毛豆,5
Doggywillie 輕寵食 CUBE 甜菜 洋芋 牛肉 冷凍,10
毛手 毛腳 無 穀 餐包 綜合 地瓜 蜂蜜 美樂狗 冷凍 寵物 鮮食,5
冷凍 調理 鰻,5
毛手 毛腳珍 鮮丸 鮮雞 美樂狗 冷凍 寵物 鮮食 狗 鮮食,5
冷凍 日本 生食 干貝 2L1000g 盒,10
家福 進口 冷凍 酥 炸 鱈,15
國宴 主廚 溫國智 冷凍 花雕 雞 麵 700gx8 包,5
海鮮 翅 羹 冷凍 超商 取貨 799 元免 運費,15
冷凍 肉豬 五花 蔥 捲 5 支盒,30
汪 喵 星球 貓貓 冷凍 乾燥 生食 餐寵物 凍 乾 主食 80g 安心 雞,5
利安鑫 冷凍 香酥 魚米 花鬼頭 刀 300 公克 包大欣亨,5
海產 教父 香菇 肉羹 1kg 包 全家 冷凍 799 免運,5
龍鳳 冷凍 國民水 餃高麗菜 豬肉,15
冷凍 白蝦 7080,5
毛作夥 鮮寵 一番 冷凍 乾燥 骰子 牛單 包 50g 狗 零食,10
海產 教父 香酥 魷魚條 300g10 包 全家 冷凍,10
林貝兒 冷凍 乾燥 水果 草莓 12G,30
佳佳 白菜 滷 1000G 碗 愛買 冷凍,5
冷凍 老 滷 牛肚,5
臭貓 動物園 MEOW 冷凍 乾燥 生食 餐 meow 凍乾 meo,5
佳佳 味美干 貝海鮮 羹 1000g 碗 愛買 冷凍,10
龍鳳 冷凍 青花菜 153132,5
陽光 田野 毛豆 仁 250g 冷凍,5
冷凍 三去 吳郭魚 250300g 尾 250300g 尾,20
義美銀絲 捲 奶素 冷凍 938217,5
林貝兒 冷凍 乾燥 水果 橘子 12G,35
及第 水餃 冷凍 手工 捏 花水 餃 口味 任選 6 包 800g 包,10
冷凍 法國 海螺,5
澳洲 冷凍 牛肉 炒 肉片 公斤 12kg 包,15
大成 冷凍 清 胸肉 三連包 1KG 包,5
紐西蘭 K9Natural 冷凍 乾燥 狗狗 生食 餐 90 牛肉,5
大江 生鮮 日光 栗香 地瓜 500g 冷凍 地瓜 冰心 地瓜 栗子 地,10
毛手 毛腳珍 鮮丸 綜合 美樂狗 冷凍 寵物 鮮食 狗 鮮食,5
毛力 汪鮮寵 一番 冷凍 乾燥 美味 鮮蝦 單包 15g 蝦子,5
家福 冷凍 法國 甜瓜 球,5
達人 上菜 虱目 魚丸 210g 包愛買 冷凍,10
GREENS 冷凍 蔬菜 系列 八色 1000g10 包,5
冷凍 毛豆 仁 1000g10 網,5
永 昇 冷凍 調味 毛豆 莢,45
冷凍 圓干貝,5
蟹 達 人 香酥 一口 蟹 300g 盒 冷凍 超商 取貨 799 元免,5
龍鳳 冷凍 國民水 餃高麗菜 豬肉 口味 640g,5
紅龍 冷凍 香辣 雞 翅,20
冷凍 肉豬 白肉 火鍋片 公斤,50
捷捷 寶寶粥 011 高麗菜 米 泥 冷凍 副食品 營養師 寶,5
及第 冷凍 豬肉 高麗菜 手工 捏 花水 餃,145
鮮寵 一番 寵物 冷凍 乾燥 零食 安心 雞 胸肉 50g 犬貓 零食,30
日本 製 造 NAKAYA 保鮮盒 冷凍 保鮮盒 蔥 絲 保鮮,15
鳳翔限 711 冷凍 超取 健康 家族 香椿 素水餃 全素,5
毛手 毛腳 無 穀 餐 包妙鮮 鮪 美樂狗 冷凍 寵物 鮮食 狗 鮮食,5
旺旺 生活 CatPool 貓侍 冷凍 乾燥 零食 貓侍 寵物 凍 乾,5
家樂福 冷凍 韭菜 水餃,200
永 昇 冷凍 調味 毛豆,315
紐西蘭 K9Natural 冷凍 乾燥 鮮肉 生食 餐 90 綜合,5
佳佳 高級 海哲絲 1 包 1kg 包愛買 冷凍,5
永 昇 冷凍 毛豆 仁 117007,5
鳳翔限 711 冷凍 超取 健康 家族 翡翠 素水餃 全素,10
康福 先生 舒肥草 飼菲力 200g 包舒肥 牛排 冷凍,5
冷凍 提拉 米 蘇,120
毛手 毛腳 無 穀 餐 包妙 鮮旗 美樂狗 冷凍 寵物 鮮食 狗 鮮食,5
冷凍 熟 海瓜子 肉,20
黑胡椒 蘑菇 冷凍 鐵板 麵 5 入組 冷凍 超商 取貨,105
上 野物 產台灣 產綿密 香甜 冷凍 地瓜 丁 1000g 素食 低,5
帶殼 冷凍 花生 原 物料 600g,10
家福 冷凍 Jalapenos,25
大江 生鮮 台灣 特選 鯛 魚片 75g 每片 冷凍 全家 超商,15
冷凍 金黃 玉米 筍 1000g,5
汪 喵 星球 貓咪 冷凍 乾燥 生食 餐凍 乾凍 乾 主食 餐,15
達人 上菜 鮮肉 湯包 336G 包愛買 冷凍,10
及第 及第 冷凍 豬肉 水餃 5 包組,55
日本 和 牛 烤肉 用 冷凍,5
毛手 毛腳珍 鮮丸 鮮豚 美樂狗 冷凍 寵物 鮮食 狗 鮮食,5
冷凍 綜合 可頌 麵 團,355
上 野物 產任 選美國 進口 冷凍 薯 製 大 廠 麥 肯 洋 蔥 圈 x1 包,5
及第 冷凍 豬肉 玉米 手工 捏 花水 餃,55
Picard 冷凍 菠菜 葉,10
黑橋牌 360g 香菜 香腸 真空 盒裝 冷凍 2022 新品,5
冷凍 起 酥 片 20 片包 冷凍 超商 取貨 799 元免 運費,20
龍鳳 冷凍 高麗菜 豬肉 水餃 980g 包,5
冷凍 腿 切塊,10
冷凍 海灣 迷你 貝柱 1501801K10,25
冷凍 林聰明 沙鍋 菜 獨享 包 1000gX4 包免 運大買家,5
涼拌川 耳 黑木耳 雲耳解 凍 即食 冷盤 真空 包裝 熟食 冷凍,5
挑戰 最低 價薄 鹽 毛豆 莢 1kg 毛豆 莢 毛豆 豆仁 冷凍 毛,5
Doggywillie 輕寵食 CUBE 菠菜 羊肉 冷凍 乾燥,10
冷凍 有 卵 柳葉魚,20
日本 NAKAYA 米 飯盒 保鮮盒 米 飯 冷凍 保鮮盒 白飯 收納,15
鳳翔限 711 冷凍 超取 健康 家族 薑 黃 玉米 素水餃 全素,5
桂冠 筍 香包 冷凍 106239,5
毛手 毛腳 無 穀 餐 包妙鮮 鮭 美樂狗 冷凍 寵物 鮮食 狗 鮮食,5
永 昇 冷凍 混合 蔬菜 毛豆 仁三色 563031,10
巧食家特 A 等級 冷凍 青花菜 X3 包 1000g10 包,5
毛手 毛腳 無 穀 餐包 虱目 魚美樂 狗 冷凍 寵物 鮮食 狗 鮮食,5
泰安 冷凍 鳳梨風味 雞塊 有效 日期 20221207 約 25 個 每,5
鮮食家 任選 799 龍鳳 FC 冷凍 三角 薯餅 400g 包,5
