clusterName_0,clusterNum_0,clusterName_1,clusterNum_1,clusterName_2,clusterNum_2,clusterName_3,clusterNum_3,clusterName_4,clusterNum_4,clusterName_5,clusterNum_5,clusterName_6,clusterNum_6,clusterName_7,clusterNum_7,clusterName_8,clusterNum_8,clusterName_9,clusterNum_9
履歷,286375,低,4127610,包,1790,辣椒,12250,野物,7500,冷凍,201870,公斤,42945,有機,181880,蔬菜,82905,包,20205
產銷,120625,溫促,4126430,請給,1560,包,10430,上,7110,菠菜,40440,冷藏,18220,菇,110360,田園,25480,辣椒,17890
250g,44850,鮮食促,1854590,辣椒,1560,需要,6615,產,3300,蔬菜,26145,大成,6720,雪白,85225,浪味,19535,要,7015
空心菜,30005,青花菜,123780,我,1110,10,545,包,3295,花椰菜,25860,裝,6615,好,64335,仙,19535,3,845
菜產銷,23795,玉米,115725,兩包,145,鮮切,490,100g,1795,毛豆,21855,大包,6580,家樂福,49095,20g,9810,4,540
小白菜,21745,北農,110365,5,130,兩包,465,雞,1485,仁,16090,肉豬,6240,好友,24450,42g,7025,6,495
香蕉,20725,地瓜,102770,2,125,有,465,粉,1485,亞細亞,15930,腿,4970,空心菜,16110,沙拉,4950,2,380
地瓜,15935,包,101920,4,110,裕,460,無裹,1425,KS,14810,肉去,4735,力,12740,綜合,4520,5,275
