item_name,item
冠利 紫 包心菜 350g,5
寶宏安柏 濃郁 起司 絲,20
浤 良 熟 鹹 蛋,6585
大比薩 享用 券 100,5
日本 製 摩斯 漢堡 薯條 Mos 炭烤 牛排 七味 粉馬鈴薯 照燒,15
熟 鹹 蛋,205
KOUJI 台灣現 貨馬卡龍 雞 蛋盒 美妝蛋 4 粒裝 美妝蛋,65
現貨 不用 等 日本 MORINAGA 森永 Bake 雙重 起司磚,5
g000050400 贈品 雞 蛋盒 美妝蛋 4,105
珍珠 麻花 皮筋 3 入組 全純 黑,20
康寶獨 享杯 港式 酸辣 3 入,55
日益 QQ 粉圓 300g 包小 珍珠 珍珠 飲料 配料 剉,10
源牧鮮 蛋 10 入裝,5
4 份 黑胡椒 1 包,5
寶 多福 健康 犬餐 熟齡 配方 35kg 愛買,10
鐵板椒 香舒肥 雞 胸肉 1 包隨手 包 100g10 包,5
浤 良 熟 鹹 蛋 4 入,5
