現做咖啡飲品_key,現做咖啡飲品_no,罐裝_瓶裝咖啡_key,罐裝_瓶裝咖啡_no,沖泡式咖啡_key,沖泡式咖啡_no,濾掛式咖啡_key,濾掛式咖啡_no,現做茶飲品_key,現做茶飲品_no,茶飲_key,茶飲_no,碳酸_汽水_key,碳酸_汽水_no,果汁_果醋飲_key,果汁_果醋飲_no,運動飲料_key,運動飲料_no,養生飲品_key,養生飲品_no,能量飲料_key,能量飲料_no,沖泡類飲品_key,沖泡類飲品_no,礦泉水_key,礦泉水_no,氣泡水_key,氣泡水_no,鮮乳類_key,鮮乳類_no,保久乳_key,保久乳_no,調味乳_key,調味乳_no,優格_key,優格_no,優酪乳_key,優酪乳_no,發酵乳_key,發酵乳_no,豆漿_key,豆漿_no,其他植物奶_key,其他植物奶_no,現做霜淇淋_聖代_key,現做霜淇淋_聖代_no,冰淇淋_key,冰淇淋_no,甜筒_key,甜筒_no,水果冰品_key,水果冰品_no,蒸箱食品_key,蒸箱食品_no,地瓜_key,地瓜_no,熱狗_key,熱狗_no,關東煮_key,關東煮_no,米飯類_key,米飯類_no,麵食類_key,麵食類_no,三明治_key,三明治_no,漢堡_key,漢堡_no,生鮮蔬果_沙拉_key,生鮮蔬果_沙拉_no,湯品_key,湯品_no,水餃_點心_key,水餃_點心_no,麵包_key,麵包_no,蛋糕_key,蛋糕_no,中式糕點_key,中式糕點_no,其他甜食_key,其他甜食_no,加工蛋_key,加工蛋_no,生鮮蔬菜_key,生鮮蔬菜_no,生鮮肉品_key,生鮮肉品_no,生鮮海鮮_key,生鮮海鮮_no,冷藏調理_key,冷藏調理_no,冷凍蔬菜_key,冷凍蔬菜_no,冷凍肉品_key,冷凍肉品_no,冷凍海鮮_key,冷凍海鮮_no,冷凍微波料理_key,冷凍微波料理_no,餅乾_key,餅乾_no,堅果_key,堅果_no,肉乾_肉紙_key,肉乾_肉紙_no,豆乾_key,豆乾_no,魷魚絲_key,魷魚絲_no,海苔_key,海苔_no,布丁_果凍_key,布丁_果凍_no,果乾_key,果乾_no,即飲甜品_key,即飲甜品_no,糖果_key,糖果_no,巧克力_key,巧克力_no,其他零食_key,其他零食_no,料理調味_key,料理調味_no,果醬_抹醬_key,果醬_抹醬_no,有機食品_key,有機食品_no,罐頭_key,罐頭_no,各式麵條_拌麵_key,各式麵條_拌麵_no,泡麵_key,泡麵_no,米_key,米_no,米_key,米_no,民生紙品_key,民生紙品_no,洗衣用具_key,洗衣用具_no,家庭清潔用品_key,家庭清潔用品_no,家庭清潔洗劑_key,家庭清潔洗劑_no,衣物清潔_key,衣物清潔_no,嬰幼兒用品_key,嬰幼兒用品_no,餐廚用品_key,餐廚用品_no,汽機車用品類_key,汽機車用品類_no,女性衛生用品_key,女性衛生用品_no,髮部清潔_保養_key,髮部清潔_保養_no,身體清潔_保養_key,身體清潔_保養_no,口腔保健_key,口腔保健_no,美容保養_key,美容保養_no,貓食_key,貓食_no,狗食_key,狗食_no,其他寵物食品_key,其他寵物食品_no,寵物用品_key,寵物用品_no,運動健身_key,運動健身_no,戶外露營_key,戶外露營_no,大型家電_key,大型家電_no,廚房家電_key,廚房家電_no,生活家電_key,生活家電_no,美容家電_key,美容家電_no,視聽娛樂家電_key,視聽娛樂家電_no,書籍_key,書籍_no,數位內容_key,數位內容_no,文教用品_key,文教用品_no,手機_通訊_週邊_key,手機_通訊_週邊_no,電腦螢幕_硬碟_key,電腦螢幕_硬碟_no,相機_攝影_DV_key,相機_攝影_DV_no,品牌鞋款_key,品牌鞋款_no,流行鞋襪_key,流行鞋襪_no,男女內著_key,男女內著_no,童裝_key,童裝_no,女裝_key,女裝_no,男裝_key,男裝_no,個人服飾配件_key,個人服飾配件_no,運動機能服飾_key,運動機能服飾_no,精品／飾品_key,精品／飾品_no,黃金_key,黃金_no,家飾_key,家飾_no,寢具_key,寢具_no,傢俱_key,傢俱_no,床墊_key,床墊_no,菸品_key,菸品_no,威士忌_key,威士忌_no,調酒_key,調酒_no,啤酒_key,啤酒_no,紅白酒_key,紅白酒_no,禮盒_key,禮盒_no
美式,6483255.0,咖啡,5192510.0,咖啡,387780.0,咖啡,387780.0,件,1429850.0,茶,12916370.0,可樂,1920505.0,茶,1724575.0,飲料,14909430.0,食品,839930,康貝,63565.0,茶,913335.0,水,3188980.0,泡水,1093355.0,鮮乳,6015615.0,牛乳,1444740.0,牛乳,2211955.0,優格,292710.0,優酪,2790670.0,發酵,1487420.0,漿,2617750.0,義美,13720.0,霜淇淋,3094270.0,包,1330865.0,二配,1190505.0,V,260125.0,奇美,244670.0,地瓜,61800.0,熱狗,1460120.0,捲,826130.0,飯,6277820.0,麵,2861710.0,三明治,2344025.0,堡,1576935.0,沙拉,959815.0,麵,56800.0,套餐,14000.0,麵,3727075.0,5,6585790.0,花生,182960.0,波堤,7185990.0,大利,41975.0,玉米,3642945.0,折價券,2387575.0,蝦皮,3261160.0,雞,788025.0,低,4127610.0,火鍋片,647060.0,蝦幣,1116600.0,火鍋,1111070.0,洋芋片,3322325.0,花生,588990.0,豬肉,350295.0,豆,250370.0,鱈魚,554530.0,海苔,705940.0,蜜,34445.0,無籽,334395.0,金星,421430.0,軟糖,1150320.0,巧克力,5259080.0,5,1319760.0,醬,1393820.0,蜂蜜,1280420.0,有機,568980.0,玉米,1594645,麵,4713440.0,麵,2651515.0,飯,6277820.0,米,682465.0,衛生紙,2448530.0,洗衣,572615.0,5,794035.0,無,1636340.0,洗衣,637885.0,5,333715.0,環保杯,1790735.0,汽油,14093100.0,棉,4214.0,髮,8636.0,抗菌,1835.0,雞,4888.0,面膜,1840.0,鮪,9137.0,牛肉,192.0,雞,483.0,包款,552.0,用品,51.0,轉儲,13599.0,美式,92.0,料理,1448.0,平台,4617.0,刀,27.0,真無線,49.0,煙,3660.0,預收,152.0,影印,11989.0,電話線,999.0,雀巢,958.0,折扣,21656.0,光泉,850.0,雞,4212.0,L,43.0,小,12529.0,折扣,2412.0,白金,3121.0,寶亨法,2116.0,睡衣,108.0,飾品,163.0,翡翠,70.0,保鮮盒,31.0,棉被,209.0,整理,55.0,派,3433.0,毫克,49888.0,威士忌,615.0,燒酒,221.0,已,9571.0,甜紅酒,361.0,貨費,9463.0
拿,4063520.0,拿,2443245.0,入,101210.0,入,101210.0,紅茶,1401770.0,奶茶,6766840.0,可口,1233075.0,果汁,1714910.0,促,11142400.0,飲食,671530,富飲料,63565.0,奶茶,829390.0,鹼性,2821265.0,鹼性,705455.0,全脂,3665140.0,光泉,1404910.0,光泉,1445735.0,林鳳營,148790.0,乳,2069635.0,乳,1261110.0,無,1975610.0,豆奶,13195.0,草莓,771435.0,麵,1286815.0,麵,1099575.0,那堤,225030.0,肉包,158150.0,條,30875.0,原味,945855.0,桂冠,657295.0,折扣,5608415.0,炒,387055.0,起司,701565.0,牛肉,987710.0,雞,431485.0,啦,34060.0,加購熱,13440.0,包,3538790.0,1,3995095.0,中華,161035.0,211216,6430360.0,廣,41975.0,履歷,2619530.0,檔,1979705.0,折扣,3258960.0,餐六塊,577220.0,溫促,4126430.0,梅花,388570.0,蝦皮,1041885.0,肉片,1073735.0,原味,3196520.0,萬歲,559615.0,肉,237055.0,211216,179955.0,香絲,500655.0,雞,284260.0,蜀黍,25710.0,梅肉,220070.0,禮兌換,421430.0,糖,1131095.0,可可,1532395.0,味,695040.0,鹽,676340.0,蜂蜜水,327705.0,豆芽,341315.0,湯小,1322505,牛肉,893610.0,拉,255325.0,折扣,5608415.0,三好,188065.0,抽取,2322180.0,衣架,463510.0,入,622900.0,汽油,1628340.0,抗菌,151340.0,鮮食類,197295.0,日式,277670.0,無,14002325.0,靠得住,2973.0,洗,3465.0,沐浴乳,1565.0,香草,4827.0,防曬,1068.0,魚細卷,8935.0,麵,167.0,麥,236.0,配件,552.0,按摩,45.0,找零,13599.0,會員,45.0,韓式,1411.0,費,4617.0,鬍,27.0,藍牙耳機,44.0,寶亨涼,3659.0,30,119.0,黑白,11987.0,黑,849.0,奶粉,958.0,2NV,8332.0,餐點類,748.0,小腿,2629.0,褲,42.0,青,8099.0,付款,2412.0,尊爵,3121.0,藍絲晶球,2116.0,內,103.0,萬巒,103.0,價購,70.0,樂扣,31.0,午茉綠,205.0,收納盒,48.0,雙餡,3432.0,硬盒,42004.0,蘇打,353.0,初飲,214.0,類金額,9571.0,GIANNID3,332.0,60,9463.0
鐵,3498265.0,鐵,2312770.0,鷹牌,63625.0,鷹牌,63625.0,元,1175390.0,綠茶,4626240.0,黑松沙士,845320.0,純,1197115.0,能量,1209425.0,加,307145,特大,63565.0,雞,780080.0,離子,2511700.0,水,662260.0,林鳳營,1325215.0,奶茶,729515.0,牛奶,903280.0,草莓,130270.0,加糖,709175.0,活菌,1170535.0,光泉,1913885.0,936ml,5535.0,優格,711535.0,二配,1188400.0,包,1099100.0,濃抹,168030.0,芝麻,110950.0,A,30865.0,經典,892650.0,黃,424570.0,蝦皮,5601855.0,大利,370400.0,烤,652955.0,餐,646210.0,胸,276805.0,咔,34055.0,烤類,13440.0,土司,2334110.0,外送費,3870805.0,桂冠,143270.0,草莓,4850450.0,皮蛋,38815.0,湯小,2482915.0,價券,1663340.0,蝦幣,1977975.0,啦,272850.0,鮮食促,1854590.0,雞,379680.0,折扣,1041255.0,桂冠,1066060.0,配薯餅,2264520.0,牌,456010.0,鱈魚,217435.0,香波,179955.0,北海,494125.0,k,263625.0,統一雞,8735.0,S,210150.0,泰山,263860.0,草莓,777755.0,波堤,850385.0,鮮食類,680210.0,等,584860.0,毫克,283410.0,有,258910.0,C,647040,來,658015.0,農心,253690.0,蝦皮,5601855.0,一等,157330.0,抽,2100770.0,洗衣袋,285730.0,清潔,588180.0,折抵,1616070.0,膠囊,134730.0,味,196865.0,料理,267425.0,鉛,13996770.0,片,1898.0,精,1341.0,濕巾,1420.0,匈牙利,4820.0,3,731.0,一配,8935.0,阿Q,126.0,團涼,232.0,新鴻運,153.0,成功,42.0,烤肉,405.0,變頻,25.0,鍋具,126.0,無線,150.0,6,20.0,入耳式,23.0,新,1676.0,鮮,118.0,日本,1169.0,入,786.0,號新,958.0,3JX,7235.0,摩斯,615.0,胸,1636.0,透氣,26.0,蔬,8093.0,套餐,2134.0,男,352.0,香菸,2116.0,衣服,23.0,耳絲盒,93.0,點加,70.0,團小夜,16.0,霜淇淋,205.0,特級,46.0,墊,1495.0,七星,41275.0,金車,353.0,水蜜桃,208.0,票券,9571.0,酒,102.0,店取,9463.0
冰,3231650.0,貝納頌,1838930.0,煉奶,60665.0,煉奶,60665.0,仙女,1154745.0,綠,2867180.0,蘋果,624995.0,喫,1060130.0,補給,1183270.0,濃度,307095,飲品,50350.0,卡啦脆,775645.0,海洋,1227025.0,離子,538225.0,瑞穗,1236845.0,福樂,387060.0,蘋果,626650.0,果實,102155.0,無,670640.0,多多,1035020.0,加糖,1910915.0,豆皮,5475.0,茶,645740.0,冰淇淋,870040.0,肉,592655.0,茶,154240.0,鮮,101250.0,送,30865.0,起司,273555.0,肉桂,392855.0,糰,5478905.0,涼,338465.0,雞,557975.0,雞腿堡,543540.0,和,234845.0,中辣,33805.0,起司,5600.0,二配,2277745.0,鮮食類,3709980.0,湯圓,140180.0,那堤,3062920.0,松花,38800.0,有機,2193615.0,蝦皮,1615330.0,鮭魚,287595.0,卡,272840.0,履歷,286375.0,冷藏,298645.0,仁,161330.0,豬,1038875.0,口味,1834975.0,堅果,453970.0,香絲,200045.0,堤,179955.0,600G,172135.0,香麻脆,263625.0,口味,8735.0,乾,159195.0,西雅圖,171935.0,棉花,718360.0,211216,613965.0,滷,654790.0,濃湯,583735.0,義美,227060.0,綠,174270.0,咖哩,271340,一客,621910.0,包,224090.0,糰,5478905.0,玉米,154040.0,式,1327415.0,10,176835.0,噴霧,537465.0,鉛,1616010.0,精,97920.0,滷,192185.0,不,259975.0,113F12095001,8391675.0,熟睡,1891.0,乳,829.0,酒精,1130.0,烤,4819.0,凝乳,628.0,02,305.0,紅椒,126.0,拌,232.0,號,153.0,肌,42.0,不,343.0,公升,12.0,鍋,80.0,多功能,100.0,電動,16.0,Havit,21.0,毫克,1234.0,大林,118.0,袋,1163.0,棒,635.0,金能,958.0,2AZ,2323.0,漢堡,615.0,桃木,1627.0,用,25.0,滷,8093.0,滿福堡,963.0,俊,270.0,美,241.0,背心,6.0,眼鏡,81.0,海水,65.0,燈,16.0,90g,154.0,沉香,46.0,耶加雪菲,520.0,香煙,34082.0,蘭,154.0,至極梅,36.0,開發,9571.0,高粱,85.0,店到,9463.0
咖啡,2607720.0,經典,1307765.0,即,50020.0,即,50020.0,2,987765.0,烏龍,2474080.0,汽水,601220.0,波蜜,1029060.0,紅牛,559730.0,一份,307090,160ml,2875.0,k,775645.0,台鹽,1100975.0,氣,444630.0,義美,1102010.0,飲,380835.0,巧克力,536900.0,大粒,101630.0,AB,460320.0,統一,926035.0,豆奶,1344305.0,全豆,4905.0,綜合,514635.0,牛奶,811715.0,鬆,592620.0,冰醇,145755.0,包,86775.0,BOGO,30865.0,濃夾心,235370.0,豆皮,282740.0,蝦幣,3856815.0,烤,275860.0,蛋,506545.0,BLT,501840.0,風醬,221475.0,雞腿堡,33300.0,雷蒙德,4480.0,一配,1605605.0,味,3693925.0,豆花,139495.0,大,2259545.0,入,27815.0,有,1397820.0,折扣,1615200.0,特選,186505.0,雞腿堡,272705.0,冷凍,201870.0,肉片,290000.0,海鮮,125265.0,梅花,598410.0,玉米,1660555.0,杏仁,366480.0,北海,182530.0,沙茶,96035.0,海苔,110515.0,花椒,263625.0,豆奶,8735.0,果物,139355.0,咖啡,96240.0,薄荷,673260.0,五促,601750.0,小菜,648295.0,油品,575480.0,紅茶,226200.0,黃,162745.0,泡菜,263850,維力,353160.0,牛肉,200170.0,蝦幣,3856815.0,糙米,148780.0,1,1299685.0,錠,158720.0,回饋,530210.0,額,1616005.0,日本,95000.0,小菜,189285.0,鋼,220250.0,113F12092005,2900365.0,舒涼,1643.0,霜,763.0,潔膚,1022.0,翅,4819.0,優酪,595.0,聰明,305.0,桶,126.0,藜,232.0,LUCKY7,153.0,台灣豬,42.0,鋼,342.0,610,12.0,R2,64.0,充電,100.0,系列,11.0,環繞,21.0,七星,938.0,0905,118.0,夾鏈,1161.0,棉花,620.0,恩,958.0,3JY,1646.0,香菸,578.0,燻,1627.0,三角,25.0,一配,4418.0,無敵,963.0,隈,270.0,康是,241.0,兒童,5.0,白菜,57.0,石斑,65.0,手機,16.0,噴霧,154.0,烏,46.0,單品,520.0,天藍,17383.0,格,154.0,酒,36.0,生啤酒,3213.0,酒香,85.0,球拍,1570.0
大熱,2384985.0,黑,572500.0,溶,46630.0,溶,46630.0,奶茶,950205.0,件,2352580.0,可樂中,548085.0,綜合,678530.0,飲,497130.0,飲料,183505,飲料,1060.0,可可,463905.0,純水,995800.0,飲,398200.0,光泉,1028955.0,麥香,364105.0,他,435525.0,特濃重,68980.0,原味,459920.0,原味,808970.0,高纖豆,1073925.0,毛豆,2945.0,巧克力,508225.0,一配,685630.0,一配,374860.0,冰風味,65065.0,鹿港,53925.0,包,22770.0,美式,204250.0,金魚,264295.0,一配,2369550.0,雞,268575.0,火腿,400405.0,蛋堡,379730.0,地瓜,213000.0,XL,31950.0,夾心,4480.0,夾心,1406280.0,滷,3641150.0,愛玉,115930.0,蜜糖,2188020.0,蛋白,24220.0,產銷,907275.0,現金折,1523575.0,V,178445.0,k,272670.0,有機,181880.0,腿,282560.0,包,116450.0,雞塊,534005.0,捲,1616925.0,盛香珍,296990.0,原味,107295.0,德昌,87205.0,魷魚,108270.0,青,263625.0,250ml,8735.0,葡萄乾,137185.0,愛之味,95050.0,茶葉,534615.0,康康,601750.0,外送費,635745.0,加值,575240.0,蜜糖,222340.0,家樂福,115105.0,鮪,263190,包,345880.0,辛拉,192870.0,一配,2369550.0,香米,129205.0,張,1297320.0,R,154330.0,香氛,513260.0,洗衣,1203860.0,漂白,90700.0,外送費,187515.0,5,157850.0,95,1397275.0,茶樹,1643.0,護,680.0,Biore,1012.0,老虎,2239.0,補水,592.0,魚肉,305.0,101g,126.0,毛豆,232.0,香菸,153.0,憎帽,42.0,鏽,340.0,國際牌,12.0,充電體,64.0,LaPOWT01AW10000mAh,100.0,德國百靈,10.0,低音,21.0,牛肉,857.0,飛利浦,49.0,冰塊,1135.0,支,620.0,800g,958.0,2RY,950.0,雲摩爾,578.0,襪,862.0,男,25.0,夢,4418.0,MegaSausageMcMu,963.0,釀朝,270.0,寶,220.0,竹紗,4.0,油,48.0,嚴選黃金,45.0,支架,16.0,防曬,154.0,KEYWAY,39.0,雙人,519.0,香菸,16822.0,百,154.0,CHOYA,33.0,金牌,3177.0,腸,85.0,達晶,1570.0
中,1485685.0,曼特寧,534925.0,雀巢,46580.0,雀巢,46580.0,冰,900140.0,喫,2300805.0,小,384590.0,蔬果,676910.0,牛維,454025.0,共有,152615,罐裝,475.0,穀,367085.0,泰山,509585.0,氣泡,362660.0,低脂,513225.0,他,303035.0,富維,435525.0,蜂蜜,68795.0,草莓,440950.0,比菲多,781915.0,燕麥,942575.0,黎麥,2850.0,抹,431615.0,雪糕,626025.0,好,335955.0,冰樂,29350.0,包子,53265.0,金家,22710.0,大熱狗,141055.0,翅,242715.0,二配,1329860.0,焗,257030.0,鮪,294170.0,起司,355465.0,洋芋,192640.0,風味,30890.0,熱壓,3405.0,吐司,1154650.0,小菜,3626275.0,中華甜,114650.0,巧克力,2151990.0,蛋,18760.0,蔔,798605.0,雞,1471215.0,那堤,174420.0,豆腐,271555.0,包,137640.0,澳牛,281630.0,KS,108565.0,麥克雞塊,509140.0,包,1616530.0,綜合,252225.0,餐豬,106775.0,乾,76715.0,原味,86270.0,烤,130200.0,蛋,8735.0,梅子,106310.0,拿,86445.0,倉,534550.0,黑,574790.0,日用,557080.0,504CT0000000,553440.0,波堤,220505.0,香菇,54870.0,韓式,240335,科學,292150.0,碗,165450.0,二配,1329860.0,穀,109905.0,印花,1240290.0,衣錠,146850.0,金,508890.0,903019500195,927935.0,超濃縮,83330.0,保健食品,151035.0,用品,157265.0,代收,726730.0,衛生,1466.0,潘婷,542.0,胺基酸,997.0,牙子,2239.0,乳原,559.0,套餐,305.0,胛,78.0,100g,195.0,花雕,39.0,瑜珈,39.0,入,190.0,Panasonic,12.0,重機,64.0,Panasonic,86.0,BRAUN,10.0,威特,21.0,套餐,857.0,0824,33.0,九州,1135.0,雙頭,619.0,1,586.0,2I6,211.0,毫,574.0,黑,512.0,峰,18.0,啦,4418.0,加蛋,963.0,無大吟,270.0,珠,219.0,居家,2.0,1028,46.0,比例,45.0,手,16.0,高效,154.0,白,33.0,超值,393.0,雲絲頓,14684.0,齡,154.0,風味,32.0,台灣,2777.0,黑橋牌,83.0,佳士,1570.0
大冰,1473430.0,廣場,435385.0,掛式,42910.0,掛式,42910.0,茶,740095.0,純,2247030.0,百事,356120.0,鮮榨,641485.0,寶礦力,361200.0,飲,131030,崇德,405.0,濃湯,321390.0,悅氏,324330.0,強氣,257430.0,乳香,501410.0,富維,303035.0,麥芽,413020.0,乳,67690.0,光泉,437365.0,活益,618140.0,鮮豆漿,930255.0,組,1000.0,春日,431100.0,可可,519395.0,棒棒,335760.0,風味星,15540.0,捲,41165.0,紫薯,22710.0,捲,134275.0,豆腐,229790.0,咖哩,1206335.0,燻,255785.0,醬燒,292465.0,火腿蛋,273635.0,火腿,187965.0,韓式,28475.0,美式,1840.0,起司,1045995.0,蛋糕,2392545.0,仙草,102475.0,布丁,2101155.0,鹹,18755.0,青江,783955.0,雞塊,1408485.0,糰,162205.0,蛋,216720.0,青花菜,123780.0,肌火鍋,251505.0,生蝦,103615.0,五花,496625.0,雞,1584765.0,瓜子,245940.0,鬆,97630.0,滷,54775.0,珍珍,51755.0,鹽,104195.0,貝比,4110.0,草莓,104480.0,鐵,82900.0,蛋入,534420.0,牛奶,569265.0,百貨類,557080.0,料理,539555.0,211216,220475.0,機厚肉,53285.0,愛之味,215930,拉,278205.0,涼,144240.0,咖哩,1206335.0,湯大,109065.0,雙人牌,1234670.0,曬,146475.0,衣物,469660.0,費,557270.0,球,82630.0,日用,149800.0,點心,138770.0,113F12098008,583815.0,蕾,1275.0,精華,495.0,沐浴,975.0,有,2239.0,統一,557.0,魚餐,107.0,心肉,78.0,嫩,194.0,台酒,39.0,墊,38.0,冷藏,166.0,大熱,10.0,瓦城,56.0,洗車,76.0,新,10.0,海,21.0,堡,857.0,抗漲,33.0,自動,807.0,無線,581.0,HA1,578.0,3A2,162.0,臺,451.0,船襪,212.0,舒涼,18.0,哆,4418.0,豬肉,963.0,休閒,248.0,飾品,219.0,丈青,2.0,結球,45.0,黃,42.0,hoi,11.0,可皙,154.0,瑪莉,33.0,棉花,387.0,藍,9272.0,罈,154.0,樂龍舌蘭,31.0,沙瓦,2522.0,紅酒,80.0,禮盒,1215.0
V,1370180.0,冰,412155.0,三合一,42690.0,三合一,42690.0,青茶,594720.0,元,2061615.0,氣泡,351670.0,紅,609715.0,水得,351605.0,黑木耳,94820,發黑,365.0,桂格,303935.0,PH90,274400.0,檸檬氣,257225.0,福樂,440040.0,保久乳,263350.0,瑞穗,368750.0,烤,57440.0,自然,416950.0,萊爾富,544840.0,奶,839160.0,入,845.0,杯裝,410380.0,茶,402710.0,草莓,292765.0,香草,15020.0,香辣,38575.0,元,3025.0,乳酪,132155.0,勁辣,214935.0,套餐,104935.0,火腿,251180.0,堡,171055.0,雙層,260840.0,彩蔬,166620.0,牛肉,25700.0,土司,1775.0,奶酥,1027730.0,送,2011680.0,嫩,90590.0,優格,2097770.0,熟,18740.0,分享,727825.0,梅花,411970.0,輪切,140995.0,泡菜,74370.0,產銷,120625.0,豬里,248410.0,鮭魚,94700.0,豬肉,462545.0,巧克力,1488455.0,小魚,237960.0,乾,94750.0,香脆,54695.0,包,50620.0,韓味,78255.0,綜合,4110.0,一生,92880.0,桂格,79210.0,糖波堤,484340.0,健達,495815.0,禮盒,320115.0,醬油,465330.0,醬,183845.0,機杏,52265.0,辣椒,215660,雞汁,262535.0,不倒翁,125200.0,套餐,104935.0,池上,78865.0,舒潔,1062440.0,膜,143160.0,機,450605.0,物流,557210.0,ARIEL,77650.0,嬰兒,71915.0,樂扣,117365.0,手續費,557385.0,妮,1274.0,美吾,474.0,沐浴露,922.0,牙膏,2224.0,AB,557.0,罐,107.0,玉子,53.0,義式,194.0,用品,36.0,滾珠,24.0,大武山,164.0,大冰,10.0,多功能,54.0,國際牌,60.0,新版,7.0,impact,7.0,安格斯,857.0,桂格,33.0,樂扣,124.0,22888,492.0,隨身,35.0,楓康,144.0,NIKE,101.0,加大,186.0,平口,15.0,童襪,89.0,爵,797.0,戶外,224.0,DECORATIVE,18.0,袍,2.0,包裝,45.0,幣,23.0,置物盤,11.0,曬,154.0,迷你,33.0,螺旋,387.0,登喜路,7063.0,紅,154.0,德斯,31.0,啤酒,2103.0,酒店,79.0,原味,1188.0
奶茶,1335995.0,濃,349610.0,拿,41520.0,拿,41520.0,新冰,584195.0,5,1837810.0,加鹽,329795.0,汁,484295.0,他命,339585.0,餐飲,92500,麥汁,300.0,立頓,300280.0,統一,271965.0,小,211065.0,牛乳,429180.0,飲料,261355.0,福樂,293315.0,瓣,49710.0,機能,250000.0,即,544840.0,麥,816300.0,豆花,780.0,牛奶,351825.0,巧克力,349640.0,果粒,165175.0,茶星,13810.0,美式,29800.0,區現,2850.0,熱狗堡,128205.0,香菇,176555.0,泡菜,96025.0,蒜,165045.0,黑松,154685.0,培根,255990.0,黑胡椒,161435.0,料理,22815.0,培根,1440.0,菠蘿,939130.0,巧克力,1273160.0,花生豆,73180.0,統一,967690.0,雞,16105.0,菇,693730.0,冷藏,268215.0,鮪,127030.0,慶尚,63210.0,地瓜,118705.0,香腸,179315.0,虱目,91240.0,六塊,353260.0,起司,1426045.0,腰果,156335.0,起司,88320.0,豆乾,53825.0,鬆,48460.0,元,72035.0,花椒,3365.0,統,91710.0,代銷,70435.0,221129,483480.0,可樂中,403760.0,海苔,190525.0,咖哩,355705.0,小可,161195.0,鮑菇,40830.0,麵,212435,韓式,255755.0,風味,121020.0,泡菜,96025.0,米酒,77015.0,包,806125.0,普拿疼,142155.0,打火,450320.0,抗菌,550430.0,豆,74340.0,棉被,36875.0,鏽,94520.0,92,337920.0,超,1167.0,修護,471.0,100g,861.0,牙刷,1120.0,25ml,553.0,咪咪,107.0,燒雞肉,53.0,胸,194.0,日本,17.0,勁涼,23.0,網,105.0,日立,9.0,泡菜,45.0,空氣,59.0,電,7.0,機器,7.0,彩色,817.0,13W,29.0,眼鏡,107.0,親節,492.0,碟,34.0,入,144.0,耐吉休,65.0,船形,168.0,衣粉,11.0,女童,72.0,古拉,797.0,牛仔,169.0,眼鏡,18.0,長,2.0,超控,45.0,街口,23.0,滴水,11.0,高絲,154.0,收納箱,31.0,床,340.0,倫敦,7063.0,璽,154.0,伏特加,29.0,微醉,1880.0,調晶華,79.0,肯德基,1009.0
焦糖,1299985.0,蜜糖,347745.0,鐵,40380.0,鐵,40380.0,四季春,575700.0,紅茶,1685575.0,打,327375.0,搾,457095.0,運動,320125.0,燕麥,92350,18CN,210.0,玉米,281050.0,怡漾,266655.0,味丹,210795.0,鮮奶,377170.0,蘋果,252125.0,統一,137665.0,鮮美橘,49710.0,統一,179265.0,纖順暢,307925.0,燕,809815.0,豆腐,640.0,派,49725.0,克林姆,339555.0,滿餡,165170.0,醇,13810.0,黑糖,27660.0,蒸,2850.0,熱食,112130.0,鮮,102895.0,韓式,84590.0,排義,164595.0,露嫩,154685.0,肉,244725.0,嫩,154900.0,雞,20925.0,堡,1385.0,可頌,262885.0,一配,1038755.0,花,73180.0,餅,921970.0,10,15935.0,雪白,650785.0,豬,149415.0,冷藏,123785.0,北道,63210.0,玉米,115725.0,翅,174295.0,魚片,54265.0,湯圓,315805.0,草莓,1393770.0,豆奶,153795.0,餅,86665.0,原味,49465.0,肉,44595.0,本山,72035.0,青,3365.0,甜心,83030.0,八寶粥,70250.0,原味,336830.0,草莓,403710.0,爆米花,187800.0,日式,234000.0,頌,161195.0,5,40480.0,玉米粒,197850,風味,220635.0,拌,119030.0,韓式,84590.0,台灣,69010.0,片,739600.0,槽,126170.0,菜瓜布,401235.0,精補,470295.0,白蘭,73055.0,安全,36730.0,日本,85310.0,機車,198495.0,柔,1152.0,控油,450.0,沙威隆,774.0,白,747.0,保養,523.0,專用,33.0,香腸,53.0,腿,172.0,包箱,15.0,曼秀雷敦,23.0,鋁箔,103.0,框鋼板,8.0,鍋寶,27.0,清淨機,52.0,智能,7.0,IM00N05NY,7.0,白金,672.0,預收整,26.0,系列,99.0,中華電父,492.0,金士頓,26.0,20cm25cm150,144.0,閒鞋,65.0,彈性,167.0,絲內,11.0,人力,52.0,入,776.0,品,169.0,隱形,18.0,女,2.0,UV,45.0,金鯧,19.0,萬用,11.0,極效,154.0,特價品,27.0,乳膠,277.0,峰,6982.0,蘇,154.0,芬蘭,23.0,裝,1837.0,單顆,79.0,x5494,1009.0
杯,1244205.0,波堤,347725.0,濾掛,39745.0,濾掛,39745.0,蜂蜜,565215.0,茶園,1452510.0,蘇打,322660.0,農,456285.0,利多,300100.0,1,81695,自備,130.0,拿,269485.0,S,259475.0,分子,210645.0,一番,301890.0,果汁,244205.0,調味,125970.0,蜜汁,34475.0,LP33,172705.0,新,307915.0,製,809800.0,傳統,595.0,蘋果,49475.0,義美錫蘭紅,326940.0,杯,122360.0,冰特風味,13510.0,餐包,24435.0,紅春香,1515.0,丹麥,82485.0,入,91755.0,肉,82635.0,腿,164480.0,經典,142685.0,勁辣,226185.0,鐵板,151275.0,套餐,19615.0,紐奧良,875.0,肌,204140.0,那堤,897090.0,凍,60615.0,焦糖,745915.0,好,15930.0,筍非,526695.0,肉片,135480.0,魚片,101125.0,餐盒,56725.0,北農,110365.0,骨,170395.0,魚肚,45455.0,四塊,278930.0,薯條,1391270.0,包,118285.0,寬條,85500.0,炸雞,43275.0,圈,42115.0,不二,71070.0,蒟,2345.0,芭樂乾,82360.0,大特,70040.0,口味,334960.0,221101,322900.0,星巴克,151730.0,糰,205125.0,220713,151480.0,菇,39900.0,筋,170580,大餐,201905.0,大蒜,118335.0,肉,82635.0,料理,60250.0,10,649115.0,日用,124930.0,現貨,283565.0,精,347395.0,衣物,63840.0,兒童,36065.0,矽膠,84690.0,汽車,185070.0,細,1152.0,精油,404.0,擦,771.0,好來,726.0,時間,523.0,配方,28.0,大餐,41.0,黃,161.0,免洗,15.0,舒緩,23.0,429,103.0,無邊,8.0,家,26.0,元,41.0,飛利浦,7.0,深藍色,7.0,新尊爵,669.0,主機,21.0,彩色,98.0,小,489.0,威剛,25.0,袋中,144.0,運動鞋,51.0,除臭,155.0,會,10.0,直板,52.0,服飾,749.0,OUTLET,169.0,彩色,18.0,M,1.0,ROSEISAROSE,19.0,金,9.0,橘之屋,11.0,被,37.0,三勝,27.0,餐,193.0,薄荷,6607.0,小,72.0,50ml,23.0,天,1387.0,內紅酒,24.0,啦,1009.0
瑪奇朵,1208450.0,220421,335470.0,UCC,37440.0,UCC,37440.0,新熱,546565.0,裏,1296640.0,西,321560.0,蘋,347460.0,FIN,298070.0,有機,73445,利多,100.0,那堤,241670.0,天然水,251720.0,台鹽,195650.0,六甲,298775.0,巧克力,244085.0,木瓜,121390.0,雞堡,34475.0,零藍莓,156250.0,減糖,256180.0,客,809630.0,有糖,580.0,C,48405.0,冰棒,309435.0,風味,91990.0,鐵,9100.0,茶碗,23810.0,日本,1515.0,大亨,64780.0,起司,82020.0,燒肉,74565.0,炒塔香,164330.0,司堡,138455.0,沙拉,193225.0,雞肉握,143220.0,美式,17865.0,烤,875.0,里,204140.0,V,716035.0,黑糖,37970.0,茶,428850.0,C,15930.0,基改,508620.0,火鍋片,124775.0,切片,90345.0,雞塊,56300.0,菇,110360.0,台灣,168565.0,鮭,37300.0,C,264805.0,蛋撻,990965.0,無,112240.0,600G,69795.0,新,42860.0,寬,36600.0,酥,70535.0,蒻,2345.0,冰梅肉,72060.0,濃經典,70040.0,啾,295245.0,77,292510.0,原味,147230.0,子,204985.0,餐大麥克,143970.0,珍菇,28385.0,剝皮,169430,滿漢,191250.0,香辣,102270.0,燒肉,74565.0,紅標,60135.0,濕巾,635735.0,百貨類,124330.0,手套,274420.0,清潔劑,313025.0,水,61635.0,推車,29300.0,玻璃,81995.0,車用,112850.0,緻,1152.0,香水,373.0,立得,770.0,Darlie,701.0,雪芙蘭,523.0,鮮包,26.0,D,39.0,冷藏,26.0,用,15.0,50ml,23.0,方盤,103.0,能效,8.0,魔力,26.0,鹼性,22.0,黑,7.0,袋,7.0,日,631.0,台灣,19.0,片裝,61.0,電話,473.0,合金,23.0,耐熱,144.0,慢跑鞋,38.0,12,150.0,LU2017L,10.0,超,52.0,3,735.0,運動,75.0,拋,18.0,XL,1.0,鋼針,16.0,J140,9.0,好好,11.0,100,31.0,抽屜,18.0,優惠,193.0,新,6482.0,傑克,71.0,柚子,20.0,黑標,1091.0,梅洛,23.0,脆,1009.0
特大,1085000.0,伯朗,283505.0,白,22400.0,白,22400.0,醇,532230.0,日式,1274765.0,飲,303805.0,一日,333875.0,奧,296750.0,啤酒,55280,金車,100.0,麥香,182325.0,竹炭,240710.0,多喝水,178580.0,田莊,298775.0,超能,208900.0,特濃鮮,114285.0,N,34475.0,福樂,154085.0,配方,177800.0,義美,795150.0,光泉,495.0,糖果,41340.0,花生,267425.0,那堤,91820.0,冰沙,8985.0,蒸,23665.0,球,970.0,元,63140.0,旋風,79620.0,珍珠,66315.0,牛肉,138655.0,雙牛起,138450.0,美式,132430.0,雞肉,121360.0,炸雞,17785.0,熱熔,715.0,小農鮮奶,159205.0,馥郁,576415.0,水果,36075.0,230110,375780.0,香草,10640.0,高麗菜,463465.0,澳洲,117880.0,魷魚,74880.0,烤,56185.0,蔬菜,109050.0,去,157750.0,飯,37025.0,汽水,255765.0,k,962280.0,香,109585.0,牛肉乾,68720.0,麻辣,42180.0,沙拉,35990.0,原味,50195.0,雞,2315.0,日本,71835.0,阿華田,58545.0,嗨,295035.0,碎片,265485.0,米果,140225.0,辣椒,200970.0,香菸,132665.0,雪白,25425.0,土豆,144710,炸醬,166275.0,麻辣,87895.0,珍珠,66315.0,小米,53960.0,紙巾,493635.0,衣物,106105.0,日用,270250.0,充包,309365.0,洗衣粉,60965.0,收納袋,27015.0,陶瓷,79565.0,雨衣,98185.0,吸好眠,949.0,多效護,370.0,清,770.0,限量,617.0,組,453.0,偉嘉妙,26.0,飯,35.0,饗,26.0,尿布,14.0,跳,23.0,304,65.0,一級,8.0,MOLIJIA,26.0,鑽石,21.0,吹風機,7.0,午餐,7.0,讓,621.0,高山,19.0,日,58.0,皮筋,367.0,鋅,23.0,熱的,50.0,耐吉運動,27.0,抗菌,146.0,煙斗,10.0,霸王,52.0,堡,680.0,用品,70.0,月,18.0,短袖,1.0,鍊,13.0,檸檬,9.0,簡約,6.0,寢飾,29.0,箱,18.0,A,141.0,天香,5825.0,丹尼,71.0,瑪格麗酒,20.0,330m,703.0,南非,19.0,雞,1009.0
中冰,851540.0,無糖,278605.0,10,21165.0,10,21165.0,熱紅茶,410390.0,原萃,1146925.0,600ml,286145.0,時刻,231665.0,水,293730.0,2,47870,奧,100.0,玉山,166620.0,泉水,178985.0,海洋,178190.0,鮮鮮乳,288560.0,蛋白,208900.0,乳蛋塔,113990.0,優酪,32875.0,綜合,131395.0,乳酸,62975.0,糖豆,633315.0,統一統,485.0,高級,41210.0,滿餡,245700.0,V,88935.0,阿奇儂,8255.0,蒜,23470.0,紫,970.0,即,62520.0,5,54645.0,藜,66290.0,烏龍,132265.0,肉蛋,127205.0,套餐,128640.0,雙色,118940.0,老爹,17725.0,牛,715.0,香蒜,125715.0,蜂蜜,456190.0,三福,34690.0,歐菲香,326050.0,選,6740.0,好,423120.0,飯,102935.0,鯖魚,72420.0,雞胸,56120.0,雪白,85225.0,鮭魚,134095.0,切片,36820.0,熱狗,255765.0,品客,848375.0,焙果,104725.0,雞,66170.0,豆干,39935.0,統一,35985.0,家福,46075.0,啦,2245.0,義美生機,70480.0,椰果,51035.0,葡萄,280575.0,繽紛樂,261095.0,促,111125.0,胡椒,185395.0,腿,120880.0,一生,16930.0,魚片,138300,蔬菜,146240.0,韓國,64555.0,藜,66290.0,包,53605.0,舒適,452615.0,精,69365.0,百貨類,270190.0,芳香,298850.0,管家,48060.0,墊,17150.0,保鮮盒,78460.0,代付,94640.0,亞極,949.0,花王,356.0,清爽,767.0,蘆薈,617.0,含水,444.0,毛,24.0,雞,34.0,專櫃,26.0,嬰兒,13.0,繩,22.0,OMORY,53.0,HITACHI,8.0,即食,26.0,3,20.0,全,7.0,人,7.0,BLT,536.0,高麗菜,19.0,隱形,54.0,5,285.0,廣穎,17.0,吳郭魚,38.0,鞋,27.0,入,142.0,都,10.0,入,47.0,腿,676.0,男童,43.0,視妝美,18.0,圓領,1.0,耳,11.0,美國,9.0,多功能,5.0,精梳棉,29.0,入,17.0,涼,68.0,紫,5042.0,威雀,54.0,醇堂,19.0,極,589.0,鴕鳥,19.0,蛋撻,1009.0
茶,790540.0,藍山,264175.0,咖啡豆,21095.0,咖啡豆,21095.0,V,378585.0,無糖,973810.0,125L,284215.0,飲料,227420.0,舒跑,237395.0,露,36580,160cc,100.0,馬,159725.0,舒跑,164895.0,悅氏,171600.0,世家,276625.0,牛奶,205465.0,乳,108390.0,乳酪,28565.0,優多,123095.0,草莓,55470.0,桂格,517045.0,箱贈,485.0,可可,21260.0,深,245700.0,冰淇淋,36110.0,風味,7995.0,日式,22110.0,25,825.0,美廉社,62510.0,2,37535.0,堡,65510.0,義,72375.0,餐豬,125045.0,啦,124400.0,醬,116605.0,花椒,14975.0,丼,715.0,花生,121885.0,冰特選,329090.0,風,34125.0,濃抹,272610.0,600g30g10,6740.0,菜,400695.0,火鍋,94025.0,蝦仁,68440.0,四塊,25280.0,好,64335.0,肩里,128235.0,挪威,36435.0,冷凍,213805.0,樂事,593525.0,洽洽,103005.0,肉桂,66120.0,鼎王,28980.0,辣味,34540.0,KS,43900.0,腿,2240.0,蜜,67870.0,純水,50610.0,水果,275160.0,金莎,250155.0,捲,80405.0,小,169665.0,香煙,109960.0,統,16310.0,紅燒,128450,蔥燒,132555.0,桶,50525.0,堡,65510.0,履歷,44325.0,90,422825.0,內衣,61720.0,拖把,248370.0,清潔,262820.0,妙,47985.0,奶嘴,14640.0,現貨,61700.0,用,90600.0,褲褲,916.0,露,257.0,濕,739.0,超氟亮,617.0,Biore,444.0,偉嘉乾,23.0,翅,30.0,柳葉魚,20.0,妙,13.0,捷拉奧拉,21.0,保溫,49.0,冷暖,7.0,KINYO,18.0,吹,20.0,限量,7.0,顯示器,6.0,BLTAngusBeefB,536.0,600g,19.0,拋隱形,53.0,黑大,267.0,吋,16.0,MEKO,35.0,女鞋,25.0,3,142.0,32,9.0,造型,42.0,配件,671.0,12,38.0,團美祿,17.0,涼,1.0,耳絲,10.0,PM,7.0,包黑,4.0,兩用,29.0,寬,16.0,雙人床,56.0,雙晶球,5042.0,克蘭瑟,52.0,瓶,19.0,罐組,473.0,超級,14.0,挪威,645.0
冰紅茶,755545.0,濃經典,232780.0,MOCCONA,17700.0,MOCCONA,17700.0,檸檬紅,356675.0,立頓,964060.0,纖維,247650.0,100,217845.0,保力,215575.0,燕麥奶,32965,杯,100.0,碎片,143170.0,深層,118895.0,泡,170015.0,套餐,230835.0,必思,186795.0,草莓,83395.0,鮮奶,28075.0,益敏,122680.0,LP33,46490.0,的,496995.0,250mlx2,485.0,瑪奇朵,20500.0,焙,245700.0,迷你,34150.0,兌換券,7705.0,燒包,21295.0,栗香,775.0,型,62510.0,和,27910.0,麥燒,65500.0,蕃茄,55145.0,牛肉,109270.0,雞蛋堡,116130.0,烤,81505.0,青,14975.0,花生,690.0,歐,113830.0,黑,265875.0,黑丸,33370.0,派,268980.0,浤,6590.0,針菇,364755.0,冷凍,81580.0,挪威,65185.0,紙包,25250.0,家樂福,49095.0,輪切,127885.0,糰,36120.0,魚餃,205080.0,卡辣姆久,283855.0,義美,99245.0,青,57150.0,蛋,28980.0,絲,33985.0,橘平屋,39350.0,咔,2240.0,葡萄,50920.0,奶茶,45300.0,巧克力,272125.0,三粒,246825.0,綜合,76715.0,磨坊,157030.0,二,95545.0,芽,15695.0,雞湯,125800,鮮蝦,100560.0,杯,45520.0,麥燒,65500.0,天生,40920.0,廚房,343985.0,防滑,54350.0,日本,244745.0,一匙,234945.0,香香,44280.0,包巾,13010.0,製,59095.0,專用,76430.0,晚安,916.0,600ml,257.0,洗面乳,611.0,超值,617.0,保濕水,444.0,糧化,23.0,起司,7.0,去皮,20.0,而,13.0,桃綠,15.0,25cm,36.0,坪,7.0,盤,18.0,風機,20.0,HD08,7.0,耳機,5.0,10,463.0,小米,17.0,保鮮盒,51.0,2,228.0,硬碟,16.0,公司,21.0,男鞋,22.0,810243,142.0,無鋼,9.0,2,38.0,咔,236.0,褲,27.0,能量,17.0,爽衣,1.0,120g,10.0,鉑,7.0,家而適,4.0,床,29.0,聯府面,16.0,尺,53.0,鴻運,4415.0,走路,7.0,麴,19.0,500ml,463.0,玫瑰,14.0,噌,89.0
大,613120.0,代銷,221990.0,金牌,16135.0,金牌,16135.0,小,314360.0,冰室,952500.0,2L,228455.0,紅牌,182730.0,達蠻,205875.0,家樂福,31015,袋,75.0,摩卡,142685.0,味丹,116550.0,口味,139040.0,鮮乳坊,228350.0,可爾,184815.0,鮮乳坊,79745.0,莓果,27805.0,乳原,96775.0,益敏,46470.0,喝,496985.0,加糖,485.0,鹹,20360.0,球,192595.0,拉亞漢堡,18515.0,21PLUS21,5855.0,叉,21265.0,30,670.0,享券餘額,62510.0,風章,27910.0,當加,63280.0,紅燒,51190.0,美式,88650.0,卡,106975.0,清爽,69590.0,香麻,14445.0,重磅,690.0,布里,113760.0,原味,255525.0,三福嫩,30070.0,核果,262475.0,良,6590.0,機金,364735.0,公斤,74975.0,鹽,57265.0,404572,20735.0,空心菜,46115.0,真,122285.0,魚卵,35905.0,水餃,185725.0,的,257530.0,義美高纖,85505.0,肉片,56975.0,干,24015.0,一配,31625.0,半切,33710.0,香麻,2240.0,芒果乾,44050.0,綠豆,45115.0,比菲多,193945.0,V,246710.0,酥,70880.0,橄欖油,140420.0,檸檬,85040.0,機有,15065.0,辣味,98675,魚板,100210.0,烏龍,42460.0,當加,63280.0,漿,39305.0,安心,132575.0,鏽,53290.0,風倍,241295.0,洗碗,217625.0,香草,39080.0,袋,11310.0,304,55980.0,紀錄,74600.0,2,836.0,噴霧,247.0,芬妮,574.0,獅王,536.0,仕女,438.0,魚,22.0,雞肉球,5.0,皇金土,20.0,舒瞬吸,13.0,屈臣氏,15.0,烤,36.0,雞腿堡,7.0,必備,16.0,鈦,19.0,戴森,7.0,4KAndroidTV,5.0,拋心動,349.0,0406,17.0,月,49.0,有線,207.0,讀卡機,15.0,貨,19.0,男,19.0,繡,61.0,排汗,9.0,褲,36.0,中辣,236.0,入,24.0,方塊,17.0,,,隱形,7.0,500600g,4.0,收納,4.0,東妮,29.0,提袋,15.0,B,52.0,菸,4218.0,約翰,7.0,750ml750ml,19.0,麒麟,311.0,凱利嵐卡本,14.0,味,89.0
那堤,570735.0,美式,219550.0,炭燒,12755.0,炭燒,12755.0,569,289505.0,飲,944235.0,維,168475.0,芭樂,179760.0,碳酸,190275.0,黑豆,22170,麥汁易,70.0,奶粉,138780.0,抽,115890.0,舒味,136725.0,農戶,172995.0,乳酸,180930.0,飲,79715.0,光泉,26520.0,養樂多,85630.0,優多,46470.0,黑豆,450395.0,無,485.0,V,20150.0,捲,157730.0,純,18440.0,風味館,5855.0,正港,19885.0,35,670.0,20,57940.0,魚燒,27910.0,便,59675.0,石二鍋,46415.0,蛋堡,74550.0,k,78175.0,配,69590.0,咖哩,10915.0,勞豬,640.0,輕食,108665.0,特選,247325.0,光泉,23635.0,太妃,262475.0,園,5320.0,青蔥,361675.0,澳牛,72390.0,入,44135.0,鄉嫩,14700.0,250g,44850.0,清雞,122285.0,一配,35900.0,蛋,184735.0,海苔,256205.0,全,70635.0,牛肉,48665.0,老,17605.0,龍蝦,31425.0,苔原,33180.0,堡絕,2240.0,超大,42985.0,約克夏,44290.0,S,187485.0,球,231000.0,焦糖,67780.0,胡椒粉,132495.0,排餐,82585.0,150g,13510.0,鰻,90935,2S,98695.0,袋,40985.0,便,59675.0,二等,38255.0,日本,122580.0,入,51740.0,除菌,238545.0,日用,203515.0,4D,37955.0,小獅,10910.0,餐具,54325.0,支付,74600.0,棉衛生,806.0,染,246.0,蒂,574.0,兒童,469.0,肌用,417.0,80g,22.0,燒烤,4.0,鹿野,19.0,舒爽,13.0,4MM,15.0,針,36.0,吸塵器,6.0,烤肉,16.0,元素,19.0,dyson,7.0,吋,5.0,時刻,349.0,吸塵器,15.0,迪士尼,44.0,耳,148.0,晶片,14.0,防水,12.0,AIRMAX97,16.0,刺,61.0,吸濕,9.0,一,27.0,XL,236.0,EF2753,22.0,425,10.0,,,鋯石,6.0,,,附掛,2.0,ToniaNicole,29.0,舞曲,13.0,天然,51.0,寶亨號,4043.0,圓桌,6.0,蘋果,6.0,330mlx6,300.0,卡本,13.0,十全,89.0
濃經典,485675.0,特調,201170.0,系列,12185.0,系列,12185.0,3993,289505.0,麥香,869495.0,大力,168475.0,椰子,178380.0,580ml,162260.0,光泉,21190,330ml,65.0,黑芝麻,127110.0,加厚型,115705.0,思萊姆,136720.0,2,142640.0,可可,178335.0,鮮乳,70965.0,絲,24485.0,活菌,63210.0,飲料,46070.0,厚濃,291160.0,一陽光,485.0,綜合霜,17240.0,愛心,118010.0,蛋,16525.0,焦糖,5770.0,辣味,19165.0,葉,555.0,芝士,45990.0,燕餃,22365.0,雙拼,59670.0,海鮮,45025.0,元氣,74550.0,厚切,75420.0,餐義式,48700.0,吮指,10855.0,麥當,640.0,堡,104830.0,杯子,227885.0,盒,22780.0,紅茶,245625.0,園洗,5320.0,甘藍,346920.0,穀,65765.0,22,42180.0,胡,12535.0,公斤,42945.0,黑橋牌,120305.0,無刺,24425.0,麻辣,184075.0,日本,249570.0,烤,70625.0,蛋堡,47740.0,太珍香,16320.0,明太子,31405.0,味,32715.0,低卡,2240.0,摘,41140.0,湯,43745.0,易口,164705.0,製,223075.0,旺旺,64390.0,番茄,126870.0,七星,80940.0,機甘栗,13510.0,佛蒙特,81275,冬粉,98215.0,爽口,39810.0,雙拼,59670.0,好米,35690.0,春風,97420.0,不,50555.0,清織物,232670.0,百貨類,203440.0,園洗,36520.0,枕,9445.0,台灣,46235.0,清淨劑,74565.0,完美,802.0,180ml,230.0,皂,483.0,入,256.0,敏感,417.0,鮭魚,22.0,肉,4.0,魚脯,15.0,黏貼,13.0,防滑,14.0,方形,35.0,冷氣,6.0,麥飯,16.0,80,16.0,Philips,6.0,realme50,5.0,勁濃,320.0,無線,15.0,1,39.0,風扇,125.0,螢幕,13.0,家福,11.0,WMNSAIRFORC,15.0,跟,54.0,無鋼圈,8.0,立體,27.0,雞腿堡,236.0,四角,16.0,護手,6.0,,,不銹鋼,6.0,,,抹布,2.0,加大,18.0,圓,13.0,充氣床,47.0,星球,3732.0,武士,6.0,香蕉,6.0,焙茶,262.0,朵,10.0,酥,78.0
冰拿鐵,403050.0,韋恩特濃,198760.0,精品,12130.0,精品,12130.0,蜜柚,120095.0,茶集,852365.0,OOHA,166145.0,水,166670.0,蠻牛,152605.0,3,18530,罐,60.0,原味,113265.0,LOVEPEACE80,115700.0,柚子,129740.0,乳,121995.0,麥香雞,165625.0,可可,66225.0,穀,23680.0,零無,59275.0,啵,42330.0,統一,273395.0,黑豆,450.0,買,15660.0,脆皮,86195.0,餅,9465.0,一份,5765.0,鷄,18980.0,40,425.0,國產,41370.0,貢丸,21635.0,s,59665.0,酸菜,36255.0,65,69780.0,薯來,72580.0,肉,31920.0,雙雞絕,10855.0,滿福堡,640.0,雞,100870.0,經典,224450.0,分享,22740.0,中,239670.0,一級,5125.0,配大薯,336250.0,牛肉,64700.0,握壽司,42125.0,黑,12530.0,菠菜,40440.0,豬,96750.0,刺,20900.0,餃,178880.0,棒,233760.0,纖果,70260.0,辣,45255.0,香,16230.0,風味沙,31375.0,小,31385.0,凍,1895.0,轉手,41120.0,花生仁,36915.0,風味,164275.0,品,220810.0,仙貝,62085.0,佛蒙特,92290.0,花生,79300.0,高麗菜,13395.0,甜,61270,大利,64765.0,燙,38615.0,s,59665.0,6KG,27735.0,捲,94380.0,鋼,44465.0,消臭,226505.0,衣物,198725.0,濃縮,36430.0,台灣,9385.0,模具,43720.0,支架,69060.0,棉柔,731.0,3MM,225.0,巾,403.0,45g,254.0,MOS,383.0,ROYAL,10.0,丼,4.0,清潔,10.0,型,13.0,無毒,12.0,防水,27.0,冰箱,5.0,石電烤,16.0,TPLinkTapoC100wifi,15.0,S778820,6.0,藍芽,4.0,晶碩,232.0,Line,14.0,PQ,33.0,藍芽,124.0,創見,11.0,透氣,11.0,WMNSCOURT,14.0,W,53.0,黑,8.0,4711289490388LINEFRIENDS,27.0,啦,236.0,圖案,15.0,霜,6.0,,,環三對入,6.0,,,勾,2.0,舒芙蕾,9.0,隔板,7.0,記憶床,39.0,馬,3459.0,尊爵,6.0,SKYY,6.0,霸,151.0,IGP,10.0,預購,66.0
單品,274205.0,奶香,194880.0,二合一,11820.0,二合一,11820.0,冰經典,118865.0,午后,785740.0,瓶,165335.0,葡萄,156255.0,黑松,139790.0,原味,17915,黃,60.0,雀巢,88115.0,850ml,111740.0,MORE,126955.0,背鮮乳,119745.0,中熱醇,165005.0,金,47950.0,物脆,23505.0,優格,54005.0,樂樂,42290.0,黑,259020.0,290g,435.0,聖代,15255.0,打大,86045.0,層,9465.0,鹹,3520.0,脆,18980.0,瓜片,210.0,雞球,34660.0,經典,20880.0,腿,58285.0,拉,34425.0,吐司,51735.0,漢堡,46115.0,凱撒雞,31715.0,配餐,10855.0,肉,640.0,捲,100865.0,冰,194940.0,芋頭,22210.0,冰特選,235055.0,富翁,5125.0,優惠,330805.0,台灣豬,53770.0,虱目,39590.0,套餐,12260.0,辣椒,31700.0,美牛小排,95110.0,鯛,19145.0,鼎王,176150.0,一配,228685.0,乾,69315.0,餃,43860.0,巡禮,15905.0,風味丸,30000.0,老板,31305.0,百香果,1895.0,脆片,35910.0,二合一,34425.0,零食,150290.0,明治,215680.0,咖啡,38325.0,釀造,90770.0,硬盒,79050.0,菜,11810.0,黃,54860,義,41340.0,泡菜,37530.0,腿,58285.0,光泉,18505.0,復,88455.0,AH,41425.0,抹布,221340.0,5,159955.0,選蛋,35160.0,防撞,8720.0,盒,32925.0,強淨,66385.0,蘇菲超,716.0,ES,195.0,亞,397.0,日本,198.0,曼秀雷敦,319.0,法國,10.0,可頌,2.0,嚴選,9.0,滿,13.0,防霉,12.0,環保,27.0,分離式,5.0,國際牌,16.0,高清,15.0,拉拉,1.0,無線,4.0,拋,135.0,山水,14.0,350ML,33.0,飛利浦,124.0,Transcend,11.0,OK,11.0,adidas,9.0,字,51.0,內衣,8.0,17029,26.0,日,138.0,2,15.0,8oz,6.0,,,微笑,6.0,,,廚房,2.0,雙人,8.0,可,6.0,單人,39.0,軟包,2773.0,年,6.0,750,3.0,BAR,151.0,凱利嵐,10.0,入,38.0
熱,272110.0,咖啡豆,191735.0,典藏,11090.0,典藏,11090.0,大,99865.0,時光,759555.0,美粒果,162485.0,果蔬,154940.0,水蠻,118375.0,台灣,14610,金康,60.0,黑糖,78750.0,多喝水,102835.0,海鹽,112445.0,崙,119745.0,黑厚,165005.0,朋友,43885.0,片鮮奶,23505.0,無糖,48660.0,降卡,38120.0,無糖,227335.0,1000,400.0,畬室,13940.0,百吉蘇,86045.0,千,9465.0,星冰樂,1725.0,麥,18980.0,400g,185.0,香辣,34660.0,包,20795.0,塊,56430.0,素,27155.0,皇家,46680.0,王,45350.0,風味,7390.0,那,10170.0,入餐,625.0,柳,99160.0,一,182015.0,酥,21805.0,冰,228690.0,棒,5125.0,筍,324170.0,雞肉,52930.0,魚,38900.0,麻油,10935.0,花椰菜,25860.0,原味,80805.0,鯖,17785.0,十塊,155450.0,經典,221005.0,餐現,68830.0,蜜汁,43215.0,香辣,15635.0,東港,30000.0,厚片,31125.0,舉杯,1895.0,等,34150.0,嚴焙大濾掛,31900.0,5,147120.0,好,214790.0,鹹,35175.0,甜味,82935.0,台灣,78995.0,180g,10520.0,湯,53705,龍口,39185.0,辣白菜,36150.0,塊,56430.0,堡,18405.0,餐巾,81550.0,739L,41425.0,零食,205915.0,豆,156990.0,橘子,33115.0,現貨,8160.0,碗,25715.0,116S07385K28,64430.0,抑菌,517.0,棕色,182.0,1000ml,352.0,單支入,178.0,乳液,270.0,皇家,10.0,20220821z4jw3w15,1.0,澎湖,9.0,2000,13.0,跳繩,10.0,冷,27.0,小熱,4.0,中秋,16.0,監控網,15.0,轉,1.0,蘋果,3.0,片裝,133.0,宅配,14.0,圓型,33.0,數位,91.0,行動,11.0,Insta360X3,8.0,愛迪達,9.0,N,51.0,提花,8.0,羅,26.0,褲襪,117.0,adidas,14.0,凡士林,6.0,,,110010,6.0,,,置物架,2.0,一,6.0,盒,5.0,獨立,29.0,酷黑,2012.0,黑牌,6.0,Macro,1.0,Btl600ml,140.0,蒂夫,10.0,利記,38.0
大冰特,246545.0,左岸,184290.0,風味濾,10775.0,風味濾,10775.0,伯爵,83450.0,重乳,739475.0,口味,147885.0,蔬,152850.0,無糖,108115.0,素,13110,貝特,60.0,燕麥,78280.0,Uniwater550,101930.0,泉水,111330.0,巧克力,97205.0,風味,152570.0,好,43885.0,焗,22920.0,發酵,43910.0,235ml,25970.0,義美無糖,211215.0,原味,375.0,濃黑,13940.0,大,82795.0,抹,8380.0,可可,1450.0,腿,18980.0,享券餘額,175.0,漢堡,18270.0,金山,18415.0,地瓜,42200.0,麻婆豆腐,27075.0,雞堡,33625.0,麥燒,39030.0,蔬菜,6415.0,波隆,10170.0,發糕,625.0,原味,90065.0,211216,170610.0,翅,21430.0,大福,211165.0,600g15g10,4235.0,C,294375.0,糰,51405.0,鯖,35850.0,雞絕,9910.0,田園,25480.0,台灣豬,80585.0,去,16835.0,酥,142320.0,可樂果,201970.0,調味,61510.0,魷魚,40415.0,雞,15615.0,棒,27450.0,韓式,28310.0,CheersJelly,1895.0,艙,34150.0,穀,27415.0,錠,142680.0,萬丹,212390.0,卡滋,34155.0,四季,71695.0,波蜜,76805.0,白菜,10285.0,康寶金,53475,口味,36905.0,阿紅椒,35620.0,地瓜,42200.0,官方,10965.0,來,53210.0,細網,41400.0,保健食品,204640.0,零食,151650.0,工坊,31590.0,床,7555.0,微波,25260.0,安全帽,60990.0,Mdmmd,516.0,泡沫,177.0,球,340.0,黑人,177.0,專科,269.0,膚,10.0,20220821y6ab5594,1.0,素,7.0,送,13.0,高轉速,9.0,手提袋,27.0,贈中熱,4.0,Panasonic,13.0,隨身,13.0,蔬菜,1.0,耳,3.0,片,119.0,家用,14.0,紅蓋,33.0,話,86.0,TFSDHCU1C10R10032GME,10.0,全景,7.0,耐吉,9.0,足弓,48.0,8901,8.0,索,26.0,彩色,93.0,3276XXL,11.0,奈森克林,6.0,,,耳環,5.0,,,多用途,2.0,MI,6.0,2,5.0,睡,23.0,號,1664.0,大摩,6.0,30g,1.0,入箱,135.0,雄鷹,9.0,8,36.0
大熱特,239130.0,館,184255.0,研磨,10610.0,研磨,10610.0,1,65745.0,王白毫,707380.0,雪碧,139035.0,低卡,149740.0,配方,99320.0,喲,13070,能量,60.0,脆片,76585.0,波爾,72275.0,OOHA,90450.0,義美低,96420.0,高鈣,132815.0,4,38685.0,安柏,21850.0,比菲多,39015.0,飲品,23905.0,粒豆漿,203470.0,250ml6,350.0,增量,13695.0,百吉,80465.0,香草,7575.0,度,1355.0,2,18950.0,大潤發,175.0,翅,14960.0,臘腸,18415.0,溏,25535.0,蔥燒,25965.0,煙,33155.0,藜,39030.0,牛肉,3085.0,盒,9710.0,御宴,625.0,塔,87875.0,歐菲香,170610.0,漿,16575.0,220906,183110.0,220g4,3390.0,小白菜,284115.0,二配,51195.0,薄鹽,30675.0,配餐,9910.0,好友,24450.0,精選,74015.0,烏魚子,16610.0,手工,137520.0,酥,198305.0,蒜,59070.0,炒,40175.0,胗,15615.0,日用,26500.0,包,23110.0,果凍,450.0,冰梅,32205.0,入,24735.0,類,142045.0,雙層,209550.0,口味,33560.0,白,70940.0,牛奶,75225.0,糙米,6310.0,易開,47230,不倒翁,29035.0,超值,35295.0,溏,25535.0,手環,10505.0,辣椒,49810.0,一匙,37345.0,類,204095.0,家庭,148065.0,折價,31295.0,王辛巴,7485.0,墊,24215.0,手套,54880.0,超涼感,390.0,劑,174.0,杜樂麗花園,337.0,高露潔,168.0,完美,269.0,優布質,10.0,20220824z0qnyfeu,1.0,羊肉,7.0,250,13.0,滾筒,8.0,保冷袋,24.0,非會員,4.0,咖啡,12.0,ibleAirvidaC1,13.0,切碎,1.0,第三代,3.0,JHAKA,119.0,滑鼠,7.0,入,30.0,機觸,81.0,KingstonDataTraveler100,7.0,相機,7.0,AIRMAXDAW,8.0,MG10163B,41.0,蕾,6.0,短褲,26.0,眼鏡,90.0,公車,11.0,經典,2.0,,,鑽項,4.0,,,中型,2.0,一送,6.0,桌上,5.0,露營,16.0,新雲摩爾,1174.0,12,5.0,香料,1.0,M,135.0,阿根廷,9.0,預豆,32.0
朵,211130.0,大熱,182350.0,濾掛式,10350.0,濾掛式,10350.0,杯,43565.0,阿薩姆,584130.0,可樂曲線,129195.0,速纖纖維,147095.0,海鹽,87785.0,豆奶,12285,150mlX6,55.0,大,74045.0,礦,61045.0,悅氏礦,84895.0,農民鮮,91590.0,乳酸菌,130880.0,杯,36510.0,頂級,19750.0,活益,37950.0,10,23270.0,桂格顆,203285.0,大醇,315.0,杯,13695.0,麥當,77060.0,甜筒,6880.0,C,1355.0,套餐,18765.0,2000,175.0,辣味,13380.0,大舊,17930.0,心蛋,25155.0,包,25625.0,燻,33155.0,珍珠,39030.0,玉起士,2815.0,230g,8780.0,有機,625.0,全麥,86655.0,捲,158165.0,花生米,16575.0,海鹽,172600.0,粒,3390.0,菜產銷,234410.0,薄切,45945.0,白腹,28820.0,經典,8770.0,菜產銷,23795.0,美牛,72245.0,魚肚大,15420.0,雞,133420.0,先,187675.0,總匯點,55570.0,糰,39600.0,大溪,14365.0,百貨類,26250.0,泰國,21755.0,菠蘿芝,165.0,光泉,27790.0,仙草,21520.0,糖果,138525.0,葡萄,151600.0,心,32255.0,初榨,57585.0,草莓,73150.0,銀川,5680.0,罐,43295,濃湯,23290.0,海鮮味,32045.0,心蛋,25155.0,袋,10290.0,易,48605.0,靈,36390.0,M,203500.0,馬,142035.0,900G630G,30300.0,牛津布,6695.0,買,20800.0,防水,34740.0,28cm,386.0,700ml,173.0,森潤,337.0,刷樂,165.0,保濕,240.0,鯨,10.0,20220826mmj2z58k,1.0,狗母,6.0,使用,13.0,襪套,5.0,韓式,11.0,四門冰,4.0,Philips,9.0,款,13.0,器,1.0,全新,3.0,度,119.0,灰,7.0,小熊,24.0,適用,81.0,型,7.0,BD,5.0,緩震,5.0,黑冰沁,41.0,36,4.0,純棉,21.0,牛仔,73.0,官方,8.0,貝納頌,1.0,,,偏光,4.0,,,韓國,1.0,買,6.0,好學,5.0,充氣,14.0,清藍,1040.0,格蘭,2.0,熱紅酒,1.0,Asahi,90.0,25,7.0,金賞,22.0
密斯,211130.0,調,139610.0,沖,10290.0,沖,10290.0,那堤,43445.0,黑松,422000.0,沙士,120315.0,胡蘿,143665.0,590ml,76790.0,桂圓,10830,生活,55.0,風味,73895.0,家樂福,60145.0,烏龍氣,80625.0,統一,64595.0,味,128130.0,霜淇淋,36400.0,藍莓,18230.0,飲,36715.0,必思,22670.0,愛之味,184410.0,豆,315.0,莓果,11095.0,杜老爺,76860.0,配餐,5210.0,85,1355.0,塊,18580.0,即,175.0,辣雞,12940.0,人芝心,15635.0,魯肉,24605.0,愛,19090.0,卡脆,31595.0,花椒,38355.0,Donki,2815.0,餐辣,7640.0,360g2,625.0,帕瑪森,84660.0,蛋撻,117110.0,檸檬愛玉,15760.0,泡,163460.0,白殼,2950.0,紅蘿,224010.0,肉豬,43725.0,冰鮮,25730.0,HIL,8500.0,毛豆,21855.0,牛排,67925.0,生活,15215.0,義美,126255.0,義美,155560.0,心包,55570.0,即,25035.0,泡菜,12475.0,海鮮,25220.0,香辣,20380.0,牛,165.0,泰國頭,27065.0,牛奶,19885.0,麵,132805.0,夾心,148050.0,起司,31930.0,味好,52285.0,球,69985.0,3KG,5500.0,永偉,39770,套餐,22750.0,入,31920.0,魯肉,24605.0,旗艦店,9990.0,紙,35345.0,EX,36390.0,家庭,199100.0,類,139705.0,進口,30195.0,專門店,6365.0,吸管,18415.0,手機,32080.0,7,376.0,莉婕,162.0,水嫩,320.0,細潔,161.0,唇膏,186.0,魚型,10.0,20220815c8wphih9,1.0,棒,6.0,寵物,12.0,雨傘,5.0,吸管,10.0,門,4.0,飛利浦,9.0,公仔,13.0,頭皮,1.0,AirPods3,3.0,萬寶路,109.0,白,7.0,維尼,24.0,安卓,81.0,SeagateOneTouch4TB25,7.0,限定,4.0,火腿,5.0,直小點,41.0,竹炭,4.0,牛仔,20.0,片裝,72.0,旗艦館,8.0,曼特寧,1.0,,,太陽,4.0,,,盤耳,1.0,柔繪筆,6.0,專櫃,4.0,氣墊床,9.0,新雲絲頓,680.0,單一麥芽,2.0,經典,1.0,350mlx6,76.0,小,7.0,蛋,22.0
L,190905.0,大,73975.0,深焙濾,9875.0,深焙濾,9875.0,抹,41400.0,茶花,410575.0,330ml,116710.0,蔔,143665.0,900ml,61970.0,漿,8095,150G,55.0,小冰,66245.0,超值,59665.0,蜜桃,80155.0,英泉,60350.0,原味,98525.0,小農,36400.0,優格莓果,12540.0,零,36255.0,乳酸菌,22445.0,傳統,181530.0,豆漿,315.0,酷聖石,10770.0,享券,76670.0,巧克力,5205.0,巧克,1070.0,HIL,18380.0,型,175.0,臘腸,6860.0,個,15635.0,小厚,23575.0,族,19090.0,漢堡,25060.0,青,38345.0,一客,2630.0,ZingerSuperXL,7180.0,雞,540.0,白,76475.0,大,105665.0,寶可夢,12500.0,芙,163455.0,紅心,2950.0,白菜,218200.0,咖哩,37110.0,魠,23575.0,麵,7905.0,小白菜,21745.0,公斤,55775.0,比薩,14655.0,炒,119745.0,格力,141900.0,茸,54375.0,辣味,24115.0,韓式,12475.0,農心,25190.0,胗,20225.0,雪花,165.0,鮮乳加,25185.0,黃,17900.0,日用,132545.0,義美,147335.0,S,31770.0,龜甲萬,45960.0,一配,69985.0,100g,4635.0,濃湯,37720,韓國,18585.0,珍味,26755.0,小厚,23575.0,安心,9340.0,健褲,32250.0,樂品,35965.0,台灣,186290.0,桶,139265.0,蛋白,30085.0,入,6340.0,水壺,17795.0,套餐,27470.0,亞零觸,324.0,棕,151.0,1000g,310.0,葡萄,145.0,柔光,182.0,乳貼,10.0,20220815vfkdjah9,1.0,薄荷,6.0,碳纖維,11.0,竹炭,3.0,水壺,8.0,475L,3.0,HD3060,8.0,兒童,13.0,冰凍,1.0,Apple,3.0,紅工藝,109.0,獵狐電,5.0,公主,20.0,雙耳通,81.0,SP,7.0,腳,3.0,歐姆,5.0,毛巾,36.0,絲,4.0,平口,20.0,隱形,68.0,愛迪達,7.0,290ml,1.0,,,雷朋,4.0,,,蚊香,1.0,夾,4.0,像,4.0,釋壓,8.0,5,680.0,105,2.0,之華麥,1.0,水果,32.0,內,4.0,黃,22.0
N,190790.0,特濃,71395.0,法式,9795.0,法式,9795.0,冰搖,32550.0,茉莉,365670.0,彈藍色,102465.0,蘋果,133450.0,去,52510.0,21,7565,康貝特,55.0,V,60295.0,Light,53620.0,天然水,77700.0,936ml,58445.0,葡萄,95655.0,乳坊,36400.0,加糖,9825.0,900ml,25625.0,藍莓,20155.0,燕麥奶,179700.0,瓶,315.0,乳,10370.0,即,76650.0,茶,4505.0,N,1065.0,麻辣,13455.0,20,175.0,摩斯,6755.0,貢丸湯,15205.0,大厚,19735.0,咖哩,15185.0,花生,14365.0,BurgerKing,30960.0,來,2530.0,包,6925.0,風味,540.0,個,64260.0,享券,97045.0,奶凍,12485.0,醇,161980.0,紅殼,2175.0,地瓜,207145.0,胸肉,34500.0,土,23575.0,香酥,7430.0,香蕉,20725.0,美國,48560.0,人,14650.0,雅方,97430.0,黍,127630.0,果,53130.0,肯德基,22430.0,燒肉,12475.0,鱈,24315.0,沙茶,20210.0,心壽喜,165.0,MARIANI,24825.0,麩片,17890.0,百貨類,132495.0,杏仁,143565.0,甜,29995.0,牛肉,37305.0,5,69135.0,好菇,4540.0,筍盒,37085,協豐,18385.0,原汁,25720.0,大厚,19735.0,越光,9090.0,厚型,31305.0,加厚,30970.0,百利,172335.0,保健食品,134785.0,香氛,27300.0,代收,5150.0,保,13170.0,現貨,26910.0,夜用,315.0,咖啡因,148.0,加護,279.0,歲,136.0,防曬飾,182.0,糧,9.0,,,耳洞,6.0,井上,11.0,護踝,2.0,IGLOO,5.0,羽量,2.0,微電腦,8.0,Philips,12.0,噴霧,1.0,OMIXY9,2.0,眼鏡,96.0,競,5.0,冰雪,18.0,電顯示,74.0,自然人,6.0,電子,3.0,組合餐,5.0,XY,35.0,內褲,4.0,內褲,15.0,星歐,65.0,短袖,6.0,分享,1.0,,,鋯,4.0,,,單層,1.0,雙齒,3.0,美得,4.0,自動,8.0,25,653.0,花格,2.0,博多,1.0,熱帶,17.0,金牌,4.0,赤,8.0
熱經典,161250.0,烘焙,54045.0,職人,9420.0,職人,9420.0,特大,19260.0,咖啡,356815.0,加,84370.0,HM,119055.0,冰,50785.0,風味館,7560,160,45.0,杯,60295.0,入,46370.0,怡漾,76395.0,1857ml,48465.0,全脂,93155.0,裝鮮,36400.0,無,9820.0,200ml,21050.0,可爾,19425.0,統一陽光,161410.0,400m,180.0,飛燕煉,9770.0,勞蛋,76265.0,超杯,4460.0,冰,850.0,鼎王,13380.0,香小農地,165.0,吉士,6730.0,嘉楠,12730.0,胭脂,17230.0,農心,14515.0,雙層,8100.0,洋蔥圈,26230.0,摩斯,2300.0,加紙,6115.0,吐司,480.0,k,49915.0,肯德基,94820.0,400ml,10370.0,蛋糕,161275.0,鮮雞,2175.0,好菇,189695.0,歐風,34500.0,烤,22035.0,腿,7400.0,浪味,19535.0,一口,38810.0,魚,12940.0,花生,95195.0,小熊,120565.0,鹽,49730.0,沙,22295.0,包,12250.0,慢燒,22465.0,泰式,19335.0,大,115.0,AUTUMNCRISP,21440.0,金,17890.0,科學,123100.0,榛果,136505.0,脆片,29795.0,甘甜,34280.0,達,61190.0,荷葉,4435.0,金,33850,個,17700.0,肉產地,24430.0,胭脂,17230.0,栽培,8350.0,褲型,25270.0,無痕,26465.0,海綿,157440.0,靈,119700.0,芳香,26255.0,代付,5100.0,冰,13100.0,台灣,25705.0,型,314.0,深層,146.0,淨嫩,277.0,固齒佳,126.0,底凝露,182.0,V8303C,6.0,,,YIPEI,6.0,刮刀,11.0,號,2.0,組,1.0,級,2.0,電子鍋,8.0,會員金,11.0,,,半,2.0,1,85.0,HD2136,5.0,WPA202,16.0,Philips,74.0,憑證,6.0,捍衛戰士,3.0,可頌堡,5.0,1064,35.0,34,4.0,緊,14.0,彈性,60.0,LuckyCat,5.0,組,1.0,,,石小方,4.0,,,亮面,1.0,強力,3.0,小型,3.0,LAMINA,6.0,風藍,419.0,15,1.0,1L,1.0,貝思寶兒,17.0,嘉露,4.0,烤,8.0
冰特選,99830.0,黃,49980.0,Nestle,9395.0,Nestle,9395.0,中,18855.0,冰,270300.0,麥根,81750.0,樹頂,105980.0,975m,36075.0,瓶,7560,黑麥汁,45.0,10oz,59550.0,富維克礦,43425.0,舒味思氣,72810.0,鮮乳中,46920.0,飲品,84240.0,調乳中,31125.0,希臘,8265.0,206ml,18660.0,300m,18850.0,450ml,160930.0,正庄,175.0,米,3640.0,蜂蜜,74580.0,明治,4460.0,杏仁,780.0,冷凍,13080.0,100g,165.0,N,6140.0,享餐,12255.0,梅花,17230.0,烏,14515.0,套餐,5925.0,雞,25695.0,咖哩,1620.0,2PCSChickenSuper,5525.0,雙雞餐,465.0,餐,35400.0,即,88275.0,150g,9775.0,馥郁,147930.0,蛋紅,2175.0,道,189695.0,牛,33285.0,鳳尾,21375.0,羅,7390.0,仙,19535.0,肉,38710.0,學甲無刺,11860.0,塊,94025.0,紅燒,104755.0,皇冠,39415.0,海味,22270.0,60g,10130.0,牛奶,22465.0,60g,16140.0,酪雪繽紛,80.0,Sour3,17085.0,花生,16845.0,餅乾,121630.0,醇,121525.0,鹽,28190.0,中辣,30570.0,佳士,58885.0,黑葉,4040.0,飯,33850,人餐,17700.0,西班牙,24115.0,梅花,17230.0,薑,7925.0,需要,24780.0,手洗,26400.0,370ML,150030.0,白鴿,115290.0,洗選,23665.0,收納,5025.0,PP,12890.0,玻璃,21390.0,感特薄,313.0,3MINUTEMIRACLE,144.0,洗手,271.0,130g,124.0,80g,182.0,西莎,6.0,,,SPA,4.0,多用途,11.0,五彩,1.0,迷你,1.0,SAMPO,2.0,迷你,8.0,釉,11.0,,,觸控,2.0,月,72.0,充電器,5.0,馥列白,14.0,代銷,60.0,C100,6.0,獨行俠,3.0,休閒鞋,2.0,2426,32.0,紅芭黛兒,3.0,鬆,14.0,拋軟性,49.0,短褲,5.0,CONSTANT,1.0,,,法鬥綠,4.0,,,ROSEISAROSE,1.0,KOKUBO,3.0,原,3.0,天絲,6.0,1mg,235.0,綠牌,1.0,晴空,1.0,酒,15.0,赫紅酒,3.0,鳳凰,6.0
黑,96020.0,金,49700.0,焙,9215.0,焙,9215.0,飲料,13415.0,泡茶,269780.0,黑松,77600.0,純蘋,104115.0,元素,29735.0,餐即,7560,懶貓,40.0,榛果,59255.0,天然,39135.0,Light,46330.0,1858ml,46505.0,健酪,82535.0,金蘋果,30035.0,無糖,7290.0,林鳳營,16075.0,元,18480.0,高纖,134275.0,冬瓜茶,175.0,S77,3110.0,粿,62515.0,芒果,3855.0,奶,780.0,饅頭,6990.0,M90,165.0,軟糖,5850.0,比薩獨,12255.0,大魯肉,16265.0,香辣,14440.0,脆雞堡,5380.0,豬肉,24475.0,風,1525.0,好侍,4685.0,XL,335.0,1,31870.0,珍珠,86670.0,鮮芋,7265.0,經典,141135.0,心,1855.0,水果,128635.0,飼,32040.0,干,19640.0,勒,7390.0,冷藏,18220.0,蒜味,32030.0,一口,11515.0,上校,93895.0,玉米片,96745.0,之,39415.0,家族,22240.0,噌,9435.0,120A135g,21255.0,海,15215.0,香脆,80.0,水果,12105.0,濾掛,16680.0,包,117500.0,大乳加,120005.0,餅乾,27885.0,泰式,29775.0,藍莓,44700.0,黑豆,3255.0,濃辛,33850,原汁,13040.0,鮮蝦,23525.0,大魯肉,16265.0,無毒,7105.0,大王,21090.0,貼心,26285.0,出貨,96695.0,香氛,113565.0,富翁,23360.0,ChildrensSpecialtyStor,4580.0,保溫,12800.0,堡,19975.0,16,253.0,1000ml,141.0,品味,231.0,全效,86.0,小美人,182.0,V8303A,4.0,,,海泥,4.0,L,10.0,CPO1703L,1.0,不銹鋼,1.0,聲寶,2.0,NC,8.0,鑽,11.0,,,降噪,2.0,拋隱形,65.0,雙孔,5.0,N,11.0,卡,60.0,黑色,6.0,鐵盒,3.0,20220815f8cj7a5,1.0,尼克,28.0,四角,3.0,包褲,11.0,10,42.0,招財貓,4.0,康,1.0,,,白酒,4.0,,,isLeaf,1.0,月白,2.0,家居,3.0,18NINO81,6.0,天藍軟,225.0,1000ml,1.0,0921,1.0,洋梨風味,12.0,熊施,2.0,鹽,5.0
A,95940.0,摩卡,25050.0,盒組,9080.0,盒組,9080.0,餐飲,11560.0,冷,269475.0,水蜜桃,73870.0,醋,100385.0,動,29735.0,享券,7560,慵,40.0,包,55095.0,微鹼性,23135.0,荔枝,41595.0,小,43005.0,乳,66095.0,慢燒,27570.0,特濃,6020.0,特濃重,15245.0,折,17795.0,厚,119410.0,義美百頁,170.0,歐蕾,3110.0,豆粉,62515.0,雞,3225.0,榛果,780.0,物,3080.0,太珍,165.0,甲霸,4255.0,加旋風,12145.0,方塊薯,13565.0,炒碼,13205.0,組合餐,3920.0,滿福堡,24420.0,附,1435.0,佛蒙特,4510.0,雞腿堡,335.0,韓國,31865.0,球,86250.0,HIL,7255.0,抹,124175.0,溏,1855.0,空心菜,106985.0,安格斯,25170.0,刻花,19340.0,排,7390.0,仁,16090.0,牛,30220.0,鮮綠,11000.0,燕餃,93545.0,多力,94650.0,KS,39190.0,禮盒,21820.0,大厚,8455.0,鹽,20575.0,mm,14385.0,奶,80.0,菲律賓,11440.0,珍,16145.0,日本,117090.0,捲,86340.0,法蘭,27360.0,蒜,28125.0,夾心,43040.0,包,2720.0,巨人,33565,玉米,11760.0,日本,22580.0,方塊薯,13565.0,號,6765.0,滿意,20285.0,白鴿,26285.0,垃圾桶,94250.0,EX,113310.0,抗,19350.0,衣物,4415.0,隨行杯,12200.0,椅背,18370.0,,,180ML,139.0,嬰兒,228.0,150g,86.0,入,93.0,,,,,SFree,4.0,褲女,10.0,CPO1703M,1.0,316,1.0,手持,2.0,機,8.0,FK2,7.0,,,藍牙,2.0,20220810qhsyayn,1.0,HR732012,4.0,次,11.0,電話機,55.0,EZ100PUATM,6.0,版,3.0,20220802f8cj93u,1.0,H2101,24.0,7013XL,2.0,伸縮,7.0,口罩,38.0,經典款,3.0,,,,,菱格紋,3.0,,,枕心,1.0,紫,2.0,雙層,3.0,純棉,6.0,,,,,,,蜜桃,2.0,無尾,2.0,可頌,5.0
西西里,53450.0,派克,20175.0,6,9080.0,6,9080.0,冰大,10285.0,蜂蜜,238245.0,乳酸,62435.0,鮮摘,92935.0,975ml,28485.0,OAT,7470,咪,40.0,蘑菇,45720.0,微鹼,18795.0,水蜜桃,34510.0,鈣,42515.0,調味,49360.0,BINGGRAE,19425.0,130g,4660.0,馬,15150.0,加購,17475.0,濃高纖,106850.0,300g,170.0,乳加,3110.0,情人,59850.0,絕,3080.0,蛋糕,770.0,地瓜,3080.0,素,115.0,照燒,3840.0,辣味,11710.0,淋粹,13400.0,123,7840.0,珍珠,3280.0,組合餐,19760.0,酸甜,1435.0,紙包直,4055.0,中辣,335.0,50g9,31850.0,醇,75015.0,仙,7135.0,珍珠,118945.0,台農萃,1420.0,嚴選,94335.0,堡,23730.0,一夜,18470.0,雞軟骨,4415.0,亞細亞,15930.0,干貝,23400.0,野生,10765.0,紅龍,92245.0,真魷味,86775.0,特選,31500.0,雞塊,21815.0,丁,7780.0,韓味,20435.0,大象,14385.0,特餐,75.0,片,10430.0,夏日,16100.0,無糖,103905.0,奇巧,84915.0,優龍,27310.0,香,27190.0,雙享,43035.0,盒,1545.0,綠,33510,田園,11745.0,蝦,22355.0,淋粹,13400.0,白米,5850.0,尿布,20180.0,迷人,26280.0,24H,91015.0,日本,109570.0,酵素,18010.0,防脹氣,4165.0,隔,11960.0,成人,18005.0,,,定型,135.0,玫瑰,226.0,專業,50.0,頂級,86.0,,,,,白木耳,2.0,便利,10.0,帽墊,1.0,綠貝,1.0,直立,2.0,美式,8.0,滑鼠,7.0,,,Haier,1.0,,,彗星,3.0,20220814b5iw8k96,1.0,真無線,54.0,128GB,6.0,UHDBD,3.0,20220806y4lty2s,1.0,超細,24.0,Paloma,2.0,馬,7.0,醫療,38.0,綠經,1.0,,,,,雙層,3.0,,,,,橙,2.0,多功能,3.0,,,,,,,,,勒,1.0,多羅薩維塔施,1.0,9,4.0
代銷,19240.0,市場,20155.0,包,8935.0,包,8935.0,珍珠奶茶,9735.0,王青心,237145.0,CC,59935.0,果園,92935.0,1460ml,25245.0,傳統,7040,22N,35.0,麵,43165.0,80,18360.0,礦沛氣,32955.0,極,41680.0,台農,48195.0,西瓜,14710.0,番茄,3885.0,零優酪,14495.0,麵,9930.0,原味,96820.0,漿,160.0,28g,3110.0,玉井,59605.0,脆,3080.0,情熱,760.0,穀,2115.0,麻豆,60.0,30g,3545.0,120g,11100.0,魯,13400.0,套餐,7735.0,超級,3280.0,SausageMcMuffinwi,19155.0,雞塊,1435.0,鼎味,3595.0,漢堡,330.0,XL,26550.0,堡,74195.0,936ml,6080.0,可可,115840.0,白蛋白,1420.0,切絲,45650.0,270g30,23530.0,捲,15455.0,台酒,3535.0,KS,14810.0,鮮嫩,19100.0,買,9055.0,芝麻,82260.0,全家,77925.0,豐葵,29560.0,上校,21775.0,名產豆,7730.0,不二,19990.0,朝鮮,13845.0,圈,75.0,三葉,9795.0,雙倍,15770.0,清潔,103755.0,歐維氏,79175.0,烤,26975.0,冷壓,26720.0,二配,43035.0,100g5,1510.0,皮,32385,Q,8990.0,純,22090.0,魯,13400.0,錶,5845.0,幫寶適,19200.0,小蒼蘭,25730.0,購物,76225.0,除臭,109390.0,PG,17975.0,超柔,3975.0,不銹鋼,11770.0,便,17960.0,,,乾洗,127.0,包,193.0,抗,49.0,美白,81.0,,,,,胸肉,1.0,清秀佳人,10.0,,,,,兩用,2.0,研磨,8.0,20220806y7wusvr6,1.0,,,型,1.0,,,HD974262,2.0,20220812o9hh67xz,1.0,震動電,54.0,SanDiskiXpandFlip,6.0,雙碟,3.0,20220813y0nuvix,1.0,,,40C,2.0,卡龍,7.0,中衛,38.0,典款,1.0,,,,,條耳扣,3.0,,,,,libby,1.0,小款,3.0,,,,,,,,,羅,1.0,米,1.0,,
全盈,16475.0,風味,18740.0,微,7980.0,微,7980.0,美式,6480.0,式,235110.0,柚子,58330.0,芭芒,84175.0,均,12050.0,600ml,7025,澎湖,35.0,特濃黑,43110.0,UNIwater,17760.0,1500ml,28830.0,製,41680.0,麥芽,40930.0,400ml,14675.0,斯迪克,3885.0,藍莓,13510.0,金拉,9905.0,低糖,88400.0,鮮豆漿,100.0,焦糖,1400.0,果大脆,59590.0,特大,2885.0,價格,760.0,辣椒,1775.0,區農會,45.0,墨西哥,3040.0,丸,8585.0,排骨,12275.0,送,4625.0,總匯,2980.0,加蛋,19155.0,6,1435.0,小朋友,3060.0,中,325.0,組合餐,21110.0,燒,73700.0,綠豆湯,5705.0,碎片,115790.0,團,1395.0,條,45490.0,蟹,13805.0,4,15325.0,燒肉,3475.0,力,12740.0,HIL,18535.0,一海鮮個,9055.0,1,72880.0,北,68145.0,焦糖,25990.0,蛋撻,21775.0,大,6700.0,烤,19005.0,對切,13600.0,蝦,75.0,機,8725.0,濃烈,15740.0,保健食品,103525.0,72,77665.0,料,26400.0,老干媽,26250.0,袋,37880.0,催芽,1445.0,一度,31725,半肉,5755.0,冬粉,21925.0,排骨,12275.0,米家,5755.0,紙及,18950.0,2,23185.0,洗碗,69965.0,蘭諾,96190.0,超強,16710.0,防水,3895.0,真空,11125.0,牛肉,17480.0,,,70g,127.0,香水,190.0,敏感,49.0,10,78.0,,,,,南投,1.0,蓓比適,10.0,,,,,SANLUX,2.0,全自動雙,8.0,20220806y7vxp5eo,1.0,,,65,1.0,,,深海,2.0,20220801vb972t80,1.0,音波,54.0,aiboAB22ATM,6.0,跟,3.0,,,,,7013XXL,1.0,S,6.0,20220803z4tj,1.0,月光,1.0,,,,,3990,1.0,,,,,,,,,,,,,,,,,,,,,,
經典,15260.0,中,17895.0,中,7870.0,中,7870.0,或,6480.0,王英,235080.0,金車,53180.0,柳,84165.0,一價,12020.0,天生,6635,環保杯,35.0,二配,42435.0,1500ml,17570.0,泡酒,28635.0,鮮乳大,39870.0,牛,39660.0,蜜棗,14250.0,魯,3885.0,義美,12870.0,味,8970.0,黑巧燕麥,79355.0,B,95.0,風味,1270.0,布丁,48810.0,太妃,2885.0,草莓,680.0,栗,1315.0,芋泥,40.0,套餐,2090.0,600g5,8010.0,唐山,12275.0,飯,4625.0,脆,2720.0,腿,17145.0,一包,1435.0,辣味,2000.0,厚,255.0,火腿,19460.0,杯,69885.0,薏仁,5695.0,冰醇,110630.0,美妝蛋,235.0,配,45490.0,培根,13220.0,塔塔醬,15325.0,組合餐,3075.0,20g,9810.0,新東陽,17660.0,一送,9055.0,蝦,72430.0,珍珠,54675.0,糖,24170.0,珍珍,18835.0,量溢旺,3495.0,貢丸,16520.0,高岡屋,12205.0,米,50.0,泰國,8265.0,伯朗,15525.0,口香糖,97105.0,威化,72610.0,都,26400.0,得意,25890.0,排,36740.0,活力,1445.0,贊剝,31650,半筋,5755.0,來,21770.0,唐山,12275.0,現貨,4820.0,輕巧褲,17550.0,衣夾,20905.0,吸水,69290.0,寶瀅,92445.0,膠球,16440.0,寬口,3890.0,康寧,10995.0,安格斯,16770.0,,,LucidoL,127.0,超值,176.0,抗敏,49.0,雙拉提,77.0,,,,,乾,1.0,3,7.0,,,,,,,韓國,4.0,20220806y7qpri4d,1.0,,,海爾,1.0,,,8712581762575PHILIPS,1.0,20220801y7sjazzi,1.0,買,54.0,提貨卡,4.0,保護,3.0,,,,,7013L,1.0,髮,6.0,20220809z0vx,1.0,星空,1.0,,,,,,,,,,,,,,,,,,,,,,,,,,,,
風味,7385.0,KS,16705.0,杯,7805.0,杯,7805.0,中杯,6480.0,濃韻,230900.0,糖,47500.0,十全,75715.0,杯,10925.0,維生素,6535,券,35.0,薑,41995.0,買悅氏礦,16710.0,天然,28045.0,100,39335.0,優質,38080.0,棒,14145.0,百香,3125.0,乳酸,11275.0,500ml,6095.0,優酪,54875.0,麥,95.0,元,1135.0,紅豆,39650.0,核果,2885.0,團,680.0,佐藤,1165.0,大拇指,40.0,雞肉,1965.0,苦瓜,6335.0,雞腿,12215.0,個,4625.0,雞堡餐,2720.0,堡絕,17145.0,個,1435.0,送,1365.0,蛋,255.0,珍珠,17695.0,薑,58040.0,200g,5220.0,堡,109275.0,4,195.0,球,35435.0,日式,11985.0,條,15325.0,大,2940.0,野物,7500.0,雞塊,16125.0,鹽漬,7435.0,3KG,68940.0,堡,53575.0,牌楓,23350.0,細,17630.0,香豆,2860.0,燻,14115.0,32g,10980.0,小,50.0,12g,7875.0,玻,15185.0,彩虹,96335.0,風味,64595.0,經典,24890.0,美白,24550.0,杜夫,36435.0,漿,1420.0,塊,30650,海鮮個,4165.0,6,21515.0,雞腿,12215.0,帶,4110.0,一級,17520.0,夾,20200.0,餐具,66780.0,植萃,92400.0,環保,16000.0,透明,3410.0,出貨,10790.0,鏡片,15280.0,,,多芬,117.0,花香,144.0,,,SEXYLOOK,77.0,,,,,,,20mm,6.0,,,,,,,,,20220806y7kqtuwx,1.0,,,,,,,聲寶無線,1.0,20220806t1kc8e2b,1.0,獨家霧,54.0,24,4.0,貼,3.0,,,,,,,童止,4.0,,,黃,1.0,,,,,,,,,,,,,,,,,,,,,,,,,,,,
杯熱,6925.0,290ml,15125.0,cama,5940.0,cama,5940.0,海岩,6275.0,飲品,165480.0,小可,46850.0,飲,66110.0,瓶,10305.0,入,5840,330ml6,30.0,大冰,40120.0,水壺,14750.0,CrystalValley,27820.0,營養,36375.0,啵,36560.0,入,13410.0,福樂,2590.0,健酪,11275.0,飲,5895.0,飲,52955.0,沙拉,95.0,COLDSTONE,920.0,雙倍,32900.0,第二杯,2885.0,招牌,680.0,酥皮,1070.0,台南,40.0,洽富,1965.0,封,5645.0,比薩獨,11690.0,紙包,4625.0,大麥元氣,2335.0,配餐,17145.0,燻,1180.0,QQ,1365.0,王,215.0,藜,15375.0,超級,54940.0,蒟,5190.0,冰經典,104195.0,蛋糕,20.0,85,33865.0,味,11965.0,南方,15025.0,炒,2940.0,上,7110.0,火鍋,13640.0,單點,7285.0,花枝,68255.0,辣椒,51210.0,每日,22195.0,戲院口,16110.0,白玉,2835.0,麻辣,12215.0,橘平,9515.0,玉米,45.0,8,7465.0,極品,13730.0,超涼,83105.0,條裝,41550.0,香鐵蛋,24545.0,美,22740.0,果醬,30550.0,S,1305.0,牛頭牌,29605,比薩,4165.0,鴨血,12765.0,比薩獨,11690.0,送餐,3765.0,要,12490.0,劑,19390.0,370ml,61895.0,LENOR,92090.0,雨衣,15995.0,防護,3290.0,杯,10240.0,BLTAngusBeefB,14485.0,,,防斷,103.0,澎澎,137.0,,,韓國,61.0,,,,,,,65mm,5.0,,,,,,,,,20220806y7ifyhzm,1.0,,,,,,,藍,1.0,20220808n4qpetp4,1.0,粉刷,54.0,64GBSuperior,4.0,切,2.0,,,,,,,滑,4.0,,,,,,,,,,,,,,,,,,,,,,,,,,,,,,,,
奶紅茶,4270.0,可可,13485.0,精選,4680.0,精選,4680.0,大熱,4680.0,V,143900.0,送,41825.0,美粒果,54875.0,粉末,10050.0,雞,5815,發易,25.0,黑芝麻糊,39675.0,濕巾,13550.0,585ml,24680.0,高,35380.0,樂樂,36430.0,現烤,13355.0,希臘式,2215.0,修,10870.0,風味,5725.0,BAF,52025.0,藜,95.0,小吃,845.0,特級,27015.0,半價,2885.0,仙草,680.0,焗,1070.0,新市區,30.0,大熱,1965.0,JapaneseTakoyakiP,4915.0,享餐,11690.0,人,4625.0,方塊,1920.0,可頌,14870.0,炸蝦,1130.0,球,1365.0,兌換券,170.0,麥,11790.0,大麥,54940.0,蒻,5190.0,冰福吉茶,102115.0,虎皮,20.0,折,33865.0,風味,11910.0,麻辣,13865.0,一番,2940.0,42g,7025.0,大厚,12200.0,貼體,6565.0,高麗菜,62605.0,海洋,43995.0,海鹽,22010.0,麵,14495.0,大薄,2695.0,嘉楠,11895.0,燒海,9460.0,兌換券,40.0,上質,7465.0,薏仁,13255.0,舒無糖,76295.0,糖衣,33410.0,星願桶,15540.0,蒜蓉,22080.0,維也納,25855.0,150g5,1240.0,福岡,24850,人,4165.0,海鮮,9785.0,享餐,11690.0,方式,3570.0,請,10470.0,網,18810.0,專用,60675.0,天然,85360.0,15L,15840.0,安撫,3225.0,手套,10020.0,BLT,14485.0,,,飛柔,101.0,溫和水嫩,132.0,,,,,,,,,,,睫毛,4.0,,,,,,,,,20220806y7gjm4vw,1.0,,,,,,,Perixx,1.0,20220807r6jsxo22,1.0,momo,54.0,納豆,4.0,保護傘,2.0,,,,,,,襪米白,4.0,,,,,,,,,,,,,,,,,,,,,,,,,,,,,,,,
冰燕麥,4270.0,焙,13195.0,尋豆師,3935.0,尋豆師,3935.0,黑糖,4670.0,加購,132155.0,促銷,41360.0,140ml,50600.0,IONWATER,9900.0,烤,5760,開罐,25.0,加,38290.0,15L,11530.0,檸檬口,21120.0,木瓜,32760.0,台農麥芽,34220.0,乳飲品,12235.0,500g500g,2195.0,瓶,9735.0,471ml,4835.0,純,40945.0,義美湯,50.0,水果,785.0,入,19795.0,曠世奇,2685.0,摩卡,650.0,粒包,1020.0,農會,30.0,哈辣,1520.0,超級,4425.0,丼,11520.0,單點,4625.0,薯組,1920.0,無敵,13045.0,葡萄柚,1005.0,辣,1355.0,雙牛堡,135.0,海洋,8910.0,栗香,44190.0,奶酪,5170.0,V,65130.0,QQ,20.0,500G,29650.0,棒,11895.0,背肉,13415.0,和,2880.0,要,7015.0,台糖,10480.0,薄鹽,5905.0,小,58720.0,先生,43205.0,香酥,21785.0,香絲大,11560.0,辣味,2350.0,香絲大,11680.0,屋岩,9325.0,早餐,35.0,大,7440.0,寶,12865.0,喉糖,73690.0,餅乾,27355.0,紫菜,15025.0,爪哇,21600.0,梨山,23815.0,機燕麥,1190.0,台糖,22740,送,4165.0,選素,6910.0,丼,11520.0,7,3435.0,提供,10345.0,三明治,17210.0,小麥,57525.0,超濃縮,58285.0,4X,15130.0,Simba,3165.0,690ml,9955.0,環保,14425.0,,,薄荷,101.0,多芬,124.0,,,,,,,,,,,,,,,,,,,,,,,,,,,,,,,,,Panasonic,51.0,電競,3.0,3,2.0,,,,,,,,,,,,,,,,,,,,,,,,,,,,,,,,,,,,,,,,
可可,3675.0,碎片,13145.0,camacafe,3935.0,camacafe,3935.0,熱,4010.0,01011231,131850.0,2000ml,37405.0,白,40510.0,自備,8195.0,809021,5760,鹽,20.0,粉,34785.0,850mlx20,11415.0,葡萄,18290.0,930ml,31760.0,鈣,30355.0,老鷹,10075.0,統一,1685.0,乳酪,8740.0,軟糖,3795.0,濃燕麥,40905.0,水,50.0,Poifull,785.0,派,13235.0,杯熱,2270.0,碎片,650.0,大拇指,1020.0,毛豆,30.0,華堡,1300.0,堡,4425.0,溫玉,11520.0,夏威夷,4625.0,雞生,1850.0,4C,13045.0,生菜沙拉,965.0,雙人餐,1340.0,胖貓,115.0,套餐,6420.0,蒙布,44190.0,紅豆,4245.0,杯,65130.0,香,20.0,12,28280.0,支包,11765.0,生鮮,13415.0,風炸雞,2880.0,大成,6720.0,肋眼,9230.0,白腹,4965.0,小湯圓,54735.0,東鳩,42760.0,塔,20320.0,烤,10985.0,澔,2165.0,香,6275.0,束,6835.0,日清,35.0,翠子,6795.0,即食,12365.0,混合,67515.0,樂天,24840.0,乾酪,12980.0,一天,21385.0,啤酒,22310.0,飲,1190.0,香辣,21900,包義,4165.0,臭豆腐,6105.0,溫玉,11520.0,送,2885.0,辣,6300.0,抗菌,16770.0,珊瑚,41780.0,魔術靈,52630.0,素,13000.0,座椅,2795.0,耐熱,9505.0,劑,14410.0,,,水涼,100.0,絲花,121.0,,,,,,,,,,,,,,,,,,,,,,,,,,,,,,,,,頸,48.0,Kingstone,3.0,座延長,2.0,,,,,,,,,,,,,,,,,,,,,,,,,,,,,,,,,,,,,,,,
鹹,3675.0,熱,11875.0,包袋,3420.0,包袋,3420.0,去,1215.0,那堤,128540.0,1,35535.0,柳橙汁,39740.0,1,2975.0,4,5675,24,20.0,克寧,33635.0,瓶箱,10860.0,乳,17540.0,1858m,30435.0,多多,30230.0,燒,10075.0,選,1425.0,片,8625.0,瓶,3030.0,天然,32110.0,雞蛋,35.0,口味,785.0,曠世奇,13195.0,青,2130.0,派,515.0,390g,1020.0,地,25.0,大比薩,1150.0,組合餐,4425.0,蔥,11520.0,明太子,3780.0,精選餐,1685.0,重磅,12760.0,餐,940.0,腿,760.0,造型,110.0,雞獨,4750.0,禮盒,37250.0,小湯圓,3960.0,風味,58460.0,隆昌,15.0,紫心,24135.0,組合餐,10235.0,魚肚,12855.0,肉加,1650.0,需要,6615.0,澳洲,8360.0,海鮮個,3375.0,韭菜,41745.0,薯片,35415.0,核桃,13235.0,新東陽,10435.0,良,2145.0,魷,5285.0,48,6745.0,玉米片,35.0,果實,6575.0,妞妞,11825.0,酥,39515.0,協奏,22615.0,歌舞伎,12540.0,寧記,20840.0,優格,18380.0,N,1145.0,遠洋牌,21680,買紙,4165.0,泡,5790.0,蔥,11520.0,6,2790.0,紙跟,6040.0,膠囊,16430.0,製,41155.0,瓶,49390.0,加倍,11295.0,3M,2755.0,CorelleBrands,8480.0,兒童,13100.0,,,潤,93.0,Farcent,118.0,,,,,,,,,,,,,,,,,,,,,,,,,,,,,,,,,掛式,48.0,DDR4320016GB,3.0,線,2.0,,,,,,,,,,,,,,,,,,,,,,,,,,,,,,,,,,,,,,,,
,,朝市,11755.0,伯朗,2895.0,伯朗,2895.0,熱紅絲,1090.0,韓國,100560.0,可樂易,26550.0,速纖,35500.0,2,1460.0,金牌,5670,碳酸,20.0,330ml,32935.0,曜,7540.0,CC,17465.0,純鮮乳,29300.0,雙麥,30210.0,5,9685.0,乳優,1290.0,1830ml,4380.0,盒,3000.0,寒天,24805.0,奶茶,35.0,明治,785.0,買紙,3495.0,花椒,2130.0,楊,375.0,65g6,1015.0,110,20.0,花生,1025.0,大麥,4425.0,牛,11460.0,風奶,3780.0,堡餐,1655.0,咔,8875.0,OKmart,885.0,堡絕,755.0,壓夾,110.0,披薩炸,4750.0,2,36025.0,椰,3170.0,海洋,58160.0,動福鮮力,15.0,綜合,22155.0,派,9010.0,270g,12760.0,義美,990.0,裝,6615.0,肌,8080.0,即食,3200.0,蝦球,41090.0,風味,31480.0,珍,12585.0,來,8935.0,蒟,2070.0,經典,5065.0,澔,6155.0,糖霜,35.0,蘆薈,6575.0,條瓜,9470.0,甘樂,37835.0,酥片,20980.0,揚綜合,12500.0,海底,20840.0,600g5,16150.0,統盛,1135.0,中辣,20635,清燉,2265.0,味道,4810.0,牛,11460.0,一,1910.0,先生,4700.0,加粗,15730.0,3M,40535.0,浴廁,45350.0,凝膠,9245.0,鎖,2620.0,1,8440.0,輕便,11770.0,,,250ml,88.0,深層,112.0,,,,,,,,,,,,,,,,,,,,,,,,,,,,,,,,,國際牌,46.0,WDBBG,3.0,18,2.0,,,,,,,,,,,,,,,,,,,,,,,,,,,,,,,,,,,,,,,,
,,星冰樂,7745.0,西雅圖,2890.0,西雅圖,2890.0,絨燕麥奶,1090.0,福吉茶,96975.0,開罐,26490.0,酷椰嶼,30310.0,請,960.0,無糖濃,5650,150ml24,20.0,糰,32410.0,Evian,7420.0,礦,16995.0,290ml,23665.0,義美,22900.0,限定,8535.0,實感,1100.0,希臘式,4270.0,936ml,3000.0,檸檬,23510.0,阿薩姆,30.0,軟糖,785.0,送,3495.0,櫻桃,635.0,惹火,375.0,義美,965.0,682335,20.0,牛肉,655.0,燒肉,4425.0,組合餐,9765.0,比薩獨,3510.0,豬排,1605.0,烤,8270.0,炭烤,885.0,外送,645.0,雞堡,90.0,MINI,4750.0,夏威夷,32300.0,大吸館,3170.0,大麥,53890.0,78G,15.0,家樂福,18390.0,片,8825.0,鮮剝,12750.0,XL,990.0,大包,6580.0,霜降,7430.0,吃,3165.0,卜蜂,37010.0,洋芋,29880.0,穀,12585.0,客川辣,8680.0,蒻,2065.0,魚條,4875.0,良,5940.0,220g,35.0,大粒,6575.0,即品,9325.0,鮮果,36725.0,經典,20550.0,牛,12015.0,KS,18545.0,巧克力,15360.0,450ml,1135.0,牛肉,20565,辣椒粉,1745.0,日清合,4330.0,組合餐,9765.0,有品,1865.0,預約,2470.0,去污,14825.0,楓康,39860.0,珂,36215.0,EX,9070.0,汽座,2525.0,刮刀,8440.0,輕,11555.0,,,植優護,88.0,清爽型,112.0,,,,,,,,,,,,,,,,,,,,,,,,,,,,,,,,,DECT,43.0,高丸,3.0,米,2.0,,,,,,,,,,,,,,,,,,,,,,,,,,,,,,,,,,,,,,,,
,,冷萃,910.0,摩卡,2740.0,摩卡,2740.0,冰中,950.0,精選,36270.0,可麗露,22305.0,火烤,28780.0,折扣,645.0,團,5585,水,15.0,烏,32410.0,雲,7225.0,350ml,13680.0,純鮮奶,20985.0,可爾必,15030.0,極品,8495.0,500g,770.0,,,可,2930.0,經典,19500.0,愛健,25.0,脆餅,775.0,夏威夷,3495.0,黑莓,635.0,LANAHAIRSALON,115.0,享餐,845.0,390g,20.0,堡,655.0,珍珠,4425.0,淋粹魯及,9675.0,享餐,3510.0,代銷,1325.0,紐奧良,8265.0,新,850.0,三人餐,515.0,雙辣,90.0,享餐,4750.0,優酪,26025.0,4150g,2400.0,超級,53890.0,度小月,10.0,進口,13760.0,即,8820.0,大田,12320.0,SesameOilFoilicio,945.0,肉豬,6240.0,300g,6895.0,綠,2915.0,玉米,36405.0,藜,29400.0,優果,9255.0,一,8680.0,輕食,1865.0,芝麻,4655.0,爆,5895.0,奶油,30.0,蔬果,6400.0,三合一,9275.0,實軟,36715.0,棒,20320.0,迷你,12015.0,特級,16490.0,拋隱形,14700.0,台灣,1010.0,蘿,19810,味王,765.0,粉,3290.0,淋粹魯及,9675.0,號安,1710.0,預約單,2200.0,MARIEL4D,14400.0,拖,37720.0,潔霜,28410.0,補充,8970.0,俱,2120.0,熱墊,8080.0,式,9410.0,,,強力,84.0,髮,110.0,,,,,,,,,,,,,,,,,,,,,,,,,,,,,,,,,顯示,40.0,外接,3.0,包覆,2.0,,,,,,,,,,,,,,,,,,,,,,,,,,,,,,,,,,,,,,,,
,,20220901u6hhvmge,5.0,原味,2575.0,原味,2575.0,全分,850.0,每日,35795.0,風味,22020.0,寶吉純,21500.0,一杯,430.0,海尼根,5260,蝦,15.0,子,32410.0,依,6175.0,600ml,13575.0,玉米片,14665.0,入,9100.0,味,8160.0,瓶,725.0,,,鐵蛋,2500.0,4,14420.0,紅豆水,25.0,美,690.0,個,3495.0,杯冰,615.0,沙龍,105.0,比薩獨,845.0,公克,20.0,雙層,590.0,胡椒,2425.0,雞肉,9485.0,番茄,3305.0,大麥,945.0,安格斯,7955.0,墨西哥,840.0,四人餐,125.0,S,85.0,辣味,4445.0,冰栗,19870.0,雙醬,1945.0,燒,36945.0,939222,5.0,辣椒,12735.0,蕃茄,8810.0,海洋,12195.0,唐揚,490.0,腿,4970.0,菲力豬,1390.0,配鮮,2910.0,200g,36390.0,超薄,29295.0,米果,7620.0,條子,6110.0,比薩獨,1460.0,鱈絲,4655.0,椒,4015.0,丹尼,25.0,生機,6375.0,藍山,7950.0,牛奶糖,34295.0,脂,19150.0,日本,10630.0,鍋底,14745.0,眼鏡,14700.0,亞植,975.0,蔔,19810,牛三寶,725.0,功夫,2455.0,雞肉,9485.0,出貨,1425.0,跟,2105.0,網細網,14385.0,1,35685.0,500ml,23995.0,液,8875.0,傢,2120.0,油瓶,7855.0,防霧,7950.0,,,瑪宣妮,79.0,補蒼蘭,107.0,,,,,,,,,,,,,,,,,,,,,,,,,,,,,,,,,雙用,39.0,JetFlash930C256G,3.0,長,2.0,,,,,,,,,,,,,,,,,,,,,,,,,,,,,,,,,,,,,,,,
,,20220925c5f961jn,5.0,重焙,2485.0,重焙,2485.0,Tryall,850.0,正價品,28835.0,1250ml,21775.0,解剖,20615.0,3,320.0,露入,5000,微晶,15.0,母茶,29150.0,純淨,5110.0,AQUAGEN,13515.0,鮮乳杯裝,14645.0,200ml,6140.0,300ml,8125.0,500gPP500g,725.0,,,記香,2465.0,無糖濃,14415.0,薏仁,25.0,冰淇淋,650.0,人,3495.0,香濃,340.0,吸吸,60.0,鮮菇,845.0,柚子,20.0,辣椒,445.0,餛飩,1285.0,香酥,4785.0,排骨,1990.0,怡客,615.0,星巴克,7045.0,捲,605.0,20230120z7vt,30.0,熱,65.0,華堡,4200.0,果,19345.0,招牌,1695.0,薑,36505.0,,,粒,11710.0,蝦堡,7730.0,量,12120.0,塊,310.0,沙拉,4950.0,排,1390.0,無毒,2705.0,雞肉,30640.0,麥,27280.0,堅果果,7090.0,家福,6110.0,享餐,1460.0,福茂,4590.0,魷魚,3700.0,船長,25.0,愛文,6180.0,原味,4650.0,3,34220.0,星冰樂,18775.0,糖,7620.0,亨氏,14530.0,250g5,13025.0,豆漿,925.0,醋,19720,粉,260.0,手作,2430.0,香酥,4785.0,2,1250.0,巾,1815.0,專用,12390.0,擦,32805.0,去,23985.0,潔,8625.0,雨罩,1845.0,廚具,7635.0,內,7500.0,,,捲,79.0,澡享,107.0,,,,,,,,,,,,,,,,,,,,,,,,,,,,,,,,,DIKE,39.0,WDMyBook12TB35,3.0,式,2.0,,,,,,,,,,,,,,,,,,,,,,,,,,,,,,,,,,,,,,,,
,,20220930s8clw1ed,5.0,經典,1455.0,經典,1455.0,離,850.0,現貨,22630.0,245ml,19875.0,FOCO,19550.0,都,255.0,小,4270,海洋,15.0,光泉,27520.0,摩斯,5105.0,補給,11595.0,250g,14645.0,200mlx6,5300.0,香醇,4985.0,雪,685.0,,,LCA506,2460.0,蜂蜜,12260.0,530mlx4,25.0,迷你,650.0,比薩,3495.0,可可,285.0,樹飛雪大心,55.0,彩蔬,845.0,蔘,20.0,香腸,440.0,胡椒粉,1185.0,蹄膀,900.0,湯烏龍,1730.0,祥有味,355.0,堡餐,3980.0,盅,420.0,20221221y6hfjgcv,5.0,粿,65.0,燒,3265.0,日出,15730.0,燒,1535.0,麥,36200.0,,,14,11445.0,黃,7730.0,包,11775.0,2,305.0,肉去,4735.0,丼,1390.0,台灣,2660.0,蔬菜,30260.0,大麥,24625.0,天然,6865.0,絲,6025.0,肉,1090.0,北海道,3980.0,片,2480.0,北海道,25.0,7D,5420.0,焦糖,3810.0,布丁,33780.0,金磚,14385.0,清涼,7585.0,1L,14445.0,10,13015.0,皺葉,905.0,甜味,19660,詹姆士,245.0,橙品,2310.0,蹄膀,900.0,當天,1230.0,及,1740.0,購物,8830.0,刷,32770.0,劑,22640.0,一匙,7810.0,ChildrensSpecialtySto,1785.0,環保,6860.0,手機架,7280.0,,,妝,79.0,粗,95.0,,,,,,,,,,,,,,,,,,,,,,,,,,,,,,,,,來電,39.0,TFSDXCU1C10R10064GME,3.0,卡層,2.0,,,,,,,,,,,,,,,,,,,,,,,,,,,,,,,,,,,,,,,,
,,20220905c0tjjcqe,5.0,入盒,1375.0,入盒,1375.0,杯熱,695.0,冰福吉茶,19310.0,原味,17240.0,蔓越莓,19350.0,折,240.0,木耳,4260,UP,15.0,紅藜,26005.0,法國,5075.0,日本,10375.0,盒,14325.0,箱,2255.0,韓國,3905.0,黑糖,625.0,,,商品,2285.0,咖啡,9145.0,入現,25.0,帕瑪,645.0,珍珠,3495.0,榛果,275.0,植美,55.0,3,330.0,紅地,20.0,脆雞堡,370.0,鹽,720.0,大,900.0,炸醬,820.0,單現,230.0,雙牛堡,850.0,舒肥,420.0,20221225l5uuvf5c,5.0,捷,65.0,麥元氣,3225.0,大阪,15670.0,罐組,1490.0,藜,36200.0,,,250g,10190.0,金,7730.0,特級,11030.0,山葵,190.0,綜合,4520.0,爪哇,945.0,1,2575.0,舒肥,30025.0,超級,20425.0,代付,2505.0,高坑,5940.0,干豆,1085.0,M,3575.0,辣椒,850.0,100g,25.0,宿霧,5395.0,12,3585.0,上,33760.0,好時,14385.0,風味,6680.0,醬包,13310.0,牌,12805.0,豌豆,755.0,雞肉,19020,香辣,245.0,乾,1690.0,大,900.0,手,1095.0,和,1010.0,晾衣,8195.0,絨,32690.0,袋,22520.0,凝珠,6040.0,手推,1730.0,密封,6810.0,物流,6775.0,,,水,79.0,美琪,89.0,,,,,,,,,,,,,,,,,,,,,,,,,,,,,,,,,髮,38.0,專業,3.0,卡風琴,2.0,,,,,,,,,,,,,,,,,,,,,,,,,,,,,,,,,,,,,,,,
,,,,綜合,1355.0,綜合,1355.0,半價,695.0,台灣,17935.0,330mlx6,11065.0,蘆,18120.0,使用,220.0,人,3795,票台,15.0,山藥,25270.0,深命力,5040.0,素滴,9270.0,瓶,6990.0,,,棉糖,3195.0,完整,525.0,,,牛奶,2105.0,Oatly,7920.0,貨蝦,25.0,歐式,645.0,組合餐,2870.0,醬,275.0,噗,55.0,VegetableDelightPi,310.0,黃,20.0,比薩,360.0,排骨,685.0,鮑菇,790.0,牛三寶,770.0,厚,45.0,輕檸,850.0,那堤,420.0,20221204y6hfuaqr,5.0,壓,65.0,脆雞堡,3125.0,個,10880.0,255g6,1490.0,星冰樂,30130.0,,,鮮採,7240.0,代收,7610.0,石斑,10695.0,大阪,190.0,產,3300.0,咖哩,945.0,炭烤,2540.0,盅,29680.0,夏威夷,20250.0,代收,2505.0,味味,5795.0,烤肉,1040.0,風味燒,3275.0,剝皮,295.0,花,25.0,手摘,5340.0,二配,3505.0,香辣,21015.0,濃,9160.0,瓜子,6345.0,雞油,13155.0,果實,12800.0,嬰,755.0,活寶牌,17225,粉詹粉,245.0,烘焙,1445.0,鮑菇,790.0,公司,1055.0,包紙,760.0,夾曬,3920.0,OP,32565.0,原裝,22295.0,獅王,4455.0,衣架,1720.0,冰塊,5175.0,服務費,6710.0,,,頂級,76.0,680ml,82.0,,,,,,,,,,,,,,,,,,,,,,,,,,,,,,,,,圈小麥,38.0,ESD270C1TBUSB3,3.0,12,2.0,,,,,,,,,,,,,,,,,,,,,,,,,,,,,,,,,,,,,,,,
,,,,50,1205.0,50,1205.0,第二杯,695.0,大,12220.0,CAN330ml,10235.0,蘇打,16265.0,,,蔘,3795,開發,15.0,台糖,23825.0,瓶,4545.0,ASOLO,8555.0,大拇指,6975.0,,,三層次,2755.0,鮮白桃,525.0,,,優酪,1960.0,可可,7555.0,290G,20.0,蛋糕,575.0,堡,2870.0,貝果,275.0,噗速酵,55.0,4,275.0,4710713176010,20.0,gw,340.0,湯,680.0,麥杏,790.0,檸汁椒,405.0,王,35.0,大餐,455.0,套餐,420.0,20221225y4rtrce9,5.0,SNabatiSiip,60.0,美式,2290.0,薄,10875.0,小,1480.0,南瓜,29270.0,,,機紅,6850.0,代付,7600.0,龍虎,10630.0,燒,190.0,100g,1795.0,食,510.0,特大,2340.0,捲,28405.0,組合餐,17985.0,大包,2255.0,蔥,5725.0,豆乾丁,765.0,風味,3155.0,400g,180.0,鼎佳,15.0,風味,5075.0,海鹽,3505.0,捲,17935.0,橘子,1835.0,銀雪,6150.0,麵,12860.0,蜜粉,12765.0,粉,740.0,SB,16610,漢方辣粉,245.0,製,1340.0,麥杏,790.0,無線,995.0,附紙,345.0,棉被,2735.0,芳香,30245.0,800g,20595.0,花王,2040.0,雨衣,1715.0,倉庫,4375.0,香氛,6130.0,,,造型,65.0,清透,82.0,,,,,,,,,,,,,,,,,,,,,,,,,,,,,,,,,購物,38.0,多功能,3.0,真皮,2.0,,,,,,,,,,,,,,,,,,,,,,,,,,,,,,,,,,,,,,,,
,,,,鮮,1170.0,鮮,1170.0,風味,695.0,附湯,8865.0,飲料,7845.0,柳橙,15550.0,,,牛奶,3615,皮代,15.0,義美無糖,18375.0,2200ml,3680.0,750ML,8555.0,,,,,1300ml,2185.0,優格莓,205.0,,,香草,1810.0,厚高纖,5400.0,特價,20.0,熊大,575.0,牛肉,2870.0,豆乳,125.0,金桔,25.0,胡椒,235.0,大,15.0,辣香貝果,335.0,原盅,680.0,牛燒,60.0,麻雞,405.0,現貨,10.0,限定,265.0,雞肉定,395.0,20221203l68twn72,5.0,燻,40.0,培根,1945.0,人,10875.0,羊羹,1420.0,組合餐,15460.0,,,螺陽,6605.0,菜,2430.0,魚丸,10055.0,珍珠,190.0,請給,1560.0,柳定,510.0,魚燒個,2220.0,牛肉,24720.0,鹽小卷,14910.0,果漾,1435.0,高粱酒,5615.0,鮮菇,135.0,30g,3135.0,良泉,180.0,肉羹,15.0,真甘純,5035.0,UCC,2890.0,穀,17435.0,杯,1710.0,龜田,6135.0,大王,12500.0,顆粒,11560.0,250g,740.0,活寶,16460,麻辣,245.0,筋,1005.0,牛燒,60.0,路,720.0,單張,205.0,衣,2685.0,平板,28270.0,霉劑,19985.0,去,1875.0,尿布,1595.0,糰,3820.0,架,5525.0,,,沙宣,53.0,極淨,82.0,,,,,,,,,,,,,,,,,,,,,,,,,,,,,,,,,糖果,38.0,品,3.0,原廠,2.0,,,,,,,,,,,,,,,,,,,,,,,,,,,,,,,,,,,,,,,,
,,,,,,,,核果,695.0,或,8865.0,葡萄,7600.0,即,15540.0,,,椪,3560,2000g,15.0,銀養,17990.0,運動,3420.0,大利,8260.0,,,,,片,1990.0,飲料,30.0,,,SBisco,1795.0,風味燕,4370.0,義美傳,15.0,240,470.0,大麥元氣,2140.0,三,125.0,20220916k3cn5rli,5.0,醬,225.0,甘露,15.0,肉桂,255.0,告,600.0,20220921a6zjab8h,5.0,麻辣,375.0,20220912swhmgsaw,5.0,熱熔,205.0,食,395.0,20221216z8uu5vr3,5.0,火腿,40.0,雙層,1700.0,啦,7800.0,團雙,935.0,明太子,11560.0,,,力,6590.0,食,2410.0,義美,9945.0,堡,190.0,雞,1485.0,炸雞,510.0,風章,2220.0,鮮肉,23975.0,波樂,13910.0,芭樂乾,1140.0,包,5355.0,彩蔬,135.0,黑芝麻,2765.0,5,85.0,杯,15.0,餐包,4360.0,美味,2230.0,那堤,12335.0,活動,1710.0,堅果,5985.0,韓國產品,12440.0,200g5,11180.0,300g,695.0,燒鰻,15820,紅燒,100.0,分裝,960.0,20220921a6zjab8h,5.0,巷,520.0,單林,80.0,,,發票,26860.0,軟護衣,19840.0,漬,1610.0,貝親,1315.0,,,內襯,5420.0,,,日本,39.0,型,80.0,,,,,,,,,,,,,,,,,,,,,,,,,,,,,,,,,超大,37.0,256GBJetFlash790,2.0,imos,2.0,,,,,,,,,,,,,,,,,,,,,,,,,,,,,,,,,,,,,,,,
,,,,,,,,太妃,695.0,保久乳,8385.0,白,6600.0,IF,12775.0,,,綠豆,3560,龍泉金,10.0,全家人,17780.0,山泉水,3270.0,義,8180.0,,,,,鈣,1960.0,胡椒,30.0,,,奶油,1790.0,麥奶,4370.0,24,15.0,5,460.0,超級,2140.0,丸,125.0,20220921t0swx4im,5.0,團李錦記,225.0,2kg,15.0,大餐,210.0,馬,600.0,20220923f4ow3c54,5.0,生義,370.0,20220918e4cwgfz8,5.0,重,35.0,優惠餐,390.0,20221226mmj2pc51,5.0,機,15.0,牛堡,970.0,咔,7795.0,月,935.0,20220904f4dl1bbk,5.0,,,荷葉,6050.0,排定,2410.0,飯,9925.0,腰,170.0,粉,1485.0,胭脂,345.0,和,2220.0,4,20510.0,辣醬味,10790.0,添加,570.0,五香,5345.0,20221108l1pbutci,5.0,95g,2650.0,2,80.0,咕咪黃金,15.0,綜合,4045.0,麥片,2230.0,北,10545.0,生,700.0,脆米星,5740.0,30g,9785.0,蜜多,10785.0,圓滿,695.0,肉醬,14515,20221218dqmjsa4t,5.0,韓式,655.0,20220923f4ow3c54,5.0,弄,480.0,曾,55.0,,,毛巾,25180.0,浴室,19670.0,現貨,1455.0,矽膠,1220.0,,,尿袋,5095.0,,,GATSBY,36.0,一般,80.0,,,,,,,,,,,,,,,,,,,,,,,,,,,,,,,,,示型,36.0,小粒,2.0,OlympusStylusToughTG6,2.0,,,,,,,,,,,,,,,,,,,,,,,,,,,,,,,,,,,,,,,,
,,,,,,,,都,325.0,台農麥芽,8385.0,氣水,5545.0,椰子汁,8250.0,,,水,3550,N,10.0,杏仁,17305.0,大容量,3165.0,泡礦,7690.0,,,,,有點,1870.0,去,30.0,,,夾,1775.0,那堤,4370.0,盒,15.0,支法國,455.0,比薩獨,1650.0,開心果,125.0,20220925t198elx1,5.0,餐飲,210.0,米,15.0,SpicyMexicanLargeP,110.0,林家,600.0,20220928y5pwm90i,5.0,王品,325.0,20220919koouvjju,5.0,20220911slhnpnz,5.0,腿,390.0,20221210y8tl533o,5.0,日式,10.0,嗨,840.0,中辣,7585.0,蓮子湯,880.0,,,,,裕,5080.0,億長,2310.0,炒,9925.0,炸,170.0,無裹,1425.0,肉香腸,345.0,鱸,1915.0,奇美,18710.0,享餐,9420.0,梨乾,570.0,風味條,4830.0,20221113z9xw4sg7,5.0,S,2555.0,3,75.0,咕米,15.0,原味,4015.0,21g15,2170.0,V,9405.0,,,盛香珍,4910.0,黑,9260.0,醫媞,10785.0,甜,610.0,罐組,12765,20221210vz7bv3yt,5.0,單點,380.0,20220928y5pwm90i,5.0,段,300.0,陳,55.0,,,組,24935.0,打,19090.0,,,抽,1205.0,,,重力,5005.0,,,,,片,80.0,,,,,,,,,,,,,,,,,,,,,,,,,,,,,,,,,KTPWDP01,36.0,B0364GB,2.0,專用,2.0,,,,,,,,,,,,,,,,,,,,,,,,,,,,,,,,,,,,,,,,
,,,,,,,,胡椒,205.0,Lunashop,8240.0,雙葉,4895.0,鮮剖,6505.0,,,組合包,3455,27,5.0,鈣,16655.0,水瓶,2120.0,560ml,7030.0,,,,,燒慢燒,1815.0,冰,25.0,,,健酪,1635.0,紅絲絨,1985.0,統豆,15.0,燕麥,155.0,鐵板,1650.0,冰棒,10.0,20220903f5azl7m7,5.0,5,205.0,香好,15.0,王,110.0,包子,600.0,20220910ov95v4eu,5.0,6,115.0,20220909b9vy6bbu,5.0,,,莎莎雞,390.0,20221214z5twv37w,5.0,芋到,10.0,漢堡,520.0,雞腿堡,7025.0,名屋,870.0,,,,,250g5,4110.0,御坊,2310.0,學甲無刺,9255.0,酥,170.0,我,1110.0,雙拼,345.0,小比薩,885.0,草莓,17505.0,比薩獨,9345.0,果乾,560.0,團碳,4155.0,20221107a3ryslop,5.0,酥,1335.0,,,Gumi,15.0,盛香珍,3420.0,綜,2110.0,杯,6480.0,,,豐葵,4885.0,需要,1760.0,片,10605.0,米森有,500.0,同榮,11855,20221221l1hb19s6,5.0,燒肉,375.0,20220910ov95v4eu,5.0,1,185.0,單謝,50.0,,,布,24260.0,透,17520.0,,,寵物,1155.0,,,襯套,4905.0,,,,,100,80.0,,,,,,,,,,,,,,,,,,,,,,,,,,,,,,,,,歌林來,36.0,白,2.0,60M,1.0,,,,,,,,,,,,,,,,,,,,,,,,,,,,,,,,,,,,,,,,
,,,,,,,,大冰,130.0,熱銷,7810.0,Can,4610.0,光泉,6200.0,,,南庄,3200,,,鮮豆漿,15685.0,水杯,1770.0,22L,5720.0,,,,,,,三包,10.0,,,金車,950.0,榛果,1880.0,ROSSA,10.0,法式,15.0,雙牛,1650.0,黑,10.0,20220909c9eij9ga,5.0,包熱,205.0,關農芋,15.0,BurgerKing,110.0,淡水,600.0,20220912y7rzidja,5.0,味,40.0,20221217f1xmqcbv,5.0,,,風味肉,215.0,20221221y9aphrt1,5.0,20221219z7,10.0,早餐,390.0,花生,6440.0,入,760.0,,,,,袋,4110.0,年,2255.0,辣椒,6585.0,內,170.0,3,845.0,便當,345.0,鮮嫩,790.0,甜心,15440.0,巴拉,7370.0,,,肉醬,3940.0,20221102z8fka4dq,5.0,韓國,450.0,,,咖哩,15.0,核果,3260.0,烏干達,2090.0,太妃,2930.0,,,香,4870.0,包,1560.0,奶油,8990.0,200g5,450.0,好侍,11040,20221228l1hb2dek,5.0,中式,160.0,20220912y7rzidja,5.0,街,160.0,,,,,包,23455.0,靈制菌,16350.0,,,膠安撫,925.0,,,車載,4905.0,,,,,純水柔,80.0,,,,,,,,,,,,,,,,,,,,,,,,,,,,,,,,,電顯,36.0,CS22QC30,2.0,潛水,1.0,,,,,,,,,,,,,,,,,,,,,,,,,,,,,,,,,,,,,,,,
,,,,,,,,,,入,6935.0,,,,,,,去,3120,,,金克寧,14610.0,漸層,1535.0,法拉,4610.0,,,,,,,一包,10.0,,,1450ml,395.0,特選紅絲絨,410.0,箱,10.0,20230419x3apda5,5.0,享餐,1650.0,,,綜合莓,5.0,6,165.0,梨,15.0,w,20.0,3,210.0,20220919y2jfu9qg,5.0,噌,40.0,,,,,20221224e9hui,5.0,20221207z0blp66b,5.0,20221205ih,10.0,附餐,390.0,熔岩,6440.0,4,760.0,,,,,蚵,2315.0,預購,2175.0,無刺,6215.0,20221220y9bebd3x,5.0,4,650.0,炸蝦,230.0,鯛魚,790.0,貢丸,14020.0,紫薯,6420.0,,,105g,3685.0,20220802z7sal0,5.0,45g,315.0,,,屋,15.0,義美生,3085.0,巴西,2090.0,核果,2930.0,,,果子,3405.0,要,980.0,盒,8525.0,機漢方,220.0,福松,8125,20221224u4cr8u8y,5.0,金品,160.0,20220919y2jfu9qg,5.0,一路,140.0,,,,,架,22260.0,花仙子,16255.0,,,扇貝,925.0,,,配,4695.0,,,,,嬌生,80.0,,,,,,,,,,,,,,,,,,,,,,,,,,,,,,,,,Kolin,36.0,165g,2.0,4710474448463,1.0,,,,,,,,,,,,,,,,,,,,,,,,,,,,,,,,,,,,,,,,
,,,,,,,,,,石榴,6415.0,,,,,,,愛之味,2940,,,晚安,11220.0,健身,1370.0,蕊,4610.0,,,,,,,冰起,5.0,,,,,冰特選,300.0,37,10.0,20221203f1sqeomt,5.0,藜,730.0,,,起司,5.0,要,160.0,入,10.0,20221113i50wbghv,5.0,紫菜,205.0,20220926y3npaw8k,5.0,韓式,40.0,,,,,20221203y15l9djy,5.0,,,泥,10.0,小華堡,300.0,XL,5640.0,家福,725.0,,,,,鍋,2300.0,厚切,2050.0,學甲,5965.0,20221222y5kgk7ad,5.0,兩包,610.0,麻婆,215.0,SeafoodPizzaExc,130.0,香菇,14020.0,烤,5260.0,,,腿,3445.0,,,捲,180.0,,,八幡,15.0,機繽紛,2765.0,特濃,2000.0,派,2925.0,,,兔年,3380.0,跟,790.0,康寶,8275.0,麩質,205.0,新東陽,5955,20221210i8tb0cge,5.0,炒,160.0,20220926y3npaw8k,5.0,,,,,,,JohnsBlend,21895.0,香香,15685.0,,,全矽,925.0,,,你,4695.0,,,,,水平衡,65.0,,,,,,,,,,,,,,,,,,,,,,,,,,,,,,,,,藍牙耳機,31.0,KingstonKC600mSATA512,1.0,春光,1.0,,,,,,,,,,,,,,,,,,,,,,,,,,,,,,,,,,,,,,,,
,,,,,,,,,,1,5970.0,,,,,,,愛健,2215,,,家樂福,7735.0,直,1160.0,檸檬風味氣,3700.0,,,,,,,司,5.0,,,,,冰特,95.0,正康,5.0,20230428y7sj13u,5.0,麥元氣,730.0,,,20220910o7txc3q2,5.0,鹽,95.0,餅,10.0,20221102i50w5egq,5.0,10,185.0,20220909a6nkwb9l,5.0,20221205z7ofvmfz,5.0,,,,,20221225vwpd5t6j,5.0,,,白切,5.0,雞薯,250.0,套餐,5640.0,200g10,620.0,,,,,機青,2250.0,愛買,1835.0,150g,5490.0,20221218y7vtmct0,5.0,10,545.0,和,40.0,X220221105z6,70.0,龍鳳,12435.0,腿,5215.0,,,享券,3225.0,,,切片,135.0,,,米果,15.0,台灣,2765.0,耳,1470.0,南瓜,2925.0,,,總匯,3285.0,2,275.0,細滑,8160.0,機無,205.0,滷,2885,,,肉排,155.0,20220909a6nkwb9l,5.0,,,,,,,乳膠,21720.0,茶樹,14650.0,,,茶碗,905.0,,,防盜,4575.0,,,,,900g,64.0,,,,,,,,,,,,,,,,,,,,,,,,,,,,,,,,,台灣,28.0,縣產,1.0,乍洩,1.0,,,,,,,,,,,,,,,,,,,,,,,,,,,,,,,,,,,,,,,,
,,,,,,,,,,玫瑰,5870.0,,,,,,,530ml,2065,,,饅,7690.0,,,檸檬風味,1350.0,,,,,,,,,,,,,,,黑,5.0,20230429ki98k8p,5.0,20221205o4o322ow,5.0,,,20230419e5bd6j55,5.0,刺,50.0,8,10.0,20221122spgucnn7,5.0,蔔,180.0,,,20221210y3kaf9q8,5.0,,,,,20221218p5xow,5.0,,,ANNIES,5.0,E,250.0,單點,4475.0,饅頭,455.0,,,,,溫室,2225.0,和,1510.0,薄,5235.0,20221209y9bep4uw,5.0,2,505.0,日本,40.0,X220221108z6,55.0,美式,1010.0,要,4875.0,,,麥當勞,3225.0,,,鶴壽庭,80.0,,,雞雙,5.0,玉米,2615.0,閑,1450.0,,,,,比薩,3285.0,,,汎,8115.0,穀,115.0,肉,2885,,,私房,155.0,,,,,,,,,補充,20855.0,精油,13750.0,,,蒸,905.0,,,吸塵器,4550.0,,,,,旋木馬,39.0,,,,,,,,,,,,,,,,,,,,,,,,,,,,,,,,,出貨,28.0,卷琦玉,1.0,NitecoreUNK2,1.0,,,,,,,,,,,,,,,,,,,,,,,,,,,,,,,,,,,,,,,,
,,,,,,,,,,蜜,5785.0,,,,,,,乳,1975,,,星冰樂,5530.0,,,,,,,,,,,,,,,,,,,33,5.0,,,20221203l1pbqrh1,5.0,,,20220903g1ukklwg,5.0,黑椒,50.0,7,10.0,20221109agem862q,5.0,蘿,180.0,,,20220915g3waxxud,5.0,,,,,,,,,達,5.0,大餐,100.0,小比薩,4240.0,御,250.0,,,,,提供,1820.0,風,1510.0,醬,3825.0,蝦,5.0,6,495.0,20220808a1ybfu,5.0,烤,35.0,臘腸,1010.0,個,4715.0,,,麥脆,3225.0,,,黑潮,65.0,,,,,小品,2405.0,25g,1000.0,,,,,義美,3245.0,,,Can500ml,7835.0,黑芝麻,115.0,椪,2885,,,,,,,,,,,,,絨裡,19670.0,機專用,13570.0,,,100,855.0,,,小比薩任,2905.0,,,,,霓彩,39.0,,,,,,,,,,,,,,,,,,,,,,,,,,,,,,,,,腰掛,28.0,中粒,1.0,GoProHERO567Black,1.0,,,,,,,,,,,,,,,,,,,,,,,,,,,,,,,,,,,,,,,,
,,,,,,,,,,,,,,,,,,統一蜜,1045,,,海鮮,3730.0,,,,,,,,,,,,,,,,,,,23,5.0,,,20221202o3td7vbc,5.0,,,20220917p9lufhgj,5.0,需要,35.0,6,5.0,20221104jesyje,5.0,瓜,150.0,,,20220904s4ire8w2,5.0,,,,,,,,,20221208mlq2czlj,5.0,20230420r3gcy,10.0,經典餐,3240.0,萩,250.0,,,,,請,1770.0,田園,1370.0,東泉,3695.0,20221231f5mqiei4,5.0,鮮切,490.0,20220812ov955p,5.0,焗,35.0,雙層,1000.0,人,4715.0,,,150g,2480.0,,,旗跡,65.0,,,,,晶典,2405.0,包,955.0,,,,,春日,3190.0,,,風味醬,7745.0,聖常,115.0,小朋友,2630,,,,,,,,,,,,,妙潔,19070.0,洗潔,13490.0,,,式,820.0,,,鷄,2460.0,,,,,男性,15.0,,,,,,,,,,,,,,,,,,,,,,,,,,,,,,,,,鈴聲,27.0,JetFlash920512GB,1.0,3P4,1.0,,,,,,,,,,,,,,,,,,,,,,,,,,,,,,,,,,,,,,,,
,,,,,,,,,,,,,,,,,,養生,960,,,一份,3300.0,,,,,,,,,,,,,,,,,,,,,,,20221225gv6jhnmb,5.0,,,20220916v6rx2vpi,5.0,小燒,35.0,,,20221106z861li,5.0,4,105.0,,,20220927m6ay654l,5.0,,,,,,,,,20221207z3bhlb1t,5.0,20230204t42eq,10.0,歡享,3240.0,110g,250.0,,,,,北,1765.0,帕里尼,1370.0,410g,2645.0,20221227y7ee12,5.0,有,465.0,20220806y1okic,5.0,20230214y1vck,10.0,大比薩,1000.0,多辣醬,4470.0,,,香酥,1080.0,,,,,,,,,名產,1650.0,,,,,,,桶,3070.0,,,400g,7740.0,,,溫玉,1315,,,,,,,,,,,,,L,17030.0,濃縮,12200.0,,,20221224g1ymt5mv,5.0,,,香,2460.0,,,,,美系陽光,15.0,,,,,,,,,,,,,,,,,,,,,,,,,,,,,,,,,24GHz,23.0,KCR359,1.0,W2142500BCHENSON,1.0,,,,,,,,,,,,,,,,,,,,,,,,,,,,,,,,,,,,,,,,
,,,,,,,,,,,,,,,,,,黑,935,,,享餐,2985.0,,,,,,,,,,,,,,,,,,,,,,,,,,,20220928i1kscy84,5.0,20220925e1dh2x91,5.0,,,20221105ayj4ey,5.0,8,90.0,,,20221211b5vb3z91,5.0,,,,,,,,,20221227f7ugl8ow,5.0,20221225sg2om,5.0,和,825.0,冰沙,155.0,,,,,包,1640.0,蔬菜,970.0,10,1955.0,20221229a4axjp,5.0,裕,460.0,20221227m2tzlxfh,5.0,20230215y3enr,10.0,飯份,345.0,小姐,4315.0,,,炸腰,1080.0,,,,,,,,,包,1470.0,,,,,,,脆餅,3040.0,,,彩色,7340.0,,,日式,1245,,,,,,,,,,,,,山藥,15940.0,,,,,20221227q7pdcipq,5.0,,,蛋,2460.0,,,,,,,,,,,,,,,,,,,,,,,,,,,,,,,,,,,,,,,設計,22.0,19684095,1.0,液晶,1.0,,,,,,,,,,,,,,,,,,,,,,,,,,,,,,,,,,,,,,,,
,,,,,,,,,,,,,,,,,,雞蛋,760,,,比薩獨,2985.0,,,,,,,,,,,,,,,,,,,,,,,,,,,20220929heueayt5,5.0,20220921q4arixcf,5.0,,,20221110y4rtfagb,5.0,鵝肉,40.0,,,20221212z2yus2ic,5.0,,,,,,,,,20221229z4rtdyev,5.0,20221230ke25b,5.0,20221212y0gs0v0r,5.0,綠豆,10.0,,,,,鴻,1115.0,捲,970.0,珍寶蟹,1150.0,海味,5.0,5,405.0,20221218v6qzfpd3,5.0,20221216z9di7q0,5.0,泡菜,35.0,味,4075.0,,,內肉定,1080.0,,,,,,,,,,,,,,,,,北,2120.0,,,蘇格蘭,6995.0,,,調理包,1180,,,,,,,,,,,,,感應,6565.0,,,,,20221203h9pr0fa3,5.0,,,勁濃,2180.0,,,,,,,,,,,,,,,,,,,,,,,,,,,,,,,,,,,,,,,MotorolaS1201DECT,20.0,04800472,1.0,品牌,1.0,,,,,,,,,,,,,,,,,,,,,,,,,,,,,,,,,,,,,,,,
,,,,,,,,,,,,,,,,,,羅,655,,,SeafoodPizzaExclusiv,1165.0,,,,,,,,,,,,,,,,,,,,,,,,,,,20230311f2sn7lkq,5.0,20220903z3uyj3hk,5.0,,,,,炒,5.0,,,20221207z4njcjam,5.0,,,,,,,,,,,,,20221213a4ax61a9,5.0,20220917y7flpddl,5.0,,,,,i,630.0,林聰明,210.0,味,1150.0,,,,,20221211m2tzvga4,5.0,20221217y1mj81r,5.0,20221211b6rtudnn,5.0,麵,3725.0,,,食,1080.0,,,,,,,,,,,,,,,,,57g,1945.0,,,日,5945.0,,,味王,1085,,,,,,,,,,,,,按,4315.0,,,,,20221211u8tseh6p,5.0,,,白雪,365.0,,,,,,,,,,,,,,,,,,,,,,,,,,,,,,,,,,,,,,,耳機,10.0,04801584,1.0,日本,1.0,,,,,,,,,,,,,,,,,,,,,,,,,,,,,,,,,,,,,,,,
,,,,,,,,,,,,,,,,,,耳機,400,,,蒸,745.0,,,,,,,,,,,,,,,,,,,,,,,,,,,,,,,,,,,鹹,5.0,,,,,,,,,,,,,,,,,20221215b8btu3ra,5.0,20220922f4mowwnv,5.0,,,,,包謝謝,145.0,大,125.0,棒,1150.0,,,,,,,20221217z4njcom,5.0,20221226z0jwwjo4,5.0,地獄,3230.0,,,20220909k6fmi4lm,5.0,,,,,,,,,,,,,,,,,井,1930.0,,,吸油,2510.0,,,單人餐,655,,,,,,,,,,,,,壓式,3970.0,,,,,20221212o2zg5743,5.0,,,,,,,,,,,,,,,,,,,,,,,,,,,,,,,,,,,,,,,,,,,降噪,7.0,53050106,1.0,SmoliaSquare,1.0,,,,,,,,,,,,,,,,,,,,,,,,,,,,,,,,,,,,,,,,
,,,,,,,,,,,,,,,,,,入耳式,310,,,茶碗,745.0,,,,,,,,,,,,,,,,,,,,,,,,,,,,,,,,,,,20221215ez2b3,5.0,,,,,,,,,,,,,,,,,20221215z2ohhv5r,5.0,,,,,,,4,90.0,20221209y1yecll6,5.0,420g,1010.0,,,,,,,20221219e0hbpqn,5.0,20221218a8hu9vck,5.0,包謝謝,3025.0,,,20220903c3ti6f9v,5.0,,,,,,,,,,,,,,,,,綜合豆,1930.0,,,我,2510.0,,,慶祝,655,,,,,,,,,,,,,垃圾,3875.0,,,,,,,,,,,,,,,,,,,,,,,,,,,,,,,,,,,,,,,,,,,,,,,,,TWS,7.0,MTS430S1TBM22,1.0,ForNiko,1.0,,,,,,,,,,,,,,,,,,,,,,,,,,,,,,,,,,,,,,,,
,,,,,,,,,,,,,,,,,,麥克風,145,,,20220830z2izgp4j,5.0,,,,,,,,,,,,,,,,,,,,,,,,,,,,,,,,,,,20221208y2waf,5.0,,,,,,,,,,,,,,,,,20221211z4svhbaz,5.0,,,,,,,2,65.0,20221204k9ayki5o,5.0,100g5,810.0,,,,,,,,,20221229r7dbofx0,5.0,,,,,20220920s0rw6fy1,5.0,,,,,,,,,,,,,,,,,蒟,1515.0,,,惹,2510.0,,,20221116x2gdmy7l,5,,,,,,,,,,,,,垃圾袋,3825.0,,,,,,,,,,,,,,,,,,,,,,,,,,,,,,,,,,,,,,,,,,,,,,,,,藍,6.0,Storejet25A32TB,1.0,充電器,1.0,,,,,,,,,,,,,,,,,,,,,,,,,,,,,,,,,,,,,,,,
,,,,,,,,,,,,,,,,,,原廠,75,,,20220827z4db6bpm,5.0,,,,,,,,,,,,,,,,,,,,,,,,,,,,,,,,,,,蛋,5.0,,,,,,,,,,,,,,,,,20221210y2hce6tw,5.0,,,,,,,包和餐,60.0,20221203kvoq7o5o,5.0,盒,810.0,,,,,,,,,,,,,,,20220919x7rq444a,5.0,,,,,,,,,,,,,,,,,,,,,清爽,2480.0,,,20221115koqogduj,5,,,,,,,,,,,,,12L,3485.0,,,,,,,,,,,,,,,,,,,,,,,,,,,,,,,,,,,,,,,,,,,,,,,,,SpinFitCP1025,5.0,品工,1.0,顯示,1.0,,,,,,,,,,,,,,,,,,,,,,,,,,,,,,,,,,,,,,,,
,,,,,,,,,,,,,,,,,,入耳,70,,,,,,,,,,,,,,,,,,,,,,,,,,,,,,,,,,,,,,,,,,,,,,,,,,,,,,,,,20221220e9asosgy,5.0,,,,,,,,,,,塊,775.0,,,,,,,,,,,,,,,,,,,,,,,,,,,,,,,,,,,,,35g,2390.0,,,20221114blxmhwyt,5,,,,,,,,,,,,,,,,,,,,,,,,,,,,,,,,,,,,,,,,,,,,,,,,,,,,,,,,,,,,,,,,,162g,1.0,OneofUsIsLying,1.0,,,,,,,,,,,,,,,,,,,,,,,,,,,,,,,,,,,,,,,,
,,,,,,,,,,,,,,,,,,有線,70,,,,,,,,,,,,,,,,,,,,,,,,,,,,,,,,,,,,,,,,,,,,,,,,,,,,,,,,,20221217r7dudbxc,5.0,,,,,,,,,,,辣雞塊,775.0,,,,,,,,,,,,,,,,,,,,,,,,,,,,,,,,,,,,,透明,2330.0,,,20221113k2dblqky,5,,,,,,,,,,,,,,,,,,,,,,,,,,,,,,,,,,,,,,,,,,,,,,,,,,,,,,,,,,,,,,,,,,,,,,,,,,,,,,,,,,,,,,,,,,,,,,,,,,,,,,,,,,,,
,,,,,,,,,,,,,,,,,,耳麥,50,,,,,,,,,,,,,,,,,,,,,,,,,,,,,,,,,,,,,,,,,,,,,,,,,,,,,,,,,,,,,,,,,,,,,水牛城,775.0,,,,,,,,,,,,,,,,,,,,,,,,,,,,,,,,,,,,,控油,1990.0,,,20221120h7wze6xf,5,,,,,,,,,,,,,,,,,,,,,,,,,,,,,,,,,,,,,,,,,,,,,,,,,,,,,,,,,,,,,,,,,,,,,,,,,,,,,,,,,,,,,,,,,,,,,,,,,,,,,,,,,,,,
,,,,,,,,,,,,,,,,,,MOE267,45,,,,,,,,,,,,,,,,,,,,,,,,,,,,,,,,,,,,,,,,,,,,,,,,,,,,,,,,,,,,,,,,,,,,,,,,,,,,,,,,,,,,,,,,,,,,,,,,,,,,,,,,,,,,,,,20221120i4idjmfw,5,,,,,,,,,,,,,,,,,,,,,,,,,,,,,,,,,,,,,,,,,,,,,,,,,,,,,,,,,,,,,,,,,,,,,,,,,,,,,,,,,,,,,,,,,,,,,,,,,,,,,,,,,,,,
