item_name,item
香濃 焦糖 瓜子,125
洽洽 椒 麻 瓜子,11790
洽洽 甜釀 瓜子,3965
盛香珍 香 瓜子 210g 家樂福,25
甘源 蟹 黃 味 瓜子 138g,50
水煮 瓜子 竹鹽 茴香 250g,305
很大 包 天天 出貨台 灣 製 頂 級 焦糖 瓜子 白瓜子 南瓜子 爆紅特,95
洽洽 葵珍葵 瓜子,8855
洽洽 葵珍 原味 葵 瓜子,2385
五香 瓜子 3000 克 3 公斤 5 斤 台 灣 製 袋 裝 瓜子 鄭美,55
盛香珍 甘草 瓜子 190g190g 包,625
五香 瓜子 特大 五香 瓜子 鹽 瓜子 鹹 瓜子 啟 陞 食品 湖廣,15
御膳 坊 黑金 鋼 瓜子 剝殼 器鋁 合金 剝殼器 黑 瓜子 白瓜子 撥殼,5
統記 鹽 焗 葵 瓜子,5
水煮 瓜子 桂圓紅棗 250g,125
盛香珍 甘草 瓜子,2870
香濃海 鹽 瓜子,10
大拇指 葵 瓜子 130g130g,970
盛香珍 香 瓜子 210g,425
老灶 水 煮 瓜子 贈 30 點,25
味覺 生機水 煮 瓜子 桂圓紅棗 400g,15
日月潭 紅茶 味葵 瓜子,15
盛香珍 豐葵 香 瓜子 全天然 原味 165g,50
玄米葵 瓜子,125
富哥 500g 奶香葵 瓜子 葵 瓜子 瓜子,10
HOHOCHA 喝 喝茶 日月潭 紅茶 超大 金 瓜子 茶 煮 瓜子 零食,35
豐葵紅 茶香 瓜子,13535
台灣 巧婦 生葵 瓜子 600g 另有 南瓜子 高品質,60
盛香珍 豐葵 香 瓜子 全天然 原味,270
盛香珍 豐葵 焦糖 香 瓜子,515
水煮 瓜子 桂圓紅棗 400g,5
豐葵 香 瓜子 日月潭 紅茶 風味 188g 包,390
現貨 老爺 吃 瓜子 焦糖 香 瓜子 南棗 核桃 瓜子 竹鹽 茴香 葵 瓜子,5
洽洽 瓜子 350g,1025
盛香珍 豐葵 香 瓜子 桂圓紅棗 風味 150g,155
黃 粒紅 老灶 水 煮 瓜子 竹鹽 茴香,250
量 甘源 蟹 黃 味 瓜子,875
盛香珍 香 瓜子,34250
舞味本 舖 瓜子 五香 瓜子 甘草 瓜子 頂級 甘草 瓜子 茶有 良伴,5
盛香珍 豐葵 香 瓜子 日月潭 紅茶 風味,310
盛香 珍霸 豐葵 經典 咖啡 風味香 瓜子,15
盛香珍 豐葵 香 瓜子 焦糖 風味 180g,1110
盛香珍 豐葵 香 瓜子 桂圓紅棗 692982,10
為食 貨大顆 粒水 煮 瓜子,70
草屯 鎮農會 厭世 瓜子 隨身 包,60
S 轉洽 洽香 瓜子,1650
豐葵 香 瓜子 桂圓,12115
盛香珍 咖啡 瓜子,2590
豐葵 香 瓜子 桂圓紅棗 15,140
豐葵 瓜子 桂圓紅棗,1115
盛香珍 豐葵 香 瓜子 焦糖 風味 150g,220
嘉禾 葵 瓜子 250g,355
盛香珍 香 瓜子 250g,560
平銘 小 舖 為 食貨新 包裝 真贊水 煮 瓜子 焦糖 瓜子 保,50
盛香珍 豐葵紅 茶香 瓜子,65
豐葵 香 瓜子 全天然 原味 138g 包,340
盛香珍 豐葵 香 瓜子 桂圓紅棗 150g 愛買,45
焦糖 葵 瓜子,345
盛香珍 豐葵 焦糖 味香 瓜子 600 公克 3000 公克,95
祥好 瓜子 290 克 甘草 瓜子 麻豆 名產,10
香香 葵 瓜子,15
瑞 康生 醫純素 阿薩姆 茶 煮 葵 瓜子 桶裝 3 入 組網,5
豐葵 香 瓜子 桂圓紅棗 150g 包,2505
盛香珍 豐葵 香 瓜子 日月潭 紅茶 風味 188g 包,90
洽洽 椰香 瓜子,25
Rich 手作 S925 純銀 瓜子 釦 瓜子 扣 瓜子 釦 頭墜 釦,65
四乘 六 葵花 瓜子,6275
核桃 瓜子 起士 包,8385
盛香珍 醬油 瓜子 180g,65
盛香珍 豐葵 香 瓜子 禮桶 焦糖 風味 700g3 桶,10
翁 財記 葵花 瓜子,785
盛香珍 豐葵 香 瓜子 全天然 原味 138 愛買,5
盛香珍 豐葵 香 瓜子 全天然 原味 450g 桶,50
焦糖 葵 瓜子 核桃 葵 瓜子 600 克百恆藥 材沅馥 食品,55
盛香珍 豐葵 香 瓜子 桶 焦糖 風味桂 圓紅棗 風味 全天然 原味 烏,110
台灣 現貨 可 調節 啃 瓜子 神器 剝 瓜子 夾 瓜子 器 剝瓜 啃 瓜子,30
大發 瓜子 行 特 製 茴香 葵花子 生 葵花子 焦糖 瓜子 水煮 瓜子,120
奶油 葵 瓜子,240
Ainmax 艾買氏 啃 瓜子 達人 必備 瓜子 剝殼器 不善 於 或,10
海龍王 瓜子 海龍王 瓜子 系列 水煮 瓜子 香 瓜子 焦糖 風,5
免運全 自動 瓜子 去殼機 嗑瓜子 神器 自動 瓜子 去 殼 機剝 瓜子,55
葵 瓜子,170
盛香珍 豐葵 香 瓜子 150g 包 焦糖 風味桂 圓紅棗 風味,1140
菓 青 市集 原味 生葵 瓜仁 葵 瓜子 400G 大包 裝可 打 精力,10
日日 旺 松鼠 難 吃 的 瓜子 焦糖 味香 濃海鹽 瓜子 香濃五 香味 瓜,35
盛香珍 香 瓜子 210g 愛買,205
剝 瓜子 神器 瓜子 鉗 剝殼器 嗑 葵花籽 剝 瓜子 器 西瓜子 剝離器,15
恰好 香 瓜子,30
茶葉 瓜子,15
S 盛香珍 豐葵 香 瓜子 焦糖,130
甘源 蟹 黃 味 瓜子仁 瓜子仁 瓜子 100500 克分裝,30
免運電子 發票 500g 水煮 瓜子 奶香 焦糖 葵瓜,85
分批 取盛 香珍 豐葵 香 瓜子 日月潭 紅茶 風味 225g,45
翁 財記 MIT 安心 食超 涮 嘴葵 瓜子 3 包,5
晟 祐 葵 瓜子 奶香 220g,80
統 一生 機 果然 優有 機葵 瓜子 180g 包,20
0902 第 33 標水 煮 瓜子 單包,5
盛香珍 豐葵 香 瓜子 焦糖 風味 426564,20
無殼 中小型 鸚鵡 飼料 L1 有 含 瓜子 LX 不含 瓜子 兩,75
洽洽 葵珍 原味 葵 瓜子 242409,10
盛香珍 豐葵 香 瓜子 焦糖 口味 150g 家樂福,15
盛香珍 豐葵 香 瓜子 桂圓紅棗 風味 180G,10
盛香珍 豐葵 香 瓜子 禮桶 全天然 原味 450g,20
盛香 珍霸 豐葵 經典 咖啡 風味香 瓜子 200g,30
盛香珍 醬油 瓜子,1240
甘草 瓜子 300g 包,10
自動 瓜子 去殼機 ARZD100 自動 剝殼機 嗑瓜子 神器,5
量 洽洽 海鹽 瓜子,1760
現貨難 吃 的 瓜子 原味 焦糖 味 核桃 味 500g,325
日日 旺海鹽 瓜子 子 500g,5
三陽 食品 葵 瓜子 系列 原味 焦糖 奶油 共三種 口味 純,40
盛香珍 豐葵 香 瓜子 焦糖 風味 150g,135
盛香珍 豐葵 香 瓜子 焦糖 風味,540
鄭美香葵 瓜子 奶香,5
茶 煮 葵 瓜子,10
盛香珍 豐葵 香 瓜子 全天然 原味 138gX3 包入,250
洽洽 焦糖 瓜子,13360
大發 瓜子 行 白瓜子 南瓜子 綠茶 南瓜子 五台 斤 3 公,40
盛香珍 豐葵 香 瓜子 全天然 原味 138g 包,110
大發 瓜子 行 甘草 瓜子 200g 中包 400g 大包 600g 一,15
黃 粒紅 老灶 水 煮 瓜子 法式 焦糖,220
洽洽 香 瓜子 225g,25
現貨盛 香珍 豐葵 香 瓜子 焦糖 風味 日月潭 紅茶 口味,10
洽洽 椒 麻 瓜子 160g 大潤發,5
水煮 瓜子 竹鹽 茴香 400g,10
盛香珍 盛香珍 豐葵 香 瓜子 量 販包 3kgX2 袋組 焦糖 風 味全,15
百盛 喜 大大 珍味 葵 瓜子 230G,155
嘉禾 葵 瓜子,630
鞋百貨祥 好 瓜子 開心果 300g 一包 台 灣 製 造 天然 開心,5
方 焦糖 葵 瓜子 900g,5
堅果 剝殼器 鋅 合金 瓜子 鉗 瓜子 鉗 多功能 剝 瓜子 殼 瓜子 夾瓜,10
香 瓜子,10
鄭美香奶 香葵 瓜子 葵 瓜子 瓜子 3000 克袋裝,115
盛香珍 豐葵 香 瓜子 重量 包 3kgX2 袋組 焦糖 日月潭 紅茶,1480
嘉禾 醬油 瓜子,185
4713837026780 統 一生 機 果然 優有 機葵 瓜子 18,15
巧益 水 煮 瓜子 核桃 風味,5
盛香 珍紅 棗桂圓 風味 瓜子 600 公克 3000 公克,45
盛香 珍 滷 味 瓜子,7860
盛香珍 豐葵 香 瓜子 禮桶 桂圓紅棗 風味 700g 桶,35
焦糖 風味葵 瓜子,160
盛香珍 豐葵 日月潭 紅茶味 3 公斤 5 斤葵 瓜子 香 瓜子 袋,10
盛香珍 豐葵 香 瓜子 焦糖,25
免運電子 發票 甘草 瓜子 五香 瓜子 新竹 福源 瓜子 堅果,120
盛香珍 香 瓜子 210g210g 包,3770
盛香珍 香 瓜子 袋裝 3000 克 3 公斤 台 灣 製,120
難 吃 的 瓜子 焦糖,65
小豬 瓜子 葵花籽 機 嗑瓜子 神器 自動 剝 瓜子 撥 瓜子 機 瓜子,90
10 包免 運費 為 食貨 焦糖 瓜子 水煮 瓜子 瓜子 真贊,25
洽洽 海鹽 瓜子,19645
阿薩姆 茶 煮 葵 瓜子 包,40
熊貓 玄米葵 瓜子,10
台灣現 貨免 運 瓜子 剝殼 神器 嗑瓜子 神器 全自動 瓜子 去殼機,115
快速 出貨 小粒 葵 瓜子 大粒 葵 瓜子 葵 瓜子 鳥 鸚鵡 倉鼠,5
盛香珍 瓜子 禮盒,45
小粒 葵 瓜子 快速 出貨 大粒 葵 瓜子 葵 瓜子 鳥 鸚鵡倉,35
洽洽 香 瓜子 115g,1530
桂圓紅棗 瓜子,30
洽洽 葵珍葵 瓜子 原味,5
台灣 上 青 焦糖 水煮 瓜子 180 克 系列,50
洽洽 香 瓜子,30095
盛香珍 豐葵 香 瓜子 日月潭 紅茶 風味 225g 包,95
南瓜子 量 販包 3kg 包盛 香珍 瓜子 量 販包 精選大顆 南瓜,10
洽洽 焦糖 瓜子 160g,800
出清 韓國 蜜蜂 台灣 現貨 崑 崎水 煮 瓜子 核桃 風味,5
阿華師瓜 大大 紅茶 葵 瓜子 獨享 包 70g 包,5
盛香珍 香 瓜子 5 斤,10
草屯 玄米葵 瓜子,80
盛香珍 焦糖 香 瓜子 桶 730g730g 桶,640
五全 食品 水煮 葵 瓜子 300g600g 鄭美香 焦糖 味,10
恰恰 香 瓜子 245g,5
大發 瓜子 行 葵花子 茴香 五台 斤裝 葵花子 焦糖 五斤 葵 瓜子,25
特大 顆水 煮 葵 瓜子 300g 水煮 瓜子 焦糖 紅棗 口味 休閒 零食,5
老灶 水 煮 瓜子 焦糖,45
全自動 瓜子 去殼機 嗑瓜子 神器 自動 剝 瓜子 撥 瓜子 機 瓜子 剝殼,630
免運現 貨開 電子 發票 葵 瓜子 顆顆 飽滿 堅果 古 早味 瓜子 瓜,5
香 瓜子 焦糖 口味,695
甘源 蟹 黃 味 瓜子 蟹 黃 味 蠶豆 青豆 285g628g 青荷,125
盛香珍 豐葵 香 瓜子 量販 包桂圓紅棗 風味 3kg 包 官方 旗艦,30
盛香珍 豐葵 香 瓜子 150gX4 包入 焦糖 風味桂 圓紅棗 風味,220
盛香珍 豐葵 香 瓜子 焦糖 風味 15,15
12H 出貨大 發揆 瓜子 大發 葵花 瓜子 葵花 瓜子 瓜子 名,10
S 盛香珍 豐葵 香 瓜子,130
盛香珍 全天然 香 瓜子,5
盛豐 葵香 瓜子 焦糖,15
裕芳 白玉 瓜子,5
洽洽 葵珍 原味 葵 瓜子 110g 包 110g 包,635
盛香珍 豐葵 香 瓜子 桂圓紅棗 風味 150gX4 包入,5
洽洽 香 瓜子 350g 包 350g 包,5515
蝦 皮代開 發票 盛香珍 豐葵 香 瓜子 桂圓紅棗 風味 焦糖 風味,40
洽洽 葵珍葵 瓜子 110g,205
421 難 吃 的 瓜子 大 500g20,5
盛香珍 豐葵 香 瓜子 焦糖 風味 150g 愛買,150
盛香 珍霸 豐葵 阿 嬤 滷 味 風 味 香 瓜子 200g,90
水煮 瓜子 蝦 皮團購 日月潭 紅茶 海鹽 茴香 焦糖 奶香 特大 顆,15
板橋 阿禧鮮 魚行 海瓜子 花 瓜子 熟凍,10
盛香珍 豐葵 香 瓜子 量 販包 焦糖 風味 3kg 包 官方 旗艦店,80
波士 多 鄭美香 原味 五香 葵 瓜子 獨享 包 鄭美香葵 瓜子 原,5
佑 福葵 瓜子 300g,5
青 市集 後 龍 五香 瓜子 300gx1 包 瓜子 五香 泡茶,70
翁 財記 葵花 瓜子 280g280g,140
盛香珍 香 瓜子 210g,15
嘗甜頭 附發票 盛香珍 特大 焦糖 葵 瓜子 200 公克 焦糖 葵瓜,20
焦糖 葵 瓜子 200g,5
盛香珍 豐葵 香 瓜子 桶 700g 桶 焦糖 風味,35
老灶 水 煮 瓜子 竹鹽,5
嘉禾 奶香葵 瓜子 250g 包,5
難 吃 的 瓜子 核桃 味 葵花籽 500g500 公克,55
香濃 五香 瓜子,10
惠 香水 煮 葵 瓜子 150gX3 包三種 口味 任選奶 香 焦糖,5
洽洽 海鹽 瓜子 180g,60
快車 肉 乾 H4 焦糖 葵 瓜子 超值 分享 包 300g 包,15
甘草 瓜子 量 販包 3kg 包盛 香珍 經典 瓜子 堅果 西瓜子,20
恰恰 香 瓜子 225g,30
盛香珍 豐葵 香 瓜子 3000 克袋裝 瓜子 豐葵 焦糖 瓜子,175
現貨免 運費 24H 出貨 USB 全自動 瓜子 去殼機 嗑瓜子 神,155
黃 金 香肉 乾 焦糖 葵 瓜子 190g,25
謝記香 瓜子 奶油 香 瓜子 葵 瓜子 3000 克袋裝 瓜子,5
鄭美香葵 瓜子 190g,5
鄭美香 海鹽 茴香 葵 瓜子 3000 克袋裝 瓜子 香 瓜子 海鹽,10
FJ 可 拆洗 自動 瓜子 去殼機 瓜子 機 瓜子 豬 洗澡 撥 瓜子 過年,10
盛香珍 甘草 瓜子 桶,870
香 瓜子 3 公斤 裝包 盛香珍 瓜子 奶香葵 瓜子 原味,20
MIT 安心 食超 涮 嘴葵 瓜子 3 包網,5
盛香珍 甘草 瓜子 180g,35
盛香珍 豐葵 香 瓜子 桶 450g 桶 全天然 原味,65
大發 瓜子 行 白瓜子 南瓜子 270g 小包 裝 500g 原味 50,110
水煮 瓜子 竹鹽 茴香 250g,55
祥好 甘草 瓜子 290 克 全素 大粒 好 喀,15
鄭美香 甘草 瓜子 大,5
難 吃 的 瓜子 原味 核桃 焦糖 味 瓜子 全素 正規 進口,10
盛香珍 豐葵 香 瓜子 全天然 原味 138g 包,95
台中大發 瓜子 行 五香 瓜子 鹹 瓜子 一 台斤 裝,15
嘉騰 小 舖 盛香珍 豐葵 香 瓜子 焦糖 桂圓紅棗 日月潭 紅茶,30
五香 葵 瓜子 焦糖 葵 瓜子 豐富葵 瓜子 香氣 搭配 恰到 好 處 調味 的 休閒,100
草屯 農會 玄米葵 瓜子 660gX1 罐,30
奶香葵 瓜子,145
盛香珍 豐葵 桂圓紅棗 3 公斤 5 斤葵 瓜子 香 瓜子 袋裝,25
瓜 大大 紅茶 葵 瓜子,15
盛香珍 香 瓜子 210g 包,70
盛香珍 豐葵 香 瓜子 全天然 原味 138g 包 官方 旗艦店,30
惠香 焦糖 水煮 葵 瓜子 150g 包,10
惠香奶 香水 煮 葵 瓜子 160g 包,10
盛香珍 甘草 瓜子 桶 650g650g 桶,430
洽洽 焦糖 瓜子 160g 包 160g,180
香 瓜子 鹽 炒 原味,1100
富哥 500g 海鹽 焦糖 葵 瓜子 葵 瓜子 瓜子,35
大好 屋台灣 現貨 瓜子 花 乾燥 手工 花大束 10 枝裝 瑪格麗特,15
大發 瓜子 行 甘草 瓜子 五台 斤 裝超 商取 貨一 單限 一包 3000g,5
10 包享 免運為 食貨水 煮 瓜子 瓜子 焦糖 瓜子,5
生葵 瓜子仁 600g300g 葵 瓜子,15
瓜 大大 紅茶 葵 瓜子 400g 罐,20
明山 玫伊 com 謝記珍 寶 焦糖 葵 瓜子,20
盛香珍 豐葵 香 瓜子 日月潭 紅茶 風味 188g,115
盛香珍 豐葵 香 瓜子 全天然 原味 138gX6 包組,145
展譽 60 奶香 瓜子,10
168 批發 倉庫 台灣 現貨 剝 瓜子 神器 懶人 剝殼機 嗑瓜子,10
盛香珍 焦糖 瓜子 桂圓紅棗 日月潭 紅茶 葵花子 瓜子 5 斤 3,10
盛香珍 豐葵 香 瓜子 日月潭 紅茶 風味 188g 包,250
洽洽 瓜子 買 2 包贈 50 點,5
洽洽 海鹽 瓜子 160g,315
盛香珍 豐葵 香 瓜子 鹽 炒 原味 165g165g 包,915
盛香珍 醬油 瓜子 180g 包 928 福利社 全素,5
免運電子 發票 新竹 福源 甘草 瓜子 葵 瓜子 新竹 福源,70
洽洽 洽洽 香 瓜子 350G 瓜子,45
快車 肉 乾 H4 焦糖 葵 瓜子 隨手 輕巧包,40
顧德 老爺 吃 瓜子 現貨 發票 絕對 回購 焦糖 瓜子 竹鹽 瓜子 南,15
老 街口 瓜子 山核桃 焦糖 口味 500 克包 年貨 零食,10
韓國 蜜蜂 台灣 現貨 onlyone 海龍 王香 瓜子 全素,5
盛香珍 香級 瓜子 甘草,155
冠 軍 瓜子 金牌 瓜子 瓜子 獨家 販售 古老 工法啟 陞 食品 湖,25
豐葵 香 瓜子 150g,5
香 瓜子 紅茶 風味,1595
盛香珍 豐葵 香 瓜子 日月潭 紅茶 225g 愛買,40
無水 煮 瓜子 竹鹽 茴香,140
波士 多 鄭美香 低 鹽 五香 瓜子 69 元 五香 瓜子 低鹽健,5
盛香珍 豐葵 香 瓜子 鹽 炒 原味 165g,310
盛香珍 豐葵 香 瓜子 桶 700gx3 桶 焦糖 風味,70
御金坊 手作 材料 S925 純銀 瓜子 螺紋 針托萬能 瓜子 扣,20
玄米葵 瓜子 600g 包,10
大粒 美香 鄭美香 甘草 瓜子 瓜子 醬油 瓜子 C,10
統 一生 機 果然 優有 機葵 瓜子 180gx1 包,30
盛香珍 豐葵 香 瓜子 禮桶 焦糖 風味 700g,30
盛香珍 豐葵 香 瓜子 禮桶 桂圓紅棗 700g 桶 附提 把,5
甘草 瓜子,400
水煮 瓜子 瓜子 日月潭 紅茶 海鹽 茴香 焦糖 原味,45
瓜瓜 樂 焦糖 葵 瓜子 葵 瓜子 焦糖 瓜子 瓜子 CandySt,5
展榮 商號 水 煮 葵 瓜子 特大 水煮 瓜子 焦糖 葵 瓜子 五香,45
洽洽 葵珍葵 瓜子 原味 110g,255
台灣 優質 瓜子 現貨 發票 顧德 老爺 吃 瓜子 水煮 瓜子 吃過 必回,60
五香 瓜子 300 克包 台北 譽展 蜜 餞行,10
盛香珍 豐葵 焦糖 瓜子,5
鼠 知葵 瓜子 葵 瓜籽 分裝鼠食 瓜子 鼠 零食 倉鼠 零食 黃,60
盛香珍 豐葵 香 瓜子 禮桶 X5 桶 入 焦糖 風味桂 圓紅棗 風味 2,20
豐葵 香 瓜子 桶,1110
歐妮 巴免 運全 自動 瓜子 去殼機 嗑瓜子 神器 自動 剝 瓜子,10
發票 新竹 福源 甘草 瓜子 五香 瓜子 奶香葵 瓜子 焦糖,75
大進 利古 法 製 作 黑 瓜子 甘草 瓜子 天然 好 味道,10
後 龍 五香 瓜子 300g 菓 青 市集,5
玄米葵 瓜子 草屯 農會,10
難 吃 的 瓜子,5
鄭美香 焦糖 葵 瓜子 3000 克袋裝 瓜子 香 瓜子 焦糖 瓜子,50
全免 運全 自動 瓜子 去 殼 機小豬 瓜子 機 嗑瓜子 神器 自動 剝 瓜子,35
推洽 洽甜釀 瓜子,265
盛香珍 豐葵 香 瓜子 桶 系列 全天然 原味 焦糖 桂圓紅棗 3 種,80
洽洽 香 瓜子 焦糖 瓜子 山核桃 風味 瓜子 海鹽 瓜子 每日 堅果,30
盛香珍 豐葵 香 瓜子 禮桶 X3 桶 入 焦糖 風味桂 圓紅棗 風味 2,30
台灣 上 青 焦糖 口味 水煮 瓜子 500g,5
鄭美香 焦糖 葵 瓜子 330G,30
盛香珍 洽洽 香 瓜子 瓜子 豐葵 焦糖 瓜子 南瓜子 醬油,5
盛香珍 焦糖 香 瓜子 桶 73,30
大進 利水 煮 瓜子 甘草 海鹽 茴香 焦糖 原味 大包 裝 300,10
台灣 現貨 24H 出貨 瓜子 去 殼 機全 自動 瓜子 去,5
大發 瓜子 行 鹹 味 夏威夷 豆 夏威夷 豆夏豆,10
甘源 蟹 黃 味 瓜子仁 瓜子仁 瓜子 零售 效期 到 明年 222 號,5
元氣家 焦糖 味帶 殼 葵 瓜子 200g,10
鄭美香 焦糖 葵 瓜子 5 台斤 3000 公克 超取 限 一包,50
紅烏龍 茶 煮 葵 瓜子,15
阿華師瓜 大大 紅茶 葵 瓜子 70g 小三美日 D113608,10
最低 小型 懶人 瓜子 剝殼 神器 嗑瓜子 神器 剝 瓜子 器開 葵花,115
盛香珍 香 瓜子 701730,25
代收 代付 快車 肉 乾 H4 焦糖 葵 瓜子,5
喜 大大 珍味 葵 瓜子 270g,30
紅棗 葵 瓜子,50
台南 莊記 桂圓紅 棗葵 瓜子 5 包 350g 包,5
24H 現貨出 貨附 發票 剝 瓜子 神器 小豬 瓜子 機 瓜子 機剝 瓜子,20
難 吃 的 瓜子 500g 大顆 粒 山核桃 味 焦糖 味 原味 瓜子 非 恰恰,20
葵 瓜子 免運電子 發票 新竹 福源 瓜子 焦糖 葵 瓜子 奶香葵,60
盛香珍 特級 瓜子 甘草,10
草農 阿薩姆紅 茶葵 瓜子 隨手 包,35
盛香珍 豐葵 香 瓜子 量 販包 日月潭 紅茶味 3kg 包 官方 旗艦,10
整 B0111 洽洽 香 瓜子,15
巧益 水 煮 瓜子 焦糖 風味,10
楊家 香肉 鬆 YANGJIASHIANG 純素 焦糖 葵 瓜子,10
大 韓屋 出清 崑 崎水 煮 瓜子 葵 瓜子 瓜子,5
老灶 水 煮 瓜子 紅棗,10
甘草 瓜子 300 克包 台北 譽展 蜜 餞行,10
500g 奶香葵 瓜子 葵 瓜子 奶香 另 有 開心果 奶香 瓜子,5
阿華師 茶業 AWAStea 瓜 大大 紅茶 葵 瓜子 瓜子 零嘴 可,50
洽洽 香 瓜子 贈 30 點,55
台灣 優質 瓜子 現貨 發票 顧德 老爺 吃 瓜子 吃過 回 購率 百分百,20
厭世 瓜子 草屯 鎮農會,10
桂花 茶 瓜子,5
紅棗 風味葵 瓜子,115
恰恰 香 瓜子 大包,5
茶 煮 葵 瓜子 鴻柏 12,5
盛香珍 葵香 瓜子 焦糖 風味 原味 奶香 風味 110g 包霸,15
得意 工坊 茶 煮 紅茶 葵 瓜子 300g 包,30
裕芳 食品 甘草 瓜子 全素,5
巧益 焦糖 葵 瓜子,5
嘉禾 五香 瓜子 430G,20
新品 特價 升級 單孔 瓜子 機 嗑瓜子 神器 自動 剝 瓜子 剝 瓜子 神,5
豐葵 香 瓜子 桶 焦糖 風,70
熱銷款 瓜媽 媽水 煮 瓜子 葵花 瓜子 大 瓜子 過年 過節 追劇,10
天然 小葵 瓜子 小 葵花子 小 葵花籽 小 瓜子 鳥 鸚鵡 飼料 零食,5
五香 瓜子,125
味覺 生機水 煮 瓜子 家庭 號,5
萊 D 甘源 蟹 黃 瓜子,5
元氣家 帶殼 葵 瓜子 200g,5
焦糖 風味葵 瓜子 450g,5
草屯 農會 玄米葵 瓜子,5
米諾諾 瓜子 剝殼 剪 135993 瓜子 剝殼器 瓜子 鉗 瓜子 剪,5
盛香珍 甘草 瓜子 190g 大潤發,5
冬山鄉 農會紅 茶葵 瓜子,10
盛香珍 焦糖 瓜子 桶 730g,5
全素 盛香珍 豐葵 香 瓜子 焦糖 風味 小賣 所,5
双霖 茶香 瓜子,20
FJ 超 Q 可 拆洗 USB 全自動 瓜子 去殼機 C05 適用 多種 瓜子,20
茶 煮 葵 瓜子 罐,5
甘草 瓜子 3000 克 3 公斤 5 斤 台 灣 製 袋 裝 瓜子 鄭美,10
草屯 玄米葵 瓜子 桶,10
自動 瓜子 去殼機 嗑瓜子 神器 自動 剝 瓜子 剝 瓜子 撥 瓜子 電動,75
現貨 刷卡 盛香 珍葵 瓜子 焦糖 風味 150g 葵花子 葵花 瓜,10
菓 青 市集 輕 烘焙 葵 瓜子 原味 400G 大包 裝,15
味覺 生機 老灶 水 煮 瓜子,10
免運 發票 新竹 福源 甘草 瓜子 五香 瓜子 奶香葵 瓜子,30
大發 瓜子 行兩斤 甘草 瓜子 三斤 甘草 瓜子 桶,5
霸豐 葵香 瓜子 焦糖 風味,10
現貨 活動 特價限時 恰恰 香 瓜子 225g,5
鴻嘉源 C03 全自動 可 拆洗 瓜子 子 嗑瓜子 神器 自動 剝 瓜子,10
甘源 蟹 黃 味 瓜子仁 260g 袋蟹 黃 味葵 瓜子,5
甜心 兒小 舖 盛香珍 豐葵 香 瓜子 全天然 原味 日月潭 紅茶 13,5
嘉禾 甘草 瓜子,5
Elitfun 棗桂仁 頂級 紅棗 大 瓜子,5
洽洽 香 瓜子 350g 包,10
過年 出貨 很大 包 焦糖 瓜子 台 灣 製 頂 級 焦糖 瓜子 白瓜子,5
大好 屋台灣 現貨 永生 花 耶路撒冷 草 瓜子 花 瓜子 葉小圓 葉文,5
奶油 葵 瓜子 600g 大包 裝茶點 必備團 購批 發易 買 健康,10
海鹽 茴香 水煮 瓜子 水煮 瓜子 特大 顆獨特 口味 台 灣 製 造 新 鮮,5
草屯 農會 玄米葵 瓜子 660g,25
疲老 闆 瓜子,10
盛香珍 豐葵 香 瓜子 系列 焦糖 風味 150gX4 包入 部分 短,5
正心堂 白瓜子 南瓜子 200 克 瓜子,10
水煮 瓜子 桂圓紅棗,5
布田 食品 南瓜子 糖 自然 新鮮 美味 濃 郁南 瓜子 香 香脆 可,10
原味 生葵 瓜仁 葵 瓜子,10
盛香珍 豐葵 香 瓜子 焦糖 風味 150g 大潤發,5
盛香 珍霸 豐葵 香 瓜子 系列 200gX4 包阿 嬤 滷 味 風 味 海 鹽,30
嘉禾 醬油 瓜子 450G,5
盛香 珍桂圓紅棗 風味葵 瓜子 3000g5 斤 超取 限 一包,15
電子 發票 現貨 老爺 吃 瓜子 焦糖 竹鹽 桂圓紅棗 瓜子 葵花,35
味覺 生機水 煮 瓜子 口味 任選 3 包竹 鹽 焦糖 桂圓黃金 原味,5
利全 甘草 瓜子,10
洽洽 葵珍葵 瓜子 原味 110g,5
台灣 出貨 發票 嗑瓜子 神器 自動 剝 瓜子 剝 瓜子 撥 瓜子,5
恰恰 香 瓜子,5
台灣 嚴選 超大 顆水 煮 瓜子,25
盛香 珍霸 豐葵 香 瓜子 海鹽 200g,5
草屯 鎮農會療 癒 文青葵 瓜子 禮盒,5
10 送 1 很大 包 焦糖 瓜子 台 灣 製 頂 級 焦糖 瓜子 白瓜子,15
洽洽 焦糖 瓜子 261864,5
盛香珍 甘草 瓜子 禮桶 650g 桶,40
VIKI 盛香珍 葵香 瓜子 焦糖 風味 原味 奶香 風味 110,5
葵 瓜子 奶香 250g,5
蟹 黃 味 瓜子仁 蟹 黃 味葵 瓜子 現貨 獨立 包裝 75g 蟹 黃,10
盛香珍 香 瓜子 210g210g 包,230
阿薩姆紅 茶葵 瓜子 隨手 包買 1 送 1,35
盛香珍 豐葵 香 瓜子 系列 焦糖 風味 150g 部分 短效 網,25
J121 健康 自然 食 葵花子 120g 葵 瓜子 老鼠 鳥,10
萊 D 阿華師葵 瓜子,10
屯農玄米 葵 瓜子,5
盛 甘草 瓜子,15
盛香珍 南瓜 瓜子 甘草 瓜子 現貨免 運蝦幣 10 倍 送,20
桂圓紅 棗葵 瓜子 精選葵 瓜子 焦糖 口味 水煮 手工 制作,5
電子 發票 免運 洽洽 瓜子 山核桃 焦糖 味 小包 裝袋 葵花,25
盛香珍 鹹 蛋黃葵 瓜子,5
草屯 阿薩姆葵 瓜子,5
大發 瓜子 行 五香 瓜子 五台 斤裝 3 公斤 超商 蝦 皮店 到 店限 一包,5
附蝦 皮 發票 綜合果 乾 瓜子 蠶豆 酥,5
核桃 瓜子 起士 麵 包,5
海鹽 水 煮 葵 瓜子,5
盛香 珍霸 豐葵 香 瓜子 系列 200g 包 2 種可選 阿 嬤 滷 味 風,25
熱銷 零食 甘源 蟹 黃 味 瓜子仁 葵 瓜子仁 瓜子 138g 甘,15
全自動 瓜子 去殼機 瓜子 剝殼器 撥 瓜子 神器 嗑瓜子 神器 瓜子 機,5
台灣 瓜子 肉丸,340
焦糖 葵 瓜子 280g,5
水煮 瓜子,5
洽洽 香 瓜子 原味 葵 瓜子 海鹽 瓜子 焦糖 瓜子 嗑瓜子 帶殼 瓜,5
炒貨 世家 難 吃 的 瓜子 核桃 味 焦糖 味 原味,20
四大 超商免 運發票 新竹 福源 甘草 瓜子 五香 瓜子 奶香葵,25
盛香珍 甘草 瓜子 禮桶 650g 桶 送禮 必買,45
好 買 贊盛 香珍 豐葵 香 瓜子 海鹽 220g1 組 4 包,10
阿薩姆紅 茶葵 瓜子 包,5
洽洽 香 瓜子 225g 家樂福,15
洽洽 香 瓜子 245g,5
海鹽葵 瓜子,5
超大 茶 煮 金 瓜子,25
盛香珍 香 瓜子 210g701730,5
盛香珍 甘草 瓜子 桶 700g,5
蝦 皮代開 發票 盛香珍 焦糖 瓜子 250g 葵 瓜子 五台 斤,5
洽洽 香 瓜子 225g15 入箱 康鄰 超市,5
盛香珍 豐葵 香 瓜子 桶 700g 桶 桂圓紅棗 風味 官方 旗艦,10
洽洽 香 瓜子 225g,5
葵珍 原味 葵 瓜子 110g,5
盛香珍 豐葵 香 瓜子,5
草農玄米 葵 瓜子,15
果拾 水 煮 瓜子 現貨 PickUp 瓜子 葵 瓜子,10
百盛 鹽 焗 葵 瓜子 黃,5
年 貨葵 瓜子 水煮 瓜子 焦糖 口味 250g 嘟嘟 本 舖,5
洽洽 椒 麻 瓜子 160G 包,90
盛香珍 豐葵 香 瓜子 組 焦糖 桂圓紅棗 日月潭 紅茶 全天然 原,5
0672003350 洽洽 香 瓜子 大,10
盛香珍 甘草 瓜子 399997,10
老農水 煮 瓜子 70g 現貨供 應 快速 出貨水 煮 瓜子 過年 必備,5
盛香珍 豐葵 香 瓜子 禮桶 桂圓紅棗 風味 700g,15
盛香珍 豐葵 香 瓜子 禮桶 焦糖 風味 700g 桶 附提 把,5
味丹 洽洽 焦糖 香 瓜子 160g 包,5
60 元盛 香珍香 瓜子 桂圓紅棗,5
S 盛香珍 豐葵 香 瓜子 台灣 烏龍 茶,430
水煮 葵 瓜子 特大 水煮 瓜子 焦糖 葵 瓜子 五香 葵 瓜子 帶殼,5
編號 60 無瓜 中 大型 帶殼 無 瓜子 配方 鸚鵡 飼料,5
代收 代付 盛香珍 甘草 瓜子 桶 700g 愛買,5
S 盛香珍 豐葵 香 瓜子 焦糖 風味 22,445
巧益 竹 鹽 茴香 瓜子,10
元氣家奶 香味 帶殼 葵 瓜子 200g,5
百盛 原味 葵 瓜子 270G,15
台灣 活菌豬 瓜子 肉丸,10
焦糖 瓜子 水煮 瓜子 高品質 超大 顆飽 滿易 買 健康,10
巧益 水 煮 瓜子 竹鹽 茴香,5
盛香 珍葵 瓜子 豐葵 瓜子 甘草 瓜子 香 瓜子 咪咪 兔 小 舖 南瓜,5
洽洽 洽洽 香 瓜子 350G 瓜子 x3 零食 瓜子,60
分批 取盛 香珍 豐葵 香 瓜子 桂圓紅棗 風味 180g,10
整 B0308 恰恰 香 瓜子,15
味丹洽 洽海鹽 瓜子 160g,50
很大 包現 貨供 應台 灣 製 頂 級 焦糖 瓜子 白瓜子 南瓜子 爆紅特,20
鄭美香 南瓜子 500 公克 鄭美香 五香 瓜子 鄭美香 甘草 瓜子 瓜,5
MATCH 高纖 蔬果 餐寵物葵 瓜子 鼠 飼料 600g1 入,5
豐葵 香 瓜子 全天然 原味 155283,10
阿薩姆紅 茶葵 瓜子 隨手 包,15
盛香珍 甘草 瓜子 190G,5
千翔 瓜子 半斤,5
推洽 洽 焦糖 瓜子,40
黑糖 風味葵 瓜子,5
洽洽 香 瓜子 海鹽 瓜子 葵珍 瓜子 焦糖 瓜子 休閒 零食 電,20
一次 取盛 香珍 豐葵 香 瓜子 桂圓紅棗 180g,5
懷舊 瓜子 肉丸 便當,745
甘草 瓜子 300g 包東港 現貨 快速 出貨 零食 伴手禮,10
廣達香 瓜子 肉 110g,5
台灣 現貨 瓜子 剝殼器 自動 撥 瓜子 機全 自動 瓜子 去 殼 機嗑 瓜,5
盛香珍 豐葵 香 瓜子 全天然 原味,5
洽洽 海鹽 風味 瓜子 160g 愛買,15
第三代 電動 懶人 開殼 瓜子 機 嗑瓜子 瓜子 去 殼 交換 禮物 趣味,5
為 食貨 焦糖 瓜子 水煮 瓜子 瓜子 真贊,10
SunFood 太 禓 食品 水煮 葵 瓜子 紅棗 風味 黑糖 風味 2,5
一次 取盛 香珍香 瓜子 250g,10
盛香珍 豐葵 香 瓜子 禮桶 全天然 原味 450g2 桶,5
甜心 兒小 舖 盛香珍 瓜子 全系列 150g180g,25
盛香珍 日月潭 紅 茶香 瓜子,5
波士 多現 貨免 運發票 茴香 葵 瓜子 3000g 竹鹽葵 瓜子 葵,5
盛香 珍霸 豐葵 香 瓜子 阿 嬤 滷 味 風 味 200g,10
蝦 皮代開 發票 盛香珍 豐葵 香 瓜子 系列 250g 五台 斤 焦,15
爆粒 份子 葵 瓜子 蟹 黃 風味 8 入,15
CANARYCanary 比利 時產 小粒 葵 瓜子 倉鼠 黃,5
玄米葵 瓜子 草屯 農會,5
洽洽 瓜子 買 2 包贈 50 點,5
米諾諾 瓜子 剝殼 剪 剝殼器 瓜子 夾 瓜子 鉗 不 鏽 鋼 瓜子 剪,10
大發 瓜子 行 瓜子 剝殼器 黑金 鋼 瓜子 剝殼器,5
嘉禾 五香 瓜子,5
大拇指 葵 瓜子 130g 大潤發,5
元氣家 海鹽 帶殼 葵 瓜子 200g,10
喜大 珍味 葵 瓜子 紅,5
松鼠 Korea 崑 崎水 煮 瓜子 核桃 風味,10
瓜瓜 樂紅 茶葵 瓜子,5
展 焦糖 葵 瓜子,5
豐葵 香 瓜子 量 販包 焦糖 風味 3kg 包盛 香珍 豐葵 香 瓜子,5
盛香珍 甘草 瓜子 300g,5
盛香珍 豐葵 香 瓜子 桶 450g 桶 全天然 原味 官方 旗艦店,5
草屯 鎮農會 玄米葵 瓜子 660g,5
洽洽 香 瓜子 贈 50 點,15
盛香珍 豐葵 香 瓜子 桂圓紅棗 風味 150gx10 包入 箱,5
大粒 美香 鄭美香奶 香葵 瓜子 葵 瓜子 奶油 葵 瓜子,5
台灣 現貨 USB 全自動 瓜子 去殼機 嗑瓜子 神器 自動 剝 瓜子 剝,5
MiniCavy 新 包裝 優質 小葵 瓜子 300g 特價,5
小麻吉 家家 愛 特大 水煮 葵 瓜子 紅棗 口味 焦糖 口味 一包 特價,5
盛香珍 焦糖 豐葵 香 瓜子,5
盛香珍 甘草 瓜子 600g,5
盛香珍 豐葵 香 瓜子 量 販包 3kg 包 焦糖 桂圓紅棗 日月潭,5
盛香珍 豐葵 香 瓜子 系列 焦糖 風味 150g,35
玄米葵 瓜子 箱,5
香 瓜子 立紙袋,5
台灣 新品 24h 出貨 99 免運 嗑瓜子 神器 剝 瓜子 神器,5
盛香珍 豐葵 香 瓜子 全天然 原味 1,5
豐葵 香 瓜子 日月潭 紅茶 風味 188g,10
