item_name,item
萬歲 牌 杏仁 小魚,82550
一次 取 viva 萬歲 牌 無 調味 綜合果 350g,680
萬歲 牌 活力 六寶,24950
萬歲 牌 蔓莓 纖果 150G150G,1220
台灣 杏仁 桃酥,40
萬歲 牌 無 調味 綜合果,14830
盛香珍 杏仁 果,475
萬歲 牌楓 糖海鹽 核桃 125g,105
萬歲 牌 無 調味 核桃 290g,15
杏仁 南瓜子 煎餅 10,1365
viva 萬歲 牌 杏仁 小魚 115g,3065
杏仁 奶 137degrees 植物 奶堅果 奶 杏仁 奶 核桃,120
viva 萬歲 牌 柿 米果 杏仁 小魚 113g,680
萬歲 牌 夏威夷 果,3135
無 調味 杏仁 果,5650
馬 玉山 核桃 榛果 杏仁 30gx12 入袋,75
viva 萬歲 牌 無 調味 核桃 140g,245
萬歲 牌 無 調味 核桃 290g,125
生機莓果 杏仁,210
萬歲 牌蒜味 珍珠 開,695
萬歲 無 調味 珍珠 開心果 160G160G,40
萬歲 無 調味 綜合果 28g5 包盒,555
萬歲 牌 開心果 蒜 味 100g,5
盛香珍 杏仁 小魚 76g,925
viva 萬歲 牌 珍味 雙果 350g,735
義美 烘 杏仁 隨手 包,20
舞味本 舖 韓國 杏仁 果 杏仁 果 蜂蜜 奶油 杏仁 果 芥末 杏仁 果,295
萬歲 牌 杏仁 小魚 80g,3200
新萬歲 牌 杏仁 果,20
萬歲 牌 原味 珍珠 開心果 140g140G,2745
萬歲 無 調味 杏仁,2275
紅 布朗 鹽 烤 杏仁 果,55
萬歲 牌 酥脆 雙果,805
香脆 杏仁 小魚,2040
萬歲 牌 無 調味 綜合果 28gx5 包盒,2595
萬歲 牌 核桃 小魚,1630
萬歲 牌 活力 六寶 140G140G,550
萬歲 牌珍 脆堅 果仁 20Gx8 包袋,45
萬歲 牌 薄 鹽 杏仁 果 380 公克,140
台灣 杏仁 桃酥 180G,5
Fungo 杏仁 小魚,325
viva 杏仁 小魚,14465
小魚 杏仁,165
杏仁 小魚 乾,155
萬歲 牌辣小魚,105
Toms 杏仁 果 火辣 雞味 30g,15
萬歲 牌 核桃 小魚 125g,10
椰棗 杏仁 果特 黑巧,985
萬歲 牌 杏仁 小魚 270g,1415
DanDPak 丹帝 每日 堅果果 乾 25gx7 包 杏仁,5
LAYONS 雷恩 獅 杏仁 小魚 干 杏仁 小魚 杏仁 小魚 干,10
萬歲 牌 杏仁 果 100g,1305
萬歲 牌 杏仁 小魚 115G115G,5995
萬歲 牌 杏仁 小魚 270 愛買,195
萬歲 牌 珍珠 開心果 300g 罐,395
萬歲 牌 無 調味 綜合果 150G150G,455
喜利廉 杏仁 瓦片 單包 6 片裝,10
覓見 Meetsnack 低溫 烘焙 原味 杏仁 果 300g,20
viva 核桃 小魚,4710
萬歲 牌 無 調味 綜合果 28gx5 包盒 超商取 貨限購 16,40
優源 好食 原味 杏仁 奶,25
Toms 杏仁 果 蜂蜜 30g,15
CHILL 愛吃 原味 杏仁 海苔 脆脆,65
自然 優輕 烘焙 原味 杏仁 果 150g,10
萬歲 牌 杏仁 果 60g,650
萬歲 牌 無 調味 綜合果 150g,15
萬歲 牌 珍味 雙果 100g,1750
萬歲 無 調味 綜合果,3175
viva 萬歲 牌 海苔 杏仁 小魚,170
萬歲 楓 糖 鹽 核桃,5035
川 蜀 麻辣 杏仁 果,755
萬歲 活力 纖果,6225
盛香珍 杏仁 小魚,3370
萬歲 無 調味 綜合果 350g,870
萬歲 牌元氣 纖果 12gx10 包,175
萬歲 牌 杏仁 小魚 115g,205
自然 時記 百 穀 精華 之 松子 杏仁 25gx30 包盒網,15
萬歲 牌 薄 鹽 烘焙 核桃,1405
Glico 格力 高 Glico 杏仁 果 效果 杏仁 果飲 12 入,365
HBAF 杏仁 果 與 大蒜 麵 包 40g,10
萬歲 牌 杏仁 果,140
萬歲 牌 海苔 杏仁 小魚 隨手 包,13070
紅 布朗 鹽 烤 杏仁 果 170g,5
萬歲 牌 無 調味 綜合果 350g,820
萬歲 牌 杏仁 果 142g142G,1200
viva 萬歲 牌 無 調味 綜合果,1340
萬歲 牌 無 調味核,9640
HBAF 杏仁 果 芥末 味 210g,75
萬歲 牌 珍味 雙果 350g,215
萬歲 牌 原味 珍珠 開心果 300g,590
viva 萬歲 牌 珍珠 開心果 140g,875
萬歲 牌藜 麥 核桃,2090
萬歲 牌養 生八寶 140G140G,620
萬歲 牌 珍味 雙果 145g,15
義美 原味 烘焙 杏仁,40
盛香珍 杏仁 果 120g120g 包,215
舞味本 舖 千成堂 開心果 豆 果子 豆 果子 牛奶 杏仁 果,5
森吉小 舖 萬歲 牌 多款 任選開 心果 腰果 雙果 杏仁 果 杏仁,5
migoo 彌果 有 調味 杏仁 小魚 190g 罐低溫 烘焙 堅,5
0672116887 萬歲 牌 活力 六寶,20
椰棗 杏仁 果黑 巧克力,895
國 杏仁 果,80
Toms 杏仁 果 火辣 雞味 30,5
viva 萬歲 牌 珍味 雙果,295
莓果 杏仁,5
萬歲 牌 減糖 日記 25gx30 包,300
萬歲 牌 珍味 雙果 142g,105
萬歲 牌 珍味 雙果 142g142G,790
義美小魚 杏仁 270g,1300
輕 烘焙 杏仁 果,5
viva 萬歲 牌 核桃 小魚,140
Toms 杏仁 果 芥末 味 30g,10
4713282766057 紅 布朗 純 杏仁 粉 300g 罐,25
盛香珍 杏仁 煎餅 140g,40
萬歲 牌 無 調味 綜合果 110g,20
萬歲 牌 什錦堅 果仁,5
萬歲 牌蜜 脆雙 果盒 裝,300
viva 萬歲 牌蒜味 珍珠 開心果,210
杏仁 果 加州 杏仁 原味 薄鹽 蒜味 低溫 烘焙 嚴選 美國加,10
自然 優輕 烘焙 原味 杏仁 果 150g 日華 好物,5
萬歲 牌 杏仁 小魚 50g,875
TOMS 杏仁 果 芥末 味 210,25
HBAF 韓國 人氣 零食 現貨 杏仁 果 隨手 包 蜂蜜 奶油 芥末 杏仁,5
萬歲 牌珍 脆堅 果仁 160G,2005
HBAF 杏仁 果山 葵味 210g210g,135
盛香珍 杏仁 小魚 175g 罐,40
義美 杏仁 南瓜子 煎餅 240g,75
萬歲 牌 蔓 越莓 核桃 130g,190
萬歲 牌 海苔 杏仁 小魚 杏仁 小魚 核桃 小魚 現貨 蝦 皮直 送,25
萬歲 牌 鹽味 核桃,585
viva 萬歲 牌 無 調味 綜合果 150g,810
萬歲 牌 無 調味 綜合果 90g,2865
S 買 HBAF 杏仁 果山 葵味 30g,6395
萬歲 牌 減糖 日記 25gx30 包,515
viva 萬歲 牌 海苔 杏仁 小魚 115g,285
萬歲 牌 減糖 日記 25gx30 包網,80
萬歲 牌蒜味 珍珠 開心果 140G140G,1285
LianHwa 聯華 食品 迪化 148 杏仁 果蒜味 杏仁 果,20
萬歲 牌 原味 珍珠 開心果 100g,3315
萬歲 牌 無 調味 核桃 290g,175
美國生 杏仁 果生 杏仁 粒 600g300g 甜扁 桃仁 杏,5
viva 萬歲 牌 珍珠 開心果,595
優源 好食 原味 杏仁 奶 300ml6 入,20
萬歲 牌 杏仁 小魚,120
萬歲 杏仁 小魚 10 包袋,295
帶殼 杏仁 果 600 克輕 調味,85
0672039580 萬歲 牌 杏仁 小魚,45
菓 青 市集 輕 烘焙 杏仁 果 原味 300G,10
烘焙 杏仁 果 美式 原味 烘焙 300g 濃郁堅 果香 氣 香酥,160
萬歲 牌 開心果,5220
S 買 Toms 杏仁 果 火辣 雞味 30g,860
萬歲 牌 可可 脆 杏仁 果 50g,550
生機 香蒜 杏仁,1135
600g 烘培 杏仁 條 杏仁 條低溫 烘培 原味 杏仁 條無調 味,35
萬歲 無 調味 核桃 290G,225
8809022201486HBAF 杏仁 果山 葵味 210,35
萬歲 牌 夏威夷 果 70g,20
正心堂 杏仁 小魚 杏仁 小魚 乾 250 克 丁香 魚乾 杏仁 條,5
萬歲 核桃 小魚 125G125G,480
代收 代付 萬歲 牌蔥 燒辣小魚 花生 8gx12 包 杏仁 小,40
萬歲 牌 蜜脆 雙果,5
萬歲 牌萬歲 蔓莓 纖果 150g 愛買,10
LINE 社群 專屬 萬歲 牌 無 調味 綜合果 2 入組,10
現貨免 運 HBAF 韓國 杏仁 果 杏仁 果 腰果 蜂蜜 奶油 芥,20
五桔 杏仁 小魚 乾 20g 小三美日 D866188,30
萬歲 無調 開心果,5075
TomsGilim 杏仁 果 HBAF 杏仁 果 腰果 蜂蜜,60
萬歲 牌 無 調味 綜合果 350g,175
盛香珍 無 調味 杏仁 果 150g,65
viva 萬歲 牌 無 調味 杏仁 果,90
萬歲 元氣 纖果 120g,305
萬歲 牌 薄 鹽 杏仁 果 380G380G,275
萬歲 牌 可可 脆 杏仁 果 50g,55
萬歲 牌 薄 鹽 杏仁 果 380g,160
萬歲 牌 海苔 杏仁 小魚,5730
萬歲 牌 蔓莓 纖果 635316,10
萬歲 牌 杏仁 小魚 270g 家樂福,20
番薯 先生 VIVA 萬歲 牌 盒裝 隨手 包 5 包盒 無調,25
萬歲 牌 杏仁 果,9320
萬歲 牌珍 脆堅 果仁 20 公克 x8 包,60
萬歲 牌 無 調味 核桃 290g 超商取 貨限購 12 罐,5
萬歲 牌養 生八寶,9330
盛香珍 杏仁 果 100g,360
領卷 折 50 韓國 TomsGILIM 杏仁 果 蜂蜜 奶油 芥,5
萬歲 牌 杏仁 小魚 8gx10 包,190
FUNGO 杏仁 小魚,180
S 買 HBAF 杏仁 果 蜂蜜 奶,55
萬歲 無 調味 核桃 140G140G,210
自然 堅果 原味 烘焙 杏仁 果特級 美國 杏仁 特級 杏仁 nonpar,15
萬歲 牌楓 糖海鹽 核桃 125g,10
萬歲 牌 薄 鹽 核桃,4105
萬歲 牌 無 調味 綜合果 28gx5 包,380
高仰 三禾果 杏仁 海苔,5
量 杏仁 果,2705
食光點 心 肉桂 杏仁 脆粒盒,25
萬歲 牌 珍味 雙果 449964,5
萬歲 牌 原味 珍珠 開心果 140g 愛買,40
萬歲 牌 蔓莓 纖果 150g,65
家福 有機 杏仁 果,295
0672014229 萬歲 牌 杏仁 果,20
全天然 杏仁 核桃,970
萬歲 牌 杏仁 果 142g,25
viva 萬歲 牌 柿 米果 杏仁 小魚,235
藤澤 杏仁 小魚 乾 40 袋 280g,105
萬歲 海苔 杏仁 小魚,620
Witors 杏仁 果抹醬,80
萬歲 無 調味 杏仁 果 160g,30
杏仁 果,385
viva 萬歲 牌 杏仁 小魚,85
萬歲 原味 珍珠 開心果 300G300G,140
家福 無 調味 杏仁 果,2175
附發票 日本 直送藤澤 商事 杏仁 芝麻 小魚 干 杏仁 小魚 小魚 乾,20
萬歲 牌 無 調味 綜合果 杏仁 小魚 2 罐組 無 調味 綜合 三,30
萬歲 牌 蜜脆 雙果 30gx5 包盒,25
萬歲 牌元氣 纖果 12gx10 包網,65
萬歲 牌 無 調味 綜合果 28G5 包盒 140G,405
0672122439 萬歲 牌 無 調味 綜合果 隨手 包,50
萬歲 海苔 杏仁 小魚 24g5 包盒,125
萬歲 牌 原味 開心,4320
杏仁 小魚 乾 460g,170
萬歲 牌 海苔 杏仁 小魚 24G,60
萬歲 牌 活力 六寶 231177,15
viva 萬歲 牌 無 調味 核桃,160
萬歲 牌 柿 米果 杏仁 小魚 113g,5
TomsGilim 杏仁 果 芥末 味 210g,35
萬歲 牌 椰棗 核桃 120g,20
viva 萬歲 牌 杏仁 小魚,1535
紅 布朗 鹽 烤 杏仁 果 170gX3 罐,10
統 一生 機 果然 優 杏仁 150g 包,5
舞味本 舖 韓國 杏仁 果 蜂蜜 奶油 杏仁 果 芥末 杏仁 果 Tom,95
鹽 烤 杏仁 果罐紅 布朗 24,30
萬歲 牌 杏仁 果,12990
盛香珍 禮 讚 堅 果 杏仁 小魚 乾 65g 盒裝 咪咪 兔 小 舖 杏仁,5
國 杏仁 果山 葵味,160
萬歲 活力 六寶 140G,5
萬歲 牌 珍味 雙果 350g,220
嘴巴 無聊 試試 帶殼 杏仁 果巴旦 木 500g 原味 奶香 可,5
藍 鑽 杏仁 隨手 包 43g 鹽味,20
萬歲 牌 杏仁 小魚 115G423410,15
萬歲 牌 減糖 日記 25gx30 包,70
viva 萬歲 牌 薄 鹽 杏仁 果,55
萬歲 牌蒜味 珍珠 開心果 100g,620
藍 鑽 杏仁 原味,10
萬歲 牌 薄 鹽 烘焙 核桃 125G125G,620
無 調味 杏仁 袋裝,670
萬歲 牌 薄 鹽 杏仁 果 380g,55
珍昕 ViVa 萬歲 牌 堅果 系列 五款 可選 杏仁 小魚 杏仁 果,25
萬歲 原味 珍珠 開心果,485
義美生機 杏仁 100g 香蒜,50
食光點 心台 茶 18 號紅玉 杏仁 盒,50
生堅果 杏仁 粉 杏仁 片 杏仁 角 腰果 核桃 葡萄乾 蔓越莓,5
萬歲 牌 活力 六寶 140G231177,5
iNatural 杏仁 小魚,125
獵人谷 之 夢 澳洲 鹽 烤 風味 杏仁 果 150g 瓶,15
萬歲 牌蒜味 杏仁 果 隨手 包,40
viva 萬歲 牌 杏仁 小魚 80g,85
萬歲 牌 什錦堅 果仁 160g 愛買,20
萬歲 牌蒜味 開心,3400
萬歲 牌珍 饌 綜禮,345
viva 萬歲 牌 杏仁 小魚 270g,555
萬歲 牌 薄 鹽 杏仁 果 3 罐組 380g 罐,30
盛香珍 杏仁 果 120g 包,5
viva 萬歲 牌 核桃 小魚 125g,315
豐盛果 實大 象山 杏仁 果 250g 原味 低溫 烘焙 素食,25
自然 優 原味 杏仁 果 150g 日華 好物,30
TOMS 杏仁 果 蜂蜜 奶油味 2,25
萬歲 牌 柿 米果 杏仁 小魚 113g 愛買,5
萬歲 牌 無 調味 綜合果 350g 網,25
無國界 零食 屋 現貨 日本 OHSAKANA 杏仁 小魚 乾,495
FUMGO 杏仁 小魚 乾桶,5
萬歲 牌 無 調味 杏仁 果 160g,10
1105 第 29 標 杏仁 小魚 乾加 一 就是 兩串 10 小包,15
義美 烘 杏仁 陳 列盒,5
香蒜 杏仁,20
親好 屋 杏仁 小魚 乾 堅果 零食 藍 鑽 杏仁 小魚 天然 無 添加,5
萬歲 牌 杏仁 小魚 115g 大潤發,15
開心 杏仁 果,65
台灣 在 地 海味 杏仁 小魚 乾 嘴 饞 勁,70
團鹽味 焦糖 風味 杏仁 果,20
4713282766880 紅 布朗 鹽 烤 杏仁 果 170g 罐,365
有機 加州 甜 杏仁 青荷,5
杏仁 小魚 乾 5 連包,250
推萬歲 無 調味 杏仁,30
HBAF 湯姆 農場 杏仁 果 家庭 號 160g210gX4 包組,90
viva 萬歲 牌元氣 纖果 120g,345
萬歲 牌 杏仁 小魚 80g,45
HBAF 杏仁 果 家庭 號 160g210g 口味 任選,470
大 象山 原味 烘培 杏仁 脆片 杏仁 片 安心 脆香 自然 甜味,5
萬歲 牌 蔓 越莓 核桃 130g,25
翠 菓 子 可可 杏仁 25gx24 包,30
米森 有機 加州 甜 杏仁 輕 烘培 150gx1 包,5
萬歲 牌 原味 開心果 420G420G,2495
萬歲 牌 海苔 杏仁 小魚 杏仁 小魚 核桃 小魚 現貨 蝦 皮直 送,75
馬 玉山 核桃 榛果 杏仁 30gx12 入,10
萬歲 牌蒜味 珍珠 開心果 140g 大潤發,5
DanDPak 杏仁 果薄 鹽 50g,1085
viva 萬歲 牌 無 調味 珍珠 開心果,125
香蒜 杏仁 果,735
紀宸 商行 美國生 杏仁 果 NP2325 大顆,5
代收 代付 五桔 杏仁 小魚 乾 20g 小三美日,5
萬歲 牌珍 脆堅 果仁 160g 愛買,25
藤澤 杏仁 小魚 乾 40 袋,5
viva 萬歲 牌 無 調味 珍珠 開心果 160g,165
萬歲 牌 無 調味 核桃 290G290G,540
萬歲 牌 無 調味 綜合果 350g 愛買,45
杏仁 小魚 乾 杏仁 辣小魚,65
萬歲 牌 無 調味 綜合果 150g3 入,5
viva 萬歲 牌 無 調味 核桃 290g,190
萬歲 牌 珍味 開心果 原味 100g,5
萬歲 牌 薄 鹽 烘焙 核桃 125g 大潤發,5
萬歲 牌 原味 蒜味 開心果 600g,40
田園 市集 蒜味 杏仁,1765
萬歲 牌 海苔 杏仁 小,445
杏仁 果 效果 無糖 杏仁 果飲 196ml,115
萬歲 無 調味 綜合果 150g,55
8809022200175HBAF 杏仁 果 蜂蜜 奶油味 2,45
台灣巧 婦美國 加州 杏仁 果生 NP 卡梅爾 60,150
萬歲 牌米 菓 同樂會 30g,30
聯華 viva 萬歲 牌 珍珠 開心果,410
盛香珍 杏仁 小魚 100g100g 包,500
萬歲 蜜脆 雙果 30g5 包盒,140
萬歲 牌 夏威夷 果 70g,105
盛香珍 香蒜 杏仁 果 隨手 包 1 組 10 包,5
萬歲 牌 無 調味 夏威夷 果 85g,45
萬歲 無 調味 杏仁 果,435
杏仁 果 效果 原味 杏仁 果飲,95
盛香珍 無 調味 杏仁 果 280g,55
原味 杏仁 奶,35
萬歲 牌 原味 珍珠 開心果 100g,15
紅 布朗 鹽 烤 杏仁 果 170G,30
萬歲 牌杏福 有禮,570
萬歲 牌 椰棗 核桃 禮盒,290
萬歲 牌 無 調味 核桃 3 罐組 290g 罐,20
盛香珍 杏仁 小魚 100g,80
萬歲 牌 無 調味 核桃 140g,5
萬歲 牌元氣 纖果 120g,115
萬歲 牌 柿 米果 杏仁 小魚 113g 網,5
萬歲 牌 核桃 小魚 125g 網,5
萬歲 牌 蜜脆 雙果 30gx5 包,60
萬歲 牌 活力 六寶 140g,50
萬歲 牌 活力 纖果 綜合果 156g12gx13 包袋 超取,25
義美罐 裝小魚 杏仁 270g,5
快車 肉 乾 杏仁 香脆 肉紙 X3 包 132g145g 口味 任選,1155
韓國 TomsGilim 杏仁 果 蜂蜜 奶油 杏仁 果 芥末 杏仁,10
紅 布朗 頂級 薑 黃 威力 果 200gX1 罐 杏仁 果 夏威夷 豆,105
世界 GOVIVA 萬歲 牌 盒裝 隨手 包 5 包盒 無 調味,5
萬歲 核桃 紅豆燕麥 32g10 包,50
萬歲 珍味 雙果 350g,180
Toms 杏仁 果 蜂蜜 奶油味 30g,80
RYOUWA 藍 鑽 杏仁 小魚,10
原味 烘培 杏仁 果 500 公克,20
TomsGilimHBAF 杏仁 果 蜂蜜 奶油 芥末 杏仁 火,130
低溫 烘焙 杏仁 果 原味 美式 薄鹽款 濃郁堅 果香 氣 香酥 涮 嘴,15
無二 優質 系列 牛軋 糖 杏仁 果 200g,5
萬歲 牌 杏仁 小魚 10 包袋,2810
藤澤 杏仁 小魚 乾 5 連包 40g,10
盛香珍 杏仁 小魚 100g 愛買,40
HBAF 杏仁 果與洋 蔥 圈 160g,5
萬歲 牌 原味 珍珠 開心果 140g158250,20
萬歲 牌 無 調味 綜合果 28g,10
萬歲 牌 活力 纖果 綜合果 156g,115
萬歲 牌蔥 燒辣小魚 花生 蜜脆 雙果 海苔 杏仁 小魚 隨身 包,10
松子 核桃 杏仁 果,20
萬歲 牌楓 糖海鹽 核桃 125g 網,5
原味 杏仁 荖,35
萬歲 牌 海苔 杏仁 小魚 24gx5 包盒,810
萬歲 牌 無 調味 核桃 140g3 入,15
附發票 烘培 杏仁 果 烘培 鹹 味 杏仁 果 600g 蜜汁 杏仁 果 5,20
萬歲 牌蒜味 開心果 100 公克,155
五桔 國際 杏仁 小魚 乾 20gx15 包,20
萬歲 牌 總匯點 心包,55535
萬歲 牌 無 調味 綜合果 500g,35
萬歲 牌 開心果 原味,10
萬歲 牌 杏仁 小魚 270 兩入 組愛買,15
烘焙 生堅果 杏仁 系列 杏仁 角 杏仁 粉 杏仁 片 杏仁 條 杏仁 粒,10
viva 萬歲 牌 薄 鹽 杏仁 果 380g,195
萬歲 牌 無 調味 綜合果 綜合纖 果盒 裝隨手 包 4 盒組,50
萬歲 牌 原味 開心果 420g,110
萬歲 牌沛力 堅果果 乾 20gx7 包袋,10
盛香珍 無 調味 杏仁 果 95g,110
棉花田 有機 原味 烘焙 杏仁,90
萬歲 無調 堅果禮,1410
萬歲 牌 無 調味 杏仁 果 160g 超取 限購 24 包,40
萬歲 牌 減糖 日記 25g,155
萬歲 牌 珍味 雙果 520g,45
鹽 烤 杏仁 果桶,435
萬歲 牌 無 調味 綜合果 450534,10
帶殼 杏仁 果 60,15
果然 優有機 杏仁 統 一生 機,35
義美小魚 杏仁 105g 袋 105g 袋,190
萬歲 牌萬歲 蔓莓 纖果 150g,15
單包 日本 藤澤 杏仁 小魚 乾小魚 乾 日本 進口學 校團 膳專,50
萬歲 牌 無 調味開,670
森吉小 舖 單包 現貨 日本 直送 杏仁 芝麻 小魚 干小魚 乾杏,30
萬歲 牌 核桃 小魚 125g 包,315
OHSacana 杏仁 小魚 乾 玩味 生活 館 總經銷 日本 小魚 乾,5
馬 玉山 核桃 榛果 杏仁 30g12 入,10
生機 蜂蜜 杏仁,810
萬歲 牌 杏仁 小魚 115g 愛買,140
萬歲 原味 開心果 420G,220
萬歲 牌 熱帶 纖果 155G155G,660
萬歲 牌蒜味 開心果 100 克,75
萬歲 牌 無 調味 綜合果 350gx2 桶 組,80
義美生機 杏仁 100g 蜂蜜,55
萬歲 牌 無 調味 綜合果 三果 350g,240
紅 布朗 純 杏仁 粉 300g,30
紅 布朗 純 杏仁 粉 300g 罐,15
烤味 和 風 杏仁 果,5
羅 東鎮 農會 養生 杏仁 奶 245cc,20
萬歲 牌 可可 脆 杏仁 果 50g5 包入,20
HBAF 杏仁 果山 葵味 30g,15
韓國 HBAF 蜂蜜 奶油 山葵 味 杏仁 果大 1 包入 款式 可,5
萬歲 牌 珍味 雙果 520g,25
RYOUWA 杏仁 小魚 豆 果子,25
萬歲 牌 柿 米果 杏仁 小魚 113g,40
萬歲 牌 盒裝 隨手 包 5 包盒 超商取 貨限購 16 盒,820
萬歲 杏仁 小魚 乾 隨手 包 30g1 入裝,5
福瑄 杏仁 果 酥 低溫 烘焙 製 作 純 素 300g,25
萬歲 牌 無 調味 綜合果 500g 網,20
萬歲 牌 杏仁 小魚 115g,160
世界 GO 萬歲 牌 開心果 腰果 雙果 杏仁 果 海苔 杏仁 小魚,10
萬歲 牌 珍味 雙果 142g,5
萬歲 杏仁 小魚 干 隨手 包,90
杏仁 果 豆乳 1000ml,5
元氣家 烘焙 原味 杏仁 果 200g,10
萬歲 牌 原味 珍珠 開心果 100g,10
萬歲 牌 蜜脆 雙果 隨手 包 30gx5 包盒 超商取 貨限購 1,20
萬歲 牌 無 調味 開心果 420g 網,5
義美 無 調味 杏仁 袋裝 130g 袋,35
萬歲 無 調味 綜合果 500G,65
萬歲 牌 原味 珍珠 開心果 140g 大潤發,5
萬歲 牌 熱帶 纖果 155g,40
viva 萬歲 牌 無 調味 夏威夷 果,35
萬歲 牌養 生八寶 140g,10
萬歲 牌 原味 開心果 420g2 罐組,5
萬歲 牌 杏仁 小魚 80G,20
S 轉通 萬歲 牌 無 調味 綜合果 90g,20
萬歲 牌 海苔 杏仁 小魚 24gx5 包盒網,40
台灣現 貨萬歲 牌 柿 米果 海苔 杏仁 小魚 38g 單包 杏仁 小魚,5
五桔 國際 杏仁 小魚 乾 隨手 包 20g 包 2 袋 共 30 包,35
萬歲 牌 無 調味 綜合果 500g,65
萬歲 牌 珍味 雙果 142g 愛買,10
Discounton 萬歲 牌 什錦堅 果仁 641325,20
萬歲 牌 無 調味 核桃 290g2 罐組,20
萬歲 牌蒜味 開心果 420g,100
HBAF 杏仁 果 蜂蜜 奶油味 30g,45
現貨 零食 柿 米果 海苔 杏仁 小魚 休閒 最佳 零食 鹹 甜 酥脆 免運,15
萬歲 牌 米果 綜合果 鹽味 20gx10 包,685
HBAF 杏仁 果與洋 蔥 圈 160G,5
S 買萬歲 牌 杏仁 小魚 50g,1305
好市 多 杏仁 效果 原味 杏仁 果飲 196ml,5
萬歲 柿 米果 杏仁 小魚,3015
萬歲 牌 無 調味 綜合果 500g 愛買,15
家樂氏 Extra 什錦果 麥 葡萄乾 杏仁 果 375g,5
萬歲 牌 原味 開心果 罐 420g 愛買,80
萬歲 牌 柿 米果 杏仁 小魚 113g,5
聯華 迪化 148 杏仁 果蒜味 杏仁 果 5 斤裝 3 公斤 300,25
獅賣特 日本 藤澤 杏仁 小魚 乾 杏仁 小魚 隨手 包 日本 進口,35
S 買 Toms 杏仁 果 火辣 雞,20
萬歲 杏仁 小魚,20
S 買萬歲 牌 杏仁 果 60g,1235
萬歲 牌 原味 珍珠 開心果 300g 網,20
萬歲 牌 杏仁 小魚 115g 超取 限購 24 包,80
新東陽 核桃 杏仁 90g,10
萬歲 牌楓 糖海鹽 核桃 125g 超取 限購 24 包,25
萬歲 牌 珍珠 開心果,5
無 花果 核桃 椰棗 核桃 紅棗 核桃 椰棗 腰果 椰棗 杏仁 果單,35
萬歲 牌萬歲 蔓莓 纖果 150g 愛買,25
盛香珍 杏仁 果 120g 包,10
五桔 國際 杏仁 辣小魚 200g 罐,5
萬歲 牌 珍味 雙果 520G520G,305
萬歲 牌 海苔 杏仁 小魚 24gx5 包盒 3 盒組,20
蜜蘭諾 杏仁 鬆 塔,10505
萬歲 牌小魚 堅果 3 罐組 杏仁 小魚 x2 小魚 綜合果 x1,40
萬歲 牌元氣 纖果 12gx10 包,70
Discounton 萬歲 牌珍 脆堅 果仁 641334,10
萬歲 牌 無 調味 綜合果 500g 超商取 貨限購 6 罐,115
番薯 先生 萬歲 牌 開心果 腰果 雙果 杏仁 小魚 杏仁 果無,10
萬歲 牌蒜味 開心果 420gx2 桶 組年節 限定,15
萬歲 牌 可可 脆 杏仁 果 50g 超取 店 到 店限購 60 包,75
萬歲 蒜味 開心果,5
萬歲 牌 米果 綜合果 鹽味 200g20gx10 包袋 超取,215
海苔 相思 片 杏仁 紫米,5
萬歲 牌 杏仁 小魚 423410,5
萬歲 牌 珍味 雙果 100g,5
嘉騰 小 舖 南 發珍 原味 杏仁 果熟 300 公克 600 公,5
元氣家 烘焙 原味 杏仁 果 200g,5
福瑄 杏仁 果 酥 低溫 烘焙 製 作 純 素 300g 罐,5
萬歲 牌 珍味 雙果 520g,45
SHBAF 杏仁 果蜂,35
萬歲 牌 蔓 越莓 核桃 130G292446,15
萬歲 牌 開心果 蒜 味,5
萬歲 牌珍 脆堅 果仁 641334,20
大拇指 杏仁 小魚 115566,5
萬歲 牌 減糖 日記 25gx30 包盒 超商取 貨限購 4 盒,100
分批 取 viva 萬歲 牌 無 調味 核桃 140g,15
萬歲 牌 活力 六寶 140g 包,90
萬歲 牌 無 調味 綜合果 350g,15
萬歲 牌 原味 開心果 罐 420g,5
帶殼 杏仁 果,35
福氣 烘焙 生活 館美國 杏仁 粉生 450g 天然 加州 杏仁,5
盛香珍 開心果 腰果 杏仁 果 杏仁 小魚 1 包入 款式 可選,5
萬歲 牌 無 調味 開心果 420g,35
萬歲 牌 可可 脆 杏仁 果 50g5 包 入超 取店 到 店限購 1,105
大拇指 無 調味 杏仁 果,5
viva 萬歲 牌蔥 燒辣小魚 96g,265
萬歲 牌 海苔 杏仁 小魚 120g24g5 包 120g24g,110
萬歲 杏仁 小魚 50G5 包袋,15
萬歲 牌 杏仁 小魚 450537,5
萬歲 牌 原味 開心果 100 克,85
免運 單包 42 公克 好市 多 VIVA 萬歲 牌 總匯點 心包,10
宏亞 蜜蘭諾 杏仁 鬆 塔 96g,5
五桔 國際 杏仁 小魚 乾 隨手 包 20G,20
杏仁 小魚 干 150g,5
萬歲 牌川 蜀 麻辣 杏仁 果 140g,10
台灣巧 婦美國 加州 杏仁 果生 NP 卡梅爾 CE,165
萬歲 牌 開心果 桶 420g,50
萬歲 牌 可可 脆 杏仁 果,10
萬歲 珍味 雙果 方罐 350g,5
萬歲 牌 米果 綜合果 辣味 20gx10 包 三袋 組,5
盛香珍 無 調味 杏仁 果 150g 包,75
萬歲 牌 原味 珍珠 開心果 140g,5
viva 萬歲 牌 蔓 越莓 核桃,50
萬歲 薄 鹽 烘焙 核桃,5
萬歲 牌 隨手 包 海苔 杏仁 小魚 33G,5
0672102769 萬歲 牌 珍珠 開心果,10
香草 焦糖 脆 杏仁,15
萬歲 牌 核桃 小魚 125g 超取 限購 24 包,20
田園 市集 杏仁 小魚 300 公克 杏仁 小魚 乾 堅果 下酒菜,70
元氣家 烘焙 海鹽 杏仁 果 200g,5
萬歲 牌 珍珠 開心果 100g,5
萬歲 牌 無 調味 綜合果 蜜脆雙 果盒 裝隨手 包 4 盒組,10
萬歲 牌 夏威夷 果 70g 家樂福,5
萬歲 牌 珍味 雙果 520g 超商取 貨限購 6 罐,95
團 麻辣 杏仁 腰,5
紅 布朗 鹽 烤 杏仁 果 170g 罐買 一送 一網,5
萬歲 牌 無 調味 綜合果 635791,5
杏仁 小魚 隨手 包 10 包組 20g 包,10
三 幸 製 果 杏仁 黑 大豆 風味 米果 816g,45
萬歲 牌 蒜 香 杏仁 果 142g 超取 限購 24 包,20
萬歲 牌 椰棗 核桃 120g 超取 店 到 店限購 24 包,10
藤澤 杏仁 小魚,5
義美 杏仁 南瓜子 煎餅 100g,5
萬歲 牌 什錦堅 果仁 20gx8 包網,30
韓國 TomsGILIM 杏仁 果 系列 蜂蜜 奶油 芥末 巧克力,5
萬歲 牌 原味 開心果,15
好 買 贊萬歲 牌蒜味 杏仁 果 隨手 包 36g1 組 10 包,10
SOYJOY 大豆 營養 棒 杏仁 巧克力 風味 1 盒 12 入 情人 節,30
萬歲 牌養 生八寶 140g 超取 限購 24 包,30
萬歲 牌 杏仁 小魚 270g,10
萬歲 蒜味 開心果 420g 罐,120
杏仁 小魚 乾 65g,460
萬歲 牌 無 調味 核桃 290g 愛買,20
自然 優 杏仁 粉 250g 包,5
宏亞 蜜蘭諾 杏仁 鬆 塔 144g 愛買,25
萬歲 牌 芝麻糊,1430
萬歲 牌 原味 開心果 420gx2 桶 組年節 限定,25
萬歲 牌蒜味 開心果 420g 網,5
萬歲 牌養 生八寶 140g,15
萬歲 牌蒜味 珍珠 開心果 140g 家樂福,5
午 後 小食 光低溫 烘焙 原味 杏仁 300g 罐,10
無二 優質 系列 牛軋 糖 杏仁 果 200g,5
萬歲 牌蒜味 開心果 100g 超取 限購 24 包,30
金潤益 原味 杏仁 果 300g 夾鏈 包低溫 烘焙 美國杏杏,20
杏仁 果 豆乳,15
富哥 600g 烘培 杏仁 條 杏仁 條低溫 烘培 原味 杏仁 條,10
萬歲 牌 蜜脆 雙果 30gx5 包盒 3 盒組,5
萬歲 牌米 菓 同樂會 30gx20 包,10
溪 和 三代 目 杏仁 小魚 乾,5
萬歲 牌 蜜脆 雙果 30Gx5 包盒,30
富正 杏仁 小魚 包,5
當蒜味 杏仁 果萬歲 牌,5
萬歲 牌 無 調味 綜合果 350g2 罐組,45
萬歲 牌 柿 米果 杏仁 小魚 113g 大潤發,5
Viva 萬歲 牌 總匯點 心包 42g20 包 1 盒組,10
萬歲 牌 活力 六寶 140g 超取 限購 24 包,10
Toms 杏仁 果 芥末 味 210g,5
萬歲 牌 珍味 雙果 100,5
萬歲 牌 蔓莓 纖果 150g 超取 限購 24 包,50
盛香珍 杏仁 奶油 曲奇 85,20
萬歲 牌 米果 綜合果 鹽味 x2 袋組 20gx20 包,10
萬歲 牌 總匯點 心包 堅果果 乾 水果 乾好市 多 零嘴 零食,5
萬歲 牌 珍味 雙果 158229,10
萬歲 牌 總匯 堅果果 乾 零食 42 克包 好市 多,5
萬歲 牌 開心果 5 斤,15
萬歲 牌 熱帶 纖果 155g 超取 限購 24 包,35
原味 杏仁 奶 300ml,10
萬歲 牌 椰棗 核桃 120G,5
萬歲 牌 珍味 雙果 罐 520g 愛買,10
萬歲 牌 杏仁 小魚 270gx2 罐 80gx3 袋組,10
萬歲 牌蒜味 開心果 420G 愛買,35
代收 代付 盛香珍 開心果 腰果 杏仁 果 杏仁 小魚 1 包入,5
萬歲 牌 柿 米果 杏仁 小魚 113g 超取 限購 24 包,30
椰棗 杏仁 果 300 克 與 600 克純 手工 易買 健康,5
萬歲 牌蒜味 珍珠 開心果,5
盛香珍 杏仁 煎餅 140 克袋 裝台 灣 製,15
整 B0201 萬歲 牌 隨手 包 系列,15
i 家福 無 調味 杏仁 果,65
逢國 食品 台灣 杏仁 桃酥 180G,5
萬歲 牌 夏威夷 果 70g,5
萬歲 牌 杏仁 果 142g 愛買,20
viva 萬歲 牌蒜味 珍珠 開心果 140g,5
萬歲 牌 總匯點 心包 好市 多 Costco 代購 萬歲 牌 隨手 包分,10
萬歲 牌 原味 開心果 420g 網,35
世界 GO 韓國 杏仁 果 HBAF 蜂蜜 奶油 杏仁 果 芥末 杏仁 果,20
TomsGilimHBAF 杏仁 果 蜂蜜 奶油 芥末 杏仁 洋,50
萬歲 牌 珍珠 開心果 140g 家樂福,10
viva 萬歲 牌 杏仁 小魚 270g,5
萬歲 牌小魚 堅果 2 罐組 杏仁 小魚 270g 小魚 綜合果 270,40
萬歲 牌 原味 珍珠 開心果 100g 超取 限購 24 包,15
HBAF 杏仁 果 家庭 號 蜂蜜 奶油 口味,20
萬歲 牌 無 調味 綜合果 150G,10
盛香珍 杏仁 小魚 乾,25
萬歲 牌 無 調味 核桃 290g 罐,55
萬歲 牌 活力 纖果 綜合果 156g 家樂福,10
萬歲 牌 鹽 之花,395
萬歲 牌 原味 珍珠 開心果 300g 超取 及 店 到 店限購 12 罐,15
萬歲 牌 開心果 罐 原味,5
盛香珍 杏仁 奶油 曲奇 85G 愛買,10
自然 開開 心果 萬歲 牌 開心果 原味 老牌子 最 讓 人 放心 過年 佳,5
萬歲 牌 活力 纖果 綜合果 12gx13 包,15
唯豐 我 的 小 新 乾 杏仁 脆片 90g,10
viva 萬歲 牌養 生八寶,5
萬歲 牌 蔓 越莓 核桃 130g 超取 限購 24 包,25
HBAF 杏仁 果山 葵味 30g,5
萬歲 牌 活力 六寶 140g 網,5
viva 萬歲 牌 杏仁 小魚 115g,5
分批 取 viva 萬歲 牌 椰棗 核桃 120g,10
萬歲 牌 無 調味 核桃 290G,5
萬歲 牌 芋頭 香菇,1955
HBAF 杏仁 果 家庭 號 210G 芥末 口味,15
美心 杏仁 條 原味 78g,10
萬歲 牌 東森 獨家 杏仁 小魚 靈活 補給 包 隨身 組,145
HBAF 杏仁 果 家庭 號 160g210g 芥末 蜂蜜 奶油,35
萬歲 牌蒜味 珍珠 開心果 100g 網,10
viva 萬歲 牌 珍珠 開心果 140g,5
viva 萬歲 牌 珍味 雙果 350g,10
0672161656 萬歲 牌 海苔 杏仁 小魚,5
萬歲 牌 開心果 原味 420g,5
一次 取 viva 萬歲 牌 鹽 之花 綜合果 350g,5
蝦 皮代開 發票 盛香珍 罐裝 杏仁 小魚 無 調味 綜合果 無 調味,5
日本 藤澤 杏仁 小魚 干 杏仁 小魚 乾 杏仁 小魚 40 包原裝,20
好市 多萬歲 牌 柿 米果 海苔 杏仁 小魚 38g 單包 杏仁 小魚,5
萬歲 蒜 味 珍珠 開心果,5
viva 萬歲 牌 杏仁 小魚 80g,5
萬歲 牌 活力 纖果 綜合果 156g 網,10
viva 萬歲 牌養 生八寶 140g,10
一次 取 viva 萬歲 牌 熱帶 纖果 155g,5
萬歲 牌 珍味 雙果 350g 網,5
萬歲 牌 什錦堅 果仁 160G,5
萬歲 牌 薄 鹽 杏仁 果 380G,10
杏仁 南瓜子 塔,15
水果 調酒 白桃 杏仁,5
萬歲 牌 酥脆 雙果 320g 家樂福,5
義美小魚 杏仁 105g 愛買,5
田園 市集 杏仁 小魚 300 公克 杏仁 小魚 乾 堅果 下酒菜,15
Discounton 盛香珍 杏仁 奶油 曲奇 785088,10
紅 布朗 純 杏仁 粉 無 加糖 300gX4 罐,20
viva 萬歲 牌元氣 纖果 120g,10
viva 萬歲 牌 無 調味 綜合果 150g,5
萬歲 牌 VIP 賣場 無 調味 綜合果 兩入 組,30
萬歲 牌 杏仁 小魚 270,5
萬歲 牌 無 調味 綜合果 三果 350g 罐,45
萬歲 牌 無 調味 核桃 140g 超取 限購 24 包,5
萬歲 牌養 生八寶 140G791843,5
紅 布朗 鹽 烤 杏仁 果 170g 罐 3,5
萬歲 熱帶 纖果 155G,10
萬歲 牌 無 調味 開心果 420g 超商取 貨限購 6 罐,10
萬歲 牌 海苔 杏仁 小魚 綜合纖 果盒 裝隨手 包 4 盒組,10
萬歲 牌 米果 綜合果 鹽味 20gx10 包,15
一次 取 viva 萬歲 牌 核桃 小魚 125g,5
五桔 國際 杏仁 小魚 乾免 運組 杏仁 小魚 乾 20g 超過 5,5
萬歲 牌 海苔 杏仁 小魚 115g 網,50
一次 取 viva 萬歲 牌元氣 纖果 120g,20
i 果然 優有機 杏仁,10
純 手工 核桃 椰棗 腰果 椰棗 杏仁 果椰棗 夏威夷 豆 椰棗 胡桃 椰,10
萬歲 牌 原味 珍珠 開心果 158250,10
萬歲 牌 什錦堅 果仁 20 公克 x8 包,30
萬歲 牌 杏仁 小魚 80g,10
大拇指 無 調味 杏仁 果 150g150 公克 包,45
一次 取 viva 萬歲 牌 杏仁 小魚 115g,25
萬歲 牌 無 調味 綜合果 杏仁 小魚 x4 罐組,5
萬歲 牌 杏仁 小魚 80g20230401d5osy,5
小雯 嚴選現 貨萬歲 牌 柿 米果 海苔 杏仁 小魚 38 公克,5
萬歲 牌蒜味 珍珠 開心果 140g 愛買,5
双霖 杏仁 果,5
薌匯 核桃 杏仁 粉 450g,5
LOTTE 烘焙 杏仁,15
萬歲 牌 薄 鹽 烘焙 核桃 125G,5
SoGood 原味 杏仁 飲 1L,10
萬歲 牌 熱帶 纖果 155g 家樂福,5
一豆 杏仁 漿,10
viva 萬歲 牌 椰棗 核桃 120g,10
一次 取 viva 萬歲 牌 柿 米果 杏仁 小魚 113g,20
盛香珍 無 調味 杏仁 果 150g,5
N011718809 無二當代 系列 杏仁 果,5
一次 取 viva 萬歲 牌蒜味 珍珠 開心果 140g,10
萬歲 牌 米果 綜合果 鹽味 200g 家樂福,10
三 幸 製 菓 杏仁 黑 大豆 風味 米果 816gDonki 日本 唐吉,5
0672172535 田園 市集 蒜味 杏仁 果,5
尚野家 杏仁 桃酥,20
NuttyNuts 鬧滋鬧 滋 香脆 鹹 酥 雞 風味 杏仁 6 入盒,15
萬歲 牌 珍味 雙果 方罐 350g,5
聯華 viva 萬歲 牌 珍珠 開心果 300g,55
散賣 萬歲 牌 柿 米果 海苔 杏仁 小魚 38g 包好市 多 零,5
萬歲 牌 海苔 小魚,1050
整 B0727 萬歲 牌堅,5
米果 杏仁 辣小魚,1820
正福堂 台灣 桃酥 杏仁 口味 180g,5
萬歲 牌 海苔 杏仁 小魚 隨,1740
萬歲 牌 什錦堅 果仁 641325,30
藤澤德用 40 入 杏仁 小魚 乾,245
七股 核桃 杏仁 鹹 冰棒 80,95
紅 布朗 鹽 烤 杏仁 果 170g 罐 x5 入網,5
杏仁 蘋果 塔,5
紅 布朗 純 杏仁 粉 無 加糖 300gX1 罐,5
萬歲 牌 蔓莓 纖果 150G635316,10
TomsGilimHBAF 蜂蜜 奶油 芥末 杏仁 果 火辣 雞,10
藍 鑽 杏仁 椰子 風味 隨手 包 4,5
Toms 杏仁 果 芥末 30g 佳瑪,5
義美 無 調味 杏仁 袋裝,5
美食 館 日本 藤澤 杏仁 小魚 干 單包,5
萬歲 牌 珍味 雙果 350g2 罐組,5
義美 罐裝 杏仁 粉 420g,10
萬歲 牌蒜味 開心果 100g,25
萬歲 牌 杏仁 小魚 新 配方,5
X 原味 杏仁 果,10
低溫 原味 烘培 杏仁 條 300 克,5
萬歲 牌立體 隨手 包 綜合果 13gx12 包袋 超取 限購 1,10
萬歲 牌 夏威夷 果 70g 超取 限購 24 包,15
紅 布朗 鹽 烤 杏仁 果 170gX4 罐,10
新萬歲 牌 杏仁 小魚,5
舞味本 舖 杏仁 小魚 乾 杏仁 小魚 小魚 乾 丁香 魚,15
紅 布朗 鹽 烤 杏仁 果 170gX1 罐,5
食尚 三 味精 選 特大 顆美國 加州 杏仁 果仁 杏仁 果 烘培 杏仁 果,10
萬歲 牌 無 調味 核桃 290G353342,5
一次 取 viva 萬歲 牌養 生八寶 140g,10
萬歲 牌 無 調味 綜合果 350gUCC 珈 琲 對 話 曼 巴特 調,5
獵人谷 之 夢 澳洲 煙 燻 杏仁 果 100g 袋,5
萬歲 牌 杏仁 小魚,5
1014 第 14 標 杏仁 小魚 乾 一次 5 包,40
原味 烘培 杏仁 條 500 公克,5
盛香珍 杏仁 小魚 100g,5
萬歲 牌小魚 綜合果 270g3 罐組,15
萬歲 牌 活力 纖果 綜合果 156g,5
萬歲 蒜 味 珍珠 開心果 大 100g,5
五桔 國際 杏仁 小魚 乾 200g 罐 4 組網,5
萬歲 牌 海苔 杏仁 小魚 隨手 包 24gx5 包盒 超商取 貨限,10
萬歲 牌 原味 開心果 420g 任,15
萬歲 牌袋 裝堅果 飲 杏仁,5
萬歲 核桃 小魚 125G,5
萬歲 牌 蜜汁 腰果 杏仁 小魚 珍味 雙果 杏仁 果 珍珠 開心果 無,5
杏仁 果 辣椒 BBQ,5
義美 杏仁 千層 80g,10
萬歲 牌 開心果 罐,10
情熱 價格 杏仁 小魚 乾圓 盒裝 65gDonki 日本 唐吉訶,5
萬歲 牌 原味 開心果 罐,5
森吉小鋪 現貨 韓國 杏仁 果 HBAF 蜂蜜 奶油 杏仁 果 芥末,10
萬歲 牌 蔓 越莓 核桃,5
薌匯 核桃 杏仁 豆漿 28 公克 10 包,15
萬歲 牌 杏仁 果 142g 包量 販包 萬歲 牌 堅果 系列,5
平銘 小 舖 600g 烘培 杏仁 條 杏仁 條低溫 烘培 原味,5
HiNUTS 海拿滋無 調味 杏仁 粒 200g 罐,20
泉 屋 製 菓 杏仁 小魚 512g,5
馬 玉山 核桃 榛果 杏仁 30g12 入,5
杏仁 丁香 小魚,5
萬歲 核桃 小魚 125g 包,5
獵人谷 之 夢 五香 風味 杏仁 果 150g 罐,5
杏仁 果豆漿 390ml 瓶,5
8809022201486HBAF 杏仁 果山,5
萬歲 牌 開心果 罐 420g 蒜味,5
萬歲 牌 開心果 100g,5
萬歲 珍味 雙果 100g,5
現貨供 應坂尾家 杏仁 果 酥,5
viva 萬歲 牌 無 調味 杏仁 果 160g,5
