item_name,item
綜合 水果 脆片 120G 每日 優果,25
每日 優果 情人 果乾 220g,15
4713052350035 每日 優果 罐裝 養生 綜合 果實 420,10
代收 代付 甘草 芭樂乾 附梅粉 320G 每日 優果,20
4713052350769 每日 優果 綜合菇 脆片 100G,10
代收 代付 烘焙 蜂蜜 奶油 風味 腰果 580G 大包 裝 每日 優果,5
每日 優果 去 籽 黑 橄欖 250g,95
每日 優果 菠蘿蜜 脆片 160G,10
每日 優果 相思 果 250G,15
每日 優果 罐裝 烘焙 原味 南瓜子 420G,10
代收 代付 罐裝 烘焙 蜜汁 腰果 400G 每日 優果,5
每日 優果 去 籽 甘草 橄欖 70G 口袋 蜜餞,10
烘焙 原味 腰果 200G 每日 優果,10
代收 代付 香菇 脆片 100G 每日 優果,50
綜合菇 脆片 100 公克 每日 優果,30
愛文 芒果 青 250G 每日 優果,5
每日 穀 珍 核桃,12585
原味 生 松子 大包 裝 500 公克 每日 優果,5
每日 優果 去 籽 黑 橄欖中 藥味 300G,15
代收 代付 土耳其 杏桃乾 300G 每日 優果,15
每日 優果 碳 烤 魷 魚條 200G,25
4713052350868 每日 優果 綜合,15
烘焙 原味 腰果 隨手 包 120G 每日 優果,5
代收 代付 烘焙 原味 夏威夷 豆 500G 大包 裝 每日 優果,30
代收 代付 去 籽 甘草 橄欖 300G 每日 優果,15
4713052350622 每日 優果 黃 金脆 薯條 清香 胡椒 1,10
代收 代付 罐裝 烘焙 原味 胡桃 300G 每日 優果,20
代收 代付 烘焙 楓糖 腰果 280G 每日 優果,20
每日 優果 無 花果 絲 木瓜 絲 200G,35
每日 優果 鮮採 草莓 乾 200G,55
綜合 地瓜 脆片 120G 每日 優果,5
每日 優果 綜合 纖果 200g,5
代收 代付 活力 分享 包 系列 7 日 堅果 週記 每日 優果,5
烘焙 原味 杏仁 果 200G 每日 優果,5
紫蘇梅 250 公克 每日 優果,5
每日 優果 岩燒 黑豆 250G,55
團 每日 堅果果 乾入,35
每日 優果 綜合鮮 採果 乾 250G,55
每日 優果 原味 烘焙 核桃 大包 裝 450G,25
每日 優果 無籽 冰梅 120G,15
每日 優果 杏仁 黑芝麻 糕 250G,5
每日 優果 綜合 五榖 果仁 250 公克,15
每日 優果 綜合 五榖 果仁 150 公克 隨手 包,10
每日 優果 泰國 芒果乾 150g,45
每日 優果 蘋果 脆片 100G,45
每日 優果 鮮採 哈密瓜 乾 250G,5
代收 代付 愛文 芒果乾 100G 隨手 包 每日 優果,5
每日 優果 手工 椰棗 核桃 150G,5
每日 優果 相思 果 70G 口袋 蜜餞,10
每日 優果 鮮採 珍珠 芭樂乾 220g,100
每日 優果 罐裝 綜合 纖果 400g,160
每日 優果 加洲 綠 葡萄乾 黃 金 葡萄乾 250G,5
蔓越莓 乾果 粒 300 公克 每日 優果,15
愛文 芒果乾 無 添加 糖 150G 每日 優果,20
代收 代付 綜合 水果 脆片 120G 每日 優果,25
烘焙 原味 榛果 280 公克 每日 優果 食品,10
代收 代付 愛文 芒果 青 75G 隨手 包 每日 優果,5
每日 優果 原味 烘焙 杏仁 果 隨手 包 120G,10
代收 代付 綜合 蔬果 脆片 160G 每日 優果,45
代收 代付 岩燒 黑豆 250G 每日 優果,30
每日 優果 烘焙 鹽 焗 腰果 大包 裝 580G,10
代收 代付 開心莓 好 纖果 280G 每日 優果,55
辣 芒果乾 180G 每日 優果,30
每日 優果 綜合 水果 脆片 120G,40
每日 優果 黃 金脆 薯條 135G 共 4 種 口味,15
每日 優果 烘焙 南瓜籽 200G 堅果,25
每日 優果 烘焙 鹽 焗 腰果 280G,10
代收 代付 烘焙 楓糖 夏威夷 豆 500G 大包 裝 每日 優果,5
每日 優果 愛文 芒果乾 無 添加 糖 150g,15
每日 優果化 核梅 250G,25
烘焙 南瓜籽 200G 每日 優果,15
代收 代付 鮮 採紅心 芭樂乾 450G 大包 裝 每日 優果,15
原味 烘焙 南瓜籽 大包 裝 580 公克 每日 優果,20
綜合 葡萄乾 250G 每日 優果,30
紅心 芭樂乾 隨手 包 75G 每日 優果,10
每日 優果 勁 辣 芒果乾 150G,15
烘焙 原味 開心 果仁 150G 每日 優果,35
每日 優果 鮮採 綜合果 乾 220G 果乾,335
養生 綜合 果實 280 公克 每日 優果,10
代收 代付 烘焙 原味 巴西 豆 200G 每日 優果,35
珍珠 芭樂乾 220G 每日 優果,5
4713052350745 每日 優果 香菇 脆片 100G,15
代收 代付 原味 烘焙 杏仁 果 120G 隨手 包 每日 優果,5
代收 代付 香芋 脆條 160G 每日 優果,25
代收 代付 鮮甜 無 花果 乾 250G 每日 優果,5
代收 代付 山 苦瓜 脆片 80G 每日 優果,5
鮮採 珍珠 芭樂乾 大包 裝 450 公克 每日 優果,30
每日 優果 黃 金厚切 薯塊 4 種 口味,20
原味 烘焙 核桃 230 公克 每日 優果,25
化應子 70 公克 口袋 蜜餞 每日 優果,5
每日 優果 奇亞籽 奇異子 100G,10
每日 優果 蒜頭 酥 狠 蒜 100g,10
每日 優果 綜合 纖果 大包 裝 580G,130
每日 優果 原味 烘焙 腰果 大包 裝 580G,45
代收 代付 烘焙 鹽 焗 杏仁 果 580G 大包 裝 每日 優果,10
每日 優果 烘焙 原味 胡桃 大包 裝 550G,30
每日 優果 綜合 葡萄乾 250g,25
每日 優果 鮮採 橘子 果乾 250G,40
代收 代付 岩燒 黑豆 500G 大包 裝 每日 優果,30
代收 代付 鮮採 珍珠 芭樂乾 220G 每日 優果,10
每日 優 果酸 V 脆脆 桃 250G 蝦 皮團購,5
愛文 芒果乾 大包 裝 500 公克 每日 優果,5
每日 優果 養生 綜合 果實 大包 裝 580G,235
原味 烘焙 核桃 大包 裝 450 公克 每日 優果,55
代收 代付 洛神 花脆 片 100G 每日 優果,5
每日 優果 甘甜 梅話梅 150G,30
每日 優果 甘草 檸檬乾 200G,20
每日 優果 鮮採 藍莓 乾 150G 果乾,5
綜合 蔬果 脆片 160 公克 每日 優果,5
代收 代付 烘焙 原味 夏威夷 豆 200G 每日 優果,50
每日 優果 烘焙 夏威夷 豆 200G 共 6 種 口味,115
每日 優果 芋薯 好 朋友 135G,45
香菇 脆片 100G 每日 優果,20
秋葵 脆條 100 公克 每日 優果,15
蘋果 脆片 100G 每日 優果,5
菠蘿蜜 脆片 160G 每日 優果,15
黃 金 水蜜桃 乾 200G 每日 優果,5
罐裝 綜合 纖果 400G 每日 優果,5
每日 優果 雪霜 橄欖 70G 口袋 蜜餞,20
每日 優果化 應子 300G,40
代收 代付 檸檬乾 300G 大包 裝 每日 優果,10
每日 優果 秋葵 脆條 100G 秋葵 脆片,10
4713052353050 每日 優 果酸 V 脆脆 桃 250G,5
烘焙 原味 開心 果仁 150 公克 每日 優果,10
代收 代付 綜合 葡萄乾 600G 大包 裝 每日 優果,20
代收 代付 愛文 芒果乾 200G 每日 優果,20
代收 代付 香檸片 150G 每日 優果,5
紫 地瓜 脆片 160 公克 每日 優果,5
4713052353296 每日 優果 去 籽,10
烘焙 鹽 焗 腰果 280 公克 每日 優果,10
4713052353722 每日 優果 桶 裝帶 殼 夏威夷 豆 480,5
代收 代付 鮮採 楊桃乾 100G 隨手 包 每日 優果,10
代收 代付 綜合 葡萄乾 300G 每日 優果,10
鮮採 綜合果 乾 大包 裝 500 公克 每日 優果,15
烘焙 鹽 焗 夏威夷 豆 200 公克 每日 優果,5
香芋 脆條 160G 每日 優果,5
罐裝川 辣椒 麻 花生 400 公克 每日 優果,10
綜合菇 脆片 100G 每日 優果,25
鳳梨脆 片 100 公克 每日 優果,5
4713052352800 每日 優果 罐裝 杏仁 小魚 乾 250G,30
每日 優果 綜合菇 脆片 100G 菇類 脆片,110
週末 下 殺 每日 優果 紅心 芭樂乾 185g,85
代收 代付 烘焙 原味 開心 果仁 300 公克 大包 裝 每日 優果,10
無籽 黑 葡萄乾 250G 每日 優果,5
每日 優 果茶 葉梅 250G,25
每日 優 果酸 V 脆脆 桃,20
代收 代付 原味 烘焙 腰果 280G 每日 優果,45
每日 優果 秋葵 脆片 100G,40
4713052352039 每日 優果 綜合莓果 乾 150G,5
代收 代付 綜合 纖果 580G 大包 裝 每日 優果,20
每日 優果 罐裝 烘焙 原味 杏仁 果 450G 堅果,30
每日 優果 鮮 採鳳 梨乾 大包 裝 500G,20
烘焙 蜜汁 核桃 大包 裝 450 公克 每日 優果,5
蔓越莓 乾果 粒 大包 裝 600 公克 每日 優果,40
每日 優果 烘焙 鹽 焗 杏仁 果 200G 堅果,10
4713052350622 每日 優果 黃 金,5
4713052353319 每日 優果 芭樂,5
代收 代付 綜合 葡萄乾 70G 口袋 蜜餞 每日 優果,15
每日 優果 洋蔥 脆片 80G,15
鮮採 綜合果 乾 250 公克 每日 優果,15
代收 代付 烘焙 原味 杏仁 果 580G 大包 裝 每日 優果,60
每日 優果 香蕉 脆片 160G,30
每日 優果 養生 綜合 果實 200g,5
代收 代付 綜合鮮 採果 乾 250G 每日 優果,15
每日 優果素 蹄筋 原味 川辣 300G,20
代收 代付 綜合菇 脆片 100G 每日 優果,45
每日 優果 梅粉 葡萄乾 320G,15
罐裝 烘焙 原味 榛果 380G 每日 優果,15
每日 優果 綜合菇 脆片 100G,25
代收 代付 罐裝 烘焙 腰果 X2 含運組 6 組合 任選 每日 優果,5
代收 代付 特級 蔓 越莓 乾果 粒 300G 每日 優果,35
代收 代付 果甄 堅果 禮盒 共 6 種選擇 每日 優果,30
鮮採 藍莓 乾 大包 裝 300 公克 每日 優果,5
每日 優果 綜合菇 脆片 100g,5
每日 優果 罐裝 原味 烘焙 榛果 380G,5
鮮採鳳 梨乾 大包 裝 500 公克 每日 優果,5
代收 代付 罐裝 綜合 蔬果 脆片 165G 每日 優果,10
代收 代付 情人 果乾 250G 每日 優果,20
代收 代付 罐裝 南瓜 脆片 160G 每日 優果,5
代收 代付 罐裝 香蕉 脆片 160G 每日 優果,5
烘焙 楓糖 核桃 大包 裝 450 公克 每日 優果,10
每日 優果 敏豆 脆條 100G,55
每日 優果 特級 蔓 越莓 果粒 220g,10
每日 優果 紫蘇梅 250G,35
每日 優果 愛文 芒果乾 200g,25
每日 優果 香橙 片 隨手 包 75G,5
每日 優果 甘草 芭樂乾 附梅粉 230G,5
代收 代付 綜合 纖果 280G 每日 優果,15
罐裝 烘焙 南瓜籽 420G 每日 優果,30
去籽椒 麻橄欖 250G 每日 優果,5
代收 代付 鮮採 火龍果 乾 500G 大包 裝 每日 優果,5
代收 代付 鮮採 珍珠 芭樂乾 450G 大包 裝 每日 優果,10
每日 優果 原味 烘焙 胡桃 隨手 包 120G,5
原味 烘焙 夏威夷 豆 200 公克 每日 優果,15
罐裝 蒜頭 酥 原味 180G 每日 優果,5
每日 優果 原味 烘焙 南瓜子 280G,15
每日 優果 綜合莓果 乾 150G,15
每日 優果 鮮採 橘子 乾 220G,30
綜合 水果 脆片 120 公克 每日 優果,30
每日 優果 原味 烘焙 夏威夷 豆 200g,5
每日 優果 岩燒 黑豆 大包 裝 500G,5
代收 代付 養生 綜合 果實 580G 大包 裝 每日 優果,180
代收 代付 烘焙 楓糖 腰果 580G 大包 裝 每日 優果,35
每日 優果 蒜頭 酥 原味 100g,10
代收 代付 罐裝 烘焙 楓糖 腰果 400G 每日 優果,5
去 籽 黑 橄欖 250G 每日 優果,65
每日 優 果蔓 越莓 乾果 粒 300G,10
每日 優果 手工 南棗 核桃糕 180G 烏棗 核桃,45
代收 代付 罐裝 烘焙 原味 夏威夷 豆 400G 每日 優果,15
每日 優果 罐裝 烘焙 原味 核桃 270G 核桃,15
鮮 採紅心 芭樂乾 大包 裝 450 公克 每日 優果,15
每日 優果 蒜頭 酥 狠 蒜 蒜頭 脆片,30
代收 代付 鮮 採紅心 芭樂乾 75G 隨手 包 每日 優果,15
每日 優果 鮮 採鳳 梨乾 220g,10
烘焙 黑糖 核桃 200G 每日 優果,5
代收 代付 愛文 芒果乾 無 添加 糖 75G 隨手 包 每日 優果,5
4713052353739 每日 優果 桶 裝美國 自然 開殼 開心果,10
鮮採 橘子 果乾 大包 裝 500 公克 每日 優果,10
每日 優果 鮮採 黑棗 乾 250G,5
4713052350004 每日 優果 罐裝,10
代收 代付 烘焙 鹽 焗 夏威夷 豆 500G 大包 裝 每日 優果,10
罐裝 烘焙 蜂蜜 奶油 風味 腰果 400 公克 每日 優果,5
每日 優果 鮮 採鳳 梨乾 250G,25
養生 綜合 果實 大包 裝 580 公克 每日 優果,25
烘焙 原味 榛果 200G 每日 優果,10
代收 代付 原味 烘焙 南瓜籽 580G 大包 裝 每日 優果,35
每日 優果 手工 椰棗 夏豆 150G,5
甘草 芭樂干 附梅粉 320 公克 每日 優果,10
SSY 每日 8 種綜合果 乾 190g,20
辣 芒果乾 250 公克 每日 優果,10
去 籽 中東 椰棗 220G 每日 優果,5
代收 代付 原味 雪花 餅 550G 大包 裝 每日 優果,5
紫 地瓜 脆片 160G 每日 優果,5
每日 優果 原味 生 松子 200G,5
每日 優果 綜合 蔬果 脆片 160G,45
每日 優果 無 花果 絲 木瓜 絲 50G 口袋 蜜餞,15
代收 代付 原味 烘焙 夏威夷 豆 120G 隨手 包 每日 優果,15
每日 優果 原味 生 核桃 200G 核桃,65
每日 優果 愛文 芒果乾 大包 裝 500G,10
每日 優果 飛卷片 大包 裝 270G,10
愛文 芒果乾 隨手 包 100 公克 每日 優果,5
每日 優果 鮮採 楊桃乾 220G 果乾,10
4713052351995 每日 優果 香辣 蒜頭 酥 100G,10
烘焙 鹽 焗 杏仁 果 280 公克 每日 優果,5
每日 優果 愛文 芒果乾 隨手 包 100G,5
每日 優果 甘草 檸檬乾 200g,5
代收 代付 綜合莓果 乾 大包 裝 300G 每日 優果,5
烘焙 原味 胡桃 大包 裝 550 公克 每日 優果,15
綜合 纖果 大包 裝 580 公克 每日 優果,10
每日 優果 鮮 採紅心 芭樂乾 大包 裝 450G,15
代收 代付 養生 綜合 果實 280G 每日 優果,15
4713052350639 每日 優果 黃 金脆 薯條 涮 嘴 香辣 1,5
代收 代付 美國 自然 開殼 開心果 大包 裝 580G 每日 優果,115
每日 優果 綜合 葡萄乾 隨手 包 150G,20
代收 代付 鮮 採紅心 芭樂乾 185G 每日 優果,10
代收 代付 紅心 芭樂乾 X2 珍珠 芭樂乾 X1 含運組 每日 優果,5
每日 優果 烘焙 原味 巴西 豆 200G 巴西 豆,30
每日 優果 綜合 手工 椰 棗 製 品 150G,10
每日 優果 鮮 採奇 異果 乾 200G 果乾,5
4713052351599 每日 優果 綜合,50
代收 代付 杏仁 小魚 乾 160G 每日 優果,5
川 辣椒 麻 花生 150G 每日 優果,10
代收 代付 烘焙 楓糖 核桃 230G 每日 優果,5
4713052350837 每日 優果 綜合,10
每日 優果 鮮甜 無 花果 乾 250G,40
4713052352787 每日 優果 罐裝,5
每日 優果 香菇 脆片 100G,55
每日 優果 芭樂雙 C220g,10
代收 代付 烘焙 蜂蜜 奶油 風味 腰果 280G 每日 優果,5
每日 優果 日式 梅片 135g,5
綜合 雪花 餅 275G 每日 優果,15
每日 優果 烘焙 楓糖 核桃 200G 核桃,10
烘焙 鹽 焗 腰果 大包 裝 580 公克 每日 優果,25
每日 優果 罐裝 烘焙 原味 巴西 豆 400G 堅果,5
每日 優果 烘焙 楓糖 夏威夷 豆 200g,5
每日 優果 烘焙 原味 巴西 豆 100G 隨手 包,5
代收 代付 烘焙 原味 開心 果仁 150G 每日 優果,25
每日 優果 鮮採 草莓 乾 大包 裝 500G,10
鮮採 哈密瓜 乾 大包 裝 500 公克 每日 優果,5
4713052350745 每日 優果 香菇,15
代收 代付 罐裝 養生 綜合 果實 420G 每日 優果,15
每日 優果 原味 烘焙 核桃 230G,30
代收 代付 烘焙 葵 瓜籽 580G 大包 裝 每日 優果,5
代收 代付 鮮採 珍珠 芭樂乾 100G 隨手 包 每日 優果,5
每日 優果 烘焙 原味 夏威夷 豆 200G,15
每日 優果 罐裝 蒜頭 酥 椒 鹽 180G 蒜頭 脆片,10
當天 出貨 每日 優果 堅果 日記 活力 分享 包陽光 果實 1 包 25,5
每日 優果 烘焙 帕瑪森 起司 腰果 580G 大包 裝,5
每日 優果 日式 梅片 135g,5
原味 烘焙 杏仁 果 大包 裝 580 公克 每日 優果,40
每日 優果 罐裝 烘焙 南瓜籽 420G 堅果,5
每日 優果 開心莓 好 纖果 280G,15
甘草 芭樂乾 無梅粉 70G 口袋 蜜餞 每日 優果,15
罐裝 烘焙 原味 腰果 400G 每日 優果,15
每日 優果 烘焙 原味 核桃 200G 核桃,20
川 辣椒 麻 花生 230 公克 每日 優果,5
罐裝 烘焙 原味 核桃 270G 每日 優果,5
每日 優 果香 檸片 150g,5
4713052351117 每日 優果 去 籽 中東 椰棗 220G,5
每日 優果 烘焙 原味 杏仁 果 隨手 包 120G 堅果,15
4713052352664 每日 優果 罐裝 原味 烘焙 夏威夷 豆 4,25
每日 優果 黃 金 葡萄乾 250g,5
代收 代付 烘焙 腰果 280G7 種 口味 任選 每日 優果,10
每日 優 果蔓 越莓 乾果 粒 大包 裝 600G,10
烘焙 蜜汁 腰果 280 公克 每日 優果,15
美國 自然 開殼 開心果 200G 每日 優果,5
4713052352695 每日 優果 罐裝 原味 烘焙 胡桃 300,15
秋葵 脆條 100G 每日 優果,20
每日 優果 雪花 餅 275G 共 7 種 口味,30
團 每日 堅果果 乾,5
每日 優果 鮮採 楊桃乾 大包 裝 500G,30
每日 優果 梅粉 葡萄乾 70G 口袋 蜜餞,10
每日 優果 蒜頭 酥 香辣 100g,5
代收 代付 蔓越莓 乾果 粒 300G 每日 優果,35
手工 椰棗 夏威夷 豆 大包 裝 500 公克 每日 優果,5
4713052351537 每日 優果 原味,5
每日 優果 烘焙 蜜汁 核桃 200g,5
每日 優果 經典 果實 大包 裝 口味 任選共 4 包組 蝦,5
代收 代付 手工 椰棗 核桃 500G 大包 裝 每日 優果,25
每日 優果 罐裝敏豆 脆條 110G,5
SSY 每日 8 種綜合果 乾,10
4713052350868 每日 優果 綜合 蔬果 脆片 160G,10
每日 優果 土耳其 杏桃乾 300g,5
代收 代付 櫻桃乾 150G 每日 優果,5
代收 代付 烘焙 蜜汁 核桃 230G 每日 優果,5
黃 金 柚子 皮果 乾 220G 每日 優果,10
推洽 洽 每日 綜合纖,5
每日 優果 綜合 手工 椰 棗 製 品 大包 裝 500G,10
每日 優果 鮮採 柚子 皮乾 250G,5
代收 代付 烘焙 原味 南瓜籽 大包 裝 580G 每日 優果,10
每日 優果 綜合 地瓜 脆片 120G,15
每日 優果 烘焙 鹽 焗 開心 果仁 300 公克 大包 裝,5
代收 代付 甘草 芭樂乾 附梅粉 450G 大包 裝 每日 優果,20
每日 優果化 應子 300GX3 包,5
每日 優果 烘焙 黑糖 腰果 280G,10
每日 優果 罐裝 蒜頭 酥 原味 180G 蒜頭 脆片,25
DanDPak 每日 堅果果 乾 25g,85
代收 代付 手工 椰棗 核桃 150G 每日 優果,20
4713052350707 每日 優果 芋薯 好 朋友 135G,10
代收 代付 相思 果 70G 口袋 蜜餞 每日 優果,10
每日 優果 無籽 黑 葡萄乾 250G,20
每日 優果 烘焙 黑糖 核桃 大包 裝 450G,10
每日 優果 帶 皮 鹽 焗 腰果 280G,25
每日 優果 杏仁 小魚 乾 160G,20
每日 優果 烘焙 原味 開心 果仁 150 公克,10
烘焙 蜜汁 榛果 280 公克 每日 優果 食品,10
代收 代付 芭樂雙 C220G 每日 優果,10
每日 優果 伊朗 無 花果 乾 250G,20
原味 烘焙 腰果 大包 裝 580 公克 每日 優果,165
代收 代付 愛文 芒果乾 無 添加 糖 150G 每日 優果,25
每日 優果 綜合鮮 採果 乾 大包 裝 500G,5
每日 優果 玫瑰 洛神 花乾 250G,5
每日 優果 烘焙 帶殼 夏威夷 豆 大包 裝 580G,5
每日 優果 烘焙 原味 杏仁 果 280G,10
代收 代付 罐裝 烘焙 帕瑪森 起司 夏威夷 豆 400G 每日 優果,5
每日 優果 若羌 紅棗 乾 200G,5
每日 優果 蔥 燒黃金魚 酥 135G,5
每日 優果 鮮採 藍莓 乾 150g,5
代收 代付 甘草 芭樂乾 附梅粉 大包 裝 450G 每日 優果,5
代收 代付 剝殼 花生 300G 每日 優果,10
每日 優果 去 籽 薑 黃 橄欖 250G 橄欖,35
代收 代付 烘焙 原味 開心 果仁 300G 大包 裝 每日 優果,5
4713052351599 每日 優果 綜合 雪花 餅 275G,25
每日 優果 烘焙 帶殼 夏威夷 豆 280G,5
代收 代付 手工 南棗 核桃糕 300G 每日 優果,5
代收 代付 綜合莓果 乾 150G 每日 優果,10
每日 優果 手工 南棗 核桃糕 大包 裝 600G,10
每日 優果 豬肉 乾 2 種 口味 200G,15
4713052353760 每日 優果 黃 金,5
每日 優果 原味 生 腰果 大包 裝 580G,5
每日 優果 罐裝 開心莓 好 纖果 380G 堅果,5
每日 優果 果蒔果 乾禮盒 C 組送禮 推薦 年 節禮盒,5
罐裝 綜合 纖果 400 公克 每日 優果,20
每日 優果 甘藷 條 200G,10
每日 優果 原味 生 杏仁 果 大包 裝 580G,5
烘焙 楓糖 腰果 200G 每日 優果,10
罐裝 綜合菇 脆片 120 公克 每日 優果,5
原味 生 核桃 230 公克 每日 優果,5
每日 優果 美國 自然 開殼 開心果 200g,5
每日 優果 原味 魷魚 絲 160G,10
代收 代付 糖 酥 小紅莓 500G 大包 裝 每日 優果,55
代收 代付 烘焙 鹽 焗 胡桃 280G 每日 優果,5
每日 優果 鮮採 蕃茄 乾 220G 果乾,45
代收 代付 黑金 剛 花生 525G 大包 裝 每日 優果,5
每日 優果 日式 梅片 36g 口袋 蜜餞,10
每日 優果 烘焙 楓糖 核桃 大包 裝 450G,5
每日 優果 甘草 芭樂乾 附梅粉 320G,5
每日 優果 高纖 五香 蒟 蒻 乾 大包 裝 420G,5
代收 代付 開心莓 好 纖果 580G 大包 裝 每日 優果,10
代收 代付 酸 V 脆脆 桃 70G 口袋 蜜餞 每日 優果,10
烘焙 原味 胡桃 隨手 包 120 公克 每日 優果,5
罐裝 岩燒 黑豆 320G 每日 優果,10
牛蒡 脆片 120G 每日 優果,5
若羌 紅棗 核桃 150G 每日 優果,20
每日 優果 檸檬乾 150g,5
罐裝 杏仁 小魚 乾 250 公克 每日 優果,5
代收 代付 川 辣椒 麻 花生 230G 每日 優果,40
玫瑰 洛神 花乾 70G 口袋 蜜餞 每日 優果,5
愛文 芒果乾 200 公克 每日 優果,20
每日 優果 烘焙 原味 核桃 隨手 包 120G 核桃,20
手工 南棗 核桃糕 300 公克 每日 優果,5
代收 代付 罐裝 烘焙 蜂蜜 奶油 風味 腰果 400G 每日 優果,5
香芋 脆條 160 公克 每日 優果,10
代收 代付 烘焙 原味 杏仁 果 280G 每日 優果,20
每日 優果 愛文 芒果乾 無 添加 糖 400G 大包 裝,10
代收 代付 烘焙 蜜汁 腰果 580G 大包 裝 每日 優果,5
每日 優果 烘焙 楓糖 核桃 200g,5
代收 代付 罐裝 綜合 纖果 400G 每日 優果,5
代收 代付 罐裝 烘焙 腰果 X2 含運組 6 組合 任選 每日 優果,5
代收 代付 飛卷片 270G 大包 裝 每日 優果,10
原味 雪花 餅 275G 每日 優果,10
每日 優果 手工 椰棗 腰果 150G,5
4713052351124 每日 優果 情人,15
代收 代付 烘焙 鹽 焗 杏仁 果 280G 每日 優果,20
4713052350615 每日 優果 黃 金,5
代收 代付 罐裝 原味 烘焙 夏威夷 豆 400G 每日 優果,5
每日 優果 去 籽 薑 黃 橄欖 250g,10
代收 代付 紅心 芭樂乾 185G 每日 優果,10
代收 代付 原味 生 腰果 580G 大包 裝 每日 優果,10
蔓越莓 乾 切片 220G 每日 優果,5
每日 優果 土耳其 杏桃乾 隨手 包 100G,5
南瓜 脆片 160G 每日 優果,5
每日 優果 烘焙 葵 瓜籽 280G,5
每日 優果 若羌 紅棗 核桃 150G,25
代收 代付 伊朗 無 花果 乾 250G 每日 優果,20
每日 優果 芭樂雙 C 果乾 大包 裝 450G,5
泰國 芒果乾 150G 每日 優果,25
代收 代付 紫 地瓜 條 160G 每日 優果,25
每日 優果 原味 養生 黑芝麻 糕 250G,15
代收 代付 罐裝 養生 堅果 口味 任選 2 罐含 運組 每日 優果,5
每日 優果 綜合 葡萄乾 大包 裝 600G,45
芋薯 好 朋友 135G 每日 優果,5
代收 代付 愛文 芒果乾 500G 大包 裝 每日 優果,15
雪花 餅 275G 每日 優果 共 7 種 口味,5
每日 優果 烘焙 鹽 焗 腰果 200g,30
每日 優果 情人 果乾 250G,25
無 花果 絲 木瓜 絲 50G 口袋 蜜餞 每日 優果,5
哈密瓜 脆片 100G 每日 優果,5
代收 代付 烘焙 原味 榛果 280G 每日 優果,10
代收 代付 糖 酥 小紅莓 250G 每日 優果,60
代收 代付 蒜頭 酥 100G 共 5 種 口味 每日 優果,10
4713052352831 每日 優果 罐裝,5
烘焙 蜜汁 核桃 230 公克 每日 優果,5
代收 代付 糖 酥 洛神 花乾 200G 每日 優果,10
每日 優果 鮮採 草莓 乾 隨手 包 75G,5
代收 代付 罐裝芋 薯好 朋友 160G 每日 優果,5
每日 優果 烘焙 蜜汁 腰果 大包 裝 580G,5
代收 代付 化核梅 250G 每日 優果,30
綜合 纖果 200G 每日 優果,5
4713052350035 每日 優果 罐裝,25
烘焙 鹽 焗 開心 果仁 150 公克 每日 優果,5
烘焙 原味 胡桃 280 公克 每日 優果,10
代收 代付 天 之 昆布糖 250G 每日 優果,5
每日 優果 草莓 凍乾 30g,5
代收 代付 茶葉梅 500G 大包 裝 每日 優果,20
無 花果 絲 木瓜 絲 80 公克 藏甜 小圓罐 每日 優果,5
每日 優果 芒果 系列 口味 任選愛文 芒果乾 情人 果乾 X2 包,10
每日 優果 罐裝 養生 綜合 果實 420G,20
杏 鮑菇 脆片 100 公克 每日 優果,5
代收 代付 罐裝 原味 烘焙 杏仁 果 450G 每日 優果,5
原味 烘焙 杏仁 果 280 公克 每日 優果,5
4713052353180 每日 優果 罐裝楓 糖 烘焙 腰果 400,10
每日 優果 罐裝 綜合 葡萄乾 450G,5
每日 優 果糖 酥 洛神 花乾 大包 裝 400G,5
代收 代付 鮮甜 無 花果 乾 100G 隨手 包 每日 優果,5
代收 代付 愛文 芒果乾 3 入 口味 任選 含運組 每日 優果,5
每日 優果 花漾 鳳 梨乾 160G,5
代收 代付 去 籽 甘草 橄欖 70G 口袋 蜜餞 每日 優果,10
每日 優果 香辣 橄欖 300G,15
罐裝 烘焙 原味 開心 果仁 380G 每日 優果,25
每日 優果 鮮採 哈密瓜 乾 220g,5
代收 代付 南瓜 脆片 160G 每日 優果,5
代收 代付 勁辣 芒果乾 300G 大包 裝 每日 優果,10
每日 優果 碳 烤 魷魚 排片 大包 裝 400G,15
4713052350769 每日 優果 綜合,10
4713052351117 每日 優果 去 籽,5
每日 優果 香菇 脆片 100G 菇類 脆片,95
每日 優果 品牌 提袋 罐裝 堅果 2 入 專用,5
每日 優果 鮮採 綜合果 乾 220g,15
代收 代付 無 花果 絲 木瓜 絲 80G 藏甜 小圓罐 每日 優果,5
代收 代付 鮮採 楊桃乾 500G 大包 裝 每日 優果,5
每日 優果 鮮採 蕃茄 乾 隨手 包果 乾,5
烘焙 黑糖 夏威夷 豆 200G 每日 優果,5
罐裝芋 薯好 朋友 160G 每日 優果,5
每日 優 果糖 酥 洛神 花乾 200G,5
中東 椰棗 大包 裝 600 公克 每日 優果,5
每日 優果 原味 烘焙 腰果 200g,15
每日 優果 無籽 冰梅 80G 藏甜 小圓罐,5
蔓越莓 乾 切片 隨手 包 100G 每日 優果,5
代收 代付 無籽 冰梅 25G 口袋 蜜餞 每日 優果,5
代收 代付 化核梅 500G 大包 裝 每日 優果,5
罐裝 烘焙 原味 胡桃 300G 每日 優果,10
烘焙 原味 巴西 豆 200G 每日 優果,10
養生 綜合 果實 大包 裝綜合 纖果 大包 裝各 1 含運組 每日 優果,5
代收 代付 秋葵 脆片 100G 每日 優果,65
代收 代付 土耳其 杏桃乾 100G 隨手 包 每日 優果,5
每日 優果 奇亞籽 100g,5
代收 代付 香蕉 脆片 160G 每日 優果,5
罐裝 烘焙 原味 夏威夷 豆 400G 每日 優果,5
代收 代付 烘焙 黑糖 核桃 450G 大包 裝 每日 優果,5
每日 優果 鳳梨脆 片 100G,5
代收 代付 原味 烘焙 核桃 450G 大包 裝 每日 優果,15
每日 優果 烘焙 黑糖 腰果 大包 裝 580G,5
每日 優果 罐裝 岩燒 黑豆 320G,10
罐裝 綜合 蔬果 脆片 165 公克 每日 優果,10
4713052352824 每日 優果 罐裝 原味 烘焙 南瓜子 42,10
代收 代付 原味 生 核桃 450G 大包 裝 每日 優果,5
4713052353296 每日 優果 去 籽椒麻 橄欖 250G,5
每日 優果 去 籽 酵素 橄欖 250G,10
代收 代付 碳 烤 魷 魚條 500G 大包 裝 每日 優果,20
烘焙 黑糖 腰果 280 公克 每日 優果,5
代收 代付 烘焙 原味 腰果 120G 隨手 包 每日 優果,10
每日 優果 鮮採 草莓 乾 隨手 包 75G 果乾,5
每日 優果 牛蒡 脆片 120g,5
每日 優果 烘焙 原味 胡桃 280G,10
罐裝 原味 烘焙 腰果 X1 罐裝 原味 夏威夷 豆 X1 每日 優果,5
每日 優果 鮮採 珍珠 芭樂乾 大包 裝 450G,20
無糖 愛文 芒果乾 150G 每日 優果,5
烘焙 鹽 焗 杏仁 果 200G 每日 優果,5
每日 優果 罐裝 洛神 花脆 片 100G,5
4713052353159 每日 優果 罐裝,5
每日 優果 原味 烘焙 核桃 200g,5
罐裝 杏仁 小魚 乾 綜合堅 每日 優果,5
每日 優果 烘焙 鹽 焗 開心 果仁 150 公克,5
每日 優果 果蒔果 乾禮盒 H 組送禮 推薦 年 節禮盒,5
每日 優果 鮮採 柚子 皮果 乾 220g,5
代收 代付 甘草 芭樂乾 無梅粉 160G 藏甜 小圓罐 每日 優,5
4713052350844 每日 優果 秋葵,10
每日 優果 杏 鮑菇 脆片 100G 菇類 脆片,15
代收 代付 脆梅 500G 大包 裝 每日 優果,5
每日 優果果 甄堅果 禮盒 C 組,5
每日 優果 烘焙 蜜汁 核桃 200G 核桃,5
每日 優果 罐裝 黃 金厚切 薯塊 經典 鹽味 180G,5
4713052351988 每日 優果 狠 蒜 蒜頭 酥 100G,5
代收 代付 無 花果 絲 木瓜 絲 200G 每日 優果,5
4713052353166 每日 優果 罐裝 蜜汁 烘焙 腰果 400,5
每日 優果 蜜汁 魷魚 排片 160G,5
每日 優果 罐裝 蒜頭 酥 香辣 180G 蒜頭 脆片,5
鮮採 橘子 果乾 隨手 包 75 公克 每日 優果,5
代收 代付 綜合鮮 採果 乾 500G 大包 裝 每日 優果,5
每日 優果 碳 烤 魷魚 絲 160G,5
每日 優 果洛 神花 脆片 100G,5
每日 優果 冰晶 情人 果乾 隨手 包 75G,5
每日 優果 原味 烘焙 南瓜子 大包 裝 580G,5
每日 優果 綜合 纖果 280G,5
每日 優果 薄 菏 檸檬乾 150g,5
每日 優果 香芋 脆條 160g,5
4713052352473 每日 優果 愛文,5
4713052350066 每日 優果 罐裝 綜合 纖果 400G,5
代收 代付 烘焙 鹽 焗 夏威夷 豆 200G 每日 優果,10
情人 果乾 隨手 包 75 公克 每日 優果,5
每日 優果 鮮魚 香絲 200G,10
每日 優果 碳 烤 魷 魚條 100G 隨手 包,5
4713052353364 每日 優果 綜合 葡萄乾 70G 口袋 蜜,5
代收 代付 杏 鮑菇 脆片 100G 每日 優果,5
每日 優果 去 籽 薑 黃 橄欖 70G 口袋 蜜餞,5
代收 代付 情人 果乾 75G 隨手 包 每日 優果,5
每日 優果 鮮採 藍莓 乾 150G,5
代收 代付 土耳其 杏桃乾 600G 大包 裝 每日 優果,5
去 籽 黑 橄欖中 藥味 70 公克 口袋 蜜餞 每日 優果,5
4713052352497 每日 優果 綜合,5
每日 優果 原味 烘焙 腰果 隨手 包 120G,5
代收 代付 杏仁 小魚 乾 400G 大包 裝 每日 優果,5
代收 代付 烘焙 原味 腰果 280G 每日 優果,5
代收 代付 原味 生 松子 大包 裝 500G 每日 優果,5
每日 優果 烘焙 蜜汁 腰果 280G,5
代收 代付 脆梅 500G 大包 裝 每日 優果,5
每日 優果 黃 金 水蜜桃 乾 200G,10
代收 代付 原味 生 松子 200G 每日 優果,5
每日 優果 情人 果乾 隨手 包 75G,5
每日 優果 罐裝 綜合 纖果 400G,5
代收 代付 烘焙 原味 杏仁 果 120G 隨手 包 每日 優果,15
每日 優果 紅心 芭樂 乾愛文 芒果乾 鳳 梨乾 3 入組,5
每日 優果 美國 自然 開殼 開心果 大包 裝 580G,5
代收 代付 酸 V 梅果 500G 大包 裝任 選三入 免運組 每日 優果,5
代收 代付 烘焙 楓糖 核桃 450G 大包 裝 每日 優果,5
代收 代付 玫瑰 洛神 花乾 500G 大包 裝 每日 優果,5
土耳其 杏桃乾 600 公克 大包 裝 每日 優果,5
每日 優果 碳 烤 魷魚 排片 160G,5
鳳梨脆 片 100G 每日 優果,5
每日 優果 綜合 葡萄乾 180G 藏甜 小圓罐,10
每日 優果 紅蘿 蔔 脆片 160G,5
敏豆 脆條 100 公克 每日 優果,5
代收 代付 帶皮 鹽 焗 腰果 580G 大包 裝 每日 優果,10
山 苦瓜 脆片 80 公克 每日 優果,5
哈密瓜 脆片 100 公克 每日 優果,5
每日 優果 碳 烤 魷 魚條 大包 裝 500G,10
洋蔥 脆片 80 公克 每日 優果,5
代收 代付 去籽椒 麻橄欖 250G 每日 優果,10
代收 代付 手工 椰棗 腰果 150G 每日 優果,10
代收 代付 甘草 芭樂乾 附梅粉 230G 每日 優果,20
代收 代付 烘焙 鹽 焗 腰果 280G 每日 優果,5
