clusterName_0,clusterNum_0,clusterName_1,clusterNum_1,clusterName_2,clusterNum_2,clusterName_3,clusterNum_3,clusterName_4,clusterNum_4,clusterName_5,clusterNum_5,clusterName_6,clusterNum_6,clusterName_7,clusterNum_7,clusterName_8,clusterNum_8,clusterName_9,clusterNum_9
天然,6865,花生,588990,瓜子,245940,堅果,143985,焙果,104725,每日,22195,堅果,309985,腰果,156335,綜合,112900,萬歲,381745
無,1480,盛香珍,124765,香,109585,綜合,139325,盛香珍,103115,核桃,13235,杏仁,120510,萬歲,75355,纖果,70260,牌,328460
乾,1465,小魚,71190,洽洽,103005,KS,39190,豆奶,82460,穀,12585,義美高纖,85505,牌,41480,牌,61630,杏仁,245970
果漾,1435,蒜,59070,盛香珍,60940,特選,31500,烤,70625,珍,12585,豆奶,71335,無,29845,萬歲,61470,小魚,166770
芭樂乾,1140,茸,54375,包,33800,無,24950,餐現,68830,優果,9255,全,70635,調味,29830,盛香珍,8170,無,55965
梨乾,570,鹽,49730,豐葵,29560,調味,24545,乾,67850,代收,2505,萬歲,41045,糖,24170,米果,7620,總匯點,55570
添加,570,之,39415,焦糖,25990,塔,20320,包,64430,代付,2505,義美,35110,牌楓,23350,調味,7135,心包,55570
果乾,560,皇冠,39415,海鹽,22010,包,20055,義美,64135,大包,2255,牌,24440,香酥,21785,堅果果,7090,果,53130
